fid,id_accidente,anio_origen,folio_c5i,dia_incidente,hora_ocurrencia,tipo_incidente_vial,superficie_ocurrencia,condiciones_climaticas,condiciones_via,numero_vehiculos_involucrados,marca_vehiculo_ocasiona_siniestro,color_vehiculo_ocasiona_siniestro,numero_personas_involucradas,lugar_remite_presunto_responsable,edad_presunto_responsable,sexo_presunto_responsable,resultados_toxicologia,numero_personas_lesionadas,numero_personas_fallecidas,municipio,colonia,mes,dia_semana,hora_redondeada,lon,lat
48624,48630,2024,,2024/03/16,13:10:00,COLISIÓN POR ALCANCE,ASFALTO,Bueno,Bueno,3,VOLKSWAGEN,BLANCO,3,,71,MASCULINO,SIN DATOS,0,0,Morelia,Alberto Oviedo Mota,marzo,sábado,13,-101.202113181353,19.6776769476296
48625,48631,2024,,2024/03/16,14:57:00,COLISIÓN POR CORTE DE CIRCULACIÓN,CONCRETO,Bueno,Bueno,2,INTERNACIONAL,BLANCO,2,,36,MASCULINO,SIN DATOS,0,0,Morelia,Isaac Arriaga,marzo,sábado,15,-101.167597509921,19.7114535532424
48626,48632,2024,,2024/03/16,18:10:00,CAIDA DE MOTOCICLETA,ASFALTO,Bueno,Bueno,1,BMW,AZUL/NEGRO,1,,31,MASCULINO,SIN DATOS,0,0,Morelia,Bosques Tres Marias,marzo,sábado,18,-101.105250231922,19.7292619839932
48627,48633,2024,LEG51982,2024/03/16,20:00:00,COLISIÓN POR CORTE DE CIRCULACIÓN,SIN_DATOS,Bueno,Bueno,2,YAMAHA,ROJO,2,MINISTERIO PÚBLICO,20,MASCULINO,SIN DATOS,0,0,Morelia,La Hacienda,marzo,sábado,20,-101.32096555084,19.6742582325935
48628,48634,2024,,2024/03/16,20:40:00,COLISIÓN POR NO RESPETAR SEMÁFORO,ASFALTO,Bueno,Bueno,2,NISSAN,GRIS,2,,25,MASCULINO,SIN DATOS,0,0,Morelia,Villa Universidad,marzo,sábado,21,-101.214075833559,19.687923816075
48629,48635,2024,,2024/03/16,21:25:00,COLISIÓN POR CAMBIO DE CARRIL,ASFALTO,Bueno,Bueno,2,FREIGHTLINER,ROJO,2,,30,MASCULINO,SIN DATOS,0,0,Morelia,Avicola Benito Juarez,marzo,sábado,21,-101.279539167881,19.6913491841815
48630,48636,2024,,2024/03/17,"00:00:00",COLISIÓN POR INVASIÓN DE CARRIL,ASFALTO,Bueno,Bueno,2,CHEVROLET,ROJO,2,,45,MASCULINO,SIN DATOS,0,0,Morelia,Ignacio Lopez Rayon,marzo,domingo,0,-101.253415122628,19.6912364900737
48631,48637,2024,,2024/03/17,"01:30:00",COLISIÓN CONTRA OBJETO FIJO,ASFALTO,Bueno,Bueno,1,BMW,ROJO,1,,,FEMENINO,SIN DATOS,0,0,Morelia,Pablo Galeana,marzo,domingo,2,-101.233875229955,19.6364884038688
48632,48638,2024,LEG51985,2024/03/17,"04:30:00",SALIDA DE SUPERFICIE DE RODAMIENTO,ASFALTO,Bueno,Bueno,1,VOLKSWAGEN,GRIS,0,MINISTERIO PÚBLICO,,,,0,0,Morelia,Sin datos,marzo,domingo,5,-101.275354251266,19.5631026099277
48633,48639,2024,,2024/03/17,13:40:00,COLISIÓN POR CAMBIO DE CARRIL,ASFALTO,Bueno,Bueno,2,HONDA,AZUL,2,,81,MASCULINO,SIN DATOS,0,0,Morelia,Santiaguito,marzo,domingo,14,-101.188723258674,19.7173121699488
48634,48640,2024,LEG51993,2024/03/17,13:40:00,COLISIÓN POR ALCANCE,ASFALTO,Bueno,Bueno,2,NISSAN,AZUL,2,,37,MASCULINO,SIN DATOS,0,0,Morelia,Adolfo Lopez Mateos,marzo,domingo,14,-101.229654103518,19.7035263093834
48635,48641,2024,,2024/03/17,17:00:00,COLISIÓN POR CORTE DE CIRCULACIÓN,ASFALTO,Bueno,Bueno,2,KIA,ROJO,2,MINISTERIO PÚBLICO,34,MASCULINO,SIN DATOS,0,0,Morelia,Ventura Puente,marzo,domingo,17,-101.180681660771,19.6905540103368
48636,48642,2024,LEG51995,2024/03/17,17:00:00,COLISIÓN POR CORTE DE CIRCULACIÓN,CONCRETO,Bueno,Bueno,2,CHRYSLER,AZUL,2,,40,MASCULINO,SIN DATOS,0,0,Morelia,Morelos,marzo,domingo,17,-101.207949332893,19.6951851559133
48637,48643,2024,,2024/03/17,18:00:00,CAIDA DE MOTOCICLETA,ASFALTO,Bueno,Bueno,1,ITALIKA,NEGRO/NARANJA,1,,24,MASCULINO,SIN DATOS,0,0,Morelia,Enrique Arreguin Robles,marzo,domingo,18,-101.188185811043,19.7213817022356
48638,48644,2024,,2024/03/17,18:40:00,SUBIDA AL CAMELLÓN,ASFALTO,Bueno,Bueno,1,DODGE,NEGRO,0,,,,,0,0,Morelia,Agua Clara,marzo,domingo,19,-101.225012876093,19.7042494519134
48639,48645,2024,,2024/03/17,19:40:00,COLISIÓN POR NO RESPETAR SEMÁFORO,ASFALTO,Bueno,Bueno,2,GML,BLANCO,2,,43,FEMENINO,SIN DATOS,0,0,Morelia,San Pascual,marzo,domingo,20,-101.267324723303,19.6952492353056
48640,48646,2024,,2024/03/17,19:40:00,COLISIÓN POR NO RESPETAR SEMÁFORO,ASFALTO,Bueno,Bueno,2,GML,BLANCO,2,,43,FEMENINO,SIN DATOS,0,0,Morelia,San Pascual,marzo,domingo,20,-101.267324723303,19.6952539702351
48641,48647,2024,LEG51994,2024/03/17,20:30:00,COLISIÓN CON PEATÓN,ASFALTO,Bueno,Bueno,1,CHEVROLET,BLANCO,2,MINISTERIO PÚBLICO,25,MASCULINO,SIN DATOS,1,0,Morelia,Morelia 450,marzo,domingo,21,-101.214806400239,19.6744002990351
48642,48648,2024,,2024/03/17,21:20:00,COLISIÓN CON PEATÓN,ASFALTO,Bueno,Bueno,2,MINTSUBISHI,ROJO,2,MINISTERIO PÚBLICO,28,MASCULINO,SIN DATOS,0,0,Pátzcuaro,Centro,marzo,domingo,21,-101.606545038521,19.5188204190533
48643,48649,2024,LEG51983,2024/03/17,22:25:00,COLISIÓN CONTRA OBJETO FIJO,ASFALTO,Bueno,Bueno,1,MITSUBISHI,GRIS,1,,,MASCULINO,SIN DATOS,0,0,Morelia,Sin datos,marzo,domingo,22,-101.284692697227,19.690268327622
48644,48650,2024,,2024/03/18,12:45:00,SALIDA DE SUPERFICIE DE RODAMIENTO,ASFALTO,Bueno,Bueno,1,SUZUKI,BLANCO,1,,39,FEMENINO,SIN DATOS,0,0,Morelia,El Eden,marzo,lunes,13,-101.249641254544,19.6460331322357
48645,48651,2024,,2024/03/18,13:15:00,COLISIÓN POR CORTE DE CIRCULACIÓN,ASFALTO,Bueno,Bueno,2,ITALIKA/DM150,NEGRO AZUL,2,,24,MASCULINO,SIN DATOS,0,0,Morelia,Sentimientos de La Nacion,marzo,lunes,13,-101.234726496041,19.6858286580227
48646,48652,2024,,2024/03/18,13:37:00,COLISIÓN POR CORTE DE CIRCULACIÓN,CONCRETO,Bueno,Bueno,2,KENWORTH,ROJO Y BLANCO,2,,39,MASCULINO,SIN DATOS,0,0,Morelia,Valle de Altozano,marzo,lunes,14,-101.164383888245,19.6622294838603
48647,48653,2024,,2024/03/18,13:40:00,COLISIÓN CONTRA OBJETO FIJO,ASFALTO,Bueno,Bueno,1,FORD,GRIS,2,,62,MASCULINO,SIN DATOS,1,0,Morelia,Ciudad Industrial,marzo,lunes,14,-101.141264922917,19.7264787288983
48648,48654,2024,,2024/03/18,14:30:00,COLISIÓN CONTRA OBJETO FIJO,CONCRETO,Bueno,Bueno,1,TOYOTA,BLANCO,0,MINISTERIO PÚBLICO,,,,0,0,Morelia,Balcones de Santa Maria,marzo,lunes,15,-101.187161877751,19.6759039856715
48649,48655,2024,,2024/03/18,19:15:00,COLISIÓN POR ALCANCE,ASFALTO,Bueno,Bueno,2,VOLKSWAGEN,GRIS,2,MINISTERIO PÚBLICO,,MASCULINO,SIN DATOS,0,0,Morelia,Libertad,marzo,lunes,19,-101.238106749952,19.6873524407501
48650,48656,2024,,2024/03/18,20:40:00,COLISIÓN CON PEATÓN,CONCRETO,Bueno,Regular,1,ITALIKA/125Z,AZUL NEGRO,1,,18,MASCULINO,SIN DATOS,0,0,Morelia,Leandro Valle,marzo,lunes,21,-101.23249489814,19.7227890028087
48651,48657,2024,,2024/03/18,21:50:00,COLISIÓN POR INVASIÓN DE CARRIL,CONCRETO,Bueno,Bueno,2,INTERNATIONAL,AZUL,2,,29,MASCULINO,SIN DATOS,0,0,Morelia,Ilustres Novohispanos,marzo,lunes,22,-101.15112002939,19.7078000942795
48652,48658,2024,LEG52010,2024/03/19,"08:15:00",COLISIÓN POR ALCANCE,ASFALTO,Bueno,Bueno,3,FORD,BLANCO,3,,36,FEMENINO,SIN DATOS,0,0,Morelia,Loma de Los Piñones,marzo,martes,8,-101.202689185739,19.6756732087315
48653,48659,2024,LEG52009,2024/03/19,10:10:00,COLISIÓN POR CAMBIO DE CARRIL,ASFALTO,Bueno,Bueno,2,NISSAN,BLANCO Y ROJO,2,MINISTERIO PÚBLICO,57,MASCULINO,SIN DATOS,0,0,Morelia,Los Pinos de Michoacan,marzo,martes,10,-101.214117072523,19.6878436342463
48654,48660,2024,,2024/03/19,12:20:00,COLISIÓN POR ALCANCE,ASFALTO,Bueno,Bueno,2,INTERNATIONAL,BLANCO/AZUL,2,,45,MASCULINO,SIN DATOS,0,0,Morelia,Avicola Benito Juarez,marzo,martes,12,-101.279537156224,19.6913476058332
48655,48661,2024,MOR240169047,2024/03/19,14:15:00,COLISIÓN POR NO RESPETAR SEMÁFORO,ASFALTO,Bueno,Bueno,2,SUZUKI,NEGRO,2,,51,,SIN DATOS,0,0,Morelia,Jardines del Rincon,marzo,martes,14,-101.153377778828,19.6872365870515
48656,48662,2024,LEG52012,2024/03/19,15:10:00,COLISIÓN POR CORTE DE CIRCULACIÓN,ASFALTO,Bueno,Bueno,2,SEAT,BLANCO,2,,23,FEMENINO,SIN DATOS,0,0,Morelia,Nueva Chapultepec,marzo,martes,15,-101.164392605424,19.6883976456683
48657,48663,2024,,2024/03/19,15:15:00,COLISIÓN POR CAMBIO DE CARRIL,ASFALTO,Bueno,Bueno,2,FREIGHTLINER,BLANCO,2,,46,MASCULINO,SIN DATOS,0,0,Morelia,Canteras de Morelia,marzo,martes,15,-101.171490736306,19.7147373340308
48658,48664,2024,MOR240170128,2024/03/19,21:58:00,COLISIÓN CONTRA OBJETO FIJO,ASFALTO,Bueno,Bueno,2,CHEVROLET,PLATA,2,,78,MASCULINO,SIN DATOS,0,0,Morelia,La Aldea,marzo,martes,22,-101.136483550072,19.7422062128372
48659,48665,2024,LEG52021,2024/03/20,"08:00:00",COLISIÓN POR CORTE DE CIRCULACIÓN,ASFALTO,Bueno,Bueno,2,SEAT,ROJO,2,,,MASCULINO,SIN DATOS,0,0,Morelia,Martin Castrejon,marzo,miércoles,8,-101.169002652168,19.7209931853623
48660,48666,2024,,2024/03/20,"09:00:00",COLISIÓN POR CAMBIO DE CARRIL,ASFALTO,Bueno,Bueno,2,INTERNACIONAL,AMARILLO,2,,,,SIN DATOS,0,0,Morelia,Martires de Uruapan,marzo,miércoles,9,-101.197319408167,19.725017061641
48661,48667,2024,,2024/03/20,11:00:00,VOLCADURA,ASFALTO,Bueno,Bueno,1,BMW,BLANCO,1,,60,MASCULINO,SIN DATOS,0,0,Morelia,Morelia 450,marzo,miércoles,11,-101.217517443001,19.6757322447245
48662,48668,2024,,2024/03/20,13:00:00,CAIDA DE MOTOCICLETA,ASFALTO,Bueno,Bueno,1,VENTO 300,NEGRO/ROJO,2,MINISTERIO PÚBLICO,29,MASCULINO,SIN DATOS,1,0,Morelia,Sin datos,marzo,miércoles,13,-101.123251207173,19.7124973382412
48663,48669,2024,LEG52019,2024/03/20,14:20:00,COLISIÓN POR ALCANCE,ASFALTO,Bueno,Bueno,2,VOLKSWAGEN,GRIS,2,,40,MASCULINO,SIN DATOS,0,0,Morelia,Americas Britania,marzo,miércoles,14,-101.143718138337,19.6921232043132
48664,48670,2024,LEG52016,2024/03/20,16:40:00,COLISIÓN POR CAMBIO DE CARRIL,ASFALTO,Bueno,Bueno,2,ITALIKA,VERDE CON NEGRO,2,MINISTERIO PÚBLICO,,MASCULINO,SIN DATOS,0,0,Morelia,Vasco de Quiroga,marzo,miércoles,17,-101.173283793032,19.6977571499926
48665,48671,2024,,2024/03/20,18:10:00,COLISIÓN POR CORTE DE CIRCULACIÓN,ASFALTO,Bueno,Bueno,2,CHEVROLET,BLANCO Y ROJO,2,,42,MASCULINO,SIN DATOS,0,0,Morelia,Ferrocarrilero,marzo,miércoles,18,-101.21274009347,19.7019165085141
48666,48672,2024,LEG52018,2024/03/20,18:38:00,COLISIÓN POR CORTE DE CIRCULACIÓN,ASFALTO,Bueno,Bueno,2,FORD,GRIS,2,MINISTERIO PÚBLICO,,MASCULINO,SIN DATOS,0,0,Morelia,Lazaro Cardenas,marzo,miércoles,19,-101.163765303791,19.7088896702127
48667,48673,2024,,2024/03/20,18:50:00,COLISIÓN POR ALCANCE,ASFALTO,Bueno,Bueno,2,NISSAN,ARENA,2,,37,MASCULINO,SIN DATOS,0,0,Morelia,Las Americas,marzo,miércoles,19,-101.153156616046,19.6874953205023
48668,48674,2024,,2024/03/20,23:42:00,COLISIÓN CON PEATÓN,SIN_DATOS,Bueno,Bueno,1,CHEVROLET,AZUL,1,MINISTERIO PÚBLICO,28,MASCULINO,SIN DATOS,0,0,Morelia,Agustin Arriaga Rivera,marzo,miércoles,0,-101.226176284254,19.6894952455427
48669,48675,2024,,2024/03/21,"07:10:00",COLISIÓN POR ALCANCE,ASFALTO,Bueno,Bueno,1,VENTO,NEGRO Y NARANJA,0,MINISTERIO PÚBLICO,,,,0,0,Morelia,El Lago 3,marzo,jueves,7,-101.219239421189,19.7271566369754
48670,48676,2024,LEG52032,2024/03/21,"09:30:00",COLISIÓN POR MANIOBRA DE REVERSA,ASFALTO,Bueno,Bueno,3,CHEVROLET,PLATA,3,,48,FEMENINO,SIN DATOS,0,0,Morelia,Las Higueras,marzo,jueves,10,-101.23684309423,19.6920512319628
48671,48677,2024,,2024/03/21,10:00:00,COLISIÓN POR ALCANCE,ASFALTO,Bueno,Bueno,2,KENWORTH,ROJO,2,,25,MASCULINO,SIN DATOS,0,0,Morelia,Victor Manuel Tinoco Rubi,marzo,jueves,10,-101.243161708117,19.7005102868543
48672,48678,2024,,2024/03/21,10:45:00,CAIDA DE MOTOCICLETA,ASFALTO,Bueno,Bueno,1,KAWASAKI,BLANCO,1,,47,MASCULINO,SIN DATOS,0,0,Morelia,Montaña Monarca,marzo,jueves,11,-101.161786839366,19.6724344040002
48673,48679,2024,LEG52033,2024/03/21,11:29:00,COLISIÓN POR ALCANCE,ASFALTO,Bueno,Bueno,3,NISSAN,AZUL,3,,38,MASCULINO,SIN DATOS,0,0,Morelia,Lomas del Valle,marzo,jueves,11,-101.232596151531,19.6868486186063
48674,48680,2024,,2024/03/21,11:50:00,COLISIÓN POR CAMBIO DE CARRIL,CONCRETO,Bueno,Bueno,2,SEATL,AZUL,2,,27,,SIN DATOS,0,0,Morelia,Sin datos,marzo,jueves,12,-101.122785173357,19.7139567951683
48675,48681,2024,LEG52042,2024/03/21,11:50:00,COLISIÓN POR ALCANCE,ASFALTO,Bueno,Bueno,2,TOYOTA,NEGRO,1,,68,FEMENINO,SIN DATOS,0,0,Morelia,Cumbres de Morelia,marzo,jueves,12,-101.141227371991,19.6919555844471
48676,48682,2024,,2024/03/21,14:07:00,COLISIÓN POR ALCANCE,ASFALTO,Bueno,Bueno,2,FREIGHTLINER,BLANCO Y AZUL,2,,38,,SIN DATOS,0,0,Morelia,Las Americas,marzo,jueves,14,-101.158950068057,19.6879585404766
48677,48683,2024,,2024/03/21,14:10:00,COLISIÓN POR CORTE DE CIRCULACIÓN,ASFALTO,Bueno,Bueno,2,FREIGHTLINER,GRIS,2,,55,,SIN DATOS,0,0,Morelia,Las Americas,marzo,jueves,14,-101.156531721354,19.6876728531309
48678,48684,2024,,2024/03/21,14:35:00,COLISIÓN CON PEATÓN,CONCRETO,Bueno,Bueno,2,INTERNATIONAL,VERDE,2,,60,MASCULINO,SIN DATOS,0,0,Morelia,Ciudad Industrial,marzo,jueves,15,-101.138219945133,19.7288589688802
48679,48685,2024,LEG52041,2024/03/21,16:10:00,COLISIÓN POR ALCANCE,ASFALTO,Bueno,Bueno,3,VOLKSWAGEN,BLANCO,3,MINISTERIO PÚBLICO,45,FEMENINO,SIN DATOS,0,0,Morelia,Avicola Benito Juarez,marzo,jueves,16,-101.279538497329,19.6913479215028
48680,48686,2024,LEG52040,2024/03/21,16:45:00,COLISIÓN POR CAMBIO DE CARRIL,ASFALTO,Bueno,Bueno,2,VOLVO,PLATA,2,,23,MASCULINO,SIN DATOS,0,0,Morelia,Sentimientos de La Nacion,marzo,jueves,17,-101.233192943037,19.6781978461854
48681,48687,2024,LEG52039,2024/03/21,18:13:00,CAIDA DE MOTOCICLETA,ASFALTO,Bueno,Bueno,1,HONDA,ROJO,2,,,MASCULINO,SIN DATOS,1,0,Morelia,Cumbres de Morelia,marzo,jueves,18,-101.140826381743,19.6915341664945
48682,48688,2024,,2024/03/21,18:45:00,COLISIÓN POR ALCANCE,ASFALTO,Bueno,Bueno,2,NISSAN,GUINDA,2,,60,MASCULINO,SIN DATOS,0,0,Morelia,Lomas de Guayangareo,marzo,jueves,19,-101.160937584937,19.7042011583413
48683,48689,2024,LEG52038,2024/03/21,20:58:00,COLISIÓN CONTRA OBJETO FIJO,ASFALTO,Bueno,Bueno,2,CHEVROLET,BLANCO,2,,54,,SIN DATOS,0,0,Morelia,El Eden,marzo,jueves,21,-101.249640919268,19.6460331322357
48684,48690,2024,LEG52037,2024/03/21,21:20:00,COLISIÓN POR CORTE DE CIRCULACIÓN,ASFALTO,Bueno,Bueno,2,CHEVROLET,AZUL,3,MINISTERIO PÚBLICO,20,,SIN DATOS,1,0,Morelia,Ciudad Industrial,marzo,jueves,21,-101.143783181906,19.7246340343045
48685,48691,2024,LEG52036,2024/03/21,23:15:00,CAIDA DE MOTOCICLETA,ASFALTO,Bueno,Bueno,1,BAJAJ,AZUL,1,,24,MASCULINO,SIN DATOS,0,0,Morelia,Tlalpujahua,marzo,jueves,23,-101.218269467354,19.6762714601677
48686,48692,2024,MOR240174571,2024/03/21,23:40:00,COLISIÓN POR ALCANCE,ASFALTO,Bueno,Bueno,2,NISSAN,BLANCO Y ROJO,2,,28,MASCULINO,SIN DATOS,0,0,Charo,San Juan,marzo,jueves,0,-101.057883426547,19.7469103344473
48687,48693,2024,,2024/03/21,23:42:00,COLISIÓN CONTRA OBJETO FIJO,CONCRETO,Bueno,Bueno,1,Chevrolet,Azul,1,MINISTERIO PÚBLICO,28,MASCULINO,SIN DATOS,0,0,Morelia,Agustin Arriaga Rivera,marzo,jueves,0,-101.226132698357,19.6891218035768
48688,48694,2024,,2024/03/22,"09:00:00",COLISIÓN POR ALCANCE,ASFALTO,Bueno,Bueno,3,MAZDA,ROJO,3,,,MASCULINO,SIN DATOS,0,0,Morelia,Veinte de Noviembre,marzo,viernes,9,-101.166565705392,19.7235225003969
48689,48695,2024,LEG52045,2024/03/22,11:00:00,COLISIÓN POR CORTE DE CIRCULACIÓN,CONCRETO,Bueno,Bueno,2,CHEVROLET,BLANCO,2,,,MASCULINO,SIN DATOS,0,0,Morelia,Fuentes de Morelia,marzo,viernes,11,-101.201114729047,19.6687892102609
48690,48696,2024,MOR22456781,2024/03/22,12:05:00,COLISIÓN POR CAMBIO DE CARRIL,ASFALTO,Bueno,Bueno,2,ITALIKA,BLANCO/NEGRO,2,MINISTERIO PÚBLICO,,FEMENINO,SIN DATOS,0,0,Morelia,Camelinas,marzo,viernes,12,-101.173169799149,19.6860149094343
48691,48697,2024,,2024/03/22,14:55:00,COLISIÓN POR CAMBIO DE CARRIL,ASFALTO,Bueno,Bueno,2,NISSAN,BLANCO/AMARILLO,2,,18,MASCULINO,SIN DATOS,0,0,Morelia,Vasco de Quiroga,marzo,viernes,15,-101.169286631048,19.6969967304207
48692,48698,2024,LEG52048,2024/03/22,17:00:00,COLISIÓN POR ALCANCE,ASFALTO,Bueno,Bueno,2,CHEVROLET,BLANCO /AZUL,2,,30,MASCULINO,SIN DATOS,0,0,Morelia,Morelia 450,marzo,viernes,17,-101.214810758829,19.6743933535675
48693,48699,2024,LEG52049,2024/03/22,17:00:00,COLISIÓN POR ALCANCE,ASFALTO,Bueno,Bueno,2,CHEVROLET,GUINDA,2,,35,MASCULINO,SIN DATOS,0,0,Morelia,Ana Maria Gallaga (Riviera Norte),marzo,viernes,17,-101.221259459853,19.6770509200335
48694,48700,2024,,2024/03/22,20:20:00,COLISIÓN CONTRA OBJETO FIJO,TERRACERIA,Bueno,Bueno,2,SEAT,ROJO,1,,62,MASCULINO,SIN DATOS,0,0,Morelia,Club Campestre La Huerta,marzo,viernes,20,-101.234279572964,19.6669893139781
48695,48701,2024,,2024/03/22,20:30:00,COLISIÓN POR CORTE DE CIRCULACIÓN,ASFALTO,Bueno,Bueno,2,KIA,ROJO,2,,41,FEMENINO,SIN DATOS,0,0,Morelia,Jardines del Rincon,marzo,viernes,21,-101.15037035197,19.6906629168729
48696,48702,2024,,2024/03/23,"01:20:00",COLISIÓN POR CORTE DE CIRCULACIÓN,ASFALTO,Bueno,Bueno,2,NISSAN,BLANCO,2,,27,MASCULINO,SIN DATOS,0,0,Morelia,Ignacio Zaragoza,marzo,sábado,1,-101.20529897511,19.7254227266949
48697,48703,2024,,2024/03/23,"01:30:00",COLISIÓN CONTRA OBJETO FIJO,ASFALTO,Bueno,Bueno,1,VOLKSWAGEN,GRIS,1,,18,MASCULINO,SIN DATOS,0,0,Morelia,Alberto Oviedo Mota,marzo,sábado,2,-101.202001869678,19.6775882368583
48698,48704,2024,LEG52067,2024/03/23,"01:45:00",COLISIÓN POR ALCANCE,ASFALTO,Bueno,Bueno,2,RENAUL,BLANCO,2,,23,MASCULINO,SIN DATOS,0,0,Morelia,Felix Ireta,marzo,sábado,2,-101.191783994436,19.6824202189402
48699,48705,2024,LEG52059,2024/03/23,10:13:00,COLISIÓN POR ALCANCE,ASFALTO,Bueno,Bueno,5,TOYOTA,ARENA,5,,53,MASCULINO,SIN DATOS,0,0,Morelia,Jardines de Torremolinos,marzo,sábado,10,-101.22593421489,19.6768558186489
48700,48706,2024,LEG52056,2024/03/23,11:13:00,COLISIÓN POR ALCANCE,ASFALTO,Bueno,Bueno,2,JEEP,BLANCO,2,,36,MASCULINO,SIN DATOS,0,0,Morelia,La Calera,marzo,sábado,11,-101.235810443759,19.6695611294171
48701,48707,2024,LEG52060,2024/03/23,11:20:00,VOLCADURA,ASFALTO,Bueno,Bueno,2,GREAT DANE,ROJO,1,,26,MASCULINO,SIN DATOS,0,0,Tzitzio,Tzitzio,marzo,sábado,11,-100.925231091678,19.5842758734653
48702,48708,2024,LEG52061,2024/03/23,14:56:00,COLISIÓN POR CORTE DE CIRCULACIÓN,ASFALTO,Bueno,Bueno,2,YAMAHA,ROJO,2,,22,MASCULINO,SIN DATOS,0,0,Morelia,Centro,marzo,sábado,15,-101.191612668335,19.6998007005039
48703,48709,2024,,2024/03/23,15:12:00,COLISIÓN CONTRA OBJETO FIJO,CONCRETO,Bueno,Bueno,1,FORD,VERDE,1,,43,MASCULINO,SIN DATOS,0,0,Morelia,Nicolas Bravo(Los Ejidos),marzo,sábado,15,-101.221764050424,19.7051228370712
48704,48710,2024,,2024/03/23,16:30:00,COLISIÓN POR CORTE DE CIRCULACIÓN,ASFALTO,Bueno,Bueno,2,KENWORTH,VERDE,2,,19,MASCULINO,SIN DATOS,0,0,Morelia,Ana Maria Gallaga (Riviera Norte),marzo,sábado,17,-101.222734339535,19.6766534559585
48705,48711,2024,,2024/03/23,18:00:00,COLISIÓN POR MANIOBRA DE REVERSA,ASFALTO,Bueno,Bueno,2,VOLKSWAGEN,GRIS,2,,23,FEMENINO,SIN DATOS,0,0,Morelia,Bosques Tres Marias,marzo,sábado,18,-101.105249896646,19.729262299588
48706,48712,2024,LEG52062,2024/03/23,18:04:00,CAIDA DE MOTOCICLETA,CONCRETO,Bueno,Bueno,1,ITALIKA,GRIS / AZUL,3,MINISTERIO PÚBLICO,,,,3,0,Morelia,Villas del Pedregal,marzo,sábado,18,-101.30450617522,19.6876075079978
48707,48713,2024,LEG52064,2024/03/23,20:04:00,SUBIDA AL CAMELLÓN,CONCRETO,Bueno,Bueno,1,FORD,AZUL,1,,52,MASCULINO,SIN DATOS,0,0,Morelia,Victor Manuel Tinoco Rubi,marzo,sábado,20,-101.243246532977,19.7051136834387
48708,48714,2024,,2024/03/23,20:35:00,COLISIÓN CON PEATÓN,SIN_DATOS,Bueno,Bueno,1,CHEVROLET,BLANCO,0,MINISTERIO PÚBLICO,,,,0,0,Lázaro Cárdenas,Centro,marzo,sábado,21,-102.197664678097,17.9525637281004
48709,48715,2024,LEG52065,2024/03/23,21:52:00,COLISIÓN POR ALCANCE,ASFALTO,Bueno,Bueno,2,FORD,GRIS,0,,,,,0,0,Morelia,El Durazno,marzo,sábado,22,-101.180699765682,19.6566394392936
48710,48716,2024,LEG52066,2024/03/23,23:45:00,COLISIÓN POR ALCANCE,ASFALTO,Bueno,Bueno,1,FORD,ROJO,1,,50,MASCULINO,SIN DATOS,0,0,Morelia,Sin datos,marzo,sábado,0,-101.293929219246,19.6864167697928
48711,48717,2024,,2024/03/24,"00:00:00",COLISIÓN POR ALCANCE,ASFALTO,Bueno,Bueno,2,RENAULT,BLANCO,2,,39,MASCULINO,SIN DATOS,0,0,Morelia,Americas Britania,marzo,domingo,0,-101.148650385439,19.6945077436254
48712,48718,2024,,2024/03/24,"04:04:00",COLISIÓN POR INVASIÓN DE CARRIL,ASFALTO,Bueno,Bueno,2,FORD,BLANCO,2,MINISTERIO PÚBLICO,28,MASCULINO,SIN DATOS,0,0,Morelia,La Soledad,marzo,domingo,4,-101.183317936957,19.7280223226707
48713,48719,2024,LEG52068,2024/03/24,"05:55:00",SUBIDA AL CAMELLÓN,ASFALTO,Bueno,Bueno,1,MITSUBISHI,PLATA,1,,35,MASCULINO,SIN DATOS,0,0,Morelia,Felix Arreguin,marzo,domingo,6,-101.227897256613,19.7191490586809
48714,48720,2024,,2024/03/24,"08:20:00",COLISIÓN CONTRA OBJETO FIJO,ASFALTO,Bueno,Bueno,1,VOLKWAGEN JETTA,NEGRO,1,,48,MASCULINO,SIN DATOS,0,0,Morelia,Montaña Monarca,marzo,domingo,8,-101.164663173258,19.6656036231738
48715,48721,2024,,2024/03/24,11:55:00,COLISIÓN POR NO RESPETAR SEMÁFORO,ASFALTO,Bueno,Bueno,2,VELOCI/REVENGE,NEGRO,2,,22,MASCULINO,SIN DATOS,0,0,Morelia,Fovissste La Huerta,marzo,domingo,12,-101.212136261165,19.6922908240037
48716,48722,2024,,2024/03/24,14:00:00,COLISIÓN POR ALCANCE,ASFALTO,Bueno,Bueno,2,FORD,NEGRO,1,,,,SIN DATOS,0,0,Morelia,Jardines del Rincon,marzo,domingo,14,-101.150330118835,19.6907970769966
48717,48723,2024,LEG52073,2024/03/25,"03:30:00",COLISIÓN CON PEATÓN,ASFALTO,Bueno,Bueno,1,JEEP,GRIS,1,,35,,SIN DATOS,0,0,Morelia,Union Antorchista,marzo,lunes,4,-101.26814045012,19.6975961648305
48718,48724,2024,LEG52079,2024/03/25,"08:00:00",COLISIÓN POR ALCANCE,ASFALTO,Bueno,Bueno,3,mazda,GRIS,3,,23,MASCULINO,SIN DATOS,0,0,Morelia,Sin datos,marzo,lunes,8,-101.302288323641,19.5882821325602
48719,48725,2024,LEG52078,2024/03/25,12:20:00,COLISIÓN POR CAMBIO DE CARRIL,ASFALTO,Bueno,Bueno,2,CHEVROLET,ROJO,3,MINISTERIO PÚBLICO,34,MASCULINO,SIN DATOS,1,0,Morelia,Loma de Los Piñones,marzo,lunes,12,-101.203538104892,19.6749268908798