fid,id_accidente,anio_origen,folio_c5i,dia_incidente,hora_ocurrencia,tipo_incidente_vial,superficie_ocurrencia,condiciones_climaticas,condiciones_via,numero_vehiculos_involucrados,marca_vehiculo_ocasiona_siniestro,color_vehiculo_ocasiona_siniestro,numero_personas_involucradas,lugar_remite_presunto_responsable,edad_presunto_responsable,sexo_presunto_responsable,resultados_toxicologia,numero_personas_lesionadas,numero_personas_fallecidas,municipio,colonia,mes,dia_semana,hora_redondeada,lon,lat
48720,48726,2024,LEG52080,2024/03/25,12:40:00,COLISIÓN POR ALCANCE,ASFALTO,Bueno,Bueno,2,KENWORTH,ROJO,2,,41,MASCULINO,SIN DATOS,0,0,Morelia,Independencia,marzo,lunes,13,-101.177888140082,19.7192986600296
48721,48727,2024,,2024/03/25,13:30:00,COLISIÓN CON PEATÓN,ASFALTO,Bueno,Bueno,2,CHEVROLET,BLANCO,0,MINISTERIO PÚBLICO,,,,0,0,Lázaro Cárdenas,Bassols,marzo,lunes,14,-102.229766361415,17.974042259907
48722,48728,2024,,2024/03/25,14:30:00,COLISIÓN POR CORTE DE CIRCULACIÓN,ASFALTO,Bueno,Bueno,2,DODGE,BLANCO,2,MINISTERIO PÚBLICO,26,MASCULINO,SIN DATOS,0,0,Morelia,Loma de Los Piñones,marzo,lunes,15,-101.20506696403,19.6740208235034
48723,48729,2024,LEG52081,2024/03/25,17:10:00,COLISIÓN POR ALCANCE,ASFALTO,Bueno,Bueno,2,VOLKSWAGEN,NEGRO,2,,54,MASCULINO,SIN DATOS,0,0,Morelia,Josefa Ortiz de Dominguez,marzo,lunes,17,-101.210189647973,19.6720186174256
48724,48730,2024,LEG52082,2024/03/25,19:05:00,COLISIÓN POR ALCANCE,ASFALTO,Bueno,Bueno,2,PEUGEOT,BLANCO,2,,53,MASCULINO,SIN DATOS,0,0,Morelia,Sentimientos de La Nacion,marzo,lunes,19,-101.236870251596,19.6848045870698
48725,48731,2024,,2024/03/25,20:35:00,COLISIÓN POR INVASIÓN DE CARRIL,ASFALTO,Bueno,Bueno,1,CHEVROLET,GUINDA,2,,23,FEMENINO,SIN DATOS,0,0,Morelia,Josefa Ortiz de Dominguez,marzo,lunes,21,-101.209649518132,19.6718310869092
48726,48732,2024,LEG52083,2024/03/25,20:35:00,COLISIÓN POR CAMBIO DE CARRIL,ASFALTO,Bueno,Bueno,2,NISSAN,ROJO,2,,25,MASCULINO,SIN DATOS,0,0,Morelia,Sentimientos de La Nacion,marzo,lunes,21,-101.236870251596,19.6848045870698
48727,48733,2024,,2024/03/25,21:00:00,COLISIÓN POR ALCANCE,ASFALTO,Bueno,Bueno,2,TOYOTA,BLANCO /GUINDA,2,,35,MASCULINO,SIN DATOS,0,0,Morelia,Loma de Los Piñones,marzo,lunes,21,-101.205067634583,19.6740220863186
48728,48734,2024,,2024/03/25,21:35:00,COLISIÓN CONTRA OBJETO FIJO,ASFALTO,Bueno,Bueno,3,Chevrolet,Azul,3,,67,MASCULINO,SIN DATOS,0,0,Morelia,Eduardo Ruiz,marzo,lunes,22,-101.221395917237,19.722567761714
48729,48735,2024,,2024/03/26,"09:30:00",COLISIÓN POR ALCANCE,ASFALTO,Bueno,Bueno,2,VOLKSWAGEN /SAVEIRO,PLATA,2,,30,MASCULINO,SIN DATOS,0,0,Morelia,Lomas del Tecnologico,marzo,martes,10,-101.192295625806,19.722920611132
48730,48736,2024,,2024/03/26,10:00:00,COLISIÓN CON PEATÓN,ASFALTO,Bueno,Bueno,2,VOLKSWAGEN,NEGRO,3,MINISTERIO PÚBLICO,58,MASCULINO,SIN DATOS,1,0,Pátzcuaro,Centro,marzo,martes,10,-101.613611988723,19.5087173145332
48731,48737,2024,,2024/03/26,13:15:00,COLISIÓN POR ALCANCE,SIN_DATOS,Bueno,Bueno,2,KENWORTH T600,AZUL,2,,21,MASCULINO,SIN DATOS,0,0,Morelia,Sentimientos de La Nacion,marzo,martes,13,-101.233193948865,19.6782016345324
48732,48738,2024,,2024/03/26,14:20:00,COLISIÓN POR CORTE DE CIRCULACIÓN,ASFALTO,Bueno,Bueno,2,DODGE,NEGRO,2,,0,MASCULINO,SIN DATOS,0,0,Morelia,Isaac Arriaga,marzo,martes,14,-101.166313402355,19.7101395801604
48733,48739,2024,,2024/03/26,15:46:00,VOLCADURA,ASFALTO,Bueno,Bueno,1,Nissan,Rojo,1,,16,MASCULINO,SIN DATOS,0,0,Morelia,Montaña Monarca,marzo,martes,16,-101.164697036147,19.6655793127019
48734,48740,2024,LEG52091,2024/03/26,15:58:00,COLISIÓN CONTRA OBJETO FIJO,ASFALTO,Bueno,Bueno,1,TOYOTA,GRIS,1,,,FEMENINO,SIN DATOS,0,0,Morelia,Tres Puentes,marzo,martes,16,-101.215502768755,19.7036184778842
48735,48741,2024,,2024/03/26,17:20:00,COLISIÓN CON PEATÓN,ASFALTO,Bueno,Bueno,1,ITALIKA,NEGRO,2,MINISTERIO PÚBLICO,19,MASCULINO,SIN DATOS,1,0,Morelia,La Esperanza,marzo,martes,17,-101.153907850385,19.6994187599291
48736,48742,2024,,2024/03/26,18:15:00,COLISIÓN POR CORTE DE CIRCULACIÓN,ASFALTO,Bueno,Bueno,2,HERO HUNK,ROJO,2,MINISTERIO PÚBLICO,26,MASCULINO,SIN DATOS,0,0,Morelia,Primo Tapia Oriente,marzo,martes,18,-101.160665675998,19.7125964453832
48737,48743,2024,,2024/03/26,23:30:00,COLISIÓN POR ALCANCE,ASFALTO,Bueno,Bueno,2,Honda,Gris,2,,,,SIN DATOS,0,0,Morelia,La Huerta,marzo,martes,0,-101.217083260417,19.6755134641707
48738,48744,2024,LEG52093,2024/03/27,"00:00:00",COLISIÓN POR CORTE DE CIRCULACIÓN,ASFALTO,Bueno,Bueno,2,ITALIKA,ROJO CON NEGRO,2,,,MASCULINO,SIN DATOS,0,0,Morelia,La Colina,marzo,miércoles,0,-101.21584508568,19.7129322729489
48739,48745,2024,,2024/03/27,"00:00:00",COLISIÓN POR CAMBIO DE CARRIL,CONCRETO,Bueno,Bueno,2,NISSAN,BLANCO/ROJO,2,,,MASCULINO,SIN DATOS,0,0,Morelia,Nueva Valladolid,marzo,miércoles,0,-101.207918822765,19.7010844560686
48740,48746,2024,,2024/03/27,"09:20:00",COLISIÓN CONTRA OBJETO FIJO,ASFALTO,Bueno,Bueno,1,CHEVROLET,GUINDA,1,,32,FEMENINO,SIN DATOS,0,0,Morelia,De San Francisco,marzo,miércoles,9,-101.401431486011,19.6628732499908
48741,48747,2024,LEG52102,2024/03/27,"09:20:00",COLISIÓN POR ALCANCE,ASFALTO,Bueno,Bueno,2,MAZDA,ROJO,2,,40,MASCULINO,SIN DATOS,0,0,Morelia,Centro,marzo,miércoles,9,-101.200094483793,19.7056250234868
48742,48748,2024,LEG52094,2024/03/27,10:25:00,COLISIÓN POR CAMBIO DE CARRIL,ASFALTO,Bueno,Bueno,2,CHEVROLET,BLANCO,2,,37,MASCULINO,SIN DATOS,0,0,Morelia,Lomas de Morelia (Dr Ignacio Chavez),marzo,miércoles,10,-101.175573058426,19.7175416243856
48743,48749,2024,MOR240187995,2024/03/27,14:15:00,COLISIÓN POR CAMBIO DE CARRIL,ASFALTO,Bueno,Bueno,2,FORD,GRIS,2,,53,MASCULINO,SIN DATOS,0,0,Morelia,Poblado de Ocolusen,marzo,miércoles,14,-101.149576082826,19.6945711919623
48744,48750,2024,,2024/03/27,15:45:00,COLISIÓN CONTRA OBJETO FIJO,CONCRETO,Bueno,Bueno,1,FREIGHTLINER,AMARILLO,1,,47,MASCULINO,SIN DATOS,0,0,Morelia,Mariano Michelena,marzo,miércoles,16,-101.230036653578,19.6769246408473
48745,48751,2024,,2024/03/27,20:00:00,COLISIÓN CONTRA OBJETO FIJO,ASFALTO,Bueno,Bueno,1,GREAT DANE,BLANCO,1,,43,MASCULINO,SIN DATOS,0,0,Morelia,Sin datos,marzo,miércoles,20,-101.286615505815,19.5932769448502
48746,48752,2024,,2024/03/27,20:20:00,COLISIÓN POR CORTE DE CIRCULACIÓN,ASFALTO,Bueno,Bueno,2,BAJAJ,BLANCO,3,MINISTERIO PÚBLICO,23,MASCULINO,SIN DATOS,1,0,Morelia,Sin datos,marzo,miércoles,20,-101.112062372267,19.7629822559007
48747,48753,2024,LEG52100,2024/03/27,21:00:00,COLISIÓN POR CORTE DE CIRCULACIÓN,ASFALTO,Bueno,Bueno,2,ITALIKA,NEGRO,2,,32,MASCULINO,SIN DATOS,0,0,Morelia,Felix Ireta,marzo,miércoles,21,-101.190812364221,19.6854031200866
48748,48754,2024,LEG52104,2024/03/27,23:57:00,CAIDA DE MOTOCICLETA,CONCRETO,Bueno,Bueno,1,ITALIKA,ROJO,1,MINISTERIO PÚBLICO,,,,1,0,Morelia,Torremolinos,marzo,miércoles,0,-101.225676387548,19.6806997141315
48749,48755,2024,,2024/03/28,15:58:00,COLISIÓN POR CORTE DE CIRCULACIÓN,ASFALTO,Bueno,Bueno,2,FORD,BLANCO,2,,18,MASCULINO,SIN DATOS,0,0,Morelia,Ferrocarrilero,marzo,jueves,16,-101.216029152274,19.6988531074195
48751,48757,2024,,2024/03/28,16:50:00,COLISIÓN POR CAMBIO DE CARRIL,CONCRETO,Bueno,Bueno,2,TOYOTA,BLANCO/ROSA,2,,28,MASCULINO,SIN DATOS,0,0,Morelia,Eva Samano,marzo,jueves,17,-101.1986014992,19.7290798856694
48752,48758,2024,,2024/03/29,"00:00:00",COLISIÓN CONTRA OBJETO FIJO,ASFALTO,Bueno,Bueno,1,NISSAN,GRIS,0,MINISTERIO PÚBLICO,,,,0,0,Morelia,El Lago 3,marzo,viernes,0,-101.22178081423,19.7272797205356
48753,48759,2024,LEG52110,2024/03/29,"00:40:00",SUBIDA AL CAMELLÓN,ASFALTO,Bueno,Bueno,1,VOLKSWAGEN,BLANCO,1,,27,MASCULINO,ALIENTO ETÍLICO,0,0,Morelia,Sentimientos de La Nacion,marzo,viernes,1,-101.235283389688,19.6811874554449
48754,48760,2024,LEG52112,2024/03/29,10:50:00,COLISIÓN POR ALCANCE,ASFALTO,Bueno,Bueno,2,RENAULT,BEIGE,2,,37,MASCULINO,SIN DATOS,0,0,Morelia,Ventura Puente,marzo,viernes,11,-101.179215833545,19.693556015554
48755,48761,2024,,2024/03/29,11:00:00,COLISIÓN POR CAMBIO DE CARRIL,ASFALTO,Bueno,Bueno,2,NISSAN,GRIS,2,MINISTERIO PÚBLICO,73,MASCULINO,SIN DATOS,0,0,Morelia,Felix Arreguin,marzo,viernes,11,-101.227896250784,19.7191487430661
48756,48762,2024,LEG52113,2024/03/29,18:47:00,COLISIÓN POR CORTE DE CIRCULACIÓN,ASFALTO,Bueno,Bueno,2,KIA,BLANCO,2,,19,FEMENINO,SIN DATOS,0,0,Morelia,Industrial,marzo,viernes,19,-101.197430044413,19.7131588930317
48757,48763,2024,,2024/03/29,22:50:00,COLISIÓN POR INVASIÓN DE CARRIL,ASFALTO,Bueno,Bueno,2,VOLKSWAGEN,ROJO,3,MINISTERIO PÚBLICO,57,MASCULINO,SIN DATOS,1,0,Pátzcuaro,Centro,marzo,viernes,23,-101.612530387938,19.5119613110235
48758,48764,2024,,2024/03/30,"00:00:00",COLISIÓN CONTRA OBJETO FIJO,ASFALTO,Bueno,Bueno,2,FORD,BLANCO,2,,28,MASCULINO,SIN DATOS,0,0,Morelia,Martires de Uruapan,marzo,sábado,0,-101.197294928134,19.7248937761659
48759,48765,2024,,2024/03/30,13:20:00,COLISIÓN POR CORTE DE CIRCULACIÓN,ASFALTO,Bueno,Bueno,2,HONDA,ROJO,2,,62,MASCULINO,SIN DATOS,0,0,Morelia,Villas Valladolid,marzo,sábado,13,-101.218422688544,19.6965194540245
48760,48766,2024,,2024/03/30,15:00:00,COLISIÓN POR ALCANCE,ASFALTO,Bueno,Bueno,2,FORD,BLANCO,2,,40,MASCULINO,SIN DATOS,0,0,Morelia,Residencial Alborada,marzo,sábado,15,-101.234630942345,19.7024704712293
48761,48767,2024,,2024/03/31,15:00:00,COLISIÓN POR ALCANCE,ASFALTO,Bueno,Bueno,2,NISSAN,AZUL,2,,43,MASCULINO,SIN DATOS,0,0,Morelia,Hermanos Lopez Rayon,marzo,domingo,15,-101.22024692595,19.6753038386556
48762,48768,2024,LEG52118,2024/03/31,23:25:00,COLISIÓN POR CORTE DE CIRCULACIÓN,ASFALTO,Bueno,Bueno,1,NISSAN,BLANCO,1,,28,,SIN DATOS,0,0,Morelia,Ignacio Zaragoza,marzo,domingo,23,-101.205402240157,19.7250266451687
48763,48769,2024,LEG52127,2024/04/01,"08:23:00",COLISIÓN POR CORTE DE CIRCULACIÓN,ASFALTO,Bueno,Bueno,2,CHEVROLET,GRIS,2,MINISTERIO PÚBLICO,,MASCULINO,SIN DATOS,0,0,Morelia,Ana Maria Gallaga (Riviera Norte),abril,lunes,8,-101.223947033286,19.6766427222049
48764,48770,2024,,2024/04/01,"08:40:00",COLISIÓN POR CORTE DE CIRCULACIÓN,ASFALTO,Bueno,Bueno,2,FORD,NEGRO,2,,0,MASCULINO,SIN DATOS,0,0,Morelia,La Luz,abril,lunes,9,-101.29980660975,19.6873420233909
48765,48771,2024,,2024/04/01,12:25:00,COLISIÓN POR CAMBIO DE CARRIL,ASFALTO,Bueno,Bueno,4,INTERNATIONAL,BLANCO,4,,48,MASCULINO,SIN DATOS,0,0,Morelia,Tenencia Morelos,abril,lunes,12,-101.248026229441,19.6479819844034
48766,48772,2024,,2024/04/01,12:40:00,COLISIÓN CON PEATÓN,ASFALTO,Bueno,Bueno,2,FORD,ROJO,1,MINISTERIO PÚBLICO,38,MASCULINO,SIN DATOS,0,0,Pátzcuaro,Centro,abril,lunes,13,-101.61670088768,19.5191278949425
48767,48773,2024,,2024/04/01,14:05:00,COLISIÓN POR CORTE DE CIRCULACIÓN,CONCRETO,Bueno,Bueno,2,BYD SONG PLUS,BLANCO,2,,40,FEMENINO,SIN DATOS,0,0,Morelia,Las Americas,abril,lunes,14,-101.155981868505,19.6896107819339
48768,48774,2024,,2024/04/01,15:30:00,COLISIÓN CONTRA OBJETO FIJO,ASFALTO,Bueno,Bueno,1,FREIGHTLINER,BCO/VERDE,1,MINISTERIO PÚBLICO,,,,1,0,Morelia,Villas Oriente,abril,lunes,16,-101.14699761445,19.7547736630106
48769,48775,2024,LEG52129,2024/04/01,17:21:00,COLISIÓN POR CORTE DE CIRCULACIÓN,ASFALTO,Bueno,Bueno,2,NISSAN,VERDE,2,,80,MASCULINO,SIN DATOS,0,0,Morelia,Sin datos,abril,lunes,17,-101.284241750836,19.6903652388321
48770,48776,2024,,2024/04/01,18:40:00,COLISIÓN POR ALCANCE,ASFALTO,Bueno,Bueno,2,FORD,ROJO,2,MINISTERIO PÚBLICO,0,MASCULINO,SIN DATOS,0,0,Morelia,Avicola Benito Juarez,abril,lunes,19,-101.279537826777,19.6913482371725
48771,48777,2024,,2024/04/01,21:00:00,COLISIÓN CONTRA OBJETO FIJO,ASFALTO,Bueno,Bueno,1,HYUNDAI,NEGRO,1,,30,MASCULINO,SIN DATOS,0,0,Morelia,Josefa Ortiz de Dominguez,abril,lunes,21,-101.210513859987,19.7260984300445
48772,48778,2024,LEG52132,2024/04/01,21:44:00,COLISIÓN POR CAMBIO DE CARRIL,ASFALTO,Bueno,Bueno,2,AUDI,GRIS,2,MINISTERIO PÚBLICO,27,MASCULINO,SIN DATOS,0,0,Morelia,Tenencia Morelos,abril,lunes,22,-101.247813664377,19.6483087905753
48773,48779,2024,,2024/04/01,21:50:00,COLISIÓN POR ALCANCE,ASFALTO,Bueno,Bueno,2,CHEVROLET/CHEVY,BLANCO,2,,39,MASCULINO,SIN DATOS,0,0,Morelia,Santillan La Huerta,abril,lunes,22,-101.219026185572,19.6763993183644
48774,48780,2024,LEG52131,2024/04/01,22:00:00,COLISIÓN POR ALCANCE,ASFALTO,Bueno,Bueno,1,VOLKSWAGEN,BLANCO,1,,30,,SIN DATOS,0,0,Morelia,Los Angeles,abril,lunes,22,-101.175669953227,19.7432463257215
48775,48781,2024,,2024/04/02,"01:55:00",COLISIÓN CONTRA OBJETO FIJO,ASFALTO,Bueno,Bueno,1,VELOCI,ROJO/NEGRO,1,MINISTERIO PÚBLICO,40,MASCULINO,SIN DATOS,0,0,Pátzcuaro,Centro,abril,martes,2,-101.61000341177,19.5294992543634
48776,48782,2024,,2024/04/02,"08:20:00",COLISIÓN POR NO RESPETAR SEMÁFORO,ASFALTO,Bueno,Bueno,2,CHEVROLET,GRIS,2,MINISTERIO PÚBLICO,,MASCULINO,SIN DATOS,0,0,Morelia,Jardines del Rincon,abril,martes,8,-101.150332130492,19.6907958143136
48777,48783,2024,LEG52140,2024/04/02,"09:59:00",COLISIÓN POR MANIOBRA DE REVERSA,ASFALTO,Bueno,Bueno,2,RENAULT,BLANCO,2,,30,MASCULINO,SIN DATOS,0,0,Morelia,Union,abril,martes,10,-101.153380125761,19.706240838869
48778,48784,2024,,2024/04/02,13:30:00,COLISIÓN POR CAMBIO DE CARRIL,ASFALTO,Bueno,Bueno,2,DODGE,BLANCO,2,,43,FEMENINO,SIN DATOS,0,0,Morelia,La Luz,abril,martes,14,-101.299807615578,19.6873417077134
48779,48785,2024,,2024/04/02,14:30:00,VOLCADURA,ASFALTO,Bueno,Bueno,1,NISSAN,BLANCO,1,,30,FEMENINO,SIN DATOS,0,0,Morelia,Avicola Benito Juarez,abril,martes,15,-101.279538497329,19.6913472901635
48780,48786,2024,,2024/04/02,14:30:00,COLISIÓN POR CORTE DE CIRCULACIÓN,ASFALTO,Bueno,Bueno,1,CHEVROLET,BEIGE,1,,28,MASCULINO,SIN DATOS,0,0,Morelia,Avicola Benito Juarez,abril,martes,15,-101.279537826777,19.6913482371725
48781,48787,2024,,2024/04/02,14:50:00,COLISIÓN POR CORTE DE CIRCULACIÓN,ASFALTO,Bueno,Bueno,3,VOLKSWAGEN,GRIS,3,,30,FEMENINO,SIN DATOS,0,0,Morelia,Cinco de Diciembre,abril,martes,15,-101.164049953222,19.6856610315671
48782,48788,2024,,2024/04/02,17:05:00,COLISIÓN POR INVASIÓN DE CARRIL,ASFALTO,Bueno,Bueno,4,FORD,AZUL,4,,17,MASCULINO,SIN DATOS,0,0,Morelia,Tlalpujahua,abril,martes,17,-101.218293942511,19.6762837724429
48783,48789,2024,LEG52139,2024/04/02,19:15:00,COLISIÓN POR ALCANCE,ASFALTO,Bueno,Bueno,2,CHEVROLET,BLANCO,2,,50,MASCULINO,SIN DATOS,0,0,Morelia,El Lago 2,abril,martes,19,-101.217485256493,19.7270247165415
48784,48790,2024,,2024/04/03,"00:00:00",COLISIÓN POR CORTE DE CIRCULACIÓN,ASFALTO,Bueno,Bueno,2,VOLKSWAGEN,GRIS,0,MINISTERIO PÚBLICO,,,,0,0,Lázaro Cárdenas,Pie de Casa,abril,miércoles,0,-102.221557796001,17.9657889058958
48785,48791,2024,,2024/04/03,"07:25:00",SUBIDA AL CAMELLÓN,CONCRETO,Bueno,Bueno,1,VOLVO,BLANCO,1,,18,MASCULINO,SIN DATOS,0,0,Morelia,Elias Perez Avalos,abril,miércoles,7,-101.167813022979,19.7136335493406
48787,48793,2024,,2024/04/03,"09:50:00",COLISIÓN POR ALCANCE,TERRACERIA,Bueno,Bueno,3,TOYOTA HlLUX,GRIS,3,,46,MASCULINO,SIN DATOS,0,0,Morelia,Xangari,abril,miércoles,10,-101.220691502094,19.6741199544694
48788,48794,2024,,2024/04/03,10:30:00,COLISIÓN POR CAMBIO DE CARRIL,ASFALTO,Bueno,Bueno,2,NISSAN,BLANCO,2,,,,SIN DATOS,0,0,Morelia,Loma de Los Piñones,abril,miércoles,11,-101.205066628754,19.6740201920958
48789,48795,2024,LEG52146,2024/04/03,11:40:00,COLISIÓN POR ALCANCE,ASFALTO,Bueno,Bueno,2,FORD,BLANCO,2,,50,MASCULINO,SIN DATOS,0,0,Morelia,Morelos,abril,miércoles,12,-101.185371167958,19.7240214458124
48790,48796,2024,,2024/04/04,12:10:00,COLISIÓN POR ALCANCE,ASFALTO,Bueno,Bueno,2,FORD,ROJO,2,,53,MASCULINO,SIN DATOS,0,0,Morelia,El Lago 2,abril,jueves,12,-101.216828450561,19.7268577644486
48791,48797,2024,LEG52152,2024/04/04,18:10:00,COLISIÓN POR ALCANCE,ASFALTO,Bueno,Bueno,2,TOYOTA,BLANCO Y ROSA,2,,62,MASCULINO,SIN DATOS,0,0,Morelia,Felix Ireta,abril,jueves,18,-101.195802949369,19.682395595332
48792,48798,2024,,2024/04/04,19:50:00,COLISIÓN POR CORTE DE CIRCULACIÓN,CONCRETO,Bueno,Bueno,2,CHEVROLET,BLANCO,2,,37,MASCULINO,SIN DATOS,0,0,Morelia,Loma Bonita,abril,jueves,20,-101.196897625923,19.7187043567989
48793,48799,2024,LEG52151,2024/04/04,19:50:00,COLISIÓN POR ALCANCE,ASFALTO,Bueno,Bueno,2,NISSAN,NEGRO,2,,37,,SIN DATOS,0,0,Morelia,Felix Ireta,abril,jueves,20,-101.189108490944,19.6820382368998
48794,48800,2024,LEG52150,2024/04/04,21:20:00,COLISIÓN POR ALCANCE,ASFALTO,Bueno,Bueno,2,CHEVROLET,ROJO,2,,64,MASCULINO,SIN DATOS,0,0,Morelia,Ventura Puente,abril,jueves,21,-101.195380836725,19.6922699899274
48795,48801,2024,LEG52155,2024/04/05,13:20:00,COLISIÓN POR ALCANCE,ASFALTO,Bueno,Bueno,2,TOYOTA,NARANJA,2,MINISTERIO PÚBLICO,36,MASCULINO,SIN DATOS,0,0,Morelia,Fuentes de Morelia,abril,viernes,13,-101.20465926826,19.6728965982885
48796,48802,2024,LEG52158,2024/04/05,14:30:00,COLISIÓN CON PEATÓN,ASFALTO,Bueno,Bueno,1,ITALIKA,NEGRO,1,MINISTERIO PÚBLICO,,,,1,0,Morelia,Centro,abril,viernes,15,-101.193291731179,19.7045808779955
48797,48803,2024,,2024/04/05,15:20:00,COLISIÓN POR CORTE DE CIRCULACIÓN,CONCRETO,Bueno,Bueno,2,CHRYSLER,ROJO,2,,66,MASCULINO,SIN DATOS,0,0,Morelia,Jacarandas,abril,viernes,15,-101.211023144424,19.7065558475637
48798,48804,2024,LEG52156,2024/04/05,15:20:00,COLISIÓN CON PEATÓN,TERRACERIA,Bueno,Bueno,1,NISSAN,BLANCO,2,,30,MASCULINO,SIN DATOS,1,0,Morelia,Ciudad Industrial,abril,viernes,15,-101.136324293911,19.7294731167985
48799,48805,2024,,2024/04/05,15:25:00,COLISIÓN POR CAMBIO DE CARRIL,ASFALTO,Bueno,Bueno,2,KIA,BLANCO,2,,50,FEMENINO,SIN DATOS,0,0,Morelia,Villas Valladolid,abril,viernes,15,-101.218671798706,19.6955748723537
48800,48806,2024,,2024/04/05,17:40:00,COLISIÓN POR CAMBIO DE CARRIL,ASFALTO,Bueno,Bueno,2,NISSAN,BLANCO/NARANJA,2,,34,MASCULINO,SIN DATOS,0,0,Morelia,Centro,abril,viernes,18,-101.191595904529,19.7018808401938
48801,48807,2024,,2024/04/05,22:20:00,VOLCADURA,ASFALTO,Bueno,Bueno,1,TOYOTA,BLANCO,0,MINISTERIO PÚBLICO,,,,0,0,Morelia,Centro,abril,viernes,22,-101.178007038338,19.7050991092605
48802,48808,2024,,2024/04/05,29:40:00,COLISIÓN POR NO RESPETAR SEMÁFORO,ASFALTO,Bueno,Bueno,2,CHEVROLET,VERDE,2,,,MASCULINO,SIN DATOS,0,0,Morelia,Avicola Benito Juarez,abril,viernes,,-101.278665438294,19.6916140308059
48803,48809,2024,,2024/04/06,"01:40:00",COLISIÓN CON PEATÓN,ASFALTO,Bueno,Bueno,1,SEAT,NEGRO,0,MINISTERIO PÚBLICO,,,,0,0,Pátzcuaro,Sin datos,abril,sábado,2,-101.591945439577,19.5474953210059
48804,48810,2024,,2024/04/06,"05:45:00",COLISIÓN POR CAMBIO DE CARRIL,CONCRETO,Bueno,Bueno,2,TOYOTA,AZUL,1,,18,MASCULINO,SIN DATOS,0,0,Morelia,Ejidal Tres Puentes,abril,sábado,6,-101.231420338154,19.6937978149966
48805,48811,2024,LEG52162,2024/04/06,"07:30:00",COLISIÓN POR CORTE DE CIRCULACIÓN,ASFALTO,Bueno,Bueno,2,NISSAN,BLANCO,2,MINISTERIO PÚBLICO,,MASCULINO,SIN DATOS,0,0,Morelia,Rey Tariacuri (Eucaliptos),abril,sábado,8,-101.200428754091,19.6778351115519
48806,48812,2024,LEG52164,2024/04/06,12:00:00,COLISIÓN POR NO RESPETAR SEMÁFORO,ASFALTO,Bueno,Bueno,2,HONDA,BLANCO/ROJO,3,,35,MASCULINO,SIN DATOS,1,0,Morelia,Fracc Heroes Republicanos,abril,sábado,12,-101.277773939073,19.6919085498393
48807,48813,2024,,2024/04/06,14:50:00,COLISIÓN POR CAMBIO DE CARRIL,ASFALTO,Bueno,Bueno,2,YAMAHA,BLANCO,1,MINISTERIO PÚBLICO,,MASCULINO,SIN DATOS,0,0,Morelia,Francisco J Mujica,abril,sábado,15,-101.184538006783,19.7249471131422
48808,48814,2024,,2024/04/06,15:30:00,COLISIÓN POR ALCANCE,ASFALTO,Bueno,Bueno,2,HONDA,ACERO,2,,44,FEMENINO,SIN DATOS,0,0,Morelia,Rinconada del Valle,abril,sábado,16,-101.219038590789,19.6780422081883
48809,48815,2024,,2024/04/06,15:50:00,COLISIÓN POR CORTE DE CIRCULACIÓN,ASFALTO,Bueno,Bueno,1,NISSAN,BLANCO,1,,46,MASCULINO,SIN DATOS,0,0,Morelia,Rinconada del Valle,abril,sábado,16,-101.218799203634,19.6785091217262
48810,48816,2024,LEG52168,2024/04/06,19:00:00,CAIDA DE MOTOCICLETA,ASFALTO,Bueno,Bueno,1,ITALIKA,BLANCO Y AZUL,1,,66,MASCULINO,SIN DATOS,0,0,Morelia,Solidaridad,abril,sábado,19,-101.207401826978,19.7276909451788
48811,48817,2024,LEG52169,2024/04/06,21:00:00,COLISIÓN POR ALCANCE,ASFALTO,Bueno,Bueno,2,NISSAN,NEGRO,2,MINISTERIO PÚBLICO,37,MASCULINO,SIN DATOS,0,0,Morelia,Benito Juarez,abril,sábado,21,-101.250654459,19.6857178541141
48812,48818,2024,LEG52170,2024/04/07,"02:10:00",COLISIÓN POR ALCANCE,ASFALTO,Bueno,Bueno,3,VOLKSWAGEN,CAFE,3,MINISTERIO PÚBLICO,54,MASCULINO,SIN DATOS,0,0,Morelia,Canteras de Morelia,abril,domingo,2,-101.171491071582,19.7147527995824
48813,48819,2024,LEG52171,2024/04/07,"04:40:00",COLISIÓN POR CORTE DE CIRCULACIÓN,ASFALTO,Bueno,Bueno,1,CHEVROLET,BLANCO,1,,,,SIN DATOS,0,0,Morelia,Colinas del Sur,abril,domingo,5,-101.197798848152,19.6615399345349
48814,48820,2024,,2024/04/07,"09:00:00",SALIDA DE SUPERFICIE DE RODAMIENTO,ASFALTO,Bueno,Bueno,1,NISSAN,ROJO,1,,,MASCULINO,SIN DATOS,0,0,Morelia,Sin datos,abril,domingo,9,-101.117997430265,19.6883206208332
48815,48821,2024,LEG52174,2024/04/07,12:29:00,SALIDA DE SUPERFICIE DE RODAMIENTO,ASFALTO,Bueno,Bueno,1,TOYOTA,ARENA,0,,,,,0,0,Morelia,Sin datos,abril,domingo,12,-101.279683001339,19.6529465246799
48816,48822,2024,LEG52175,2024/04/07,12:50:00,COLISIÓN CONTRA OBJETO FIJO,ASFALTO,Bueno,Bueno,1,NISSAN,NEGRO,1,,35,MASCULINO,SIN DATOS,0,0,Morelia,El Eden,abril,domingo,13,-101.249644607306,19.6460293431287
48817,48823,2024,,2024/04/07,15:10:00,COLISIÓN POR CORTE DE CIRCULACIÓN,TERRACERIA,Bueno,Bueno,2,ITALIKA DM200,NEGRO/VERDE,2,,16,MASCULINO,SIN DATOS,0,0,Morelia,El Lago 1,abril,domingo,15,-101.219382584095,19.7275085294662