fid,id_accidente,anio_origen,folio_c5i,dia_incidente,hora_ocurrencia,tipo_incidente_vial,superficie_ocurrencia,condiciones_climaticas,condiciones_via,numero_vehiculos_involucrados,marca_vehiculo_ocasiona_siniestro,color_vehiculo_ocasiona_siniestro,numero_personas_involucradas,lugar_remite_presunto_responsable,edad_presunto_responsable,sexo_presunto_responsable,resultados_toxicologia,numero_personas_lesionadas,numero_personas_fallecidas,municipio,colonia,mes,dia_semana,hora_redondeada,lon,lat
48818,48824,2024,,2024/04/07,20:15:00,COLISIÓN POR CAMBIO DE CARRIL,ASFALTO,Bueno,Bueno,2,CHEVROLET,BLANCO,2,,,,SIN DATOS,0,0,Morelia,Los Angeles,abril,domingo,20,-101.17637604475,19.7416593303774
48819,48825,2024,,2024/04/08,11:50:00,COLISIÓN POR CORTE DE CIRCULACIÓN,CONCRETO,Bueno,Bueno,2,HONDA,VERDE,2,,36,MASCULINO,SIN DATOS,0,0,Morelia,Obrera,abril,lunes,12,-101.181534603238,19.7112733284117
48820,48826,2024,,2024/04/08,18:00:00,COLISIÓN POR CORTE DE CIRCULACIÓN,CONCRETO,Bueno,Bueno,2,ITALIKA,NEGRO,1,,55,MASCULINO,SIN DATOS,0,0,Morelia,Ventura Puente,abril,lunes,18,-101.186096622328,19.6953001303803
48821,48827,2024,LEG52182,2024/04/08,18:30:00,COLISIÓN POR CORTE DE CIRCULACIÓN,ASFALTO,Bueno,Bueno,2,TOYOTA,BLANCO Y GRIS,0,,,,,0,0,Morelia,Reforma,abril,lunes,19,-101.242409348488,19.7057481236246
48822,48828,2024,,2024/04/08,20:00:00,COLISIÓN POR ALCANCE,ASFALTO,Bueno,Bueno,2,JEEP,NEGRO,2,MINISTERIO PÚBLICO,0,MASCULINO,SIN DATOS,0,0,Morelia,Sin datos,abril,lunes,20,-101.314771324396,19.65290579353
48823,48829,2024,,2024/04/08,22:25:00,COLISIÓN POR ALCANCE,ASFALTO,Bueno,Bueno,2,CHEVROLET/TORNADO,BLANCO,2,,58,MASCULINO,SIN DATOS,0,0,Morelia,Alberto Oviedo Mota,abril,lunes,22,-101.20062187314,19.6753013130453
48824,48830,2024,,2024/04/09,"08:00:00",COLISIÓN POR INVASIÓN DE CARRIL,ASFALTO,Bueno,Bueno,2,HONDA,BLANCO,2,MINISTERIO PÚBLICO,,,SIN DATOS,0,0,Charo,De Santiago,abril,martes,8,-101.044372,19.745476
48825,48831,2024,,2024/04/09,"08:20:00",COLISIÓN POR ALCANCE,CONCRETO,Bueno,Bueno,3,MERCEDES BENz,GRIS,3,,66,MASCULINO,SIN DATOS,0,0,Morelia,Elias Perez Avalos,abril,martes,8,-101.167813022979,19.7136335493406
48826,48832,2024,,2024/04/09,11:25:00,COLISIÓN CONTRA OBJETO FIJO,ASFALTO,Bueno,Bueno,2,NISSAN,BLANCO Y ROJO,2,MINISTERIO PÚBLICO,,,SIN DATOS,0,0,Morelia,Cañada del Bosque,abril,martes,11,-101.095476932824,19.729766303744
48827,48833,2024,LEG52185,2024/04/09,11:45:00,COLISIÓN POR ALCANCE,ASFALTO,Bueno,Bueno,2,FORD,CAFE,2,,35,MASCULINO,SIN DATOS,0,0,Morelia,Ciudad Industrial,abril,martes,12,-101.14156499505,19.7259826044047
48828,48834,2024,,2024/04/09,16:50:00,COLISIÓN POR CORTE DE CIRCULACIÓN,ASFALTO,Bueno,Bueno,2,NISSAN,ARENA,2,,23,MASCULINO,SIN DATOS,0,0,Morelia,Industrial,abril,martes,17,-101.201730966568,19.7138337013484
48829,48835,2024,MOR  240216051,2024/04/09,18:00:00,COLISIÓN POR NO RESPETAR SEMÁFORO,ASFALTO,Bueno,Bueno,2,KIA,BLANCO,2,MINISTERIO PÚBLICO,45,MASCULINO,SIN DATOS,0,0,Morelia,Centro,abril,martes,18,-101.178189218044,19.6990503915855
48830,48836,2024,MOR2245679,2024/04/09,18:29:00,COLISIÓN POR CORTE DE CIRCULACIÓN,ASFALTO,Bueno,Bueno,2,VOLKSWAGEN,BLANCO,2,,,MASCULINO,SIN DATOS,0,0,Morelia,Centro,abril,martes,18,-101.200197413564,19.6991753907071
48831,48837,2024,LEG52193,2024/04/09,20:40:00,COLISIÓN POR CORTE DE CIRCULACIÓN,ASFALTO,Bueno,Bueno,2,HONDA,Blanco,2,,48,MASCULINO,SIN DATOS,0,0,Morelia,Primo Tapia,abril,martes,21,-101.211842894554,19.7090957797731
48832,48838,2024,,2024/04/09,22:20:00,COLISIÓN POR CAMBIO DE CARRIL,ASFALTO,Bueno,Bueno,2,HONDA,GRIS,2,,0,MASCULINO,SIN DATOS,0,0,Morelia,Irrigacion,abril,martes,22,-101.220602989197,19.7055748364803
48833,48839,2024,,2024/04/09,22:50:00,COLISIÓN CON PEATÓN,SIN_DATOS,Bueno,Bueno,2,VOLKSWAGEN,GRIS,0,MINISTERIO PÚBLICO,,,,0,0,Lázaro Cárdenas,Segundo Sector de Fidelac,abril,martes,23,-102.205216102302,17.961431653044
48834,48840,2024,,2024/04/10,"00:50:00",COLISIÓN CONTRA OBJETO FIJO,CONCRETO,Bueno,Bueno,1,NISSAN,GRIS,1,,24,MASCULINO,SIN DATOS,0,0,Morelia,Jardines del Rincon,abril,miércoles,1,-101.150337159634,19.6903646074889
48835,48841,2024,,2024/04/10,"07:40:00",COLISIÓN POR CAMBIO DE CARRIL,ASFALTO,Bueno,Bueno,2,BMW,NEGRA,2,,56,FEMENINO,SIN DATOS,0,0,Morelia,Montaña Monarca,abril,miércoles,8,-101.164663173258,19.665602991733
48836,48842,2024,LEG52206,2024/04/10,"08:45:00",COLISIÓN POR CORTE DE CIRCULACIÓN,ASFALTO,Bueno,Bueno,2,S/D,S/D,1,,31,MASCULINO,SIN DATOS,0,0,Morelia,El Eden,abril,miércoles,9,-101.24963119626,19.646023975227
48837,48843,2024,,2024/04/10,"09:15:00",COLISIÓN POR ALCANCE,ASFALTO,Bueno,Bueno,3,NISSAN,ROJO,3,,85,MASCULINO,SIN DATOS,0,0,Morelia,Villa Universidad,abril,miércoles,9,-101.207097731531,19.6916320239457
48838,48844,2024,LEG52205,2024/04/10,"09:30:00",COLISIÓN POR CORTE DE CIRCULACIÓN,CONCRETO,Bueno,Bueno,2,NISSAN,GRIS,2,,25,FEMENINO,SIN DATOS,0,0,Morelia,Adolfo Lopez Mateos,abril,miércoles,10,-101.224740631878,19.6940620262414
48839,48845,2024,,2024/04/10,11:30:00,COLISIÓN POR ALCANCE,ASFALTO,Bueno,Bueno,2,RENAULT,GRIS,2,,19,MASCULINO,SIN DATOS,0,0,Morelia,Residencial Alborada,abril,miércoles,12,-101.234630942345,19.7024704712293
48840,48846,2024,,2024/04/10,12:40:00,COLISIÓN POR CORTE DE CIRCULACIÓN,ASFALTO,Bueno,Bueno,2,JEEP,NEGRA,2,MINISTERIO PÚBLICO,0,MASCULINO,SIN DATOS,0,0,Morelia,Nueva Chapultepec,abril,miércoles,13,-101.171725094318,19.6874629278503
48841,48847,2024,LEG52204,2024/04/10,13:45:00,COLISIÓN CON PEATÓN,ASFALTO,Bueno,Bueno,1,FORD,NEGRO Y GRIS,2,,67,FEMENINO,SIN DATOS,1,0,Morelia,Sin datos,abril,miércoles,14,-101.118727996945,19.7008464554459
48842,48848,2024,,2024/04/10,15:20:00,COLISIÓN POR ALCANCE,ASFALTO,Bueno,Bueno,2,NISSAN,BLANCO Y ROJO,2,MINISTERIO PÚBLICO,48,MASCULINO,SIN DATOS,0,0,Morelia,Mariano Michelena,abril,miércoles,15,-101.230176463723,19.6769710484598
48843,48849,2024,LEG52203,2024/04/10,16:50:00,COLISIÓN CONTRA OBJETO FIJO,ASFALTO,Bueno,Bueno,2,NAVISTAR,VERDE,1,MINISTERIO PÚBLICO,,,SIN DATOS,0,0,Morelia,Chapultepec Norte,abril,miércoles,17,-101.167294085026,19.6952085149066
48844,48850,2024,,2024/04/10,18:40:00,COLISIÓN POR ALCANCE,ASFALTO,Bueno,Bueno,2,VOLVO,AZUL,2,,75,MASCULINO,SIN DATOS,0,0,Morelia,Sin datos,abril,miércoles,19,-101.164612881839,19.6650037533102
48845,48851,2024,LEG52202,2024/04/10,21:00:00,COLISIÓN POR CAMBIO DE CARRIL,ASFALTO,Bueno,Bueno,2,MB,NEGRO Y ROJO,2,,34,MASCULINO,ALIENTO ETÍLICO,0,0,Morelia,Irrigacion,abril,miércoles,21,-101.225014217198,19.7047371214817
48846,48852,2024,LEG52201,2024/04/10,23:30:00,COLISIÓN POR NO RESPETAR SEMÁFORO,ASFALTO,Bueno,Bueno,2,ITALIKA,AZUL,3,MINISTERIO PÚBLICO,0,MASCULINO,SIN DATOS,1,0,Morelia,Ferrocarrilero,abril,miércoles,0,-101.212777979672,19.7018568508766
48847,48853,2024,,2024/04/11,"00:00:00",COLISIÓN POR CORTE DE CIRCULACIÓN,ASFALTO,Bueno,Bueno,2,VENTO,NEGRO,2,,0,MASCULINO,SIN DATOS,0,0,Morelia,Jesus Romero Flores,abril,jueves,0,-101.173639856279,19.7289811043428
48848,48854,2024,,2024/04/11,"07:30:00",COLISIÓN POR CORTE DE CIRCULACIÓN,ADOQUIN_EMPEDRADO,Bueno,Bueno,2,FORD,ARENA,2,MINISTERIO PÚBLICO,47,FEMENINO,SIN DATOS,0,0,Cuitzeo,Los Granados,abril,jueves,8,-101.139638498425,19.9730535279443
48849,48855,2024,,2024/04/11,13:00:00,COLISIÓN CONTRA OBJETO FIJO,CONCRETO,Bueno,Bueno,1,FORD,BLANCO,1,,,MASCULINO,SIN DATOS,0,0,Morelia,Villas Morelianas,abril,jueves,13,-101.222823858261,19.6806198443768
48850,48856,2024,,2024/04/11,14:40:00,COLISIÓN POR CORTE DE CIRCULACIÓN,CONCRETO,Bueno,Bueno,2,VECTROM,NEGRO/AZUL,3,MINISTERIO PÚBLICO,59,MASCULINO,SIN DATOS,1,0,Pátzcuaro,Centro,abril,jueves,15,-101.616205349565,19.5118339541811
48851,48857,2024,LEG52218,2024/04/11,15:40:00,COLISIÓN POR CORTE DE CIRCULACIÓN,ASFALTO,Bueno,Bueno,2,PEUGEOT,METAL,2,,,MASCULINO,SIN DATOS,0,0,Morelia,Enrique Arreguin Robles,abril,jueves,16,-101.182193756104,19.7224336282335
48852,48858,2024,LEG52220,2024/04/11,15:50:00,COLISIÓN POR CAMBIO DE CARRIL,ASFALTO,Bueno,Bueno,2,SUZUKI,ROJO,2,MINISTERIO PÚBLICO,41,MASCULINO,SIN DATOS,0,0,Morelia,Alberto Oviedo Mota,abril,jueves,16,-101.19573622942,19.6815239803008
48853,48859,2024,,2024/04/11,16:00:00,COLISIÓN POR NO RESPETAR SEMÁFORO,ASFALTO,Bueno,Bueno,2,FORD EXPLORER,NEGRO,2,,31,FEMENINO,SIN DATOS,0,0,Morelia,Las Americas,abril,jueves,16,-101.156530715525,19.6876766412537
48854,48860,2024,,2024/04/11,17:00:00,COLISIÓN POR CAMBIO DE CARRIL,ASFALTO,Bueno,Bueno,2,NISSAN,BLANCO,2,,,MASCULINO,SIN DATOS,0,0,Morelia,Los Manantiales de Morelia,abril,jueves,17,-101.240274310112,19.6927390716548
48855,48861,2024,,2024/04/11,17:20:00,SALIDA DE SUPERFICIE DE RODAMIENTO,CONCRETO,Bueno,Bueno,1,TOYOTA,BLANCO,1,,30,MASCULINO,SIN DATOS,0,0,Morelia,Los Manantiales de Morelia,abril,jueves,17,-101.24027363956,19.6927368619864
48856,48862,2024,,2024/04/11,18:05:00,COLISIÓN CON PEATÓN,SIN_DATOS,Bueno,Bueno,2,TOYOTA RAV4,ROJO,2,,44,FEMENINO,SIN DATOS,0,0,Morelia,Las Americas,abril,jueves,18,-101.155321374536,19.6875775186767
48857,48863,2024,LEG52221,2024/04/11,19:50:00,COLISIÓN POR ALCANCE,ASFALTO,Bueno,Bueno,2,CHEVROLET,VERDE,2,MINISTERIO PÚBLICO,64,MASCULINO,SIN DATOS,0,0,Morelia,Sin datos,abril,jueves,20,-101.279926747084,19.6506523028714
48858,48864,2024,,2024/04/11,20:15:00,COLISIÓN POR ALCANCE,ASFALTO,Bueno,Bueno,2,VOLKWAGEN JETTA,GRIS,2,MINISTERIO PÚBLICO,29,MASCULINO,SIN DATOS,0,0,Morelia,Jardines de Torremolinos,abril,jueves,20,-101.22836664319,19.6769426356374
48859,48865,2024,,2024/04/12,"00:00:00",COLISIÓN POR CAMBIO DE CARRIL,ASFALTO,Bueno,Bueno,2,VOLKSWAGEN,GRIS,2,,72,MASCULINO,SIN DATOS,0,0,Morelia,Xangari,abril,viernes,0,-101.219623120327,19.6720670459846
48860,48866,2024,LEG52233,2024/04/12,"07:28:00",COLISIÓN POR INVASIÓN DE CARRIL,ASFALTO,Bueno,Bueno,2,VOLKSWAGEN,GRIS,2,,40,MASCULINO,SIN DATOS,0,0,Morelia,Centro,abril,viernes,7,-101.191217377782,19.7029385761198
48861,48867,2024,,2024/04/12,"08:20:00",COLISIÓN POR CORTE DE CIRCULACIÓN,ASFALTO,Bueno,Bueno,2,VOLKSWAGEN,BLANCO,4,,40,MASCULINO,SIN DATOS,2,0,Morelia,Mirador del Punhuato,abril,viernes,8,-101.160022951663,19.7046421128345
48862,48868,2024,LEG52234,2024/04/12,"09:42:00",COLISIÓN POR ALCANCE,ASFALTO,Bueno,Bueno,3,NISSAN,AZUL,3,,40,MASCULINO,SIN DATOS,0,0,Morelia,Felix Ireta,abril,viernes,10,-101.182250753045,19.6813560336506
48863,48869,2024,MOR20300,2024/04/12,"09:50:00",COLISIÓN POR CORTE DE CIRCULACIÓN,ASFALTO,Bueno,Bueno,2,NISSAN,GRIS,2,,27,FEMENINO,SIN DATOS,0,0,Morelia,Adolfo Lopez Mateos,abril,viernes,10,-101.226458251476,19.6950342693611
48864,48870,2024,,2024/04/12,10:00:00,COLISIÓN POR CORTE DE CIRCULACIÓN,ASFALTO,Bueno,Bueno,3,NISSAN,PLATA,2,,26,MASCULINO,SIN DATOS,0,0,Morelia,Tinijaro,abril,viernes,10,-101.25743759796,19.6972596737531
48865,48871,2024,,2024/04/12,15:40:00,COLISIÓN POR ALCANCE,ASFALTO,Bueno,Bueno,2,BMW,GRIS,2,,49,MASCULINO,SIN DATOS,0,0,Morelia,Alberto Oviedo Mota,abril,viernes,16,-101.202004887164,19.6775793973481
48866,48872,2024,LEG52219,2024/04/12,18:23:00,COLISIÓN POR CAMBIO DE CARRIL,ASFALTO,Bueno,Bueno,2,CHRYSLER,BLANCO CON VERDE,2,,,MASCULINO,SIN DATOS,0,0,Morelia,Tierra Y Libertad,abril,viernes,18,-101.223345547915,19.7168706191499
48867,48873,2024,LEG52231,2024/04/12,18:50:00,COLISIÓN POR CORTE DE CIRCULACIÓN,ASFALTO,Bueno,Bueno,2,CHEVROLET,BLANCO,2,,43,FEMENINO,SIN DATOS,0,0,Morelia,Chapultepec Sur,abril,viernes,19,-101.179702654481,19.6908229619958
48868,48874,2024,,2024/04/12,19:30:00,COLISIÓN POR ALCANCE,CONCRETO,Bueno,Bueno,2,MERCEDES BENZ,BLANCO/AMARILLO,2,MINISTERIO PÚBLICO,42,MASCULINO,SIN DATOS,0,0,Morelia,Tres Puentes,abril,viernes,20,-101.215956062078,19.7037182218182
48869,48875,2024,LEG52230,2024/04/12,20:20:00,COLISIÓN CON PEATÓN,ASFALTO,Bueno,Bueno,1,SUZUKI,GRIS,2,,29,FEMENINO,SIN DATOS,1,0,Morelia,Las Aguilas,abril,viernes,20,-101.227978393435,19.6973565807307
48870,48876,2024,LEG52229,2024/04/12,21:55:00,COLISIÓN POR CAMBIO DE CARRIL,ASFALTO,Bueno,Bueno,3,FREIGHTLINER,BLANCO,1,,30,MASCULINO,SIN DATOS,0,0,Morelia,Felix Ireta,abril,viernes,22,-101.180649138987,19.6861550713706
48871,48877,2024,,2024/04/13,"02:25:00",COLISIÓN POR CORTE DE CIRCULACIÓN,ASFALTO,Bueno,Bueno,2,SEAT,NEGRO,2,,22,MASCULINO,SIN DATOS,0,0,Morelia,Chapultepec Sur,abril,sábado,2,-101.169713772833,19.6916427566948
48872,48878,2024,LEG52232,2024/04/13,"04:40:00",COLISIÓN CONTRA OBJETO FIJO,CONCRETO,Bueno,Bueno,1,CHEVROLET,BLANCO,1,,38,MASCULINO,SIN DATOS,0,0,Morelia,Centro,abril,sábado,5,-101.189612410963,19.7107279182294
48873,48879,2024,,2024/04/13,12:05:00,COLISIÓN POR CORTE DE CIRCULACIÓN,ASFALTO,Bueno,Bueno,2,TOYOTA,BLANCO/ROSA,2,,42,MASCULINO,ALIENTO ETÍLICO,0,0,Morelia,Jardines del Rincon,abril,sábado,12,-101.153424046934,19.6873448644889
48874,48880,2024,,2024/04/13,13:00:00,COLISIÓN POR INVASIÓN DE CARRIL,ASFALTO,Bueno,Bueno,2,VOLKSWAGEN,ROJO,1,,24,MASCULINO,SIN DATOS,0,0,Morelia,Chapultepec Sur,abril,sábado,13,-101.172613576055,19.6931412308031
48875,48881,2024,MOR  240223557,2024/04/13,15:00:00,COLISIÓN POR CORTE DE CIRCULACIÓN,ASFALTO,Bueno,Bueno,2,NISSAN,BLANCO,2,,45,MASCULINO,SIN DATOS,0,0,Morelia,Lomas del Tecnologico,abril,sábado,15,-101.196182146668,19.7243105399014
48876,48882,2024,,2024/04/13,15:05:00,COLISIÓN POR CORTE DE CIRCULACIÓN,ASFALTO,Bueno,Bueno,2,NISSAN,BLANCO ROJO,2,,64,MASCULINO,SIN DATOS,0,0,Morelia,Vasco de Quiroga,abril,sábado,15,-101.175940856338,19.698257149934
48877,48883,2024,LEG52247,2024/04/13,15:11:00,COLISIÓN POR CORTE DE CIRCULACIÓN,ASFALTO,Bueno,Bueno,2,CHEVROLET,GRIS,2,,,FEMENINO,SIN DATOS,0,0,Morelia,Lomas de Guayangareo,abril,sábado,15,-101.16402246058,19.7043072147943
48878,48884,2024,,2024/04/13,20:20:00,COLISIÓN POR CAMBIO DE CARRIL,CONCRETO,Bueno,Bueno,2,NISSAN,AZUL,2,,69,MASCULINO,ALIENTO ETÍLICO,0,0,Morelia,Nueva Valladolid,abril,sábado,20,-101.211643405259,19.7008313042006
48879,48885,2024,,2024/04/13,20:40:00,COLISIÓN POR CAMBIO DE CARRIL,ASFALTO,Bueno,Bueno,2,NISSAN,AZUL,2,,38,MASCULINO,SIN DATOS,0,0,Morelia,Avicola Benito Juarez,abril,sábado,21,-101.279538162053,19.6913517095387
48880,48886,2024,LEG52245,2024/04/13,20:40:00,COLISIÓN CONTRA OBJETO FIJO,ASFALTO,Bueno,Bueno,2,NISSAN,ARENA,1,MINISTERIO PÚBLICO,,MASCULINO,SIN DATOS,0,0,Morelia,Isaac Arriaga,abril,sábado,21,-101.175056062639,19.7079534938894
48881,48887,2024,LEG52248,2024/04/13,21:02:00,COLISIÓN POR CORTE DE CIRCULACIÓN,ASFALTO,Bueno,Bueno,1,NISSAN,GRIS,2,,35,FEMENINO,SIN DATOS,0,0,Morelia,Alberto Oviedo Mota,abril,sábado,21,-101.195738911629,19.681526505813
48882,48888,2024,,2024/04/13,21:10:00,COLISIÓN POR INVASIÓN DE CARRIL,ASFALTO,Bueno,Bueno,2,AUDI/A1,ROJO,2,MINISTERIO PÚBLICO,26,MASCULINO,SIN DATOS,0,0,Morelia,Sin datos,abril,sábado,21,-101.096662804484,19.7378781218098
48883,48889,2024,,2024/04/13,21:20:00,COLISIÓN POR ALCANCE,CONCRETO,Bueno,Bueno,2,MAZDA,GRIS,2,,43,FEMENINO,SIN DATOS,0,0,Morelia,Chapultepec Norte,abril,sábado,21,-101.164486482739,19.6959386395589
48884,48890,2024,,2024/04/14,"07:40:00",COLISIÓN POR CORTE DE CIRCULACIÓN,ASFALTO,Bueno,Bueno,2,BELICI,NEGRO Y GRIS,2,,22,MASCULINO,SIN DATOS,0,0,Morelia,5 de Mayo,abril,domingo,8,-101.175472475588,19.7028776562756
48885,48891,2024,LEG52260,2024/04/14,"08:30:00",COLISIÓN POR CORTE DE CIRCULACIÓN,ASFALTO,Bueno,Bueno,2,MAZDA,AZUL,2,,65,MASCULINO,SIN DATOS,0,0,Morelia,Lomas de Huerta,abril,domingo,9,-101.213081404567,19.6737439510219
48886,48892,2024,LEG52259,2024/04/14,16:39:00,COLISIÓN POR ALCANCE,ASFALTO,Bueno,Bueno,2,VOLKSWAGEN,BLANCO,2,,80,MASCULINO,SIN DATOS,0,0,Morelia,Bosques de Oriente,abril,domingo,17,-101.155712306499,19.7157397511783
48887,48893,2024,,2024/04/14,18:00:00,COLISIÓN POR CORTE DE CIRCULACIÓN,ASFALTO,Bueno,Bueno,2,BMW,Negro,2,MINISTERIO PÚBLICO,59,MASCULINO,SIN DATOS,0,0,Morelia,Chapultepec Oriente,abril,domingo,18,-101.15937050432,19.6900173683526
48888,48894,2024,,2024/04/14,20:30:00,VOLCADURA,CONCRETO,Bueno,Bueno,1,VOLKSWAGEN,GRIS,1,MINISTERIO PÚBLICO,23,MASCULINO,SIN DATOS,0,0,Morelia,Felix Ireta,abril,domingo,21,-101.182708740234,19.6860714161756
48889,48895,2024,LEG52258,2024/04/14,20:40:00,COLISIÓN POR NO RESPETAR SEMÁFORO,ASFALTO,Bueno,Bueno,2,CHEVROLET,NEGRO,2,,24,MASCULINO,SIN DATOS,0,0,Morelia,Jardines de Guadalupe,abril,domingo,21,-101.226656734943,19.7104930882726
48890,48896,2024,,2024/04/14,22:00:00,COLISIÓN CONTRA OBJETO FIJO,CONCRETO,Bueno,Bueno,2,LINCON,BLANCO,0,,,,,0,0,Morelia,Quinceo,abril,domingo,22,-101.227827519178,19.7285342206454
48891,48897,2024,,2024/04/14,23:45:00,SALIDA DE SUPERFICIE DE RODAMIENTO,ASFALTO,Bueno,Bueno,1,TOYOTA,NEGRO,1,MINISTERIO PÚBLICO,,,,1,0,Morelia,Consuelo Alfaro de Vazquez,abril,domingo,0,-101.13790076226,19.7285402169745
48892,48898,2024,LEG52257,2024/04/15,"02:00:00",COLISIÓN POR NO RESPETAR SEMÁFORO,ASFALTO,Bueno,Bueno,2,CHEVROLET,NEGRO,2,MINISTERIO PÚBLICO,26,MASCULINO,SIN DATOS,0,0,Morelia,Jardines de Torremolinos,abril,lunes,2,-101.225748807192,19.6768495046842
48893,48899,2024,,2024/04/15,"02:18:00",COLISIÓN POR CORTE DE CIRCULACIÓN,ASFALTO,Bueno,Bueno,2,FORD,PLATA,2,MINISTERIO PÚBLICO,45,,SIN DATOS,0,0,Morelia,Adolfo Lopez Mateos,abril,lunes,2,-101.229260154068,19.6986734997033
48894,48900,2024,LEG52267,2024/04/15,"08:07:00",COLISIÓN POR ALCANCE,ASFALTO,Bueno,Bueno,2,VOLKSWAGEN,GRIS,2,,53,MASCULINO,SIN DATOS,0,0,Morelia,Granjas de La Huerta,abril,lunes,8,-101.234875358641,19.6668472409675
48895,48901,2024,,2024/04/15,"08:10:00",COLISIÓN POR CORTE DE CIRCULACIÓN,ASFALTO,Bueno,Bueno,2,TOYOTA/COROLLA,ROJO,2,,33,FEMENINO,SIN DATOS,0,0,Morelia,Morelos,abril,lunes,8,-101.18131852377,19.7261651713381
48896,48902,2024,,2024/04/15,"08:20:00",COLISIÓN POR CORTE DE CIRCULACIÓN,ASFALTO,Bueno,Bueno,2,CHEVROLET,AZUL,2,,,,SIN DATOS,0,0,Morelia,Felix Ireta,abril,lunes,8,-101.1908210814,19.6845858189058
48897,48903,2024,,2024/04/15,"08:30:00",COLISIÓN POR CORTE DE CIRCULACIÓN,ASFALTO,Bueno,Regular,2,NISSAN,GRIS,2,,36,MASCULINO,SIN DATOS,0,0,Morelia,Primo Tapia Oriente,abril,lunes,9,-101.157871484756,19.7139637389194
48898,48904,2024,,2024/04/15,11:00:00,COLISIÓN POR ALCANCE,ASFALTO,Bueno,Bueno,2,MERCEDES,BLANCO NARANJA,2,MINISTERIO PÚBLICO,36,MASCULINO,SIN DATOS,0,0,Morelia,Ferrocarrilero,abril,lunes,11,-101.217473186553,19.6975661773805
48899,48905,2024,,2024/04/15,12:25:00,CAIDA DE MOTOCICLETA,CONCRETO,Bueno,Bueno,2,ITALIKA,VERDE,2,MINISTERIO PÚBLICO,,FEMENINO,SIN DATOS,0,0,Morelia,Loma Dorada,abril,lunes,12,-101.25622138381,19.7019802695625
48900,48906,2024,,2024/04/15,13:00:00,COLISIÓN POR CORTE DE CIRCULACIÓN,CONCRETO,Bueno,Bueno,2,VOLKSWAGEN,BLANCO,2,,23,MASCULINO,SIN DATOS,0,0,Morelia,Ejido La Huerta,abril,lunes,13,-101.211100257933,19.668968220065
48901,48907,2024,,2024/04/15,13:40:00,COLISIÓN POR CORTE DE CIRCULACIÓN,ASFALTO,Bueno,Bueno,1,FREIGHTLINER,BLANCO,1,,42,MASCULINO,SIN DATOS,0,0,Morelia,Eduardo Ruiz,abril,lunes,14,-101.224000006914,19.7250127586272
48902,48908,2024,,2024/04/15,15:30:00,COLISIÓN POR ALCANCE,ASFALTO,Bueno,Bueno,3,FORD,NEGRO,3,,,MASCULINO,SIN DATOS,0,0,Morelia,Union Popular Solidaria,abril,lunes,16,-101.219599843025,19.7055524891151
48903,48909,2024,,2024/04/15,21:22:00,COLISIÓN POR CAMBIO DE CARRIL,ASFALTO,Bueno,Bueno,2,FORD,ARENA,2,,65,MASCULINO,SIN DATOS,0,0,Morelia,Centro,abril,lunes,21,-101.189857827865,19.6978510930408
48904,48910,2024,,2024/04/16,"00:00:00",COLISIÓN CONTRA OBJETO FIJO,TERRACERIA,Bueno,Bueno,1,NISSAN,ROJO,1,,,MASCULINO,SIN DATOS,0,0,Morelia,Presa de Los Reyes,abril,martes,0,-101.214130483568,19.7347074800622
48905,48911,2024,LEG52272,2024/04/16,"01:50:00",COLISIÓN CONTRA OBJETO FIJO,CONCRETO,Bueno,Bueno,2,HONDA,BLANCO,2,,38,,SIN DATOS,0,0,Morelia,San Isidro Itzicuaro Norte,abril,martes,2,-101.263941451907,19.7022397325764
48906,48912,2024,,2024/04/16,"08:20:00",COLISIÓN POR CAMBIO DE CARRIL,ASFALTO,Bueno,Bueno,2,CHEVROLET,PLATA,2,,56,FEMENINO,SIN DATOS,0,0,Morelia,Vista Bella,abril,martes,8,-101.195925675947,19.6790442736003
48907,48913,2024,LEG52279,2024/04/16,16:40:00,COLISIÓN POR ALCANCE,ASFALTO,Bueno,Bueno,2,HONDA,ROJO,2,,30,MASCULINO,SIN DATOS,0,0,Morelia,Sentimientos de La Nacion,abril,martes,17,-101.233070902526,19.6780409454047
48908,48914,2024,,2024/04/16,17:00:00,CAIDA DE MOTOCICLETA,ASFALTO,Bueno,Bueno,1,ITALIKA,BLANCO Y ROJO,2,MINISTERIO PÚBLICO,25,MASCULINO,SIN DATOS,1,0,Morelia,Alberto Oviedo Mota,abril,martes,17,-101.201929114759,19.6778240621812
48909,48915,2024,LEG52278,2024/04/16,19:10:00,COLISIÓN POR ALCANCE,ASFALTO,Bueno,Bueno,2,TOYOTA,BLANCO Y GRIS,2,,62,MASCULINO,SIN DATOS,0,0,Morelia,Campestre Los Manantiales,abril,martes,19,-101.238364577293,19.6882489624492
48910,48916,2024,LEG52277,2024/04/16,19:40:00,COLISIÓN POR ALCANCE,ASFALTO,Bueno,Bueno,2,VOLKSWAGEN,ROJO,2,,38,MASCULINO,SIN DATOS,0,0,Morelia,Felix Ireta,abril,martes,20,-101.181278452277,19.6827396941291
48911,48917,2024,LEG52276,2024/04/16,20:50:00,COLISIÓN POR CAMBIO DE CARRIL,ASFALTO,Bueno,Bueno,2,MAZDA,VERDE,2,,59,MASCULINO,SIN DATOS,0,0,Morelia,Montaña Monarca,abril,martes,21,-101.164697371423,19.6655789969815
48912,48918,2024,LEG52275,2024/04/16,22:10:00,COLISIÓN POR CORTE DE CIRCULACIÓN,CONCRETO,Bueno,Bueno,2,TOYOTA,BLANCO Y GUINDA,1,,56,FEMENINO,SIN DATOS,0,0,Morelia,Industrial,abril,martes,22,-101.194014921784,19.7096149979325