fid,id_accidente,anio_origen,folio_c5i,dia_incidente,hora_ocurrencia,tipo_incidente_vial,superficie_ocurrencia,condiciones_climaticas,condiciones_via,numero_vehiculos_involucrados,marca_vehiculo_ocasiona_siniestro,color_vehiculo_ocasiona_siniestro,numero_personas_involucradas,lugar_remite_presunto_responsable,edad_presunto_responsable,sexo_presunto_responsable,resultados_toxicologia,numero_personas_lesionadas,numero_personas_fallecidas,municipio,colonia,mes,dia_semana,hora_redondeada,lon,lat
48913,48919,2024,,2024/04/17,"08:30:00",COLISIÓN CON PEATÓN,ASFALTO,Bueno,Bueno,2,MAZDA,ROJO BRILLANTE,2,MINISTERIO PÚBLICO,0,,SIN DATOS,1,0,Chucándiro,Sin datos,abril,miércoles,9,-101.313709169626,19.8968486916626
48914,48920,2024,MOR 240230324,2024/04/17,"08:50:00",COLISIÓN POR CORTE DE CIRCULACIÓN,ASFALTO,Bueno,Bueno,2,VOLKSWAGEN,ROJO,2,,40,,SIN DATOS,0,0,Morelia,Santa Cecilia,abril,miércoles,9,-101.18730135262,19.6666401298644
48915,48921,2024,,2024/04/17,11:00:00,COLISIÓN POR NO RESPETAR SEMÁFORO,CONCRETO,Bueno,Bueno,2,MAZDA,ROJO,2,,19,MASCULINO,SIN DATOS,0,0,Morelia,Chapultepec Norte,abril,miércoles,11,-101.173778799073,19.6957366970635
48916,48922,2024,,2024/04/17,11:35:00,COLISIÓN POR ALCANCE,ASFALTO,Bueno,Bueno,6,INTERNATIONAL,BLANCO,6,MINISTERIO PÚBLICO,34,MASCULINO,SIN DATOS,0,0,Morelia,Ignacio Zaragoza,abril,miércoles,12,-101.207630485296,19.7258169136295
48917,48923,2024,LEG52287,2024/04/17,12:00:00,COLISIÓN POR CORTE DE CIRCULACIÓN,ASFALTO,Bueno,Bueno,2,CHRYSLER,GRIS,2,,24,MASCULINO,SIN DATOS,0,0,Morelia,Martires de Uruapan,abril,miércoles,12,-101.19731336832,19.724896616597
48918,48924,2024,,2024/04/17,13:21:00,COLISIÓN CONTRA OBJETO FIJO,ADOQUIN_EMPEDRADO,Bueno,Bueno,2,DINA,ROJO,2,,48,MASCULINO,SIN DATOS,0,0,Charo,San Pedro Y San Pablo,abril,miércoles,13,-101.049779802561,19.7488475452732
48919,48925,2024,,2024/04/17,14:00:00,SUBIDA AL CAMELLÓN,ASFALTO,Bueno,Bueno,1,KIA,NEGRO,1,,64,MASCULINO,SIN DATOS,0,0,Morelia,Morelos,abril,miércoles,14,-101.185084842145,19.7242512062227
48920,48926,2024,,2024/04/17,14:40:00,COLISIÓN POR CORTE DE CIRCULACIÓN,CONCRETO,Bueno,Bueno,3,MAZDA,GRIS,2,,,MASCULINO,SIN DATOS,0,0,Morelia,Chapultepec Sur,abril,miércoles,15,-101.176431030035,19.6927232883081
48921,48927,2024,,2024/04/17,15:10:00,COLISIÓN POR NO RESPETAR SEMÁFORO,ASFALTO,Bueno,Bueno,2,GENERAL MOTORS,BLANCO VERDE,2,MINISTERIO PÚBLICO,,MASCULINO,SIN DATOS,0,0,Morelia,Morelos,abril,miércoles,15,-101.20781455189,19.7006491734942
48922,48928,2024,MOR 240231360,2024/04/17,17:00:00,COLISIÓN POR ALCANCE,ASFALTO,Bueno,Bueno,3,VOLKSWAGEN,BLANCO,3,,51,MASCULINO,SIN DATOS,0,0,Morelia,Jardines del Rincon,abril,miércoles,17,-101.150458194315,19.6908422179071
48923,48929,2024,,2024/04/17,22:15:00,COLISIÓN POR ALCANCE,CONCRETO,Bueno,Bueno,2,NISSAN,BLANCO,2,,,,SIN DATOS,0,0,Morelia,Camelinas,abril,miércoles,22,-101.174199096859,19.6819353225744
48924,48930,2024,LEG52305,2024/04/18,"01:40:00",COLISIÓN CONTRA OBJETO FIJO,CONCRETO,Bueno,Bueno,1,TOYOTA,NEGRO,1,,18,MASCULINO,ALIENTO ETÍLICO,0,0,Morelia,Villa Universidad,abril,jueves,2,-101.199352667542,19.6833167641249
48925,48931,2024,LEG52299,2024/04/18,"07:20:00",COLISIÓN CON PEATÓN,ASFALTO,Bueno,Bueno,1,HYUNDAI,BLANCO,2,,56,FEMENINO,SIN DATOS,1,0,Morelia,Josefa Ortiz de Dominguez,abril,jueves,7,-101.209182115,19.6711295299991
48926,48932,2024,,2024/04/18,"09:20:00",COLISIÓN POR CORTE DE CIRCULACIÓN,ASFALTO,Bueno,Bueno,2,HONDA,ROJO,2,,19,MASCULINO,CON CERTIFICADO,0,0,Morelia,Jardines de Guadalupe,abril,jueves,9,-101.225649548577,19.7117045865626
48927,48933,2024,,2024/04/18,12:00:00,COLISIÓN POR CAMBIO DE CARRIL,ASFALTO,Bueno,Regular,2,KAWASAKI,BLANCO Y AZUL,2,,37,MASCULINO,SIN DATOS,0,0,Morelia,Rinconada del Valle,abril,jueves,12,-101.222201261191,19.6773787628329
48929,48935,2024,,2024/04/18,16:40:00,COLISIÓN POR CORTE DE CIRCULACIÓN,ASFALTO,Bueno,Bueno,1,YAMAHA,NEGRO Y  ROJO,0,MINISTERIO PÚBLICO,,,,0,0,Morelia,El Eden,abril,jueves,17,-101.254533742186,19.6458726207089
48930,48936,2024,,2024/04/18,17:15:00,COLISIÓN POR CORTE DE CIRCULACIÓN,ASFALTO,Bueno,Bueno,2,ITALIKA,GRIS,2,,16,MASCULINO,SIN DATOS,0,0,Morelia,Eduardo Ruiz,abril,jueves,17,-101.221859682349,19.7216992118204
48931,48937,2024,LEG52301,2024/04/18,17:35:00,COLISIÓN POR CAMBIO DE CARRIL,ASFALTO,Bueno,Bueno,2,CHEVROLET,GRIS,2,,27,FEMENINO,SIN DATOS,0,0,Morelia,Campamento Ferrocarrilero,abril,jueves,18,-101.203038605,19.7048187049992
48932,48938,2024,LEG52302,2024/04/18,17:44:00,COLISIÓN POR CORTE DE CIRCULACIÓN,CONCRETO,Bueno,Bueno,2,ITALIKA,NEGRO/AZUL,3,MINISTERIO PÚBLICO,0,,SIN DATOS,1,0,Morelia,Peña Blanca,abril,jueves,18,-101.195023282091,19.6663776621462
48933,48939,2024,LEG52303,2024/04/18,21:20:00,COLISIÓN POR ALCANCE,ASFALTO,Bueno,Bueno,2,S/D,S/D,1,MINISTERIO PÚBLICO,,,,0,1,Charo,De Santiago,abril,jueves,21,-101.044372,19.745476
48934,48940,2024,LEG52304,2024/04/18,22:58:00,COLISIÓN CONTRA OBJETO FIJO,CONCRETO,Bueno,Bueno,2,NISSAN,AZUL,2,,40,MASCULINO,SIN DATOS,0,0,Morelia,Fuentes de Morelia,abril,jueves,23,-101.20316769,19.6693875049992
48935,48941,2024,,2024/04/18,23:16:00,SALIDA DE SUPERFICIE DE RODAMIENTO,ASFALTO,Bueno,Bueno,2,NISSAN,BLANCO,2,MINISTERIO PÚBLICO,,MASCULINO,SIN DATOS,0,0,Charo,Sin datos,abril,jueves,23,-101.032460108399,19.735149612742
48936,48942,2024,,2024/04/19,"02:00:00",SALIDA DE SUPERFICIE DE RODAMIENTO,ASFALTO,Bueno,Bueno,1,GMC,BLANCO,1,,32,MASCULINO,SIN DATOS,0,0,Morelia,El Eden,abril,viernes,2,-101.254533742186,19.6458726207089
48937,48943,2024,LEG52306,2024/04/19,"03:08:00",COLISIÓN CONTRA OBJETO FIJO,ASFALTO,Bueno,Bueno,2,HONDA,NEGRO,2,,,,SIN DATOS,0,0,Morelia,Insurgentes,abril,viernes,3,-101.155416805,19.6953315299991
48938,48944,2024,,2024/04/19,"08:15:00",CAIDA DE MOTOCICLETA,ASFALTO,Bueno,Bueno,1,ITALIKA,NEGRO MATE,3,,14,MASCULINO,SIN DATOS,2,0,Cuitzeo,Leandro Valle,abril,viernes,8,-101.152062490582,19.9699332739078
48939,48945,2024,,2024/04/19,"08:35:00",COLISIÓN POR CORTE DE CIRCULACIÓN,SIN_DATOS,Bueno,Bueno,2,Ford,BLANCO,3,MINISTERIO PÚBLICO,51,MASCULINO,SIN DATOS,1,0,Morelia,Centro,abril,viernes,9,-101.189861521125,19.6983878314794
48940,48946,2024,,2024/04/19,14:20:00,COLISIÓN POR NO RESPETAR SEMÁFORO,ASFALTO,Bueno,Bueno,2,ITALIKA,BLANCO,2,MINISTERIO PÚBLICO,17,MASCULINO,SIN DATOS,0,0,Morelia,Chapultepec Norte,abril,viernes,14,-101.176323406398,19.6931042978623
48941,48947,2024,,2024/04/19,15:20:00,COLISIÓN POR ALCANCE,ASFALTO,Bueno,Bueno,3,NISSAN,AZUL,3,MINISTERIO PÚBLICO,22,MASCULINO,SIN DATOS,0,0,Morelia,El Lago 2,abril,viernes,15,-101.217294149101,19.7262991522079
48942,48948,2024,,2024/04/19,16:18:00,COLISIÓN POR CORTE DE CIRCULACIÓN,ASFALTO,Bueno,Bueno,2,NISSAN,GUINDA,2,,70,MASCULINO,SIN DATOS,0,0,Morelia,Felix Ireta,abril,viernes,16,-101.192010641098,19.6822693203587
48943,48949,2024,,2024/04/19,20:50:00,COLISIÓN POR INVASIÓN DE CARRIL,CONCRETO,Bueno,Bueno,2,VOLKSWAGEN,BLANCO,2,,36,MASCULINO,SIN DATOS,0,0,Morelia,Industrial,abril,viernes,21,-101.199023611844,19.712601495427
48944,48950,2024,MOR 240236242,2024/04/19,23:20:00,COLISIÓN CONTRA OBJETO FIJO,ASFALTO,Bueno,Bueno,1,CHEVROLET,PLATA,1,,18,MASCULINO,SIN DATOS,0,0,Morelia,La Camelina,abril,viernes,23,-101.223220154643,19.668784158835
48945,48951,2024,LEG52326,2024/04/20,"00:00:00",COLISIÓN POR CORTE DE CIRCULACIÓN,ASFALTO,Bueno,Bueno,2,MG,GRIS,2,,42,MASCULINO,SIN DATOS,0,0,Morelia,Mirador del Punhuato,abril,sábado,0,-101.156564243138,19.7019256623296
48946,48952,2024,LEG52317,2024/04/20,"04:45:00",COLISIÓN CONTRA OBJETO FIJO,ASFALTO,Bueno,Bueno,1,TOYOTA,GRIS,1,MINISTERIO PÚBLICO,19,MASCULINO,SIN DATOS,0,0,Morelia,Real San Diego,abril,sábado,5,-101.217437982559,19.6647770650616
48947,48953,2024,,2024/04/20,"05:20:00",VOLCADURA,ASFALTO,Bueno,Bueno,1,KIA,AZUL,1,MINISTERIO PÚBLICO,26,MASCULINO,SIN DATOS,0,0,Morelia,Consuelo Alfaro de Vazquez,abril,sábado,5,-101.137289218605,19.7288438202891
48948,48954,2024,,2024/04/20,"06:45:00",COLISIÓN POR ALCANCE,ASFALTO,Bueno,Bueno,2,VOLKSWAGEN,GRIS,2,,25,MASCULINO,SIN DATOS,0,0,Morelia,Arcos del Valle,abril,sábado,7,-101.236246973276,19.7076236529826
48949,48955,2024,LEG52313,2024/04/20,"09:43:00",COLISIÓN POR ALCANCE,ASFALTO,Bueno,Bueno,2,VOLKSWAGEN,GRIS,2,,,MASCULINO,SIN DATOS,0,0,Morelia,La Esperanza,abril,sábado,10,-101.252860240638,19.6979973648059
48950,48956,2024,,2024/04/20,11:50:00,COLISIÓN POR CAMBIO DE CARRIL,ASFALTO,Bueno,Bueno,2,CHEVROLET,BLANCO,2,,43,MASCULINO,SIN DATOS,0,0,Morelia,Loma Dorada,abril,sábado,12,-101.254327744246,19.6977397888555
48951,48957,2024,,2024/04/20,13:00:00,COLISIÓN CON PEATÓN,ASFALTO,Bueno,Bueno,1,VOLKSWAGEN,ROJO,2,MINISTERIO PÚBLICO,75,FEMENINO,SIN DATOS,1,0,Morelia,Centro,abril,sábado,13,-101.178185194731,19.6990466037318
48952,48958,2024,,2024/04/20,14:00:00,COLISIÓN CONTRA OBJETO FIJO,ASFALTO,Bueno,Bueno,1,NISSAN,AZUL,1,,24,MASCULINO,SIN DATOS,0,0,Morelia,Villas del Pedregal,abril,sábado,14,-101.304012984037,19.6853832321583
48953,48959,2024,,2024/04/20,14:20:00,COLISIÓN CONTRA OBJETO FIJO,ASFALTO,Bueno,Bueno,1,NISSAN,BLANCO/ROJO,1,MINISTERIO PÚBLICO,75,MASCULINO,SIN DATOS,0,0,Morelia,Independencia,abril,sábado,14,-101.178059130907,19.7099015930091
48954,48960,2024,,2024/04/20,15:17:00,COLISIÓN POR NO RESPETAR SEMÁFORO,ASFALTO,Bueno,Bueno,2,TOYOTA,BLANCO/NARANJA,2,,32,MASCULINO,SIN DATOS,0,0,Morelia,Obrera,abril,sábado,15,-101.188388317823,19.7107538000046
48955,48961,2024,LEG52314,2024/04/20,16:15:00,COLISIÓN CONTRA OBJETO FIJO,ASFALTO,Bueno,Bueno,1,NISSAN,BLANCO,1,,,MASCULINO,SIN DATOS,0,0,Morelia,Asociacion Zirahuen,abril,sábado,16,-101.247097849846,19.6994796810901
48956,48962,2024,LEG52325,2024/04/20,17:50:00,COLISIÓN POR ALCANCE,ASFALTO,Bueno,Bueno,2,MERCEDEZ BENZ,VERDE,2,,25,MASCULINO,SIN DATOS,0,0,Morelia,Centro,abril,sábado,18,-101.191258952022,19.7060299910194
48957,48963,2024,,2024/04/20,19:00:00,COLISIÓN POR CAMBIO DE CARRIL,ASFALTO,Bueno,Bueno,2,VENTO,ROJO/NEGRO,2,,31,MASCULINO,SIN DATOS,0,0,Morelia,Independencia,abril,sábado,19,-101.176087372005,19.7056316519581
48958,48964,2024,LEG52315,2024/04/20,19:56:00,COLISIÓN POR CORTE DE CIRCULACIÓN,ASFALTO,Bueno,Bueno,2,CHEVROLET,GRIS,2,,,FEMENINO,SIN DATOS,0,0,Morelia,Prados Verdes,abril,sábado,20,-101.199100390077,19.7148983019434
48959,48965,2024,,2024/04/20,20:30:00,COLISIÓN POR INVASIÓN DE CARRIL,SIN_DATOS,Bueno,Bueno,3,KIA,GRIS,6,MINISTERIO PÚBLICO,36,MASCULINO,SIN DATOS,3,0,Lagunillas,El Pedregal,abril,sábado,21,-101.415612325072,19.5591747071382
48960,48966,2024,LEG52328,2024/04/20,21:50:00,SALIDA DE SUPERFICIE DE RODAMIENTO,ASFALTO,Bueno,Bueno,1,TOYOTA,BLANCO,1,,,FEMENINO,SIN DATOS,0,0,Morelia,Sin datos,abril,sábado,22,-101.118555665016,19.7375770602938
48962,48968,2024,LEG52329,2024/04/21,"04:07:00",COLISIÓN POR NO RESPETAR SEMÁFORO,ASFALTO,Bueno,Bueno,2,HYUNDAI,BLANCO,2,MINISTERIO PÚBLICO,24,FEMENINO,SIN DATOS,0,0,Morelia,Josefa Ortiz de Dominguez,abril,domingo,4,-101.210532894023,19.6720411464155
48964,48970,2024,,2024/04/21,11:00:00,VOLCADURA,CONCRETO,Bueno,Bueno,1,VOLKSWAGEN,AZUL,1,,72,MASCULINO,SIN DATOS,0,0,Morelia,Lomas de Vista Bella,abril,domingo,11,-101.19948844,19.6713730299992
48966,48972,2024,LEG52333,2024/04/21,14:20:00,COLISIÓN POR CORTE DE CIRCULACIÓN,ASFALTO,Bueno,Bueno,2,ITALIKA,NEGRO Y GRIS,2,MINISTERIO PÚBLICO,27,MASCULINO,SIN DATOS,0,0,Morelia,Centro,abril,domingo,14,-101.19118388321,19.702768457823
48967,48973,2024,LEG52336,2024/04/21,14:53:00,COLISIÓN POR CORTE DE CIRCULACIÓN,ASFALTO,Bueno,Bueno,2,HONDA,NEGRO,2,,,MASCULINO,SIN DATOS,0,0,Morelia,Vistas de Altozano,abril,domingo,15,-101.167,19.6551
48968,48974,2024,,2024/04/21,17:55:00,COLISIÓN POR ALCANCE,ASFALTO,Bueno,Bueno,2,NISSAN,AZUL,2,,33,MASCULINO,SIN DATOS,0,0,Morelia,Centro,abril,domingo,18,-101.18754847,19.7028479949991
48969,48975,2024,MOR 240240326,2024/04/21,19:00:00,COLISIÓN POR CAMBIO DE CARRIL,ASFALTO,Bueno,Regular,2,NISSAN,GRIS,2,,30,MASCULINO,SIN DATOS,0,0,Morelia,Independencia,abril,domingo,19,-101.177325168862,19.712097629132
48972,48978,2024,,2024/04/22,"09:00:00",COLISIÓN POR CORTE DE CIRCULACIÓN,ASFALTO,Bueno,Bueno,2,VOLKSWAGEN,VERDE,2,,61,MASCULINO,SIN DATOS,0,0,Morelia,Sentimientos de La Nacion,abril,lunes,9,-101.233010552824,19.6780185309949
48973,48979,2024,,2024/04/22,10:35:00,COLISIÓN POR CORTE DE CIRCULACIÓN,CONCRETO,Bueno,Bueno,2,BW.,BLANCO,2,,59,MASCULINO,SIN DATOS,0,0,Morelia,Camelinas,abril,lunes,11,-101.174224577844,19.681827988545
48974,48980,2024,MOR24856123,2024/04/22,11:15:00,COLISIÓN POR CORTE DE CIRCULACIÓN,ASFALTO,Bueno,Bueno,2,PEUGEOT,BLANCO,2,,21,FEMENINO,SIN DATOS,0,0,Morelia,Puerta Madero,abril,lunes,11,-101.177305094898,19.6745161620175
48975,48981,2024,,2024/04/22,14:24:00,COLISIÓN POR ALCANCE,ASFALTO,Bueno,Bueno,2,HERO,GRIS,2,,23,MASCULINO,SIN DATOS,0,0,Morelia,Cinco de Diciembre,abril,lunes,14,-101.160965748131,19.6878269033873
48976,48982,2024,LEG52346,2024/04/22,16:00:00,COLISIÓN POR ALCANCE,ASFALTO,Bueno,Bueno,2,HONDA,ACERO,2,,16,FEMENINO,SIN DATOS,0,0,Morelia,Lomas de Vista Bella,abril,lunes,16,-101.201009452343,19.6702556956236
48977,48983,2024,,2024/04/22,17:00:00,COLISIÓN POR CORTE DE CIRCULACIÓN,ASFALTO,Bueno,Bueno,2,NISSAN,ROJO,2,,44,FEMENINO,SIN DATOS,0,0,Morelia,Chapultepec Norte,abril,lunes,17,-101.176180914044,19.6968729922324
48978,48984,2024,LEG52347,2024/04/22,18:10:00,COLISIÓN POR CAMBIO DE CARRIL,ASFALTO,Lluvioso,Regular,2,JEEP,BLANCO,2,MINISTERIO PÚBLICO,39,,SIN DATOS,0,0,Morelia,Sin datos,abril,lunes,18,-101.164495199919,19.6585247000463
48979,48985,2024,LEG52348,2024/04/22,20:10:00,COLISIÓN POR CORTE DE CIRCULACIÓN,ASFALTO,Bueno,Bueno,2,VOLKSWAGEN,ROJO,2,MINISTERIO PÚBLICO,41,MASCULINO,SIN DATOS,0,0,Morelia,Buenavista,abril,lunes,20,-101.160404495895,19.7058440785382
48980,48986,2024,,2024/04/23,"01:10:00",VOLCADURA,ASFALTO,Bueno,Bueno,1,DINA,ROJO Y BLANCO,1,,47,MASCULINO,SIN DATOS,0,0,Charo,Sin datos,abril,martes,1,-100.945253781974,19.6139298727139
48981,48987,2024,,2024/04/23,"03:28:00",COLISIÓN POR ALCANCE,ASFALTO,Bueno,Bueno,1,FORD,AZUL,1,,29,MASCULINO,SIN DATOS,0,0,Morelia,Santillan La Huerta,abril,martes,3,-101.219553885717,19.6760966650679
48982,48988,2024,MOR 240243630,2024/04/23,"09:20:00",COLISIÓN CONTRA OBJETO FIJO,ASFALTO,Bueno,Bueno,1,NISSAN,BLANCO,1,,49,MASCULINO,SIN DATOS,0,0,Morelia,La Soledad,abril,martes,9,-101.18316873908,19.7294339830858
48983,48989,2024,,2024/04/23,10:00:00,COLISIÓN POR INVASIÓN DE CARRIL,ASFALTO,Bueno,Bueno,2,ITALIKA,ROJO,4,MINISTERIO PÚBLICO,15,MASCULINO,SIN DATOS,2,0,Morelia,Buenos Aires,abril,martes,10,-101.192694267462,19.6588330609221
48984,48990,2024,,2024/04/23,10:15:00,COLISIÓN POR ALCANCE,ASFALTO,Bueno,Bueno,2,VOLKSWAGEN /SAVEIRO,BLANCO,2,,32,MASCULINO,SIN DATOS,0,0,Morelia,Fuentes de Morelia,abril,martes,10,-101.203908950441,19.6711852824231
48985,48991,2024,MOR 240243796,2024/04/23,11:00:00,COLISIÓN POR ALCANCE,ASFALTO,Bueno,Regular,2,CHEVROLET,BLANCO,2,MINISTERIO PÚBLICO,26,FEMENINO,SIN DATOS,0,0,Morelia,Vasco de Quiroga,abril,martes,11,-101.175292432308,19.7049681721756
48986,48992,2024,MOR2245578,2024/04/23,11:02:00,COLISIÓN CON PEATÓN,SIN_DATOS,Bueno,Bueno,2,AUDI,AZUL,2,MINISTERIO PÚBLICO,,FEMENINO,SIN DATOS,0,0,Morelia,Ventura Puente,abril,martes,11,-101.179288253188,19.6935689578311
48987,48993,2024,,2024/04/23,11:40:00,COLISIÓN POR MANIOBRA DE REVERSA,CONCRETO,Bueno,Bueno,2,FORD/MUSTANG,NEGRO,2,,53,FEMENINO,SIN DATOS,0,0,Morelia,Chapultepec Norte,abril,martes,12,-101.172052659094,19.6940620262414
48988,48994,2024,LEG52350,2024/04/23,12:00:00,CAIDA DE MOTOCICLETA,ASFALTO,Bueno,Bueno,1,ITALIKA,VERDE Y NEGRO,3,MINISTERIO PÚBLICO,20,MASCULINO,CON CERTIFICADO,2,0,Morelia,Santillan La Huerta,abril,martes,12,-101.219553885717,19.6760966650679
48989,48995,2024,,2024/04/23,12:00:00,COLISIÓN POR CAMBIO DE CARRIL,ASFALTO,Bueno,Bueno,2,TOYOTA,BLANCO,1,,,,SIN DATOS,0,0,Morelia,Las Flores,abril,martes,12,-101.206263914811,19.7056150121759
48990,48996,2024,,2024/04/23,17:00:00,COLISIÓN CONTRA OBJETO FIJO,ASFALTO,Bueno,Bueno,1,MERCEDES BENZ,BALNCO,1,,60,MASCULINO,SIN DATOS,0,0,Morelia,Primaveras,abril,martes,17,-101.227601878345,19.6809592116365
48991,48997,2024,,2024/04/23,20:45:00,COLISIÓN POR CAMBIO DE CARRIL,ASFALTO,Bueno,Bueno,2,BAJAJ/DOMINAR 250,ROJO,2,,24,MASCULINO,SIN DATOS,0,0,Morelia,Felix Ireta,abril,martes,21,-101.186851412058,19.6812360716498
48992,48998,2024,LEG52365,2024/04/24,"08:52:00",COLISIÓN POR NO RESPETAR SEMÁFORO,ASFALTO,Bueno,Bueno,2,CHRYSLER,ARENA,2,,73,MASCULINO,SIN DATOS,0,0,Morelia,Comision Federal de Electricidad,abril,miércoles,9,-101.181429800903,19.6815183516537
48993,48999,2024,,2024/04/24,"09:00:00",COLISIÓN POR ALCANCE,ASFALTO,Bueno,Bueno,2,VOLKSWAGEN,BLANCO,2,,57,MASCULINO,SIN DATOS,0,0,Charo,San Juan,abril,miércoles,9,-101.059042811394,19.7470261449099
48994,49000,2024,,2024/04/24,"09:30:00",COLISIÓN CONTRA OBJETO FIJO,ASFALTO,Bueno,Bueno,1,CHEVROLET,GUINDA,1,,28,FEMENINO,SIN DATOS,0,0,Morelia,San Juanito Itzicuaro,abril,miércoles,10,-101.250627636909,19.6806611998674
48995,49001,2024,LEG52366,2024/04/24,12:20:00,COLISIÓN POR CORTE DE CIRCULACIÓN,ASFALTO,Bueno,Bueno,2,KENWORTH,BLANCO Y AZUL,2,,59,MASCULINO,SIN DATOS,0,0,Morelia,Industrial,abril,miércoles,12,-101.188636422157,19.7108453330786
48996,49002,2024,,2024/04/24,13:30:00,COLISIÓN POR NO RESPETAR SEMÁFORO,ASFALTO,Bueno,Bueno,2,HONDA,GRIS,2,MINISTERIO PÚBLICO,22,FEMENINO,SIN DATOS,0,0,Morelia,Las Americas,abril,miércoles,14,-101.158949397504,19.6879566464185
48997,49003,2024,,2024/04/24,14:35:00,COLISIÓN POR ALCANCE,ASFALTO,Bueno,Bueno,2,NISSAN,BLANCO,2,,43,MASCULINO,SIN DATOS,0,0,Morelia,Lomas de Huerta,abril,miércoles,15,-101.210146732628,19.6723248536558
48998,49004,2024,LEG52368,2024/04/24,17:20:00,COLISIÓN POR ALCANCE,ASFALTO,Bueno,Bueno,2,HONDA,BLANCO,2,,35,FEMENINO,SIN DATOS,0,0,Morelia,Elias Perez Avalos,abril,miércoles,17,-101.169317811728,19.7130635737602
48999,49005,2024,LEG52367,2024/04/24,20:40:00,COLISIÓN POR CORTE DE CIRCULACIÓN,CONCRETO,Bueno,Bueno,2,KIA,BLANCO,2,,25,,SIN DATOS,0,0,Morelia,Centro,abril,miércoles,21,-101.182551495731,19.7043031114209
49001,49007,2024,,2024/04/25,"08:30:00",COLISIÓN POR ALCANCE,ASFALTO,Bueno,Bueno,3,NISSAN,GRIS,3,,,FEMENINO,SIN DATOS,0,0,Morelia,Camelinas,abril,jueves,9,-101.17262119,19.6818144849991
49002,49008,2024,,2024/04/25,"08:35:00",COLISIÓN POR ALCANCE,ASFALTO,Bueno,Bueno,2,INTERNACIONAL,BLANCO,2,,29,MASCULINO,SIN DATOS,0,0,Morelia,La Soledad,abril,jueves,9,-101.185166715661,19.7274533823308
49003,49009,2024,LEG52372,2024/04/25,"09:40:00",COLISIÓN POR CORTE DE CIRCULACIÓN,ASFALTO,Bueno,Bueno,2,NISSAN,AZUL,2,,45,,SIN DATOS,0,0,Morelia,Centro,abril,jueves,10,-101.19118388321,19.702768457823
49004,49010,2024,,2024/04/25,14:46:00,COLISIÓN POR CORTE DE CIRCULACIÓN,CONCRETO,Bueno,Bueno,2,VOLKSWAGEN,PLATA,2,,39,MASCULINO,SIN DATOS,0,0,Morelia,Vasco de Quiroga,abril,jueves,15,-101.170988157392,19.70273088039
49005,49011,2024,,2024/04/25,15:20:00,COLISIÓN CON PEATÓN,SIN_DATOS,Bueno,Bueno,2,CHEVROLET,BLANCO,0,,,,,0,0,Lázaro Cárdenas,Centro,abril,jueves,15,-102.195640951395,17.9584725380733
49006,49012,2024,,2024/04/25,16:20:00,COLISIÓN POR ALCANCE,ASFALTO,Bueno,Bueno,2,KENWORTH,BLANCO/AZUL,3,MINISTERIO PÚBLICO,53,FEMENINO,SIN DATOS,2,0,Pátzcuaro,San Lazaro,abril,jueves,16,-101.612189747393,19.5058673475051
49007,49013,2024,LEG52375,2024/04/25,17:30:00,COLISIÓN POR CORTE DE CIRCULACIÓN,ASFALTO,Bueno,Bueno,2,INTERNATIONAL,VERDE,2,,25,MASCULINO,SIN DATOS,0,0,Morelia,Dr Miguel Silva,abril,jueves,18,-101.188306175172,19.7211396288763
49008,49014,2024,,2024/04/25,20:00:00,COLISIÓN CON PEATÓN,SIN_DATOS,Bueno,Bueno,2,RENAULT,BLANCO,2,,30,MASCULINO,SIN DATOS,0,0,Morelia,Barrio Alto,abril,jueves,20,-101.193319223821,19.7239084591159
49009,49015,2024,,2024/04/25,22:40:00,COLISIÓN POR ALCANCE,ASFALTO,Bueno,Bueno,2,VOLKSWAGEN,GRIS,2,,,MASCULINO,SIN DATOS,0,0,Morelia,Lomas de Hidalgo,abril,jueves,23,-101.158604812534,19.6956037233031
49010,49016,2024,,2024/04/26,"00:01:00",COLISIÓN POR ALCANCE,ASFALTO,Bueno,Bueno,2,NISSAN/TSURU,BLANCO ROJO,2,,44,MASCULINO,SIN DATOS,0,0,Morelia,Sentimientos de La Nacion,abril,viernes,0,-101.235564686358,19.6818595573846
49011,49017,2024,,2024/04/26,"08:20:00",COLISIÓN POR ALCANCE,ASFALTO,Bueno,Bueno,2,NISSAN,AZUL,2,,38,FEMENINO,SIN DATOS,0,0,Morelia,Isaac Arriaga,abril,viernes,8,-101.170068634056,19.7110391206767
49012,49018,2024,,2024/04/26,"08:20:00",COLISIÓN POR CORTE DE CIRCULACIÓN,ASFALTO,Bueno,Bueno,3,NISSAN,VERDE,2,,56,MASCULINO,SIN DATOS,0,0,Morelia,Cuauhtemoc,abril,viernes,8,-101.181637305,19.6957826149991
49013,49019,2024,,2024/04/26,11:00:00,COLISIÓN POR CORTE DE CIRCULACIÓN,ASFALTO,Bueno,Bueno,2,HONDA,BLANCO,2,,34,MASCULINO,SIN DATOS,0,0,Morelia,Torreon Nuevo,abril,viernes,11,-101.203747,19.7443205
49014,49020,2024,,2024/04/26,12:32:00,COLISIÓN POR CORTE DE CIRCULACIÓN,ASFALTO,Bueno,Bueno,3,HONDA,BLANCO,2,,31,MASCULINO,SIN DATOS,0,0,Morelia,Sin datos,abril,viernes,13,-101.117059998214,19.6883818618936
49015,49021,2024,,2024/04/26,13:10:00,COLISIÓN POR CAMBIO DE CARRIL,ASFALTO,Bueno,Bueno,2,NISSAN,BLANCO /AZUL,2,,25,MASCULINO,SIN DATOS,0,0,Morelia,Cosmos,abril,viernes,13,-101.218920954689,19.6840718148917