fid,id_accidente,anio_origen,folio_c5i,dia_incidente,hora_ocurrencia,tipo_incidente_vial,superficie_ocurrencia,condiciones_climaticas,condiciones_via,numero_vehiculos_involucrados,marca_vehiculo_ocasiona_siniestro,color_vehiculo_ocasiona_siniestro,numero_personas_involucradas,lugar_remite_presunto_responsable,edad_presunto_responsable,sexo_presunto_responsable,resultados_toxicologia,numero_personas_lesionadas,numero_personas_fallecidas,municipio,colonia,mes,dia_semana,hora_redondeada,lon,lat
49016,49022,2024,,2024/04/26,13:15:00,COLISIÓN POR CORTE DE CIRCULACIÓN,ASFALTO,Bueno,Bueno,2,FORD,AMARILLO,2,,35,MASCULINO,SIN DATOS,0,0,Morelia,Los Manantiales de Morelia,abril,viernes,13,-101.235085,19.696481
49017,49023,2024,,2024/04/26,13:40:00,COLISIÓN CON PEATÓN,ASFALTO,Bueno,Bueno,2,KENWORTH,BLANCO Y ROJO,1,,57,MASCULINO,SIN DATOS,0,0,Morelia,Camelinas,abril,viernes,14,-101.173799447715,19.6836346632267
49018,49024,2024,,2024/04/26,16:20:00,COLISIÓN POR CORTE DE CIRCULACIÓN,ASFALTO,Bueno,Bueno,2,VOLKSWAGEN,GRIS,2,,24,,SIN DATOS,0,0,Morelia,Felix Ireta,abril,viernes,16,-101.180768162012,19.685743108573
49019,49025,2024,,2024/04/26,17:50:00,COLISIÓN POR MANIOBRA DE REVERSA,ASFALTO,Bueno,Bueno,2,VOLVO,ROJO,1,,24,MASCULINO,SIN DATOS,0,0,Morelia,Eucaliptos (Gigantes de Michoacan),abril,viernes,18,-101.151702404022,19.6980636526672
49020,49026,2024,,2024/04/26,19:20:00,COLISIÓN POR MANIOBRA DE REVERSA,ASFALTO,Bueno,Bueno,2,NISSAN,BLANCO,2,,43,MASCULINO,SIN DATOS,0,0,Morelia,Loma de Los Piñones,abril,viernes,19,-101.205115914345,19.6741407909067
49021,49027,2024,,2024/04/26,21:00:00,COLISIÓN POR ALCANCE,ASFALTO,Bueno,Bueno,2,VOLKSWAGEN,GRIS,2,,43,MASCULINO,SIN DATOS,0,0,Morelia,Ana Maria Gallaga (Riviera Norte),abril,viernes,21,-101.223939992487,19.6767898377061
49022,49028,2024,LEG52392,2024/04/26,23:35:00,COLISIÓN POR ALCANCE,ASFALTO,Bueno,Bueno,2,JEEP,PLATA,2,,35,MASCULINO,SIN DATOS,0,0,Morelia,La Huerta,abril,viernes,0,-101.217081584036,19.6755125170681
49023,49029,2024,LEG52391,2024/04/27,"00:10:00",COLISIÓN CONTRA OBJETO FIJO,ASFALTO,Bueno,Bueno,1,TOYOTA,BLANCO,1,,27,MASCULINO,SIN DATOS,0,0,Morelia,Mirador del Punhuato,abril,sábado,0,-101.158735156059,19.7045098581785
49024,49030,2024,,2024/04/27,"06:12:00",COLISIÓN CONTRA OBJETO FIJO,ASFALTO,Bueno,Bueno,2,FORD,BLANCO,0,,,,,0,0,Morelia,Nicolaitas Ilustres,abril,sábado,6,-101.225767582655,19.7235297321761
49025,49031,2024,MOR 240251372,2024/04/27,"08:20:00",COLISIÓN POR CORTE DE CIRCULACIÓN,CONCRETO,Bueno,Bueno,2,FORD,NEGRO,2,,38,MASCULINO,SIN DATOS,0,0,Morelia,Gertrudis Sanchez,abril,sábado,8,-101.21021579951,19.7415842246192
49026,49032,2024,MOR 240251782,2024/04/27,11:40:00,COLISIÓN POR ALCANCE,ASFALTO,Bueno,Regular,2,NISSAN,BLANCO,2,,27,MASCULINO,SIN DATOS,0,0,Morelia,Tenencia Morelos,abril,sábado,12,-101.248026229441,19.647984194689
49027,49033,2024,LEG52396,2024/04/27,20:00:00,COLISIÓN POR CAMBIO DE CARRIL,ASFALTO,Bueno,Bueno,2,GENERAL MOTORS,BLANCO,2,,30,MASCULINO,SIN DATOS,0,0,Morelia,Centro,abril,sábado,20,-101.18984375149,19.7029107991989
49028,49034,2024,,2024/04/27,20:35:00,COLISIÓN POR CORTE DE CIRCULACIÓN,CONCRETO,Bueno,Bueno,2,VENTO,BLANCO/ROJO,2,,22,MASCULINO,SIN DATOS,0,0,Morelia,Felix Ireta,abril,sábado,21,-101.184450164437,19.6867621226653
49029,49035,2024,,2024/04/27,22:00:00,COLISIÓN CONTRA OBJETO FIJO,ASFALTO,Bueno,Bueno,1,KENWORTH,BLANCO,1,MINISTERIO PÚBLICO,41,MASCULINO,SIN DATOS,0,0,Morelia,Ana Maria Gallaga (Riviera Norte),abril,sábado,22,-101.22372508049,19.6767901534045
49031,49037,2024,LEG52405,2024/04/28,"01:00:00",SALIDA DE SUPERFICIE DE RODAMIENTO,ASFALTO,Bueno,Bueno,1,PEUGEOT,AZUL,3,MINISTERIO PÚBLICO,17,MASCULINO,SIN DATOS,2,0,Charo,De Santiago,abril,domingo,1,-101.044372,19.745476
49032,49038,2024,MOR 240253426,2024/04/28,"01:30:00",COLISIÓN CONTRA OBJETO FIJO,ASFALTO,Bueno,Bueno,1,HONDA,BLANCO,1,,26,MASCULINO,SIN DATOS,0,0,Morelia,Infonavit Cepamisa,abril,domingo,2,-101.216,19.6974
49033,49039,2024,,2024/04/28,"02:00:00",COLISIÓN POR CORTE DE CIRCULACIÓN,ASFALTO,Bueno,Bueno,2,ITALIKA,AZUL,2,MINISTERIO PÚBLICO,,,SIN DATOS,0,0,Morelia,Felix Ireta,abril,domingo,2,-101.188582604864,19.6860148664875
49034,49040,2024,,2024/04/28,"02:00:00",VOLCADURA,ASFALTO,Bueno,Bueno,1,RENAULT,AMARILLO,1,,52,FEMENINO,SIN DATOS,0,0,Morelia,Sin datos,abril,domingo,2,-101.125,19.7143
49035,49041,2024,LEG52410,2024/04/28,"03:40:00",SALIDA DE SUPERFICIE DE RODAMIENTO,ASFALTO,Bueno,Bueno,1,CHRYSLER,BLANCO,1,,28,MASCULINO,SIN DATOS,0,0,Morelia,Popular Pogreso,abril,domingo,4,-101.19979582,19.7214245749991
49036,49042,2024,,2024/04/28,"07:00:00",COLISIÓN POR INVASIÓN DE CARRIL,CONCRETO,Bueno,Bueno,2,FORD,BLANCO,2,,34,MASCULINO,SIN DATOS,0,0,Morelia,Villas del Pedregal,abril,domingo,7,-101.302209,19.685042
49037,49043,2024,LEG52414,2024/04/28,12:10:00,COLISIÓN POR CORTE DE CIRCULACIÓN,ASFALTO,Bueno,Bueno,2,CHEVROLET,PLATA,2,,34,MASCULINO,SIN DATOS,0,0,Morelia,Chapultepec Norte,abril,domingo,12,-101.173778799073,19.6957366970635
49038,49044,2024,,2024/04/28,14:55:00,COLISIÓN POR CORTE DE CIRCULACIÓN,ASFALTO,Bueno,Bueno,2,NISSAN,AZUL,2,,,MASCULINO,SIN DATOS,0,0,Morelia,Villa Universidad,abril,domingo,15,-101.20959864,19.6918456199992
49039,49045,2024,LEG52411,2024/04/28,16:00:00,COLISIÓN CONTRA OBJETO FIJO,ASFALTO,Bueno,Bueno,2,FORD,AZUL,2,,55,MASCULINO,SIN DATOS,0,0,Morelia,Colinas del Sur,abril,domingo,16,-101.199421622198,19.6652855893338
49040,49046,2024,,2024/04/28,16:30:00,COLISIÓN POR CORTE DE CIRCULACIÓN,ASFALTO,Bueno,Bueno,2,SUZUKI,NEGRO,2,,22,MASCULINO,SIN DATOS,0,0,Morelia,Lomas de Guayangareo,abril,domingo,17,-101.160691535,19.7042927599991
49041,49047,2024,,2024/04/28,18:08:00,COLISIÓN CONTRA OBJETO FIJO,ASFALTO,Bueno,Bueno,2,NISSAN,AZUL,2,,35,MASCULINO,SIN DATOS,0,0,Morelia,Sin datos,abril,domingo,18,-101.11455884192,19.7372316661679
49042,49048,2024,,2024/04/28,19:35:00,COLISIÓN POR CORTE DE CIRCULACIÓN,ASFALTO,Bueno,Bueno,2,ITALIKA,NEGRO Y VERDE,2,,17,MASCULINO,SIN DATOS,0,0,Morelia,Vista Bella,abril,domingo,20,-101.195925675947,19.6790442736003
49043,49049,2024,,2024/04/28,23:00:00,COLISIÓN POR ALCANCE,ASFALTO,Bueno,Bueno,3,MAZDA,VERDE,3,MINISTERIO PÚBLICO,25,MASCULINO,SIN DATOS,0,0,Morelia,Primo Tapia Oriente,abril,domingo,23,-101.158741526306,19.7135180757362
49044,49050,2024,LEG52413,2024/04/28,23:10:00,COLISIÓN POR ALCANCE,ASFALTO,Bueno,Bueno,2,NISSAN,AZUL,2,,55,MASCULINO,SIN DATOS,0,0,Morelia,Chapultepec Sur,abril,domingo,23,-101.171596915,19.6909445849991
49045,49051,2024,,2024/04/29,"07:05:00",COLISIÓN POR INVASIÓN DE CARRIL,ASFALTO,Bueno,Bueno,2,CHEVROLET,GRIS,2,,49,MASCULINO,SIN DATOS,0,0,Morelia,Jardines de Torremolinos,abril,lunes,7,-101.228,19.6773
49047,49053,2024,MOR 240256006,2024/04/29,"08:35:00",COLISIÓN POR CAMBIO DE CARRIL,ASFALTO,Bueno,Bueno,2,KIA,BLANCO,2,MINISTERIO PÚBLICO,41,MASCULINO,SIN DATOS,0,0,Morelia,Guadalupe,abril,lunes,9,-101.225166725901,19.708191543902
49048,49054,2024,,2024/04/29,"09:51:00",COLISIÓN POR ALCANCE,ASFALTO,Bueno,Bueno,2,FORD,ROJO,2,,21,MASCULINO,SIN DATOS,0,0,Morelia,Xangari,abril,lunes,10,-101.219623120327,19.6720670459846
49049,49055,2024,,2024/04/29,11:21:00,COLISIÓN POR CORTE DE CIRCULACIÓN,ASFALTO,Bueno,Bueno,2,CHEVROLET,GRIS,2,MINISTERIO PÚBLICO,47,MASCULINO,SIN DATOS,0,0,Morelia,El Eden,abril,lunes,11,-101.254533742186,19.6458726207089
49050,49056,2024,,2024/04/29,12:10:00,COLISIÓN POR CORTE DE CIRCULACIÓN,ASFALTO,Bueno,Bueno,2,ITALIKA/FT150,GRIS,3,MINISTERIO PÚBLICO,25,MASCULINO,SIN DATOS,1,0,Morelia,Isaac Arriaga,abril,lunes,12,-101.173878539064,19.7098514781792
49051,49057,2024,LEG52424,2024/04/29,13:00:00,COLISIÓN POR ALCANCE,ASFALTO,Bueno,Bueno,2,INTERNACIONAL,BLANCO,1,MINISTERIO PÚBLICO,,FEMENINO,SIN DATOS,0,0,Morelia,Los Angeles,abril,lunes,13,-101.167963479351,19.7444751194994
49052,49058,2024,,2024/04/29,14:38:00,COLISIÓN POR MANIOBRA DE REVERSA,ASFALTO,Bueno,Bueno,2,MERCEDES BENZ,AZUL,2,,60,MASCULINO,SIN DATOS,0,0,Morelia,Molino de Parras,abril,lunes,15,-101.203944555,19.6953007649992
49053,49059,2024,,2024/04/29,14:38:00,COLISIÓN CONTRA OBJETO FIJO,ASFALTO,Bueno,Bueno,1,DINA,ROJO,1,,32,MASCULINO,SIN DATOS,0,0,Morelia,Lomas del Valle,abril,lunes,15,-101.230037015,19.6880963799991
49054,49060,2024,,2024/04/29,15:00:00,COLISIÓN POR CORTE DE CIRCULACIÓN,CONCRETO,Bueno,Bueno,2,TOYOTA,BLANCO Y GRIS,1,,36,MASCULINO,SIN DATOS,0,0,Morelia,Gertrudis Sanchez,abril,lunes,15,-101.205776745,19.7441101549991
49055,49061,2024,,2024/04/29,15:30:00,COLISIÓN POR ALCANCE,ASFALTO,Bueno,Bueno,2,CHEVROLET,AZUL,2,,21,MASCULINO,SIN DATOS,0,0,Morelia,La Floresta,abril,lunes,16,-101.150495929978,19.6841052995759
49056,49062,2024,MOR22457891,2024/04/29,20:00:00,COLISIÓN POR MANIOBRA DE REVERSA,TERRACERIA,Bueno,Bueno,2,INTERNACIONAL,BLANCO,2,,,MASCULINO,SIN DATOS,0,0,Morelia,Tinijaro,abril,lunes,20,-101.26112935,19.6958179999992
49057,49063,2024,,2024/04/30,"00:05:00",COLISIÓN POR CAMBIO DE CARRIL,CONCRETO,Bueno,Bueno,3,FIAT/UNO,BLANCO,3,,46,MASCULINO,SIN DATOS,0,0,Morelia,Isaac Arriaga,abril,martes,0,-101.173878539064,19.7098514781792
49058,49064,2024,,2024/04/30,"08:15:00",COLISIÓN POR CORTE DE CIRCULACIÓN,ASFALTO,Bueno,Bueno,1,VOLKSWAGEN,ROJO,0,,,,,0,0,Morelia,Nueva Valladolid,abril,martes,8,-101.211483945359,19.6992598320994
49059,49065,2024,,2024/04/30,"08:50:00",COLISIÓN POR CORTE DE CIRCULACIÓN,ASFALTO,Bueno,Bueno,2,VOLKSWAGEN,AMARILLO,2,,37,MASCULINO,SIN DATOS,0,0,Morelia,Felix Ireta,abril,martes,9,-101.180266588926,19.6879553837131
49060,49066,2024,LEG52435,2024/04/30,10:00:00,COLISIÓN POR CORTE DE CIRCULACIÓN,CONCRETO,Bueno,Bueno,2,TOYOTA,BLANCO/ROSA,2,MINISTERIO PÚBLICO,23,MASCULINO,SIN DATOS,0,0,Morelia,Centro,abril,martes,10,-101.19434248656,19.6982448393481
49061,49067,2024,LEG52436,2024/04/30,10:00:00,COLISIÓN POR CORTE DE CIRCULACIÓN,ASFALTO,Bueno,Regular,2,MAZDA,ROJO,2,,34,FEMENINO,SIN DATOS,0,0,Morelia,Defensores De Puebla,abril,martes,10,-101.23766720295,19.7134852506368
49062,49068,2024,LEG52434,2024/04/30,11:00:00,COLISIÓN POR CORTE DE CIRCULACIÓN,ASFALTO,Bueno,Bueno,2,PONTIAC,NEGRO,2,,35,MASCULINO,SIN DATOS,0,0,Morelia,Progreso del Sur(Rafael Davalos),abril,martes,11,-101.195,19.6617
49063,49069,2024,,2024/04/30,13:00:00,COLISIÓN POR CORTE DE CIRCULACIÓN,ASFALTO,Bueno,Bueno,2,TOYOTA,BLANCO,2,,54,MASCULINO,SIN DATOS,0,0,Morelia,Jardines de Guadalupe,abril,martes,13,-101.219415441155,19.7108412298729
49064,49070,2024,,2024/04/30,15:10:00,COLISIÓN POR CORTE DE CIRCULACIÓN,ASFALTO,Bueno,Bueno,2,NISSAN,BLANCO Y ROJO,2,,20,MASCULINO,SIN DATOS,0,0,Morelia,Isaac Arriaga,abril,martes,15,-101.16757504642,19.7114417124294
49065,49071,2024,,2024/04/30,15:30:00,COLISIÓN CONTRA OBJETO FIJO,ASFALTO,Bueno,Bueno,2,CHEVROLET,BLANCO,2,,47,MASCULINO,SIN DATOS,0,0,Morelia,Ana Maria Gallaga (Riviera Norte),abril,martes,16,-101.222223378718,19.6773647233804
49066,49072,2024,,2024/04/30,15:30:00,VOLCADURA,ASFALTO,Bueno,Bueno,1,FORD,ROJO,1,,64,MASCULINO,SIN DATOS,0,0,Morelia,Cumbres de Morelia,abril,martes,16,-101.140825375915,19.691532588148
49067,49073,2024,LEG52437,2024/05/01,"00:00:00",COLISIÓN POR MANIOBRA DE REVERSA,ASFALTO,Bueno,Regular,2,NISSAN,BLANCO,2,,23,MASCULINO,SIN DATOS,0,0,Morelia,Quinceo,mayo,miércoles,0,-101.220924183726,19.735925314372
49068,49074,2024,LEG52438,2024/05/01,"00:30:00",COLISIÓN POR ALCANCE,ASFALTO,Bueno,Bueno,2,VOLKSWAGEN,ROJO,2,,22,MASCULINO,SIN DATOS,0,0,Morelia,Asociacion Zirahuen,mayo,miércoles,1,-101.250579357147,19.6986138408567
49069,49075,2024,LEG52439,2024/05/01,"00:30:00",SUBIDA AL CAMELLÓN,ASFALTO,Bueno,Bueno,1,MAZDA,NEGRO,1,,33,MASCULINO,ALIENTO ETÍLICO,0,0,Morelia,Lomas de La Maestranza,mayo,miércoles,1,-101.331561952829,19.6843733641113
49070,49076,2024,LEG52440,2024/05/01,14:30:00,VOLCADURA,TERRACERIA,Bueno,Bueno,1,FORD,BLANCO,1,MINISTERIO PÚBLICO,,,SIN DATOS,0,0,Morelia,La Capilla,mayo,miércoles,15,-101.158155798912,19.6599158194627
49071,49077,2024,,2024/05/01,22:25:00,COLISIÓN POR ALCANCE,ASFALTO,Bueno,Bueno,2,HONDA/CRV,BLANCO,2,,79,MASCULINO,ALIENTO ETÍLICO,0,0,Morelia,Felix Ireta,mayo,miércoles,22,-101.180632710457,19.6861544400108
49072,49078,2024,LEG52449,2024/05/02,"07:15:00",COLISIÓN POR ALCANCE,ASFALTO,Bueno,Bueno,2,PONTIAC,ROJO,2,,33,MASCULINO,SIN DATOS,0,0,Morelia,Morelos,mayo,jueves,7,-101.20924282819,19.6981757106561
49073,49079,2024,LEG52444,2024/05/02,"08:20:00",COLISIÓN POR ALCANCE,ASFALTO,Bueno,Bueno,3,FREIGHTLINER,AZUL,3,,28,MASCULINO,SIN DATOS,0,0,Morelia,Los Manantiales de Morelia,mayo,jueves,8,-101.240371540189,19.6926854082697
49075,49081,2024,LEG52451,2024/05/02,"09:15:00",COLISIÓN POR ALCANCE,ASFALTO,Bueno,Bueno,2,ITALIKA,NEGRO Y VERDE,2,,35,MASCULINO,SIN DATOS,0,0,Morelia,Irrigacion,mayo,jueves,9,-101.222627721727,19.7052320493359
49076,49082,2024,LEG52452,2024/05/02,10:05:00,COLISIÓN POR CAMBIO DE CARRIL,ASFALTO,Bueno,Bueno,2,NISSAN,AZUL,2,,37,MASCULINO,SIN DATOS,0,0,Morelia,Las Americas,mayo,jueves,10,-101.157423555851,19.6877912319271
49077,49083,2024,LEG52453,2024/05/02,10:15:00,COLISIÓN POR CORTE DE CIRCULACIÓN,ASFALTO,Bueno,Bueno,2,ITALIKA,NEGRO,2,,20,,SIN DATOS,0,0,Morelia,Industrial,mayo,jueves,10,-101.19751252234,19.7122754516466
49078,49084,2024,,2024/05/02,12:10:00,COLISIÓN POR CAMBIO DE CARRIL,ASFALTO,Bueno,Bueno,2,CHEVROLET CHEVY,GUINDA,2,,35,MASCULINO,SIN DATOS,0,0,Morelia,Eduardo Ruiz,mayo,jueves,12,-101.224095895886,19.7248524321068
49079,49085,2024,LEG52454,2024/05/02,13:55:00,COLISIÓN POR CAMBIO DE CARRIL,ASFALTO,Bueno,Bueno,2,BMW,BLANCO,2,,47,FEMENINO,SIN DATOS,0,0,Morelia,Jardines del Rincon,mayo,jueves,14,-101.153375431895,19.6872369027293
49080,49086,2024,,2024/05/02,14:27:00,COLISIÓN POR CORTE DE CIRCULACIÓN,ASFALTO,Bueno,Bueno,2,HONDA,NEGRO,2,,43,FEMENINO,SIN DATOS,0,0,Morelia,Ana Maria Gallaga (Riviera Norte),mayo,jueves,14,-101.224314160645,19.6767970987682
49081,49087,2024,,2024/05/02,16:00:00,COLISIÓN POR CAMBIO DE CARRIL,ASFALTO,Bueno,Bueno,1,NISSAN,BLANCO,1,,58,MASCULINO,SIN DATOS,0,0,Morelia,Bosques de Oriente,mayo,jueves,16,-101.155456826091,19.7155989839103
49082,49088,2024,LEG52446,2024/05/02,17:35:00,COLISIÓN POR CORTE DE CIRCULACIÓN,CONCRETO,Bueno,Bueno,2,BAJAJ,ROJO,3,,32,MASCULINO,SIN DATOS,1,0,Morelia,Ferrocarrilero,mayo,jueves,18,-101.216465681791,19.6984818968735
49083,49089,2024,LEG52448,2024/05/02,20:00:00,COLISIÓN POR ALCANCE,ASFALTO,Bueno,Bueno,2,AUDI,ROJO,2,,21,MASCULINO,SIN DATOS,0,0,Morelia,Lomas de Huerta,mayo,jueves,20,-101.211138814688,19.6727939937973
49084,49090,2024,LEG52447,2024/05/02,20:30:00,COLISIÓN POR CAMBIO DE CARRIL,ASFALTO,Bueno,Bueno,2,NISSAN,BLANCO,2,,51,MASCULINO,SIN DATOS,0,0,Morelia,Rafael Carrillo,mayo,jueves,21,-101.236438751221,19.7078007255539
49085,49091,2024,LEG52455,2024/05/03,"02:10:00",VOLCADURA,ASFALTO,Bueno,Bueno,1,MAZDA,BLANCO,1,,55,MASCULINO,SIN DATOS,0,0,Morelia,La Calera,mayo,viernes,2,-101.235725618899,19.673687439932
49086,49092,2024,LEG52456,2024/05/03,"02:10:00",COLISIÓN CONTRA OBJETO FIJO,ASFALTO,Bueno,Bueno,1,NISSAN,BLANCO,1,,62,MASCULINO,SIN DATOS,0,0,Morelia,Chapultepec Oriente,mayo,viernes,2,-101.16036426276,19.6881571007735
49087,49093,2024,LEG52457,2024/05/03,"04:00:00",COLISIÓN CONTRA OBJETO FIJO,ASFALTO,Bueno,Bueno,1,NISSAN,ROJO,2,,,,,2,0,Morelia,Alberto Oviedo Mota,mayo,viernes,4,-101.198908182011,19.681555672698
49088,49094,2024,,2024/05/03,"07:30:00",COLISIÓN CONTRA OBJETO FIJO,ASFALTO,Bueno,Bueno,1,MAZDA,ROJO,1,,28,MASCULINO,SIN DATOS,0,0,Morelia,Cañada del Bosque,mayo,viernes,8,-101.09515607357,19.7295785252994
49089,49095,2024,MOR224657891,2024/05/03,"07:36:00",COLISIÓN POR CORTE DE CIRCULACIÓN,ASFALTO,Bueno,Bueno,2,NISSAN,BLANCO/ROSA,2,,,MASCULINO,SIN DATOS,0,0,Morelia,Felix Ireta,mayo,viernes,8,-101.195624582469,19.6839159381959
49090,49096,2024,,2024/05/03,"08:25:00",COLISIÓN POR ALCANCE,ASFALTO,Bueno,Bueno,2,VOLKSWAGEN,BLANCO,2,,,MASCULINO,SIN DATOS,0,0,Morelia,Loma Bonita,mayo,viernes,8,-101.258002450403,19.7023591595779
49091,49097,2024,,2024/05/03,"08:40:00",COLISIÓN POR ALCANCE,ASFALTO,Bueno,Bueno,2,DODGE,BLANCO,2,,27,FEMENINO,SIN DATOS,0,0,Morelia,Vista Bella,mayo,viernes,9,-101.195925675947,19.6790442736003
49092,49098,2024,,2024/05/03,"09:13:00",COLISIÓN POR CORTE DE CIRCULACIÓN,ASFALTO,Bueno,Bueno,2,FORD,AZUL,2,,49,MASCULINO,SIN DATOS,0,0,Morelia,Nueva Valladolid,mayo,viernes,9,-101.213853545487,19.7006905238114
49093,49099,2024,,2024/05/03,10:50:00,COLISIÓN POR CORTE DE CIRCULACIÓN,ASFALTO,Bueno,Bueno,2,HYUNDAI,GRIS,2,,,MASCULINO,SIN DATOS,0,0,Morelia,Eduardo Ruiz,mayo,viernes,11,-101.223176568747,19.7223455734875
49094,49100,2024,MOR22456780,2024/05/03,15:46:00,COLISIÓN POR ALCANCE,ASFALTO,Bueno,Bueno,2,KENWORTH,NARANJA,2,,,MASCULINO,SIN DATOS,0,0,Morelia,El Eden,mayo,viernes,16,-101.249639578164,19.6460315534411
49095,49101,2024,,2024/05/03,18:50:00,COLISIÓN POR CORTE DE CIRCULACIÓN,ASFALTO,Bueno,Bueno,2,CHEVROLET,GRIS,2,,54,MASCULINO,SIN DATOS,0,0,Morelia,La Joya,mayo,viernes,19,-101.198036137203,19.7194366900089
49096,49102,2024,,2024/05/04,"00:00:00",COLISIÓN POR CAMBIO DE CARRIL,ASFALTO,Bueno,Bueno,2,ITALIKA,NEGRO,2,,20,MASCULINO,SIN DATOS,0,0,Morelia,Villas Lomas del Paraiso,mayo,sábado,0,-101.178143955767,19.6748388099904
49097,49103,2024,,2024/05/04,"00:20:00",COLISIÓN POR CAMBIO DE CARRIL,ASFALTO,Bueno,Bueno,2,CHEVROLET,GRIS,2,,32,MASCULINO,SIN DATOS,0,0,Morelia,Vasco de Quiroga,mayo,sábado,0,-101.169981993735,19.7049830073864
49098,49104,2024,,2024/05/04,"08:55:00",COLISIÓN POR ALCANCE,ASFALTO,Bueno,Bueno,2,NISSAN,BLANCO,2,MINISTERIO PÚBLICO,43,FEMENINO,SIN DATOS,0,0,Morelia,Reforma,mayo,sábado,9,-101.240682676435,19.7062645118887
49099,49105,2024,,2024/05/04,12:40:00,COLISIÓN POR CORTE DE CIRCULACIÓN,CONCRETO,Bueno,Bueno,2,ITALIKA,AZUL  GRIS,2,MINISTERIO PÚBLICO,15,MASCULINO,SIN DATOS,0,0,Morelia,Margarita Maza de Juarez,mayo,sábado,13,-101.253185793757,19.6942539500263
49100,49106,2024,,2024/05/04,15:20:00,COLISIÓN POR INVASIÓN DE CARRIL,ASFALTO,Bueno,Bueno,2,DINA,AMARILLO LIMON,2,MINISTERIO PÚBLICO,49,MASCULINO,SIN DATOS,0,0,Pátzcuaro,Sin Nombre,mayo,sábado,15,-101.61506742239,19.5250197531106
49101,49107,2024,,2024/05/04,16:05:00,COLISIÓN POR CORTE DE CIRCULACIÓN,ASFALTO,Bueno,Bueno,2,ITALIKA,ROJO/NEGRO,2,,,MASCULINO,SIN DATOS,0,0,Morelia,Country Club  Las Huertas,mayo,sábado,16,-101.230099014938,19.6616371788501
49102,49108,2024,LEG52479,2024/05/04,16:40:00,COLISIÓN POR CORTE DE CIRCULACIÓN,ASFALTO,Bueno,Bueno,2,VOLKSWAGEN,BLANCO,2,MINISTERIO PÚBLICO,27,MASCULINO,SIN DATOS,0,0,Morelia,Sin datos,mayo,sábado,17,-101.118167415261,19.6883092565101
49103,49109,2024,,2024/05/04,18:00:00,COLISIÓN CONTRA OBJETO FIJO,CONCRETO,Bueno,Bueno,2,JEEP,ROJO,1,,65,MASCULINO,SIN DATOS,0,0,Morelia,Independencia,mayo,sábado,18,-101.178755164146,19.7131131271634
49104,49110,2024,,2024/05/04,18:02:00,COLISIÓN POR CORTE DE CIRCULACIÓN,ASFALTO,Bueno,Bueno,2,NISSAN,ROJO,2,,46,FEMENINO,SIN DATOS,0,0,Morelia,Eduardo Ruiz,mayo,sábado,18,-101.224093213677,19.7248562193493
49105,49111,2024,,2024/05/04,20:10:00,COLISIÓN CONTRA OBJETO FIJO,CONCRETO,Bueno,Bueno,1,MERCEDEZ BENZ,BLANCO,1,,45,MASCULINO,SIN DATOS,0,0,Morelia,Alberto Oviedo Mota,mayo,sábado,20,-101.195738241076,19.6815239803008
49106,49112,2024,,2024/05/04,21:35:00,COLISIÓN POR INVASIÓN DE CARRIL,ASFALTO,Bueno,Bueno,2,NISSAN,BLANCO,5,MINISTERIO PÚBLICO,42,MASCULINO,SIN DATOS,4,0,Charo,San Pedro Y San Pablo,mayo,sábado,22,-101.050911359489,19.7477162725454
49107,49113,2024,,2024/05/04,22:00:00,COLISIÓN POR INVASIÓN DE CARRIL,ASFALTO,Bueno,Bueno,2,JEEP,GRIS,2,,45,MASCULINO,SIN DATOS,0,0,Morelia,Centro,mayo,sábado,22,-101.182734556496,19.7067906833013
49108,49114,2024,LEG52481,2024/05/05,"02:40:00",COLISIÓN POR ALCANCE,ASFALTO,Bueno,Bueno,2,VOLKSWAGEN,NEGRO,2,MINISTERIO PÚBLICO,27,MASCULINO,SIN DATOS,0,0,Morelia,Elias Perez Avalos,mayo,domingo,3,-101.17147564888,19.7147316528074
49109,49115,2024,,2024/05/05,13:46:00,COLISIÓN POR CORTE DE CIRCULACIÓN,CONCRETO,Bueno,Bueno,2,MITSUBISHI,BLANCO,2,,33,MASCULINO,SIN DATOS,0,0,Morelia,Centro,mayo,domingo,14,-101.1904631,19.7026851599992
49111,49117,2024,,2024/05/05,18:17:00,COLISIÓN CONTRA OBJETO FIJO,ASFALTO,Bueno,Bueno,1,NISSAN,AZUL,1,,29,MASCULINO,SIN DATOS,0,0,Indaparapeo,Centro,mayo,domingo,18,-100.97490593791,19.7903311533218
49112,49118,2024,LEG52487,2024/05/05,19:10:00,COLISIÓN POR CORTE DE CIRCULACIÓN,ASFALTO,Bueno,Bueno,2,VENTO,BLANCO,2,MINISTERIO PÚBLICO,26,MASCULINO,SIN DATOS,0,0,Morelia,Guadalupe,mayo,domingo,19,-101.22120499,19.7082681849992
49113,49119,2024,,2024/05/05,20:00:00,COLISIÓN POR ALCANCE,CONCRETO,Bueno,Bueno,2,FORD COURIER,BLANCO,2,,69,MASCULINO,SIN DATOS,0,0,Morelia,Tierra Y Libertad,mayo,domingo,20,-101.227127127349,19.7138264419664
49114,49120,2024,,2024/05/05,23:00:00,COLISIÓN CONTRA OBJETO FIJO,TERRACERIA,Bueno,Regular,1,CHEVROLET,NEGRO,1,MINISTERIO PÚBLICO,40,MASCULINO,SIN DATOS,0,0,Tzitzio,Sin datos,mayo,domingo,23,-100.934653,19.584357
49116,49122,2024,,2024/05/06,"09:25:00",COLISIÓN POR CORTE DE CIRCULACIÓN,CONCRETO,Bueno,Bueno,2,BMW,ROJO,2,,40,FEMENINO,SIN DATOS,0,0,Morelia,Lomas de Guayangareo,mayo,lunes,9,-101.160801798105,19.7027378246285