fid,id_accidente,anio_origen,folio_c5i,dia_incidente,hora_ocurrencia,tipo_incidente_vial,superficie_ocurrencia,condiciones_climaticas,condiciones_via,numero_vehiculos_involucrados,marca_vehiculo_ocasiona_siniestro,color_vehiculo_ocasiona_siniestro,numero_personas_involucradas,lugar_remite_presunto_responsable,edad_presunto_responsable,sexo_presunto_responsable,resultados_toxicologia,numero_personas_lesionadas,numero_personas_fallecidas,municipio,colonia,mes,dia_semana,hora_redondeada,lon,lat
49117,49123,2024,LEG52494,2024/05/06,10:20:00,COLISIÓN POR ALCANCE,ASFALTO,Bueno,Bueno,3,NISSAN,BLANCO Y GRIS,3,,31,,SIN DATOS,0,0,Morelia,Avicola Benito Juarez,mayo,lunes,10,-101.2795374915,19.6913482371725
49118,49124,2024,,2024/05/06,12:35:00,COLISIÓN CON PEATÓN,ASFALTO,Bueno,Bueno,1,NISSAN,AZUL,2,,42,MASCULINO,SIN DATOS,1,0,Morelia,Primo Tapia Oriente,mayo,lunes,13,-101.160314641893,19.7125951828722
49119,49125,2024,LEG52497,2024/05/06,12:50:00,COLISIÓN POR ALCANCE,ASFALTO,Bueno,Bueno,2,YAMAHA,GRIS,2,MINISTERIO PÚBLICO,,,SIN DATOS,0,0,Morelia,Tinijaro,mayo,lunes,13,-101.258592456579,19.6970806955654
49120,49126,2024,,2024/05/06,14:20:00,COLISIÓN POR CORTE DE CIRCULACIÓN,CONCRETO,Bueno,Bueno,2,MITSUBISHI,GRIS,2,,35,MASCULINO,SIN DATOS,0,0,Morelia,Gertrudis Sanchez,mayo,lunes,14,-101.199933886528,19.7431033737153
49121,49127,2024,LEG52492,2024/05/06,15:40:00,COLISIÓN POR CORTE DE CIRCULACIÓN,CONCRETO,Bueno,Bueno,2,ITALIKA,AZUL/NEGRO,2,MINISTERIO PÚBLICO,29,MASCULINO,SIN DATOS,0,0,Morelia,Juarez,mayo,lunes,16,-101.196978762746,19.6933966044946
49122,49128,2024,,2024/05/06,16:00:00,COLISIÓN POR CORTE DE CIRCULACIÓN,ASFALTO,Bueno,Bueno,2,ITALIKA,NEGRO Y AZUL,3,MINISTERIO PÚBLICO,18,MASCULINO,SIN DATOS,1,0,Morelia,Jesus Romero Flores,mayo,lunes,16,-101.172897219658,19.727228277931
49123,49129,2024,LEG52496,2024/05/06,19:00:00,COLISIÓN CON PEATÓN,CONCRETO,Bueno,Bueno,1,HONDA,ROJO,2,MINISTERIO PÚBLICO,22,MASCULINO,SIN DATOS,1,0,Morelia,Comision Federal de Electricidad,mayo,lunes,19,-101.180561631918,19.6814671562659
49124,49130,2024,LEG52495,2024/05/06,21:30:00,COLISIÓN CONTRA OBJETO FIJO,CONCRETO,Bueno,Bueno,2,HONDA,BLANCO,2,,50,FEMENINO,SIN DATOS,0,0,Morelia,Erendira,mayo,lunes,22,-101.163993626833,19.7029934986537
49125,49131,2024,MOR 240274523,2024/05/07,"07:55:00",COLISIÓN POR CORTE DE CIRCULACIÓN,CONCRETO,Bueno,Bueno,2,CHEVROLET,NEGRO,2,,36,MASCULINO,SIN DATOS,0,0,Morelia,Jardin de La Montaña,mayo,martes,8,-101.316,19.6906
49126,49132,2024,MOR 240274661,2024/05/07,"09:00:00",COLISIÓN CONTRA OBJETO FIJO,CONCRETO,Bueno,Bueno,1,CRYSLER,NEGRO,1,MINISTERIO PÚBLICO,23,FEMENINO,SIN DATOS,0,0,Morelia,Lomas del Mayoral,mayo,martes,9,-101.314220130444,19.6894074883374
49127,49133,2024,,2024/05/07,"09:30:00",COLISIÓN POR CORTE DE CIRCULACIÓN,ASFALTO,Bueno,Bueno,1,NISSAN,BLANCO/ROJO,2,,64,MASCULINO,SIN DATOS,0,0,Morelia,Chapultepec Sur,mayo,martes,10,-101.171449125214,19.6920309500482
49128,49134,2024,,2024/05/07,13:05:00,COLISIÓN POR CAMBIO DE CARRIL,ASFALTO,Bueno,Bueno,2,FORD/EXPEDITION,VERDE,2,,28,MASCULINO,SIN DATOS,0,0,Morelia,Vistas de Altozano,mayo,martes,13,-101.167,19.6551
49129,49135,2024,MOR 240275430,2024/05/07,14:55:00,COLISIÓN POR CORTE DE CIRCULACIÓN,CONCRETO,Bueno,Bueno,2,BAJAJ,NEGRO,2,MINISTERIO PÚBLICO,30,MASCULINO,SIN DATOS,0,0,Morelia,San Isidro Itzicuaro Norte,mayo,martes,15,-101.261204592884,19.7034963230447
49130,49136,2024,,2024/05/07,16:09:00,COLISIÓN POR ALCANCE,ASFALTO,Bueno,Bueno,2,NISSAN,NEGRO,2,MINISTERIO PÚBLICO,42,FEMENINO,SIN DATOS,0,0,Morelia,Alberto Oviedo Mota,mayo,martes,16,-101.198908182011,19.681555672698
49133,49139,2024,MOR240276902,2024/05/08,"07:45:00",COLISIÓN POR CORTE DE CIRCULACIÓN,ASFALTO,Bueno,Bueno,2,TOYOTA,BLANCO/ROJO,2,,57,MASCULINO,SIN DATOS,0,0,Morelia,Adolfo Lopez Mateos,mayo,miércoles,8,-101.226139622885,19.6981067844139
49134,49140,2024,,2024/05/08,"08:15:00",COLISIÓN POR INVASIÓN DE CARRIL,ASFALTO,Bueno,Bueno,2,DODGE,ARENA,2,,,MASCULINO,SIN DATOS,0,0,Morelia,Union,mayo,miércoles,8,-101.157745205,19.7073475599991
49135,49141,2024,,2024/05/08,"09:15:00",COLISIÓN POR CAMBIO DE CARRIL,ASFALTO,Bueno,Bueno,2,MAZDA,ROJO,2,MINISTERIO PÚBLICO,39,,SIN DATOS,0,0,Morelia,El Lago 1,mayo,miércoles,9,-101.216335622487,19.7307987163553
49136,49142,2024,,2024/05/08,12:00:00,COLISIÓN CON PEATÓN,SIN_DATOS,Bueno,Bueno,2,RAM,BLANCA,2,,31,MASCULINO,SIN DATOS,0,0,Morelia,Rafael Carrillo,mayo,miércoles,12,-101.23717032373,19.7072559348062
49137,49143,2024,,2024/05/08,12:55:00,COLISIÓN CONTRA OBJETO FIJO,ASFALTO,Bueno,Bueno,2,FORD,AZUL,2,,32,MASCULINO,SIN DATOS,0,0,Morelia,Comision Federal de Electricidad,mayo,miércoles,13,-101.18,19.682
49138,49144,2024,MOR24658721,2024/05/08,13:00:00,COLISIÓN POR CORTE DE CIRCULACIÓN,ASFALTO,Bueno,Bueno,2,VOLKSWAGEN,NEGRO,2,,28,MASCULINO,SIN DATOS,0,0,Morelia,Molino de Parras,mayo,miércoles,13,-101.203508896233,19.6977341588019
49139,49145,2024,LEG52513,2024/05/08,13:50:00,COLISIÓN POR CORTE DE CIRCULACIÓN,ASFALTO,Bueno,Bueno,2,FORD,PLATA,1,,35,MASCULINO,SIN DATOS,0,0,Morelia,Tenencia Morelos,mayo,miércoles,14,-101.243929623155,19.6466055443724
49140,49146,2024,,2024/05/08,18:00:00,COLISIÓN CONTRA OBJETO FIJO,ASFALTO,Bueno,Bueno,1,AUDI,BLANCO,1,,16,MASCULINO,SIN DATOS,0,0,Morelia,Vistas de Altozano,mayo,miércoles,18,-101.167,19.6551
49141,49147,2024,,2024/05/08,20:00:00,SUBIDA AL CAMELLÓN,ASFALTO,Bueno,Bueno,1,DODGE,BLANCO,1,,46,MASCULINO,SIN DATOS,0,0,Morelia,Jardines de Torremolinos,mayo,miércoles,20,-101.228,19.6773
49142,49148,2024,,2024/05/08,21:20:00,SALIDA DE SUPERFICIE DE RODAMIENTO,ASFALTO,Bueno,Bueno,1,NISSAN,BLANCO,1,,65,MASCULINO,SIN DATOS,0,0,Morelia,Sin datos,mayo,miércoles,21,-101.272987,19.6447985
49144,49150,2024,LEG52521,2024/05/08,22:00:00,SUBIDA AL CAMELLÓN,ASFALTO,Bueno,Bueno,1,DODGE,NEGRO,1,,45,MASCULINO,SIN DATOS,0,0,Morelia,El Lago 1,mayo,miércoles,22,-101.216335622487,19.7307987163553
49145,49151,2024,,2024/05/08,22:54:00,COLISIÓN CONTRA OBJETO FIJO,CONCRETO,Bueno,Bueno,1,Ford,Rojo,1,,66,MASCULINO,SIN DATOS,0,0,Morelia,Morelos,mayo,miércoles,23,-101.209228076041,19.6981703445007
49146,49152,2024,,2024/05/09,"00:00:00",COLISIÓN CONTRA OBJETO FIJO,ASFALTO,Bueno,Bueno,1,HONDA,PLATA,1,MINISTERIO PÚBLICO,30,FEMENINO,SIN DATOS,0,0,Morelia,La Aldea,mayo,jueves,0,-101.135663645255,19.7450724546328
49147,49153,2024,,2024/05/09,11:05:00,COLISIÓN POR CAMBIO DE CARRIL,ASFALTO,Bueno,Bueno,2,NISSAN,BLANCO,2,,65,FEMENINO,SIN DATOS,0,0,Morelia,Chapultepec Sur,mayo,jueves,11,-101.171449125214,19.6920309500482
49148,49154,2024,MOR 240079691,2024/05/09,13:45:00,COLISIÓN POR CORTE DE CIRCULACIÓN,ASFALTO,Bueno,Bueno,3,NISSAN,AZUL,3,,52,FEMENINO,SIN DATOS,0,0,Morelia,Chapultepec Norte,mayo,jueves,14,-101.173778799073,19.6957366970635
49149,49155,2024,,2024/05/09,15:30:00,COLISIÓN POR ALCANCE,ASFALTO,Bueno,Bueno,2,CHEVROLET,NEGRO,2,,21,MASCULINO,SIN DATOS,0,0,Morelia,Vista Hermosa  2A Etapa,mayo,jueves,16,-101.21,19.6765
49150,49156,2024,MOR240280036,2024/05/09,16:00:00,COLISIÓN POR CORTE DE CIRCULACIÓN,CONCRETO,Bueno,Bueno,2,BAJAJ,NEGRO,2,,22,MASCULINO,SIN DATOS,0,0,Morelia,Vicente Lombardo Toledano (Ejidal Isacc Arriaga) (Etnias de Mexico),mayo,jueves,16,-101.147709447525,19.7139612645332
49151,49157,2024,,2024/05/09,16:40:00,COLISIÓN POR CORTE DE CIRCULACIÓN,ASFALTO,Bueno,Bueno,2,CHEVROLET,ROJO,2,,63,MASCULINO,SIN DATOS,0,0,Morelia,Comision Federal de Electricidad,mayo,jueves,17,-101.18,19.682
49152,49158,2024,,2024/05/09,17:00:00,COLISIÓN POR ALCANCE,ASFALTO,Bueno,Bueno,2,CHEVROLET,ROJO,2,MINISTERIO PÚBLICO,23,MASCULINO,SIN DATOS,0,0,Morelia,Alberto Oviedo Mota,mayo,jueves,17,-101.198908182011,19.681555672698
49153,49159,2024,,2024/05/09,19:00:00,COLISIÓN POR CAMBIO DE CARRIL,ASFALTO,Bueno,Bueno,2,NISSAN,BLANCO,2,MINISTERIO PÚBLICO,,FEMENINO,SIN DATOS,0,0,Morelia,Balcones de Morelia,mayo,jueves,19,-101.201869405085,19.6735302099086
49154,49160,2024,LEG52529,2024/05/09,20:10:00,COLISIÓN POR CORTE DE CIRCULACIÓN,ASFALTO,Bueno,Bueno,2,SEAT,GRIS,2,,,MASCULINO,SIN DATOS,0,0,Morelia,Ventura Puente,mayo,jueves,20,-101.187182954235,19.6926426896116
49155,49161,2024,,2024/05/09,20:43:00,COLISIÓN POR ALCANCE,ASFALTO,Bueno,Bueno,2,NISSAN,BLANCO/NARANJA,2,,30,MASCULINO,SIN DATOS,0,0,Morelia,Lomas del Tecnologico,mayo,jueves,21,-101.192971737429,19.7218067072296
49156,49162,2024,MOR 240280705,2024/05/09,20:50:00,VOLCADURA,ASFALTO,Bueno,Regular,1,VOLKSWAGEN,NEGRO,0,,,,,0,0,Charo,San Pedro Y San Pablo,mayo,jueves,21,-101.049183696982,19.7501967854046
49157,49163,2024,,2024/05/09,22:30:00,COLISIÓN POR ALCANCE,SIN_DATOS,Bueno,Bueno,2,NISSAN,BLANCO,2,,50,MASCULINO,SIN DATOS,0,0,Morelia,Tzindurio Norte,mayo,jueves,23,-101.246,19.7061
49158,49164,2024,MOR240278657,2024/05/09,22:40:00,COLISIÓN POR ALCANCE,ASFALTO,Bueno,Bueno,2,ITALIKA,NEGRO,2,MINISTERIO PÚBLICO,,MASCULINO,SIN DATOS,0,0,Morelia,Tres Puentes,mayo,jueves,23,-101.213524742681,19.7058468756013
49159,49165,2024,MOR 240282467,2024/05/10,"00:00:00",COLISIÓN POR ALCANCE,ASFALTO,Bueno,Bueno,2,FORD,BLANCO,2,MINISTERIO PÚBLICO,67,MASCULINO,ALIENTO ETÍLICO,0,0,Morelia,Ana Maria Gallaga (Riviera Norte),mayo,viernes,0,-101.22432757169,19.6766581914378
49160,49166,2024,MOR22456789,2024/05/10,"06:20:00",COLISIÓN POR ALCANCE,ASFALTO,Bueno,Bueno,2,VOLKSWAGEN,GRIS,2,,,FEMENINO,SIN DATOS,0,0,Morelia,Sentimientos de La Nacion,mayo,viernes,6,-101.233194944297,19.682432823539
49161,49167,2024,MOR240281265,2024/05/10,"07:00:00",SUBIDA AL CAMELLÓN,ASFALTO,Bueno,Bueno,1,TOYOTA,BLANCO,1,,,MASCULINO,SIN DATOS,0,0,Morelia,Clara Cordova Moran,mayo,viernes,7,-101.182766072452,19.7323399507705
49162,49168,2024,LEG52536,2024/05/10,11:35:00,COLISIÓN POR ALCANCE,ASFALTO,Bueno,Bueno,2,NISSAN,BLANCO,2,,34,MASCULINO,SIN DATOS,0,0,Morelia,Nueva Jacarndas,mayo,viernes,12,-101.192011982203,19.6822617438571
49163,49169,2024,,2024/05/10,12:50:00,COLISIÓN POR ALCANCE,ASFALTO,Bueno,Bueno,2,CHYSLER,AMARILLO,2,,58,MASCULINO,SIN DATOS,0,0,Morelia,Barrio Alto,mayo,viernes,13,-101.196852698922,19.7248417015859
49164,49170,2024,LEG52539,2024/05/10,13:25:00,COLISIÓN POR CORTE DE CIRCULACIÓN,ASFALTO,Bueno,Bueno,2,TOYOTA,GRIS,2,MINISTERIO PÚBLICO,36,FEMENINO,SIN DATOS,0,0,Morelia,Nueva Jacarndas,mayo,viernes,13,-101.192006953061,19.6822626909199
49165,49171,2024,,2024/05/10,13:35:00,COLISIÓN POR CORTE DE CIRCULACIÓN,CONCRETO,Bueno,Bueno,2,VOLKSWAGEN,NEGRO,3,MINISTERIO PÚBLICO,31,MASCULINO,SIN DATOS,1,0,Morelia,Vicente Lombardo Toledano (Ejidal Isacc Arriaga) (Etnias de Mexico),mayo,viernes,14,-101.143671870232,19.7134953506681
49166,49172,2024,,2024/05/10,15:30:00,COLISIÓN POR MANIOBRA DE REVERSA,CONCRETO,Bueno,Bueno,2,NISSAN,PLATA,2,,40,MASCULINO,SIN DATOS,0,0,Morelia,Praderas de Morelia,mayo,viernes,16,-101.228528916836,19.6727621074651
49167,49173,2024,,2024/05/10,18:20:00,SALIDA DE SUPERFICIE DE RODAMIENTO,ASFALTO,Bueno,Bueno,1,NISSAN,ROJO,1,,67,MASCULINO,SIN DATOS,0,0,Morelia,Bosques Tres Marias,mayo,viernes,18,-101.103856489062,19.7214577643236
49168,49174,2024,LEG52543,2024/05/10,20:00:00,COLISIÓN POR ALCANCE,ASFALTO,Bueno,Bueno,2,MITSUBISHI,BLANCO,2,,,MASCULINO,SIN DATOS,0,0,Morelia,Reforma,mayo,viernes,20,-101.237614229321,19.7069955330112
49169,49175,2024,LEG52544,2024/05/10,20:45:00,COLISIÓN POR ALCANCE,ASFALTO,Bueno,Bueno,2,CADILLAC,BLANCO,2,,40,MASCULINO,SIN DATOS,0,0,Morelia,Canteras de Morelia,mayo,viernes,21,-101.171491406858,19.714742384007
49170,49176,2024,LEG52546,2024/05/11,"00:00:00",SALIDA DE SUPERFICIE DE RODAMIENTO,CONCRETO,Bueno,Bueno,1,HONDA,ROJO,1,,45,MASCULINO,SIN DATOS,0,0,Morelia,La Aldea,mayo,sábado,0,-101.132042482495,19.7595363355259
49171,49177,2024,LEG52545,2024/05/11,"01:45:00",CAIDA DE MOTOCICLETA,ASFALTO,Bueno,Bueno,1,ITALIKA,ROJO,1,MINISTERIO PÚBLICO,30,MASCULINO,SIN DATOS,0,0,Morelia,La Soledad,mayo,sábado,2,-101.184085384011,19.7256613219452
49172,49178,2024,LEG52548,2024/05/11,"05:55:00",COLISIÓN CONTRA OBJETO FIJO,ASFALTO,Bueno,Bueno,1,RENAULT,BLANCO,0,,,,,0,0,Morelia,Ciudad Industrial,mayo,sábado,6,-101.142912134528,19.7252444112289
49173,49179,2024,LEG52547,2024/05/11,"06:19:00",COLISIÓN POR ALCANCE,ASFALTO,Bueno,Bueno,2,NISSAN,GRIS,2,,,FEMENINO,SIN DATOS,0,0,Morelia,Sentimientos de La Nacion,mayo,sábado,6,-101.235284730792,19.681189349583
49174,49180,2024,LEG52549,2024/05/11,"07:40:00",COLISIÓN CONTRA OBJETO FIJO,ASFALTO,Bueno,Bueno,1,BMW,BLANCO,1,,32,FEMENINO,SIN DATOS,0,0,Morelia,Rincon de La Montaña,mayo,sábado,8,-101.161362379789,19.6559899648322
49175,49181,2024,,2024/05/11,"09:00:00",SUBIDA AL CAMELLÓN,ASFALTO,Bueno,Bueno,1,FORD,AZUL,1,,32,MASCULINO,SIN DATOS,0,0,Morelia,Alberto Oviedo Mota,mayo,sábado,9,-101.199489980936,19.6810510774408
49176,49182,2024,,2024/05/11,10:00:00,COLISIÓN POR CORTE DE CIRCULACIÓN,ASFALTO,Bueno,Bueno,2,VOLKSWAGEN,ROJO,2,,,MASCULINO,SIN DATOS,0,0,Morelia,Cuauhtemoc,mayo,sábado,10,-101.178772598505,19.6961848546441
49177,49183,2024,LEG52553,2024/05/11,10:20:00,COLISIÓN POR INVASIÓN DE CARRIL,ASFALTO,Bueno,Bueno,2,ITALIKA,NEGRO/VERDE,2,,39,MASCULINO,SIN DATOS,0,0,Morelia,Niño Artillero,mayo,sábado,10,-101.255960538983,19.697382780327
49178,49184,2024,,2024/05/11,11:10:00,COLISIÓN POR ALCANCE,ASFALTO,Bueno,Bueno,3,TOYOTA,BLANCO,3,MINISTERIO PÚBLICO,44,MASCULINO,SIN DATOS,0,0,Morelia,Xangari,mayo,sábado,11,-101.22069183737,19.6741180602477
49179,49185,2024,,2024/05/11,11:25:00,COLISIÓN POR ALCANCE,ASFALTO,Bueno,Bueno,2,VOLKSWAGEN,BLANCO,2,,26,MASCULINO,SIN DATOS,0,0,Morelia,Josefa Ortiz de Dominguez,mayo,sábado,11,-101.209867447615,19.6720599751362
49180,49186,2024,LEG52555,2024/05/11,15:40:00,COLISIÓN POR CORTE DE CIRCULACIÓN,ASFALTO,Bueno,Bueno,2,ITALIKA,NEGRO,2,,,FEMENINO,SIN DATOS,0,0,Morelia,Ejidal San Isidro,mayo,sábado,16,-101.279434226453,19.6892237662626
49181,49187,2024,,2024/05/11,19:00:00,COLISIÓN POR NO RESPETAR SEMÁFORO,CONCRETO,Bueno,Bueno,2,ITALIKA,ROJO,2,,,,SIN DATOS,0,0,Morelia,Cuauhtemoc,mayo,sábado,19,-101.180209927261,19.6937337350232
49182,49188,2024,MOR 240285245,2024/05/11,19:15:00,COLISIÓN POR NO RESPETAR SEMÁFORO,ASFALTO,Bueno,Bueno,2,JEEP,NEGRO,2,,52,FEMENINO,SIN DATOS,0,0,Morelia,Insurgentes,mayo,sábado,19,-101.155003868043,19.6951747390639
49183,49189,2024,LEG52542,2024/05/11,23:00:00,COLISIÓN CONTRA OBJETO FIJO,ASFALTO,Bueno,Bueno,2,VOLVO,GRIS,1,MINISTERIO PÚBLICO,47,MASCULINO,ALIENTO ETÍLICO,0,0,Morelia,Isaac Arriaga,mayo,sábado,23,-101.167629025877,19.7113026820319
49184,49190,2024,LEG52562,2024/05/12,"00:10:00",COLISIÓN POR CORTE DE CIRCULACIÓN,ASFALTO,Bueno,Bueno,2,Vento,Naranja,2,MINISTERIO PÚBLICO,23,MASCULINO,SIN DATOS,0,0,Morelia,Loma Bonita,mayo,domingo,0,-101.196757480502,19.7201650195171
49185,49191,2024,,2024/05/12,"00:25:00",COLISIÓN POR ALCANCE,CONCRETO,Bueno,Bueno,2,VENTO 190CC,NEGRO/ANARANJADO,2,,23,MASCULINO,SIN DATOS,0,0,Morelia,Centro,mayo,domingo,0,-101.196884550154,19.7030408456506
49186,49192,2024,,2024/05/12,"05:50:00",COLISIÓN CON PEATÓN,SIN_DATOS,Bueno,Bueno,1,CHEVROLET,BLANCO,2,MINISTERIO PÚBLICO,0,MASCULINO,SIN DATOS,1,0,Morelia,Cumbres de Morelia,mayo,domingo,6,-101.140824705362,19.691532588148
49187,49193,2024,LEG52567,2024/05/12,17:45:00,VOLCADURA,ASFALTO,Bueno,Bueno,1,VOLKSWAGEN,BLANCO,4,MINISTERIO PÚBLICO,,,,2,2,Morelia,Jesus Romero Flores,mayo,domingo,18,-101.18308391422,19.7304751259341
49188,49194,2024,LEG52565,2024/05/12,18:50:00,COLISIÓN CONTRA OBJETO FIJO,TERRACERIA,Bueno,Bueno,1,CHEVROLET,NEGRO,1,,35,MASCULINO,SIN DATOS,0,0,Morelia,Mision San Diego,mayo,domingo,19,-101.20664204,19.6619009749991
49189,49195,2024,LEG52563,2024/05/12,19:08:00,COLISIÓN POR CAMBIO DE CARRIL,ASFALTO,Bueno,Bueno,2,VOLKSWAGEN,ROJO,2,,39,MASCULINO,SIN DATOS,0,0,Morelia,Santiaguito,mayo,domingo,19,-101.191834108722,19.7181820570845
49190,49196,2024,,2024/05/12,23:40:00,COLISIÓN CON PEATÓN,ASFALTO,Bueno,Bueno,1,VOLKSWAGEN,ROJO,0,MINISTERIO PÚBLICO,,,,0,0,Lázaro Cárdenas,Segundo Sector de Fidelac,mayo,domingo,0,-102.206615209579,17.9614858721922
49191,49197,2024,MOR240288547,2024/05/13,"07:20:00",COLISIÓN POR ALCANCE,ASFALTO,Bueno,Bueno,3,VW,BLANCO,3,,22,MASCULINO,SIN DATOS,0,0,Morelia,Libertad,mayo,lunes,7,-101.235485247231,19.6875403386505
49192,49198,2024,,2024/05/13,"08:50:00",COLISIÓN POR ALCANCE,ASFALTO,Bueno,Bueno,2,TOYOTA,BLANCO/AZUL,3,MINISTERIO PÚBLICO,46,MASCULINO,SIN DATOS,1,0,Huandacareo,Sin datos,mayo,lunes,9,-101.228436380625,19.9626693530783
49193,49199,2024,,2024/05/13,11:25:00,COLISIÓN POR CAMBIO DE CARRIL,ASFALTO,Bueno,Bueno,2,MERCEDES BENZ,BLANCO AZUL,2,,25,MASCULINO,SIN DATOS,0,0,Morelia,Nueva Valladolid,mayo,lunes,11,-101.211483945359,19.6992598320994
49194,49200,2024,,2024/05/13,12:55:00,COLISIÓN POR CAMBIO DE CARRIL,ASFALTO,Bueno,Bueno,2,NISSAN,BLANCO,2,MINISTERIO PÚBLICO,43,,SIN DATOS,0,0,Morelia,Chapultepec Norte,mayo,lunes,13,-101.168215771285,19.6962603082232
49195,49201,2024,,2024/05/13,14:32:00,COLISIÓN POR ALCANCE,CONCRETO,Bueno,Bueno,2,NISSAN,ROJO,2,,20,MASCULINO,SIN DATOS,0,0,Morelia,Chapultepec Oriente,mayo,lunes,15,-101.161131709814,19.6882470683946
49196,49202,2024,,2024/05/13,14:40:00,COLISIÓN POR ALCANCE,ASFALTO,Bueno,Bueno,2,NISSAN,ROJO,2,,83,MASCULINO,SIN DATOS,0,0,Morelia,Lomas de San Juan,mayo,lunes,15,-101.183039681886,19.7298664251429
49197,49203,2024,,2024/05/13,15:00:00,COLISIÓN CONTRA OBJETO FIJO,CONCRETO,Bueno,Bueno,2,VOLKSWAGEN,GRIS,2,,0,MASCULINO,SIN DATOS,0,0,Morelia,Vicente Lombardo Toledano (Ejidal Isacc Arriaga) (Etnias de Mexico),mayo,lunes,15,-101.146789869333,19.7195576709395
49198,49204,2024,MOR240289870,2024/05/13,17:05:00,COLISIÓN POR CORTE DE CIRCULACIÓN,ASFALTO,Bueno,Bueno,2,NISSAN,AZUL,2,,26,FEMENINO,SIN DATOS,0,0,Morelia,Junta de Jaujilla,mayo,lunes,17,-101.229396833407,19.6917550533197
49199,49205,2024,LEG52576,2024/05/13,21:00:00,COLISIÓN POR MANIOBRA DE REVERSA,ASFALTO,Bueno,Bueno,2,NISSAN,GRIS,2,MINISTERIO PÚBLICO,,FEMENINO,SIN DATOS,0,0,Morelia,Emiliano Zapata,mayo,lunes,21,-101.216144695,19.7161988399991
49200,49206,2024,MOR 240291700,2024/05/14,"00:00:00",COLISIÓN POR ALCANCE,ASFALTO,Bueno,Bueno,2,NISSAN,BLANCO,3,MINISTERIO PÚBLICO,55,MASCULINO,SIN DATOS,1,0,Morelia,Ana Maria Gallaga (Riviera Ii),mayo,martes,0,-101.223454512656,19.6766256744772
49201,49207,2024,,2024/05/14,"08:00:00",COLISIÓN POR ALCANCE,ASFALTO,Bueno,Bueno,3,NISSAN,BLANCO,3,MINISTERIO PÚBLICO,29,,SIN DATOS,0,0,Morelia,Primo Tapia Oriente,mayo,martes,8,-101.158741526306,19.7135171288585
49202,49208,2024,MOR240290741,2024/05/14,"08:49:00",VOLCADURA,ASFALTO,Bueno,Bueno,1,CHEVROLET,VERDE,1,,34,MASCULINO,SIN DATOS,0,0,Morelia,Valle de Altozano,mayo,martes,9,-101.164806000888,19.6654504987115
49203,49209,2024,MOR240290764,2024/05/14,"09:30:00",COLISIÓN POR ALCANCE,ASFALTO,Bueno,Bueno,2,CHEVROLET,ROJO,2,,47,MASCULINO,SIN DATOS,0,0,Morelia,Sentimientos de La Nacion,mayo,martes,10,-101.233193278313,19.6782003717501
49204,49210,2024,,2024/05/14,12:30:00,SALIDA DE SUPERFICIE DE RODAMIENTO,ASFALTO,Bueno,Bueno,1,TOYOTA,BLANCO,1,,79,MASCULINO,SIN DATOS,0,0,Morelia,Sin datos,mayo,martes,13,-101.358489990235,19.5899384797756
49205,49211,2024,,2024/05/14,13:41:00,COLISIÓN POR CORTE DE CIRCULACIÓN,ASFALTO,Bueno,Bueno,2,CHEVROLET,BLANCO,2,,42,MASCULINO,SIN DATOS,0,0,Morelia,Felix Ireta,mayo,martes,14,-101.18064712733,19.6861566497701
49206,49212,2024,,2024/05/14,16:50:00,COLISIÓN CONTRA OBJETO FIJO,ASFALTO,Bueno,Bueno,1,SEAT,PLATA,1,,70,FEMENINO,SIN DATOS,0,0,Morelia,Dr Miguel Silva,mayo,martes,17,-101.188296116889,19.7211358415457
49207,49213,2024,LEG52585,2024/05/14,18:10:00,COLISIÓN POR ALCANCE,ASFALTO,Bueno,Bueno,3,CHEVROLET,GRIS,3,MINISTERIO PÚBLICO,35,MASCULINO,SIN DATOS,0,0,Morelia,Elias Perez Avalos,mayo,martes,18,-101.167813022979,19.7136335493406
49209,49215,2024,LEG52596,2024/05/15,"00:00:00",COLISIÓN POR CAMBIO DE CARRIL,ASFALTO,Bueno,Bueno,2,PETERBILT,BLANCO,2,,59,MASCULINO,SIN DATOS,0,0,Morelia,Jardines de Torremolinos,mayo,miércoles,0,-101.225748471916,19.676849188986
49210,49216,2024,LEG52587,2024/05/15,"00:20:00",VOLCADURA,CONCRETO,Bueno,Bueno,1,VOLKSWAGEN,ROJO,1,,,,SIN DATOS,0,0,Morelia,Camponubes,mayo,miércoles,0,-101.2902890993,19.6979150011112
49212,49218,2024,LEG52589,2024/05/15,10:00:00,COLISIÓN POR CORTE DE CIRCULACIÓN,ASFALTO,Bueno,Bueno,2,FORD,BLANCO CON AZUL,2,,,MASCULINO,SIN DATOS,0,0,Morelia,Independencia,mayo,miércoles,10,-101.175636485,19.7094595949991
49213,49219,2024,,2024/05/15,10:25:00,COLISIÓN POR ALCANCE,ASFALTO,Bueno,Bueno,2,DODGE/ATTITUDE,BLANCO ROJO,2,,22,MASCULINO,SIN DATOS,0,0,Morelia,Santiaguito,mayo,miércoles,10,-101.188681013882,19.7172667208878
49214,49220,2024,,2024/05/15,10:50:00,COLISIÓN POR CAMBIO DE CARRIL,ASFALTO,Bueno,Bueno,1,HYUNDAI,BLANCO Y ROJO,2,,48,MASCULINO,SIN DATOS,0,0,Morelia,Mariano Michelena,mayo,miércoles,11,-101.230174452066,19.6769745211377
49215,49221,2024,LEG52593,2024/05/15,12:00:00,SUBIDA AL CAMELLÓN,ASFALTO,Bueno,Bueno,1,CHEVROLET,GRIS,1,,47,FEMENINO,SIN DATOS,0,0,Morelia,Alberto Oviedo Mota,mayo,miércoles,12,-101.202135644853,19.6772081374813
49216,49222,2024,,2024/05/15,14:05:00,COLISIÓN POR ALCANCE,ASFALTO,Bueno,Bueno,2,TOYOTA,VERDE,2,,61,MASCULINO,SIN DATOS,0,0,Morelia,Fidel Velazquez,mayo,miércoles,14,-101.239952780306,19.7060085274502
49217,49223,2024,,2024/05/15,14:12:00,COLISIÓN POR INVASIÓN DE CARRIL,ASFALTO,Bueno,Bueno,2,MAZDA,ROJO,2,,53,MASCULINO,SIN DATOS,0,0,Morelia,Sin datos,mayo,miércoles,14,-101.274960301816,19.6398368755268