fid,id_accidente,anio_origen,folio_c5i,dia_incidente,hora_ocurrencia,tipo_incidente_vial,superficie_ocurrencia,condiciones_climaticas,condiciones_via,numero_vehiculos_involucrados,marca_vehiculo_ocasiona_siniestro,color_vehiculo_ocasiona_siniestro,numero_personas_involucradas,lugar_remite_presunto_responsable,edad_presunto_responsable,sexo_presunto_responsable,resultados_toxicologia,numero_personas_lesionadas,numero_personas_fallecidas,municipio,colonia,mes,dia_semana,hora_redondeada,lon,lat
49218,49224,2024,,2024/05/15,15:00:00,VOLCADURA,ASFALTO,Bueno,Bueno,1,FORD,AZUL,1,,32,MASCULINO,SIN DATOS,0,0,Morelia,Sin datos,mayo,miércoles,15,-101.294650062919,19.6864126659608
49219,49225,2024,,2024/05/15,15:30:00,COLISIÓN POR ALCANCE,ASFALTO,Bueno,Bueno,3,FORD,AZUL,3,MINISTERIO PÚBLICO,,,SIN DATOS,0,0,Morelia,La Quemada,mayo,miércoles,16,-101.240059827697,19.7032952648833
49220,49226,2024,LEG52599,2024/05/15,15:50:00,COLISIÓN POR ALCANCE,ASFALTO,Bueno,Bueno,3,HONDA,GRIS,3,MINISTERIO PÚBLICO,41,MASCULINO,SIN DATOS,0,0,Morelia,Jardines de Torremolinos,mayo,miércoles,16,-101.226528659463,19.6768820215995
49221,49227,2024,,2024/05/15,19:37:00,COLISIÓN POR INVASIÓN DE CARRIL,CONCRETO,Bueno,Bueno,2,VOLKSWAGEN,PLATA,2,,70,MASCULINO,SIN DATOS,0,0,Morelia,Campestre Los Manantiales,mayo,miércoles,20,-101.239650025964,19.6909867950033
49222,49228,2024,LEG52615,2024/05/16,"00:00:00",COLISIÓN POR CORTE DE CIRCULACIÓN,ASFALTO,Bueno,Bueno,2,PEUGEOT,BLANCO,2,MINISTERIO PÚBLICO,35,MASCULINO,SIN DATOS,0,0,Morelia,Obrera,mayo,jueves,0,-101.184948384762,19.7082886999323
49223,49229,2024,MOR 240295208,2024/05/16,"02:35:00",COLISIÓN CONTRA OBJETO FIJO,ASFALTO,Bueno,Bueno,1,VOLKSWAGEN,GRIS,1,,20,MASCULINO,SIN DATOS,0,0,Morelia,Villa Universidad,mayo,jueves,3,-101.203243397176,19.6858595947129
49224,49230,2024,MOR240295337,2024/05/16,"07:41:00",COLISIÓN POR CORTE DE CIRCULACIÓN,ASFALTO,Bueno,Bueno,2,VOLKSWAGEN,ROJO,2,,33,FEMENINO,SIN DATOS,0,0,Morelia,Erendira,mayo,jueves,8,-101.168913803995,19.7023082282168
49225,49231,2024,MOR240295938,2024/05/16,"08:00:00",COLISIÓN POR CORTE DE CIRCULACIÓN,CONCRETO,Bueno,Bueno,2,VENTO,NEGRO/ROJO,2,,21,MASCULINO,SIN DATOS,0,0,Morelia,Agustin Arriaga Rivera,mayo,jueves,8,-101.222906000912,19.6907440443023
49226,49232,2024,,2024/05/16,"08:42:00",COLISIÓN CON PEATÓN,SIN_DATOS,Bueno,Bueno,2,HYUNDAI,PLATA,2,,20,MASCULINO,SIN DATOS,0,0,Morelia,Centro,mayo,jueves,9,-101.206056028604,19.7023880871521
49227,49233,2024,,2024/05/16,11:00:00,COLISIÓN POR CORTE DE CIRCULACIÓN,CONCRETO,Bueno,Bueno,2,MERCEDEZ BENZ,BLANCO,2,,45,MASCULINO,SIN DATOS,0,0,Morelia,Centro,mayo,jueves,11,-101.191749125719,19.6959645237267
49228,49234,2024,MOR240295939,2024/05/16,12:30:00,COLISIÓN CONTRA OBJETO FIJO,ASFALTO,Bueno,Bueno,1,HONDA,GRIS,1,,67,FEMENINO,SIN DATOS,0,0,Morelia,Libertad,mayo,jueves,13,-101.238003820181,19.6874591397224
49229,49235,2024,,2024/05/16,15:01:00,COLISIÓN POR CORTE DE CIRCULACIÓN,ASFALTO,Bueno,Bueno,2,VW,BLANCO,2,,56,MASCULINO,SIN DATOS,0,0,Morelia,Ciudad Industrial,mayo,jueves,15,-101.146858334541,19.722368612906
49230,49236,2024,,2024/05/16,15:30:00,COLISIÓN POR CORTE DE CIRCULACIÓN,ASFALTO,Bueno,Bueno,2,NISSAN,AZUL,2,MINISTERIO PÚBLICO,53,MASCULINO,SIN DATOS,0,0,Morelia,Jardines de Sindurio,mayo,jueves,16,-101.256568729877,19.697420343596
49231,49237,2024,,2024/05/16,16:35:00,COLISIÓN POR CORTE DE CIRCULACIÓN,ASFALTO,Bueno,Bueno,2,MAZDA,GRIS,2,,44,FEMENINO,SIN DATOS,0,0,Morelia,Nueva Chapultepec,mayo,jueves,17,-101.165806464851,19.688721528381
49232,49238,2024,,2024/05/16,17:11:00,COLISIÓN POR CORTE DE CIRCULACIÓN,ASFALTO,Bueno,Bueno,2,TOYOTA,BLANCO/AMARILLO,2,,36,MASCULINO,SIN DATOS,0,0,Morelia,Felix Ireta,mayo,jueves,17,-101.188059747219,19.6900015104617
49233,49239,2024,MO2400,2024/05/16,21:00:00,COLISIÓN CONTRA OBJETO FIJO,ASFALTO,Bueno,Bueno,1,HONDA,BLANCO,1,,20,MASCULINO,SIN DATOS,0,0,Morelia,Tzindurio Norte,mayo,jueves,21,-101.243799068034,19.700316161008
49234,49240,2024,MOR240297181,2024/05/16,21:20:00,COLISIÓN POR CORTE DE CIRCULACIÓN,CONCRETO,Bueno,Bueno,2,ITALIKA,NEGRO,2,,26,MASCULINO,SIN DATOS,0,0,Morelia,Juarez,mayo,jueves,21,-101.196999549866,19.6955390127299
49235,49241,2024,LEG52603,2024/05/16,23:00:00,COLISIÓN POR ALCANCE,ASFALTO,Bueno,Bueno,2,RENAULT,GRIS,2,,,,SIN DATOS,0,0,Morelia,Sentimientos de La Nacion,mayo,jueves,23,-101.23528406024,19.6811887182036
49236,49242,2024,,2024/05/16,23:05:00,COLISIÓN CON PEATÓN,ASFALTO,Bueno,Bueno,1,NISSAN,BLANCO,1,,51,MASCULINO,SIN DATOS,0,0,Morelia,Lazaro Cardenas,mayo,jueves,23,-101.163562740212,19.709805101539
49237,49243,2024,MOR 240299759,2024/05/17,"00:03:00",COLISIÓN POR CAMBIO DE CARRIL,ASFALTO,Bueno,Bueno,2,FORD,AZUL,2,,32,FEMENINO,SIN DATOS,0,0,Morelia,Chapultepec Sur,mayo,viernes,0,-101.172217279673,19.6903945962881
49238,49244,2024,,2024/05/17,"07:40:00",COLISIÓN CONTRA OBJETO FIJO,ASFALTO,Bueno,Bueno,1,GMC,NEGRO,1,,49,MASCULINO,SIN DATOS,0,0,Morelia,Valle de Las Flores,mayo,viernes,8,-101.126707663,19.6879726767955
49239,49245,2024,,2024/05/17,12:13:00,COLISIÓN POR CORTE DE CIRCULACIÓN,ASFALTO,Bueno,Bueno,2,CHRYSLER,ROJO,2,,80,MASCULINO,SIN DATOS,0,0,Morelia,Lindavista,mayo,viernes,12,-101.216491833329,19.7057288695067
49240,49246,2024,,2024/05/17,12:20:00,COLISIÓN POR ALCANCE,CONCRETO,Bueno,Bueno,2,DODGE,ROJO,2,MINISTERIO PÚBLICO,,MASCULINO,SIN DATOS,0,0,Morelia,Primo Tapia Oriente,mayo,viernes,12,-101.156932041049,19.714740490266
49241,49247,2024,MOR 240298664,2024/05/17,12:40:00,COLISIÓN CON PEATÓN,ASFALTO,Bueno,Bueno,2,FREIGHTLINER,BLANCO,2,,38,MASCULINO,SIN DATOS,0,0,Morelia,Primo Tapia Oriente,mayo,viernes,13,-101.158741526306,19.7135161819807
49242,49248,2024,,2024/05/17,13:30:00,COLISIÓN POR NO RESPETAR SEMÁFORO,ASFALTO,Bueno,Bueno,2,HONDA,BLANCO/AZUL,2,MINISTERIO PÚBLICO,17,MASCULINO,SIN DATOS,0,0,Morelia,Comision Federal de Electricidad,mayo,viernes,14,-101.181341484189,19.6815104056721
49243,49249,2024,,2024/05/17,14:30:00,COLISIÓN POR CORTE DE CIRCULACIÓN,ASFALTO,Bueno,Bueno,2,TOYOTA,NEGRO,2,,20,MASCULINO,SIN DATOS,0,0,Morelia,Ferrocarrilero,mayo,viernes,15,-101.217417195439,19.6976274149041
49244,49250,2024,,2024/05/17,14:39:00,SUBIDA AL CAMELLÓN,ASFALTO,Bueno,Bueno,1,RENAULT,ROJO,1,,80,MASCULINO,SIN DATOS,0,0,Morelia,Los Angeles,mayo,viernes,15,-101.171755939722,19.7505707879836
49245,49251,2024,LEG52628,2024/05/17,14:48:00,COLISIÓN POR CAMBIO DE CARRIL,ASFALTO,Bueno,Bueno,2,NISSAN,AZUL,2,,30,FEMENINO,CON CERTIFICADO,0,0,Morelia,Industrial,mayo,viernes,15,-101.193176060915,19.7073390826025
49246,49252,2024,,2024/05/17,15:10:00,COLISIÓN POR CORTE DE CIRCULACIÓN,ASFALTO,Bueno,Bueno,2,MITSIBISHI,BLANCO,3,,51,MASCULINO,SIN DATOS,1,0,Morelia,La Joya,mayo,viernes,15,-101.198037229478,19.7194309024554
49247,49253,2024,,2024/05/17,16:20:00,COLISIÓN POR ALCANCE,ASFALTO,Bueno,Bueno,2,CHEVROLET,BLANCO,2,,,MASCULINO,SIN DATOS,0,0,Morelia,Montaña Monarca,mayo,viernes,16,-101.161787509918,19.6724422966734
49248,49254,2024,,2024/05/17,19:55:00,COLISIÓN POR CAMBIO DE CARRIL,CONCRETO,Bueno,Bueno,2,CHEVROLET,AZUL,2,,57,MASCULINO,SIN DATOS,0,0,Morelia,Heroes de Bajan,mayo,viernes,20,-101.226093511515,19.6913248953953
49249,49255,2024,,2024/05/18,"00:00:00",COLISIÓN POR CORTE DE CIRCULACIÓN,ASFALTO,Bueno,Bueno,2,NISSAN,BLANCO,2,MINISTERIO PÚBLICO,31,MASCULINO,SIN DATOS,0,0,Morelia,Villa Universidad,mayo,sábado,0,-101.198522374034,19.6870241357736
49250,49256,2024,MOR240300755,2024/05/18,"00:00:00",COLISIÓN POR ALCANCE,ASFALTO,Bueno,Bueno,2,NISSAN,ROJO /BLANCO,2,,33,MASCULINO,SIN DATOS,0,0,Morelia,Bosques de Oriente,mayo,sábado,0,-101.155452802777,19.715599615154
49251,49257,2024,,2024/05/18,"00:30:00",SALIDA DE SUPERFICIE DE RODAMIENTO,ASFALTO,Bueno,Bueno,1,KENWORTH,BLANCO,1,,,MASCULINO,SIN DATOS,0,0,Charo,De Santiago,mayo,sábado,1,-101.044372,19.745476
49252,49258,2024,,2024/05/18,"09:40:00",COLISIÓN POR NO RESPETAR SEMÁFORO,ASFALTO,Bueno,Bueno,2,FORD,BLANCO/AZUL,2,,27,MASCULINO,SIN DATOS,0,0,Morelia,Residencial Alborada,mayo,sábado,10,-101.234631948173,19.7024701555816
49253,49259,2024,,2024/05/18,14:22:00,COLISIÓN POR CORTE DE CIRCULACIÓN,ASFALTO,Bueno,Bueno,2,KURAZAI,GUINDA,2,,46,MASCULINO,SIN DATOS,0,0,Morelia,Jardines de Sindurio,mayo,sábado,14,-101.256279721856,19.6975522884544
49254,49260,2024,MOR240301033,2024/05/18,15:50:00,COLISIÓN POR CORTE DE CIRCULACIÓN,ASFALTO,Bueno,Bueno,4,CHEVROLET,PLATA,3,,52,MASCULINO,SIN DATOS,0,0,Morelia,Industrial,mayo,sábado,16,-101.19756180793,19.711861977939
49255,49261,2024,,2024/05/18,16:24:00,COLISIÓN CONTRA OBJETO FIJO,ASFALTO,Bueno,Bueno,2,FORD,GRIS,1,,49,FEMENINO,SIN DATOS,0,0,Morelia,Ventura Puente,mayo,sábado,16,-101.190693005919,19.6923659529229
49256,49262,2024,,2024/05/18,16:50:00,COLISIÓN CON PEATÓN,SIN_DATOS,Bueno,Bueno,1,CHEVROLET,BLANCO,1,,,MASCULINO,SIN DATOS,0,0,Morelia,Lomas de Morelia (Dr Ignacio Chavez),mayo,sábado,17,-101.17502219975,19.7171145926871
49257,49263,2024,,2024/05/18,17:22:00,COLISIÓN POR ALCANCE,ASFALTO,Bueno,Bueno,3,RENAULT,ARENA,3,,51,FEMENINO,SIN DATOS,0,0,Morelia,Santillan La Huerta,mayo,sábado,17,-101.220679096878,19.6741458421638
49258,49264,2024,,2024/05/18,18:25:00,COLISIÓN POR CAMBIO DE CARRIL,ASFALTO,Bueno,Regular,2,KIA,ROJO,2,,37,MASCULINO,SIN DATOS,0,0,Morelia,San Jose Itzicuaro,mayo,sábado,18,-101.304352618754,19.6877568231661
49259,49265,2024,,2024/05/18,19:50:00,COLISIÓN POR ALCANCE,ASFALTO,Bueno,Bueno,2,VOLKSWAGEN,AZUL,2,,25,MASCULINO,SIN DATOS,0,0,Morelia,Lazaro Cardenas,mayo,sábado,20,-101.162815814526,19.7081202219735
49260,49266,2024,LEG52642,2024/05/18,20:30:00,SUBIDA AL CAMELLÓN,ASFALTO,Bueno,Bueno,1,NISSAN,BLANCO,1,,52,MASCULINO,ALIENTO ETÍLICO,0,0,Morelia,Jardines de Torremolinos,mayo,sábado,21,-101.225730702281,19.6786391880001
49261,49267,2024,LEG52644,2024/05/18,21:20:00,VOLCADURA,ASFALTO,Bueno,Bueno,1,ONOMAS,BLANCO,2,,0,MASCULINO,SIN DATOS,1,0,Morelia,Lomas del Tecnologico,mayo,sábado,21,-101.192213818431,19.722888419178
49262,49268,2024,LEG52645,2024/05/18,22:02:00,COLISIÓN POR CAMBIO DE CARRIL,ASFALTO,Bueno,Bueno,2,FORD,AMARILLO,2,,30,MASCULINO,SIN DATOS,0,0,Morelia,Ana Maria Gallaga (Riviera Norte),mayo,sábado,22,-101.223939992487,19.6767911004996
49263,49269,2024,LEG52646,2024/05/18,23:15:00,COLISIÓN CONTRA OBJETO FIJO,CONCRETO,Bueno,Bueno,1,CHEVROLET,BLANCO Y ROSA,1,,,,SIN DATOS,0,0,Morelia,Hacienda La Trinidad,mayo,sábado,23,-101.227989792824,19.6718197214163
49264,49270,2024,,2024/05/19,"02:10:00",VOLCADURA,ASFALTO,Bueno,Bueno,1,AUDI,BLANCO,1,,27,MASCULINO,SIN DATOS,0,0,Morelia,Real Punhuato,mayo,domingo,2,-101.149755120277,19.696712006181
49265,49271,2024,LEG52647,2024/05/19,"02:40:00",COLISIÓN CONTRA OBJETO FIJO,CONCRETO,Bueno,Bueno,1,VOLKSWAGEN,GRIS,1,MINISTERIO PÚBLICO,,,SIN DATOS,0,0,Morelia,Molino de Parras,mayo,domingo,3,-101.20184764266,19.6946299053263
49266,49272,2024,MOR240302933,2024/05/19,11:55:00,COLISIÓN CONTRA OBJETO FIJO,CONCRETO,Bueno,Regular,1,HONDA,AZUL,0,,,,,0,0,Morelia,Chapultepec Sur,mayo,domingo,12,-101.169599585,19.6939714299992
49267,49273,2024,,2024/05/19,13:10:00,COLISIÓN POR CORTE DE CIRCULACIÓN,CONCRETO,Bueno,Bueno,2,ITALIKA,NEGRO/ROJO,4,MINISTERIO PÚBLICO,27,MASCULINO,SIN DATOS,2,0,Pátzcuaro,Centro,mayo,domingo,13,-101.611760929227,19.521161392391
49268,49274,2024,MOR 240303424,2024/05/19,15:30:00,COLISIÓN POR MANIOBRA DE REVERSA,ASFALTO,Bueno,Bueno,2,CHEVROLET,BLANCO,2,,33,MASCULINO,SIN DATOS,0,0,Morelia,Lomas del Punhuato,mayo,domingo,16,-101.14558496,19.6998691899992
49269,49275,2024,,2024/05/19,17:50:00,COLISIÓN POR ALCANCE,ASFALTO,Bueno,Bueno,2,VOLKSWAGEN,NEGRO,2,,39,MASCULINO,SIN DATOS,0,0,Morelia,Independencia,mayo,domingo,18,-101.175636485,19.7094595949991
49270,49276,2024,,2024/05/19,20:25:00,VOLCADURA,ASFALTO,Bueno,Bueno,2,MITSUBISHI,ROJO,2,,27,MASCULINO,SIN DATOS,0,0,Morelia,Xangari,mayo,domingo,20,-101.219623120327,19.6720670459846
49271,49277,2024,,2024/05/19,21:00:00,COLISIÓN POR INVASIÓN DE CARRIL,CONCRETO,Bueno,Bueno,2,DODGE,NEGRO,2,,,MASCULINO,SIN DATOS,0,0,Morelia,Quinceo,mayo,domingo,21,-101.22453831998,19.7364077181669
49272,49278,2024,MOR 240304542,2024/05/19,22:55:00,COLISIÓN POR CORTE DE CIRCULACIÓN,ASFALTO,Bueno,Bueno,2,CHRYSLER,AZUL,2,MINISTERIO PÚBLICO,46,FEMENINO,SIN DATOS,0,0,Morelia,Sentimientos de La Nacion,mayo,domingo,23,-101.233194944297,19.682432823539
49273,49279,2024,,2024/05/20,"00:00:00",COLISIÓN CON PEATÓN,SIN_DATOS,Bueno,Bueno,2,NISSAN,BLANCO,2,MINISTERIO PÚBLICO,,MASCULINO,SIN DATOS,0,0,Morelia,Alberto Oviedo Mota,mayo,lunes,0,-101.196140686849,19.6817272495021
49274,49280,2024,,2024/05/20,"09:08:00",COLISIÓN POR INVASIÓN DE CARRIL,ASFALTO,Bueno,Bueno,2,DODGE,ROJO,2,,37,MASCULINO,SIN DATOS,0,0,Morelia,5 de Mayo,mayo,lunes,9,-101.17543291,19.7031789799992
49275,49281,2024,,2024/05/20,"09:24:00",COLISIÓN POR CORTE DE CIRCULACIÓN,ASFALTO,Bueno,Bueno,2,CHEVROLET,ROJO,2,,49,FEMENINO,SIN DATOS,0,0,Morelia,Carlos Salazar,mayo,lunes,9,-101.209658559066,19.7124165765648
49276,49282,2024,,2024/05/20,"09:30:00",COLISIÓN POR ALCANCE,ASFALTO,Bueno,Bueno,2,FORD,ROJO,2,,22,MASCULINO,SIN DATOS,0,0,Morelia,Camelinas,mayo,lunes,10,-101.17262119,19.6818144849991
49277,49283,2024,,2024/05/20,12:15:00,COLISIÓN POR ALCANCE,ASFALTO,Bueno,Bueno,2,NISSAN,BLANCO,2,,50,MASCULINO,SIN DATOS,0,0,Morelia,Hombres Ilustres de Michoacan,mayo,lunes,12,-101.276146210461,19.7025556603365
49278,49284,2024,,2024/05/20,12:36:00,COLISIÓN POR ALCANCE,CONCRETO,Bueno,Bueno,2,DODGE,BLANCO,2,,,MASCULINO,SIN DATOS,0,0,Morelia,Molino de Parras,mayo,lunes,13,-101.203508896233,19.6977341588019
49279,49285,2024,,2024/05/20,13:44:00,COLISIÓN POR NO RESPETAR SEMÁFORO,CONCRETO,Bueno,Bueno,2,HONDA,BLANCO,2,,45,FEMENINO,SIN DATOS,0,0,Morelia,La Loma,mayo,lunes,14,-101.1827400344,19.6793921923496
49280,49286,2024,MOR240305777,2024/05/20,14:40:00,COLISIÓN CON PEATÓN,ASFALTO,Bueno,Bueno,1,DODGE,NEGRO,2,,60,MASCULINO,SIN DATOS,1,0,Morelia,Sin datos,mayo,lunes,15,-101.11455884192,19.7372316661679
49281,49287,2024,MOR240300777,2024/05/20,18:10:00,COLISIÓN CONTRA OBJETO FIJO,ASFALTO,Bueno,Bueno,1,MAZDA,BLANCO,1,,0,FEMENINO,SIN DATOS,0,0,Morelia,Bosques Tres Marias,mayo,lunes,18,-101.103854812682,19.7214580799339
49282,49288,2024,,2024/05/20,20:10:00,COLISIÓN CON PEATÓN,SIN_DATOS,Bueno,Bueno,1,Nissan,Blanco,2,,0,MASCULINO,SIN DATOS,1,0,Morelia,Elias Perez Avalos,mayo,lunes,20,-101.165731698275,19.7142162387552
49283,49289,2024,LEG52671,2024/05/21,"09:00:00",COLISIÓN CONTRA OBJETO FIJO,ASFALTO,Bueno,Bueno,2,VOLKSWAGEN,BLANCO,1,,,FEMENINO,SIN DATOS,0,0,Morelia,San Isidro Itzicuaro Norte,mayo,martes,9,-101.263357400894,19.7042769129577
49284,49290,2024,,2024/05/21,"09:00:00",COLISIÓN POR CORTE DE CIRCULACIÓN,ASFALTO,Bueno,Bueno,2,MAN,BLANCO,2,,40,MASCULINO,SIN DATOS,0,0,Morelia,Elias Perez Avalos,mayo,martes,9,-101.165594905615,19.7104665751913
49285,49291,2024,,2024/05/21,"09:10:00",COLISIÓN POR MANIOBRA DE REVERSA,CONCRETO,Bueno,Bueno,2,JAC SUNRAY,BLANCO,2,,32,MASCULINO,SIN DATOS,0,0,Morelia,Elias Perez Avalos,mayo,martes,9,-101.168714314699,19.7149112424941
49286,49292,2024,LEG52673,2024/05/21,14:15:00,COLISIÓN POR CORTE DE CIRCULACIÓN,CONCRETO,Bueno,Bueno,2,VOLKSWAGEN,GRIS,2,,,MASCULINO,SIN DATOS,0,0,Morelia,Las Flores,mayo,martes,14,-101.205733828247,19.7066527489112
49287,49293,2024,,2024/05/21,15:20:00,COLISIÓN POR ALCANCE,ASFALTO,Bueno,Bueno,2,VOLKSWAGEN,BLANCO,2,,22,MASCULINO,SIN DATOS,0,0,Morelia,Independencia,mayo,martes,15,-101.177886798978,19.7192986600296
49288,49294,2024,,2024/05/21,15:30:00,COLISIÓN POR ALCANCE,CONCRETO,Bueno,Bueno,2,KIA RIO,GRIS,2,,34,FEMENINO,SIN DATOS,0,0,Morelia,Lazaro Cardenas,mayo,martes,16,-101.164716146886,19.7091046175431
49289,49295,2024,,2024/05/21,15:50:00,COLISIÓN POR CAMBIO DE CARRIL,CONCRETO,Bueno,Bueno,2,GENERAL MOTORS,BLANCO AZUL,2,,21,MASCULINO,SIN DATOS,0,0,Morelia,Centro,mayo,martes,16,-101.19810026139,19.7064589461576
49290,49296,2024,,2024/05/21,16:00:00,COLISIÓN POR ALCANCE,ASFALTO,Bueno,Bueno,2,Jeep,Blanco,2,MINISTERIO PÚBLICO,,,SIN DATOS,0,0,Morelia,Loma de Los Piñones,mayo,martes,16,-101.208076737821,19.6723554772467
49291,49297,2024,,2024/05/21,16:20:00,COLISIÓN POR ALCANCE,ASFALTO,Bueno,Bueno,2,DODGE,VERDE,2,,40,FEMENINO,SIN DATOS,0,0,Morelia,Enrique Arreguin Robles,mayo,martes,16,-101.184159815311,19.7195789254705
49292,49298,2024,,2024/05/21,18:00:00,COLISIÓN POR CAMBIO DE CARRIL,CONCRETO,Bueno,Bueno,2,Vento,Rojo,2,,,,SIN DATOS,0,0,Morelia,Indeco Expropiacion Petrolera,mayo,martes,18,-101.225782334805,19.6866674190267
49293,49299,2024,,2024/05/21,18:15:00,COLISIÓN CON PEATÓN,ASFALTO,Bueno,Bueno,2,MAZDA,ROJO,0,MINISTERIO PÚBLICO,,,,0,0,Lázaro Cárdenas,Lirios,mayo,martes,18,-102.207972407341,17.9680306390549
49294,49300,2024,MOR 240308616,2024/05/21,18:20:00,COLISIÓN CONTRA OBJETO FIJO,ASFALTO,Bueno,Bueno,1,CHEVROLET,ROJO,1,,51,MASCULINO,SIN DATOS,0,0,Morelia,Lomas de Santa Maria,mayo,martes,18,-101.182373128831,19.675322149329
49295,49301,2024,,2024/05/21,18:39:00,COLISIÓN POR CORTE DE CIRCULACIÓN,ASFALTO,Bueno,Bueno,2,Hero,Negro,2,MINISTERIO PÚBLICO,48,MASCULINO,SIN DATOS,0,0,Morelia,Lomas de Santa Maria,mayo,martes,19,-101.177774816751,19.6746500199637
49296,49302,2024,,2024/05/21,20:40:00,COLISIÓN POR ALCANCE,CONCRETO,Bueno,Bueno,3,CHEVROLET BEAT,NARANJA,3,,21,MASCULINO,SIN DATOS,0,0,Morelia,Sin datos,mayo,martes,21,-101.142974495888,19.7486711493003
49297,49303,2024,,2024/05/22,"01:30:00",COLISIÓN CONTRA OBJETO FIJO,CONCRETO,Bueno,Bueno,1,Volkswagen,Blanco,1,,18,MASCULINO,SIN DATOS,0,0,Morelia,Vasco de Quiroga,mayo,miércoles,2,-101.175878494978,19.6981195238433
49298,49304,2024,,2024/05/22,"07:50:00",COLISIÓN POR CORTE DE CIRCULACIÓN,ASFALTO,Bueno,Bueno,2,Nissan,Blanco/Naraja,5,MINISTERIO PÚBLICO,40,MASCULINO,SIN DATOS,3,0,Morelia,Felix Ireta,mayo,miércoles,8,-101.188125126064,19.6873606483658
49299,49305,2024,,2024/05/22,12:30:00,COLISIÓN POR INVASIÓN DE CARRIL,ASFALTO,Bueno,Bueno,2,Freightliner,Verde,2,,30,MASCULINO,SIN DATOS,0,0,Morelia,Ciudad Industrial,mayo,miércoles,13,-101.142908781767,19.7252447268317
49300,49306,2024,,2024/05/22,12:37:00,COLISIÓN POR CORTE DE CIRCULACIÓN,CONCRETO,Bueno,Bueno,1,CHEVROLET,ROJO,1,,37,MASCULINO,SIN DATOS,0,0,Morelia,Lazaro Cardenas,mayo,miércoles,13,-101.16502225399,19.7104956133277
49301,49307,2024,,2024/05/22,13:55:00,COLISIÓN POR NO RESPETAR SEMÁFORO,ASFALTO,Bueno,Bueno,2,CHEVROLET,GRIS,2,MINISTERIO PÚBLICO,,MASCULINO,SIN DATOS,0,0,Morelia,Bosques de Oriente,mayo,miércoles,14,-101.155453138053,19.7156056119683
49302,49308,2024,,2024/05/22,14:20:00,COLISIÓN POR CAMBIO DE CARRIL,CONCRETO,Bueno,Bueno,2,Vol,Negro,2,,30,MASCULINO,SIN DATOS,0,0,Morelia,Jacarandas,mayo,miércoles,14,-101.210106499493,19.7084768190233
49303,49309,2024,,2024/05/22,17:29:00,COLISIÓN POR ALCANCE,ASFALTO,Bueno,Bueno,2,KENWORTH,AZUL,2,,65,MASCULINO,SIN DATOS,0,0,Morelia,Elias Perez Avalos,mayo,miércoles,17,-101.167813022979,19.7136335493406
49304,49310,2024,,2024/05/22,17:30:00,COLISIÓN POR ALCANCE,ASFALTO,Bueno,Bueno,2,ITALIKA,ROJA,1,,35,MASCULINO,SIN DATOS,0,0,Morelia,Jardines de Guadalupe,mayo,miércoles,18,-101.225649548577,19.7117045865626
49307,49313,2024,MOR240311309,2024/05/23,"01:30:00",COLISIÓN POR ALCANCE,ASFALTO,Bueno,Bueno,3,MG,GRIS,2,,41,MASCULINO,SIN DATOS,0,0,Morelia,Martires de Uruapan,mayo,jueves,2,-101.197319408167,19.725017061641
49308,49314,2024,LEG52695,2024/05/23,"07:50:00",COLISIÓN POR CORTE DE CIRCULACIÓN,ASFALTO,Bueno,Bueno,2,NISSAN,ROJO,2,MINISTERIO PÚBLICO,,MASCULINO,SIN DATOS,0,0,Morelia,Independencia,mayo,jueves,8,-101.176133975387,19.7056114509017
49309,49315,2024,,2024/05/23,"08:20:00",COLISIÓN CON PEATÓN,SIN_DATOS,Bueno,Bueno,2,NISSAN,BLANCO,4,,22,MASCULINO,SIN DATOS,2,0,Morelia,Fracc Heroes Republicanos,mayo,jueves,8,-101.276666522026,19.6924404504718
49310,49316,2024,,2024/05/23,"09:30:00",COLISIÓN POR CAMBIO DE CARRIL,ASFALTO,Bueno,Bueno,2,HYUNDAI,NEGRO,2,,36,MASCULINO,SIN DATOS,0,0,Morelia,Ana Maria Gallaga (Riviera Norte),mayo,jueves,10,-101.223121583462,19.6767737370892
49311,49317,2024,,2024/05/23,11:50:00,COLISIÓN POR CORTE DE CIRCULACIÓN,ASFALTO,Bueno,Bueno,2,JEEP,BLANCO,2,,42,MASCULINO,SIN DATOS,0,0,Morelia,Chapultepec Sur,mayo,jueves,12,-101.175956279039,19.6918015381631
49312,49318,2024,,2024/05/23,14:00:00,COLISIÓN POR CORTE DE CIRCULACIÓN,ASFALTO,Bueno,Bueno,2,NISSAN,BLANCO,2,MINISTERIO PÚBLICO,,,SIN DATOS,0,0,Morelia,Francisco Javier Mina,mayo,jueves,14,-101.215942651033,19.7128476848691
49313,49319,2024,,2024/05/23,14:05:00,COLISIÓN POR ALCANCE,CONCRETO,Bueno,Bueno,3,KIA SPORTAGE,GRIS,3,,45,FEMENINO,SIN DATOS,0,0,Morelia,Sentimientos de La Nacion,mayo,jueves,14,-101.233194284141,19.6781994246634
49314,49320,2024,,2024/05/23,14:50:00,COLISIÓN POR ALCANCE,ASFALTO,Bueno,Bueno,2,VOLKSWAGEN,BLANCO,2,MINISTERIO PÚBLICO,45,FEMENINO,SIN DATOS,0,0,Morelia,Felix Ireta,mayo,jueves,15,-101.188443303108,19.6817705332409
49315,49321,2024,LEG52703,2024/05/23,14:55:00,COLISIÓN POR ALCANCE,ASFALTO,Bueno,Bueno,2,FORD,NARANJA,2,,,FEMENINO,SIN DATOS,0,0,Morelia,Camelinas,mayo,jueves,15,-101.174202114344,19.6819473187262