fid,id_accidente,anio_origen,folio_c5i,dia_incidente,hora_ocurrencia,tipo_incidente_vial,superficie_ocurrencia,condiciones_climaticas,condiciones_via,numero_vehiculos_involucrados,marca_vehiculo_ocasiona_siniestro,color_vehiculo_ocasiona_siniestro,numero_personas_involucradas,lugar_remite_presunto_responsable,edad_presunto_responsable,sexo_presunto_responsable,resultados_toxicologia,numero_personas_lesionadas,numero_personas_fallecidas,municipio,colonia,mes,dia_semana,hora_redondeada,lon,lat
49316,49322,2024,LEG52700,2024/05/23,15:04:00,COLISIÓN POR CAMBIO DE CARRIL,ASFALTO,Bueno,Bueno,2,TOYOTA,GRIS,2,,,FEMENINO,SIN DATOS,0,0,Morelia,Jardines del Rincon,mayo,jueves,15,-101.153278872371,19.6872684705028
49317,49323,2024,,2024/05/23,16:11:00,COLISIÓN POR ALCANCE,CONCRETO,Bueno,Bueno,3,KENWORTH,BLANCO,3,,52,MASCULINO,SIN DATOS,0,0,Morelia,Lomas de Huerta,mayo,jueves,16,-101.214279010892,19.6743283187204
49318,49324,2024,,2024/05/23,16:20:00,COLISIÓN POR CAMBIO DE CARRIL,CONCRETO,Nublado,Bueno,2,ITALIKA/WS150,AZUL AMARILLO,2,MINISTERIO PÚBLICO,0,MASCULINO,SIN DATOS,0,0,Morelia,Centro,mayo,jueves,16,-101.189981549978,19.7086832447512
49319,49325,2024,,2024/05/23,18:15:00,COLISIÓN POR CORTE DE CIRCULACIÓN,ASFALTO,Bueno,Bueno,2,DODGE,AZUL,2,MINISTERIO PÚBLICO,45,FEMENINO,SIN DATOS,0,0,Morelia,Tzindurio Norte,mayo,jueves,18,-101.243799738586,19.7003167923119
49320,49326,2024,,2024/05/23,19:04:00,SALIDA DE SUPERFICIE DE RODAMIENTO,ASFALTO,Bueno,Bueno,1,KENWORTH,BLANCO,1,,35,MASCULINO,SIN DATOS,0,0,Morelia,Rinconada del Valle,mayo,jueves,19,-101.218781769276,19.6790183369001
49321,49327,2024,,2024/05/23,20:00:00,COLISIÓN POR CORTE DE CIRCULACIÓN,ASFALTO,Bueno,Bueno,2,ITALIKA,NEGRO,2,,30,MASCULINO,SIN DATOS,0,0,Morelia,Indeco La Huerta,mayo,jueves,20,-101.230407804251,19.6473387900228
49322,49328,2024,,2024/05/23,20:15:00,COLISIÓN POR CORTE DE CIRCULACIÓN,ASFALTO,Bueno,Bueno,2,VOLKSWAGEN,NEGRO,0,MINISTERIO PÚBLICO,,,,0,0,Lázaro Cárdenas,El Palmar 77,mayo,jueves,20,-102.214761078358,17.9753083417692
49323,49329,2024,,2024/05/23,21:50:00,COLISIÓN CONTRA OBJETO FIJO,TERRACERIA,Nublado,Malo,1,FORD,VERDE,1,,65,MASCULINO,SIN DATOS,0,0,Morelia,Rafael Carrillo,mayo,jueves,22,-101.236438415945,19.7077988317307
49324,49330,2024,,2024/05/24,"00:00:00",COLISIÓN CONTRA OBJETO FIJO,ASFALTO,Bueno,Bueno,2,NISSAN,BLANCO,1,,22,MASCULINO,SIN DATOS,0,0,Morelia,Vasco de Quiroga,mayo,viernes,0,-101.171861551702,19.7025692689365
49325,49331,2024,,2024/05/24,"00:40:00",COLISIÓN POR CORTE DE CIRCULACIÓN,ASFALTO,Bueno,Bueno,2,CHEVROLET,CAFE,2,MINISTERIO PÚBLICO,,MASCULINO,SIN DATOS,0,0,Morelia,Nueva Valladolid,mayo,viernes,1,-101.209646165371,19.7009733470686
49326,49332,2024,,2024/05/24,10:12:00,COLISIÓN POR CORTE DE CIRCULACIÓN,ASFALTO,Bueno,Bueno,2,MG,Negro,2,,67,FEMENINO,SIN DATOS,0,0,Morelia,Los Manantiales de Morelia,mayo,viernes,10,-101.243019551039,19.7001687514681
49327,49333,2024,MOR240311314,2024/05/24,10:30:00,COLISIÓN POR ALCANCE,ASFALTO,Bueno,Bueno,2,DODGE,ROJO,2,,63,MASCULINO,SIN DATOS,0,0,Morelia,Tinijaro,mayo,viernes,11,-101.261781938374,19.6965453380983
49328,49334,2024,,2024/05/24,10:50:00,COLISIÓN POR MANIOBRA DE REVERSA,ASFALTO,Bueno,Bueno,2,CHEVROLET,ROJO,2,,34,MASCULINO,SIN DATOS,0,0,Morelia,Los Manantiales de Morelia,mayo,viernes,11,-101.243017874658,19.7001674888591
49329,49335,2024,LEG52714,2024/05/24,12:00:00,COLISIÓN POR INVASIÓN DE CARRIL,ASFALTO,Bueno,Bueno,2,INTERNATIONAL,BLANCO,2,,43,MASCULINO,SIN DATOS,0,0,Madero,Sin datos,mayo,viernes,12,-101.34664401412,19.3647525315005
49330,49336,2024,,2024/05/24,12:10:00,COLISIÓN CONTRA OBJETO FIJO,ASFALTO,Bueno,Bueno,2,INTERNATIONAL,BLANCO,2,,43,MASCULINO,SIN DATOS,0,0,Madero,Sin datos,mayo,viernes,12,-101.346642673016,19.3647487357986
49331,49337,2024,,2024/05/24,12:43:00,COLISIÓN POR CORTE DE CIRCULACIÓN,ASFALTO,Bueno,Bueno,2,TOYOTA,NEGRO,2,,30,MASCULINO,SIN DATOS,0,0,Morelia,Sin datos,mayo,viernes,13,-101.118533872068,19.7308071288347
49332,49338,2024,MOR240313781,2024/05/24,13:00:00,COLISIÓN POR NO RESPETAR SEMÁFORO,ASFALTO,Bueno,Bueno,2,HONDA,ROJO,4,MINISTERIO PÚBLICO,18,MASCULINO,SIN DATOS,2,0,Morelia,Josefa Ortiz de Dominguez,mayo,viernes,13,-101.209802739322,19.6721793125926
49333,49339,2024,,2024/05/24,13:30:00,COLISIÓN POR ALCANCE,ASFALTO,Bueno,Bueno,3,TOYOTA,BLANCO/MORADO,3,MINISTERIO PÚBLICO,39,MASCULINO,SIN DATOS,0,0,Morelia,Isaac Arriaga,mayo,viernes,14,-101.172401681542,19.7072650883161
49334,49340,2024,,2024/05/24,13:30:00,COLISIÓN POR CORTE DE CIRCULACIÓN,ASFALTO,Bueno,Bueno,2,INTERNACIONAL,BLANCO,2,,37,MASCULINO,SIN DATOS,0,0,Morelia,Cañada del Bosque,mayo,viernes,14,-101.095476932824,19.7297656725563
49335,49341,2024,,2024/05/24,13:34:00,COLISIÓN POR ALCANCE,SIN_DATOS,Bueno,Bueno,2,VOLKSWAGEN,ROJO,2,,30,FEMENINO,SIN DATOS,0,0,Morelia,Centro,mayo,viernes,14,-101.190498718819,19.7038461425665
49336,49342,2024,,2024/05/24,17:25:00,COLISIÓN POR CAMBIO DE CARRIL,CONCRETO,Bueno,Bueno,2,KENWORTH,BLANCO,2,,52,MASCULINO,SIN DATOS,0,0,Morelia,Central de Abastos,mayo,viernes,17,-101.167301461101,19.7174381016543
49337,49343,2024,,2024/05/24,17:25:00,COLISIÓN CONTRA OBJETO FIJO,ASFALTO,Bueno,Bueno,1,HONDA,GRIS,1,,24,MASCULINO,SIN DATOS,0,0,Morelia,Ejidal Ocolusen,mayo,viernes,17,-101.152285449207,19.6843108587838
49338,49344,2024,,2024/05/24,18:56:00,COLISIÓN POR CORTE DE CIRCULACIÓN,ASFALTO,Bueno,Bueno,2,ITALIKA,ROJO,1,MINISTERIO PÚBLICO,,,,1,0,Morelia,Primo Tapia Oriente,mayo,viernes,19,-101.159325242043,19.7182852186193
49339,49345,2024,,2024/05/24,19:40:00,COLISIÓN POR CAMBIO DE CARRIL,ASFALTO,Bueno,Bueno,2,CHRYSLER,VERDE,2,,35,FEMENINO,SIN DATOS,0,0,Morelia,Isaac Arriaga,mayo,viernes,20,-101.166313067079,19.7101373707323
49340,49346,2024,,2024/05/25,"00:00:00",COLISIÓN CONTRA OBJETO FIJO,ASFALTO,Bueno,Bueno,1,FORD,NEGRO,0,,,,,0,0,Morelia,Eduardo Ruiz,mayo,sábado,0,-101.224093213677,19.7248562193493
49341,49347,2024,,2024/05/25,"07:10:00",COLISIÓN POR ALCANCE,ASFALTO,Bueno,Bueno,2,VOLKSWAGEN,PLATA,2,,32,MASCULINO,SIN DATOS,0,0,Morelia,Santillan La Huerta,mayo,sábado,7,-101.220131926239,19.6753249906402
49342,49348,2024,,2024/05/25,"07:45:00",COLISIÓN POR ALCANCE,ASFALTO,Bueno,Bueno,2,KENWORTH,BLANCO/NARANJA,2,,38,MASCULINO,SIN DATOS,0,0,Morelia,Sentimientos de La Nacion,mayo,sábado,8,-101.235283054411,19.681188402514
49343,49349,2024,,2024/05/25,13:00:00,COLISIÓN POR CORTE DE CIRCULACIÓN,ASFALTO,Bueno,Bueno,2,KENWORTH,BLANCO/NARANJA,2,,34,MASCULINO,SIN DATOS,0,0,Morelia,Campestre Los Manantiales,mayo,sábado,13,-101.239648014307,19.6909852166514
49344,49350,2024,,2024/05/25,15:00:00,COLISIÓN POR ALCANCE,ASFALTO,Bueno,Bueno,2,AUDI,NEGRO,2,,,MASCULINO,SIN DATOS,0,0,Morelia,Dr Miguel Silva,mayo,sábado,15,-101.188297122717,19.7211383664328
49345,49351,2024,,2024/05/25,15:30:00,COLISIÓN POR ALCANCE,ASFALTO,Bueno,Bueno,2,RENAULT,BLANCO,2,,60,MASCULINO,SIN DATOS,0,0,Morelia,Alberto Oviedo Mota,mayo,sábado,16,-101.202166825533,19.6774730074912
49346,49352,2024,,2024/05/25,16:10:00,COLISIÓN POR CORTE DE CIRCULACIÓN,ASFALTO,Bueno,Bueno,2,MERCEDES BENZ,BLANCO/NARANJA,2,,31,MASCULINO,SIN DATOS,0,0,Morelia,La Luz,mayo,sábado,16,-101.299807280302,19.6873420233909
49347,49353,2024,,2024/05/25,16:50:00,COLISIÓN CON PEATÓN,ASFALTO,Bueno,Bueno,1,SUZUKI,GRIS,2,,25,FEMENINO,SIN DATOS,1,0,Morelia,Felix Ireta,mayo,sábado,17,-101.185115352273,19.6811473628493
49348,49354,2024,,2024/05/25,18:05:00,COLISIÓN CONTRA OBJETO FIJO,CONCRETO,Nublado,Bueno,2,VOLKSWAGEN /JETTA,GRIS,2,,0,,SIN DATOS,0,0,Morelia,Centro,mayo,sábado,18,-101.187998056412,19.6991652897716
49349,49355,2024,LEG52737,2024/05/25,18:38:00,COLISIÓN POR CORTE DE CIRCULACIÓN,ASFALTO,Bueno,Bueno,2,TOYOTA,BLANCO,2,MINISTERIO PÚBLICO,,FEMENINO,SIN DATOS,0,0,Morelia,Felix Ireta,mayo,sábado,19,-101.188123449683,19.6885422249719
49350,49356,2024,,2024/05/25,19:25:00,COLISIÓN POR CAMBIO DE CARRIL,ASFALTO,Bueno,Bueno,2,NISSAN MICRA,VERDE,2,MINISTERIO PÚBLICO,30,MASCULINO,SIN DATOS,0,0,Morelia,Felix Ireta,mayo,sábado,19,-101.190417744219,19.6824085385112
49351,49357,2024,,2024/05/25,20:50:00,COLISIÓN POR ALCANCE,ASFALTO,Bueno,Bueno,2,VOLKSWAGEN,ROJO,2,,30,MASCULINO,SIN DATOS,0,0,Morelia,Sin datos,mayo,sábado,21,-101.408928260207,19.6463640472335
49352,49358,2024,,2024/05/25,23:30:00,COLISIÓN POR CORTE DE CIRCULACIÓN,ASFALTO,Bueno,Bueno,1,FAW,BLANCO,0,,,,,0,0,Tzitzio,Tzitzio,mayo,sábado,0,-100.926398523152,19.5847105240723
49353,49359,2024,,2024/05/26,"01:30:00",COLISIÓN POR ALCANCE,ASFALTO,Bueno,Bueno,2,VOLKSWAGEN,GRIS,2,,0,,SIN DATOS,0,0,Morelia,Camelinas,mayo,domingo,2,-101.17255859077,19.6817932628142
49354,49360,2024,,2024/05/26,"02:30:00",COLISIÓN POR CORTE DE CIRCULACIÓN,ASFALTO,Bueno,Bueno,2,FORD,BLANCO,2,MINISTERIO PÚBLICO,42,MASCULINO,SIN DATOS,0,0,Morelia,Cuauhtemoc,mayo,domingo,3,-101.181975826621,19.6940396140739
49355,49361,2024,,2024/05/26,"02:45:00",COLISIÓN POR NO RESPETAR SEMÁFORO,ASFALTO,Bueno,Bueno,2,VOLKSWAGEN,NEGRO,1,MINISTERIO PÚBLICO,36,MASCULINO,SIN DATOS,0,0,Pátzcuaro,Las Palmas,mayo,domingo,3,-101.617341600358,19.5104880106011
49356,49362,2024,,2024/05/26,"05:00:00",COLISIÓN CONTRA OBJETO FIJO,CONCRETO,Bueno,Bueno,1,VOLKSWAGEN,GRIS,1,,31,MASCULINO,SIN DATOS,0,0,Morelia,Las Flores,mayo,domingo,5,-101.206387281418,19.7023685169819
49357,49363,2024,,2024/05/26,"06:21:00",COLISIÓN POR CAMBIO DE CARRIL,ASFALTO,Bueno,Bueno,2,CHEVROLET,ROJO,2,MINISTERIO PÚBLICO,33,MASCULINO,SIN DATOS,0,0,Morelia,Virrey Antonio de Mendoza,mayo,domingo,6,-101.162201575935,19.7065937243189
49358,49364,2024,LEG52745,2024/05/26,"07:00:00",COLISIÓN CONTRA OBJETO FIJO,ASFALTO,Bueno,Bueno,1,CHEVROLET,BLANCO,1,MINISTERIO PÚBLICO,,,SIN DATOS,0,0,Morelia,Ampliacion La Soledad,mayo,domingo,7,-101.186873875558,19.7304628178285
49359,49365,2024,,2024/05/26,"08:45:00",VOLCADURA,ASFALTO,Bueno,Bueno,1,HONDA,BLANCO,3,,26,MASCULINO,SIN DATOS,2,0,Morelia,Alberto Oviedo Mota,mayo,domingo,9,-101.19786825031,19.6811735650979
49360,49366,2024,MOR240318706,2024/05/26,10:20:00,COLISIÓN POR NO RESPETAR SEMÁFORO,CONCRETO,Bueno,Bueno,2,FORD,ROJO,2,,72,MASCULINO,SIN DATOS,0,0,Morelia,Centro,mayo,domingo,10,-101.203975975513,19.7041882169241
49361,49367,2024,,2024/05/26,11:53:00,COLISIÓN POR NO RESPETAR SEMÁFORO,ASFALTO,Bueno,Bueno,2,TOYOTA,ROJO,2,MINISTERIO PÚBLICO,84,MASCULINO,SIN DATOS,0,0,Morelia,Vasco de Quiroga,mayo,domingo,12,-101.178203634918,19.6989541169428
49362,49368,2024,LEG52750,2024/05/26,13:15:00,COLISIÓN CONTRA OBJETO FIJO,ASFALTO,Bueno,Bueno,2,NISSAN,BLANCO,2,,23,MASCULINO,SIN DATOS,0,0,Morelia,Morelos,mayo,domingo,13,-101.1853761971,19.7240167117346
49363,49369,2024,MOR 240280755,2024/05/26,14:00:00,COLISIÓN CONTRA OBJETO FIJO,CONCRETO,Bueno,Bueno,2,NISSAN,GRIS,2,MINISTERIO PÚBLICO,54,MASCULINO,SIN DATOS,0,0,Morelia,Infonavit Colonial Universidad,mayo,domingo,14,-101.207,19.6853
49364,49370,2024,MOR 240317439,2024/05/26,21:05:00,COLISIÓN CONTRA OBJETO FIJO,ASFALTO,Bueno,Regular,2,SE DESCONOCE,SE DESCONOCE,1,,48,FEMENINO,SIN DATOS,0,0,Morelia,Emiliano Zapata,mayo,domingo,21,-101.228325068951,19.6581691827989
49366,49372,2024,,2024/05/27,"00:00:00",COLISIÓN CONTRA OBJETO FIJO,CONCRETO,Bueno,Bueno,2,FORD,VERDE,1,,35,,SIN DATOS,0,0,Morelia,Cayetano Andrade,mayo,lunes,0,-101.193731553303,19.6697352927367
49367,49373,2024,,2024/05/27,"08:00:00",COLISIÓN POR ALCANCE,ASFALTO,Bueno,Bueno,3,PLYMOUTH,VERDE,3,,57,MASCULINO,SIN DATOS,0,0,Morelia,Xangari,mayo,lunes,8,-101.219623120327,19.6720670459846
49368,49374,2024,MOR 240280794,2024/05/27,18:15:00,VOLCADURA,ASFALTO,Bueno,Bueno,1,KENWORT,BLANCO,1,,27,MASCULINO,SIN DATOS,0,0,Morelia,Obrera,mayo,lunes,18,-101.182860991234,19.7107343876966
49369,49375,2024,,2024/05/27,19:00:00,COLISIÓN CONTRA OBJETO FIJO,CONCRETO,Bueno,Bueno,2,HONDA,AZUL,1,,,,SIN DATOS,0,0,Morelia,El Porvenir,mayo,lunes,19,-101.203738427381,19.712601165795
49371,49377,2024,,2024/05/28,"07:45:00",COLISIÓN CONTRA OBJETO FIJO,ASFALTO,Lluvioso,Regular,1,CHEVROLET,PLATA,1,,33,MASCULINO,SIN DATOS,0,0,Morelia,Sin datos,mayo,martes,8,-101.125,19.7143
49372,49378,2024,,2024/05/28,"08:20:00",SALIDA DE SUPERFICIE DE RODAMIENTO,ASFALTO,Lluvioso,Malo,1,CHEVROLET,ROJO,1,MINISTERIO PÚBLICO,63,MASCULINO,SIN DATOS,0,0,Morelia,Sin datos,mayo,martes,8,-101.125,19.7143
49373,49379,2024,,2024/05/28,"09:04:00",COLISIÓN CON PEATÓN,SIN_DATOS,Bueno,Bueno,1,FIAT,GRIS,1,,28,MASCULINO,SIN DATOS,0,0,Morelia,Sin datos,mayo,martes,9,-101.119233593345,19.700426323509
49374,49380,2024,LEG52762,2024/05/28,"09:10:00",COLISIÓN POR NO RESPETAR SEMÁFORO,ASFALTO,Lluvioso,Regular,2,VOLKSWAGEN,PLATA,2,,28,FEMENINO,SIN DATOS,0,0,Morelia,Cosmos,mayo,martes,9,-101.216411367059,19.6833410760315
49375,49381,2024,,2024/05/28,12:15:00,COLISIÓN POR CAMBIO DE CARRIL,ASFALTO,Bueno,Bueno,2,NISSAN,AZUL,2,MINISTERIO PÚBLICO,60,MASCULINO,SIN DATOS,0,0,Morelia,Tzindurio de Morelos,mayo,martes,12,-101.250169984996,19.6984992579302
49376,49382,2024,,2024/05/28,12:46:00,COLISIÓN POR CORTE DE CIRCULACIÓN,ASFALTO,Bueno,Bueno,2,NISSAN,BLANCO,2,,63,MASCULINO,SIN DATOS,0,0,Morelia,Ciudad Industrial,mayo,martes,13,-101.142934598029,19.7252731310784
49377,49383,2024,,2024/05/28,14:38:00,COLISIÓN POR ALCANCE,ASFALTO,Bueno,Bueno,2,CHEVROLET,PLATA,2,,29,MASCULINO,SIN DATOS,0,0,Morelia,Guadalupe,mayo,martes,15,-101.22623629868,19.7089164991904
49379,49385,2024,,2024/05/28,19:25:00,COLISIÓN POR NO RESPETAR SEMÁFORO,ASFALTO,Bueno,Bueno,2,HONDA,BLANCO,2,,76,FEMENINO,SIN DATOS,0,0,Morelia,Felicitas del Rio,mayo,martes,19,-101.199315807371,19.6912362607314
49380,49386,2024,,2024/05/28,19:50:00,COLISIÓN POR CAMBIO DE CARRIL,ASFALTO,Bueno,Bueno,2,DINA,BLANCO,2,,18,MASCULINO,SIN DATOS,0,0,Morelia,Eduardo Ruiz,mayo,martes,20,-101.221859682349,19.7216992118204
49381,49387,2024,,2024/05/28,20:30:00,COLISIÓN POR CORTE DE CIRCULACIÓN,ASFALTO,Bueno,Bueno,2,FORD,VERDE,3,,38,MASCULINO,SIN DATOS,1,0,Morelia,Adolfo Lopez Mateos,mayo,martes,21,-101.226139622885,19.6981067844139
49384,49390,2024,,2024/05/29,"08:00:00",COLISIÓN POR CAMBIO DE CARRIL,ASFALTO,Nublado,Bueno,2,KIA,BLANCO,2,,,FEMENINO,SIN DATOS,0,0,Morelia,Camelinas,mayo,miércoles,8,-101.17262119,19.6818144849991
49385,49391,2024,,2024/05/29,10:15:00,COLISIÓN POR ALCANCE,ASFALTO,Bueno,Bueno,2,NISSAN/CABINA 1/2,ROJO,2,,26,MASCULINO,SIN DATOS,0,0,Morelia,San Pascual,mayo,miércoles,10,-101.270379408044,19.6970457415879
49386,49392,2024,,2024/05/29,12:30:00,COLISIÓN POR CORTE DE CIRCULACIÓN,ASFALTO,Bueno,Bueno,1,KENWORTH,ROJO,1,,56,MASCULINO,SIN DATOS,0,0,Morelia,Arcos del Valle,mayo,miércoles,13,-101.236246302724,19.7076217591572
49387,49393,2024,,2024/05/29,14:10:00,COLISIÓN POR ALCANCE,ASFALTO,Bueno,Bueno,2,NISSAN VERSA,NEGRO,2,,60,MASCULINO,SIN DATOS,0,0,Morelia,Canteras de Morelia,mayo,miércoles,14,-101.171487048268,19.7147524839589
49388,49394,2024,,2024/05/29,15:00:00,COLISIÓN POR ALCANCE,CONCRETO,Bueno,Bueno,2,VOLKSWAGEN,GRIS,1,MINISTERIO PÚBLICO,,MASCULINO,SIN DATOS,0,0,Morelia,Villa Universidad,mayo,miércoles,15,-101.200979612768,19.6850950147624
49389,49395,2024,,2024/05/29,16:46:00,COLISIÓN POR CAMBIO DE CARRIL,CONCRETO,Bueno,Bueno,2,VENTO,BLANCO,2,MINISTERIO PÚBLICO,27,MASCULINO,SIN DATOS,0,0,Morelia,Buenavista,mayo,miércoles,17,-101.165707558393,19.7062664057301
49390,49396,2024,,2024/05/29,21:20:00,COLISIÓN CON PEATÓN,SIN_DATOS,Bueno,Bueno,1,TOYOTA,ARENA,2,,32,FEMENINO,SIN DATOS,0,0,Morelia,La Quemada,mayo,miércoles,21,-101.240059827697,19.7032952648833
49391,49397,2024,,2024/05/29,21:50:00,COLISIÓN POR CAMBIO DE CARRIL,ASFALTO,Bueno,Bueno,2,CHEVROLET/SONIC,ROJO,2,,27,MASCULINO,SIN DATOS,0,0,Morelia,La Hacienda,mayo,miércoles,22,-101.317806243896,19.6780706208157
49392,49398,2024,,2024/05/30,"07:10:00",COLISIÓN CON PEATÓN,CONCRETO,Bueno,Bueno,1,ITALIKA,BLANCO Y NEGRO,2,MINISTERIO PÚBLICO,,MASCULINO,SIN DATOS,1,0,Morelia,Jardines de Torremolinos,mayo,jueves,7,-101.226202580319,19.6783745439089
49393,49399,2024,,2024/05/30,"07:30:00",COLISIÓN POR CORTE DE CIRCULACIÓN,ASFALTO,Bueno,Bueno,2,NISSAN,PLATA,2,,20,FEMENINO,SIN DATOS,0,0,Morelia,Los Girasoles,mayo,jueves,8,-101.21369831264,19.6911174824844
49394,49400,2024,,2024/05/30,"08:50:00",COLISIÓN POR CAMBIO DE CARRIL,ASFALTO,Bueno,Bueno,2,TOYOTA,BLANCO Y ROSA,2,,22,MASCULINO,SIN DATOS,0,0,Morelia,Loma Bonita,mayo,jueves,9,-101.196551285684,19.7228205635675
49395,49401,2024,,2024/05/30,10:10:00,COLISIÓN POR CORTE DE CIRCULACIÓN,ASFALTO,Bueno,Bueno,2,KENWORTH,BLANCO,2,,32,MASCULINO,SIN DATOS,0,0,Morelia,Isaac Arriaga,mayo,jueves,10,-101.16631038487,19.7101383176301
49396,49402,2024,,2024/05/30,13:05:00,COLISIÓN CONTRA OBJETO FIJO,CONCRETO,Bueno,Bueno,1,TOYOTA,BLANCO,1,,,,SIN DATOS,0,0,Morelia,Infonavit Benito Juarez,mayo,jueves,13,-101.19719132781,19.6856323046051
49397,49403,2024,,2024/05/30,13:50:00,COLISIÓN POR CORTE DE CIRCULACIÓN,CONCRETO,Bueno,Bueno,1,NISSAN,BLANCO Y CAFE,2,,21,MASCULINO,SIN DATOS,1,0,Morelia,Justo Mendoza,mayo,jueves,14,-101.23041216284,19.7124455752509
49398,49404,2024,,2024/05/30,15:38:00,COLISIÓN POR CORTE DE CIRCULACIÓN,ASFALTO,Bueno,Bueno,2,FORD,BLANCO,2,,,MASCULINO,SIN DATOS,0,0,Morelia,Chapultepec Norte,mayo,jueves,16,-101.173398122191,19.6937365760078
49399,49405,2024,MOR 2403174,2024/05/30,15:40:00,COLISIÓN POR CORTE DE CIRCULACIÓN,ASFALTO,Bueno,Bueno,2,DODGE,ARENA,2,,34,FEMENINO,SIN DATOS,0,0,Morelia,Sin datos,mayo,jueves,16,-101.164612881839,19.6650028061455
49400,49406,2024,,2024/05/30,16:00:00,COLISIÓN POR ALCANCE,ASFALTO,Bueno,Bueno,2,FORD,BLANCO,2,,43,MASCULINO,SIN DATOS,0,0,Morelia,Sentimientos de La Nacion,mayo,jueves,16,-101.236871257424,19.6848036400221
49401,49407,2024,,2024/05/30,19:32:00,COLISIÓN POR INVASIÓN DE CARRIL,ASFALTO,Bueno,Bueno,2,FREIGHTLINER,ROJO,2,,33,MASCULINO,SIN DATOS,0,0,Morelia,Primo Tapia Oriente,mayo,jueves,20,-101.160155385733,19.7126646209611
49402,49408,2024,,2024/05/30,20:00:00,COLISIÓN POR CORTE DE CIRCULACIÓN,ASFALTO,Bueno,Bueno,1,NISSAN,BLANCO/AZUL,2,,65,MASCULINO,SIN DATOS,1,0,Morelia,Nueva Valladolid,mayo,jueves,20,-101.210651323199,19.7020588660674
49403,49409,2024,,2024/05/30,20:49:00,COLISIÓN POR CORTE DE CIRCULACIÓN,ASFALTO,Bueno,Bueno,2,VOLKSWAGEN,GRIS,2,,39,FEMENINO,SIN DATOS,0,0,Morelia,Ejidal Tres Puentes,mayo,jueves,21,-101.225950978696,19.692471701552
49404,49410,2024,MOR240329308,2024/05/31,"01:30:00",COLISIÓN CONTRA OBJETO FIJO,ASFALTO,Bueno,Bueno,1,NISSAN,GRIS,1,,,MASCULINO,SIN DATOS,0,0,Morelia,Tinijaro,mayo,viernes,2,-101.264480240643,19.696215158013
49405,49411,2024,,2024/05/31,"07:40:00",COLISIÓN POR INVASIÓN DE CARRIL,ASFALTO,Bueno,Bueno,2,HONDA,AZUL,3,MINISTERIO PÚBLICO,29,MASCULINO,SIN DATOS,1,0,Charo,La Goleta,mayo,viernes,8,-101.08045105092,19.7394659193082
49406,49412,2024,,2024/05/31,10:50:00,COLISIÓN POR CORTE DE CIRCULACIÓN,ASFALTO,Bueno,Bueno,2,VOLKSWAGEN,AZUL,2,,45,MASCULINO,SIN DATOS,0,0,Morelia,Lomas de Guayangareo,mayo,viernes,11,-101.16093724966,19.7042122058918
49407,49413,2024,,2024/05/31,12:25:00,COLISIÓN POR CAMBIO DE CARRIL,CONCRETO,Bueno,Bueno,2,FORD,ROJO,2,,26,FEMENINO,SIN DATOS,0,0,Morelia,La Loma,mayo,viernes,12,-101.178953312337,19.6801058989162
49408,49414,2024,LEG52800,2024/05/31,12:32:00,COLISIÓN CON PEATÓN,ASFALTO,Bueno,Bueno,1,SEAT,BLANCO,2,,,MASCULINO,SIN DATOS,1,0,Morelia,Camelinas,mayo,viernes,13,-101.170199252665,19.682199869081
49409,49415,2024,,2024/05/31,14:25:00,COLISIÓN POR CAMBIO DE CARRIL,CONCRETO,Bueno,Bueno,2,DODGE,ROJO,2,,46,MASCULINO,SIN DATOS,0,0,Morelia,Industrial,mayo,viernes,14,-101.197706982493,19.7102711988971
49410,49416,2024,,2024/05/31,14:30:00,COLISIÓN POR CORTE DE CIRCULACIÓN,ASFALTO,Bueno,Bueno,3,CHEVROLET,BLANCO,3,,18,FEMENINO,SIN DATOS,0,0,Morelia,El Durazno,mayo,viernes,15,-101.181044764817,19.6567202682113
49411,49417,2024,,2024/05/31,18:00:00,COLISIÓN POR CORTE DE CIRCULACIÓN,ASFALTO,Bueno,Bueno,2,NISSAN,NEGRO,2,,,MASCULINO,SIN DATOS,0,0,Morelia,Granjas del Maestro,mayo,viernes,18,-101.19381878525,19.7126699866303
49412,49418,2024,,2024/05/31,18:06:00,COLISIÓN POR ALCANCE,ASFALTO,Bueno,Bueno,2,FORD,NEGRO,2,,58,MASCULINO,SIN DATOS,0,0,Morelia,Poblado de Ocolusen,mayo,viernes,18,-101.149577088654,19.6945711919623
49413,49419,2024,,2024/05/31,20:30:00,COLISIÓN POR CAMBIO DE CARRIL,CONCRETO,Bueno,Bueno,2,FREIGHTLINER,BLANCO,2,,38,MASCULINO,SIN DATOS,0,0,Morelia,Industrial,mayo,viernes,21,-101.190943457186,19.7096683400066
49414,49420,2024,LEG52806,2024/05/31,21:06:00,COLISIÓN POR CORTE DE CIRCULACIÓN,ASFALTO,Bueno,Bueno,2,HONDA,BLANCO,2,,,MASCULINO,SIN DATOS,0,0,Morelia,Tenencia Morelos,mayo,viernes,21,-101.248025223613,19.6479848261991
49415,49421,2024,,2024/05/31,21:19:00,COLISIÓN POR NO RESPETAR SEMÁFORO,ASFALTO,Bueno,Bueno,2,VENTO,BLANCO,2,,25,MASCULINO,SIN DATOS,0,0,Morelia,Jardines de Torremolinos,mayo,viernes,21,-101.226304024458,19.6768861256757
49416,49422,2024,,2024/05/31,21:30:00,COLISIÓN POR CORTE DE CIRCULACIÓN,ASFALTO,Bueno,Bueno,2,NISSAN,BLANCO,2,,62,MASCULINO,SIN DATOS,0,0,Morelia,Clara Cordova Moran,mayo,viernes,22,-101.182848550379,19.7323415287142
49417,49423,2024,,2024/06/01,"00:00:00",COLISIÓN POR INVASIÓN DE CARRIL,ASFALTO,Bueno,Bueno,3,MERCEDES BENZ,ROJO,3,,42,MASCULINO,SIN DATOS,0,0,Morelia,Valle de Las Flores,junio,sábado,0,-101.127128005028,19.6875547899243