fid,id_accidente,anio_origen,folio_c5i,dia_incidente,hora_ocurrencia,tipo_incidente_vial,superficie_ocurrencia,condiciones_climaticas,condiciones_via,numero_vehiculos_involucrados,marca_vehiculo_ocasiona_siniestro,color_vehiculo_ocasiona_siniestro,numero_personas_involucradas,lugar_remite_presunto_responsable,edad_presunto_responsable,sexo_presunto_responsable,resultados_toxicologia,numero_personas_lesionadas,numero_personas_fallecidas,municipio,colonia,mes,dia_semana,hora_redondeada,lon,lat
49418,49424,2024,LEG52817,2024/06/01,"00:00:00",COLISIÓN POR ALCANCE,ASFALTO,Bueno,Bueno,2,FORD,PLATA,2,,50,MASCULINO,SIN DATOS,0,0,Morelia,Granjas del Maestro,junio,sábado,0,-101.188388988376,19.712894713322
49419,49425,2024,,2024/06/01,10:17:00,COLISIÓN POR ALCANCE,ASFALTO,Bueno,Bueno,2,NISSAN,BLANCO,2,,28,MASCULINO,SIN DATOS,0,0,Morelia,Las Americas,junio,sábado,10,-101.159058026969,19.6879724302351
49420,49426,2024,,2024/06/01,15:50:00,COLISIÓN POR CORTE DE CIRCULACIÓN,CONCRETO,Bueno,Bueno,2,CHANGAN,ROJO,2,,35,MASCULINO,SIN DATOS,0,0,Morelia,Division del Norte,junio,sábado,16,-101.163442768157,19.7125582544217
49421,49427,2024,,2024/06/01,16:45:00,COLISIÓN POR CAMBIO DE CARRIL,ASFALTO,Bueno,Bueno,2,Volkswagen,Plata,2,,51,MASCULINO,SIN DATOS,0,0,Morelia,Elias Perez Avalos,junio,sábado,17,-101.170762181282,19.7141950919093
49422,49428,2024,,2024/06/01,20:05:00,COLISIÓN POR INVASIÓN DE CARRIL,ASFALTO,Bueno,Bueno,2,CHEVROLET,GRIS,2,,38,MASCULINO,SIN DATOS,0,0,Morelia,Indeco Expropiacion Petrolera,junio,sábado,20,-101.225693151355,19.6857658375825
49423,49429,2024,,2024/06/01,23:32:00,COLISIÓN POR ALCANCE,ASFALTO,Bueno,Bueno,2,NISSAN,AZUL,2,,47,FEMENINO,SIN DATOS,0,0,Morelia,Alberto Oviedo Mota,junio,sábado,0,-101.195735894144,19.6815246116788
49424,49430,2024,,2024/06/02,"02:00:00",COLISIÓN CONTRA OBJETO FIJO,ASFALTO,Bueno,Bueno,1,FOR,VERDE,1,,,,SIN DATOS,0,0,Morelia,Loma Bonita,junio,domingo,2,-101.197610422969,19.7244850691582
49425,49431,2024,,2024/06/02,"05:40:00",COLISIÓN CONTRA OBJETO FIJO,ASFALTO,Bueno,Bueno,1,CHEVROLET,BLANCO,1,,,,SIN DATOS,0,0,Morelia,Enrique Arreguin Robles,junio,domingo,6,-101.179550439119,19.7203405001383
49426,49432,2024,,2024/06/02,12:20:00,COLISIÓN POR NO RESPETAR SEMÁFORO,ASFALTO,Bueno,Bueno,2,Nissan,Plata,2,,54,MASCULINO,SIN DATOS,0,0,Morelia,Los Pinos de Michoacan,junio,domingo,12,-101.216245740652,19.6832662585635
49427,49433,2024,MOR234567,2024/06/02,13:28:00,COLISIÓN POR MANIOBRA DE REVERSA,ASFALTO,Bueno,Bueno,2,VOLKSWAGEN,NEGRO,2,,,FEMENINO,SIN DATOS,0,0,Morelia,Sentimientos de La Nacion,junio,domingo,13,-101.235390678048,19.6809307995214
49428,49434,2024,,2024/06/03,"01:00:00",VOLCADURA,ASFALTO,Bueno,Bueno,1,FORD,BLANCO,1,,,,SIN DATOS,0,0,Morelia,Torreon Nuevo,junio,lunes,1,-101.207644850679,19.7494147681465
49429,49435,2024,,2024/06/03,"05:10:00",SALIDA DE SUPERFICIE DE RODAMIENTO,CONCRETO,Bueno,Bueno,1,NISSAN/TSURU,CAFE,0,,,,,0,0,Morelia,Villas del Pedregal,junio,lunes,5,-101.302209,19.685042
49430,49436,2024,,2024/06/03,10:55:00,COLISIÓN POR CORTE DE CIRCULACIÓN,ASFALTO,Bueno,Bueno,2,CHEVROLET,BLANCO/AZUL,2,,30,MASCULINO,SIN DATOS,0,0,Morelia,Exhacienda del Quinceo,junio,lunes,11,-101.232709810138,19.731293455032
49431,49437,2024,,2024/06/03,12:45:00,COLISIÓN CONTRA OBJETO FIJO,ASFALTO,Bueno,Bueno,1,NISSAN,BLANCO,1,,47,MASCULINO,SIN DATOS,0,0,Morelia,San Juanito Itzicuaro,junio,lunes,13,-101.272814,19.667777
49432,49438,2024,"240000498",2024/06/03,17:46:00,COLISIÓN POR CORTE DE CIRCULACIÓN,ASFALTO,Bueno,Bueno,2,TOYOTA,BLANCO/ROSA,2,,59,,SIN DATOS,0,0,Morelia,Villas del Real,junio,lunes,18,-101.198810376227,19.7351486659924
49433,49439,2024,LEG52833,2024/06/03,19:00:00,COLISIÓN POR ALCANCE,CONCRETO,Bueno,Bueno,3,KIA,BLANCO,3,,,FEMENINO,SIN DATOS,0,0,Morelia,Valle Verde,junio,lunes,19,-101.192213818431,19.7306423898391
49436,49442,2024,LEG52831,2024/06/03,21:50:00,COLISIÓN CONTRA OBJETO FIJO,ASFALTO,Bueno,Bueno,1,VOLKSWAGEN,NEGRO,1,,36,MASCULINO,ALIENTO ETÍLICO,0,0,Morelia,Barrio Alto,junio,lunes,22,-101.196853369474,19.724842332793
49437,49443,2024,,2024/06/04,"00:00:00",COLISIÓN POR CORTE DE CIRCULACIÓN,ASFALTO,Bueno,Bueno,2,VENTO,NEGRO Y BLANCO,2,,23,MASCULINO,SIN DATOS,0,0,Morelia,Cuauhtemoc,junio,martes,0,-101.178682744503,19.6966176240873
49438,49444,2024,,2024/06/04,"06:50:00",CAIDA ACUATICA DE VEHÍCULO,ASFALTO,Bueno,Bueno,1,NISSAN,BLANCO,1,,24,MASCULINO,SIN DATOS,0,0,Morelia,Centenario (Los Alamos Ii),junio,martes,7,-101.17890201509,19.7383227703272
49439,49445,2024,MOR 240000733,2024/06/04,"07:40:00",COLISIÓN POR CAMBIO DE CARRIL,ASFALTO,Bueno,Bueno,2,VENTO,NEGRO,3,MINISTERIO PÚBLICO,18,MASCULINO,SIN DATOS,1,0,Morelia,Villas del Real,junio,martes,8,-101.1994567886,19.7314591401277
49440,49446,2024,LEG52839,2024/06/04,13:00:00,COLISIÓN POR CORTE DE CIRCULACIÓN,ASFALTO,Bueno,Bueno,2,JEEP,ROJO,2,,35,MASCULINO,SIN DATOS,0,0,Morelia,Montaña Monarca,junio,martes,13,-101.164697706699,19.6655796284224
49441,49447,2024,LEG52838,2024/06/04,13:50:00,COLISIÓN POR INVASIÓN DE CARRIL,SIN_DATOS,Bueno,Bueno,2,ISUZU,ROJO,2,MINISTERIO PÚBLICO,,MASCULINO,SIN DATOS,0,0,Morelia,Morelos,junio,martes,14,-101.183143258095,19.7280093831815
49442,49448,2024,,2024/06/04,14:11:00,COLISIÓN POR ALCANCE,ASFALTO,Bueno,Bueno,2,VOLKSWAGEN,GRIS,2,MINISTERIO PÚBLICO,47,FEMENINO,SIN DATOS,0,0,Morelia,Virreyes,junio,martes,14,-101.157016530633,19.6954673575769
49443,49449,2024,,2024/06/04,18:05:00,COLISIÓN POR CORTE DE CIRCULACIÓN,CONCRETO,Bueno,Bueno,2,NISSAN VERSA,NEGRO,3,,31,MASCULINO,SIN DATOS,1,0,Morelia,Felicitas del Rio,junio,martes,18,-101.200257123757,19.6935246012511
49444,49450,2024,LEG52842,2024/06/04,19:15:00,COLISIÓN POR CORTE DE CIRCULACIÓN,ASFALTO,Bueno,Bueno,2,INTERNATIONAL,Blanco,2,MINISTERIO PÚBLICO,50,MASCULINO,SIN DATOS,0,0,Morelia,Bosques de Oriente,junio,martes,19,-101.155456826091,19.7156005620194
49446,49452,2024,,2024/06/04,22:10:00,COLISIÓN POR ALCANCE,ASFALTO,Bueno,Bueno,2,NISSAN,BLANCOS,1,MINISTERIO PÚBLICO,,,SIN DATOS,0,0,Morelia,Del Prendimiento,junio,martes,22,-101.392976,19.672974
49447,49453,2024,,2024/06/05,"00:00:00",COLISIÓN POR ALCANCE,ASFALTO,Bueno,Bueno,2,MAZDA,GRIS,2,,56,MASCULINO,SIN DATOS,0,0,Morelia,Las Americas,junio,miércoles,0,-101.159061044455,19.687986951345
49448,49454,2024,,2024/06/05,"09:45:00",COLISIÓN POR CORTE DE CIRCULACIÓN,ASFALTO,Bueno,Bueno,2,NISSAN,GRIS,2,,,,SIN DATOS,0,0,Morelia,La Huerta,junio,miércoles,10,-101.216158176792,19.6721810649028
49449,49455,2024,MOR0001182,2024/06/05,10:10:00,COLISIÓN POR MANIOBRA DE REVERSA,ASFALTO,Bueno,Bueno,2,NISSAN,NEGRO,2,,23,MASCULINO,SIN DATOS,0,0,Morelia,Veinte de Noviembre,junio,miércoles,10,-101.16693748,19.7207979449991
49450,49456,2024,,2024/06/05,11:00:00,COLISIÓN POR CORTE DE CIRCULACIÓN,ASFALTO,Bueno,Bueno,2,FORD,BLANCO,2,,44,MASCULINO,SIN DATOS,0,0,Morelia,Sin datos,junio,miércoles,11,-101.307936049998,19.6873761165637
49451,49457,2024,,2024/06/05,12:30:00,COLISIÓN POR ALCANCE,ASFALTO,Bueno,Bueno,2,CHEVROLET,GRIS,2,,30,MASCULINO,SIN DATOS,0,0,Morelia,Cuauhtemoc,junio,miércoles,13,-101.17854569,19.6974281599991
49452,49458,2024,,2024/06/05,14:00:00,COLISIÓN POR CAMBIO DE CARRIL,ASFALTO,Bueno,Bueno,2,MITSUBISHI,BLANCO,1,,,MASCULINO,SIN DATOS,0,0,Morelia,Sin datos,junio,miércoles,14,-101.164495535195,19.658525331515
49453,49459,2024,,2024/06/05,14:31:00,COLISIÓN POR ALCANCE,ASFALTO,Bueno,Bueno,2,NISSAN,ROJO,2,,36,MASCULINO,SIN DATOS,0,0,Morelia,Elias Perez Avalos,junio,miércoles,15,-101.165582165122,19.710453003017
49454,49460,2024,,2024/06/05,19:24:00,SALIDA DE SUPERFICIE DE RODAMIENTO,ASFALTO,Bueno,Bueno,1,FORD,AZUL,0,,,,,0,0,Morelia,El Realito,junio,miércoles,19,-101.202644594014,19.7255309782878
49455,49461,2024,LEG52856,2024/06/05,21:54:00,COLISIÓN POR CAMBIO DE CARRIL,ASFALTO,Bueno,Bueno,2,BAJAJ,NEGRO,2,MINISTERIO PÚBLICO,28,MASCULINO,SIN DATOS,0,0,Morelia,Lomas de Santiaguito,junio,miércoles,22,-101.179519891941,19.7229539949395
49456,49462,2024,,2024/06/06,15:00:00,COLISIÓN POR CORTE DE CIRCULACIÓN,CONCRETO,Bueno,Bueno,2,YAMAHA SZR,NEGRO/VERDE,3,MINISTERIO PÚBLICO,34,MASCULINO,SIN DATOS,1,0,Morelia,Irrigacion,junio,jueves,15,-101.226870305836,19.7043236282867
49457,49463,2024,,2024/06/06,15:23:00,COLISIÓN POR CORTE DE CIRCULACIÓN,ASFALTO,Bueno,Bueno,2,NAVISTAR,BLANCO Y NARANJA,2,,24,MASCULINO,SIN DATOS,0,0,Morelia,San Jose Itzicuaro,junio,jueves,15,-101.29989746958,19.6872268010405
49458,49464,2024,,2024/06/06,15:50:00,COLISIÓN POR CORTE DE CIRCULACIÓN,ASFALTO,Bueno,Bueno,2,JETTA,BLANCO,2,,30,FEMENINO,SIN DATOS,0,0,Morelia,Justo Mendoza,junio,jueves,16,-101.232605539262,19.7125049133116
49459,49465,2024,LEG52860,2024/06/06,16:22:00,COLISIÓN POR CORTE DE CIRCULACIÓN,ASFALTO,Bueno,Bueno,2,CHEVROLET,BLANCO,2,,,FEMENINO,SIN DATOS,0,0,Morelia,Obrera,junio,jueves,16,-101.188387311995,19.7107496967967
49460,49466,2024,LEG52861,2024/06/06,18:10:00,COLISIÓN CON PEATÓN,ASFALTO,Bueno,Bueno,1,VENTO,NEGR,2,,27,MASCULINO,SIN DATOS,1,0,Morelia,Lomas de Huerta,junio,jueves,18,-101.214345395565,19.6743630460693
49461,49467,2024,,2024/06/07,"01:35:00",COLISIÓN POR CORTE DE CIRCULACIÓN,ASFALTO,Bueno,Bueno,2,ITALIKA,ANARANJADO/NEGRO,2,,17,MASCULINO,SIN DATOS,0,0,Morelia,Juarez,junio,viernes,2,-101.199583187699,19.6934600532719
49462,49468,2024,,2024/06/07,"09:20:00",COLISIÓN POR CORTE DE CIRCULACIÓN,CONCRETO,Bueno,Bueno,2,VOLKSWAGEN,BLANCO,2,,27,MASCULINO,SIN DATOS,0,0,Morelia,Ferrocarrilero,junio,viernes,9,-101.219874434173,19.6950566813894
49463,49469,2024,,2024/06/07,10:05:00,COLISIÓN POR INVASIÓN DE CARRIL,CONCRETO,Bueno,Bueno,2,ITALIKA,NARANJA/NEGRO,2,,34,MASCULINO,SIN DATOS,0,0,Morelia,Prados Verdes,junio,viernes,10,-101.201009178258,19.7165959733138
49464,49470,2024,,2024/06/07,10:29:00,COLISIÓN POR CORTE DE CIRCULACIÓN,ASFALTO,Bueno,Bueno,2,CHEVROLET,AZUL,2,,48,FEMENINO,SIN DATOS,0,0,Morelia,Isaac Arriaga,junio,viernes,10,-101.172394305468,19.7072704541666
49465,49471,2024,,2024/06/07,11:30:00,COLISIÓN POR CORTE DE CIRCULACIÓN,ASFALTO,Bueno,Bueno,2,SUNL,AZUL,3,,28,FEMENINO,SIN DATOS,1,0,Morelia,El Lago 1,junio,viernes,12,-101.212157048285,19.7266987021789
49466,49472,2024,,2024/06/07,12:10:00,COLISIÓN CONTRA OBJETO FIJO,ASFALTO,Bueno,Bueno,2,BMW,GRIS,2,,57,MASCULINO,SIN DATOS,0,0,Morelia,Matamoros,junio,viernes,12,-101.166018359363,19.696361939875
49467,49473,2024,,2024/06/07,15:00:00,COLISIÓN POR CORTE DE CIRCULACIÓN,ASFALTO,Bueno,Bueno,2,CHEVROLET,BLANCO,2,,53,MASCULINO,SIN DATOS,0,0,Morelia,Tres Puentes,junio,viernes,15,-101.213714070618,19.7026557563362
49468,49474,2024,,2024/06/07,16:21:00,COLISIÓN CON PEATÓN,ASFALTO,Bueno,Bueno,1,TOYOTA,BLANCO ORO VERDE,1,,54,MASCULINO,SIN DATOS,0,0,Morelia,Alberto Oviedo Mota,junio,viernes,16,-101.202172525227,19.6774619580955
49469,49475,2024,LEG52875,2024/06/07,17:20:00,COLISIÓN POR INVASIÓN DE CARRIL,ASFALTO,Bueno,Bueno,2,INTERNATIONAL,BLANCO,2,,25,MASCULINO,SIN DATOS,0,0,Morelia,La Floresta,junio,viernes,17,-101.152379326522,19.6845785581968
49470,49476,2024,LEG52873,2024/06/07,18:22:00,COLISIÓN POR CAMBIO DE CARRIL,CONCRETO,Bueno,Bueno,2,RENAULT,BLANCO,1,,31,MASCULINO,SIN DATOS,0,0,Morelia,Primo Tapia Oriente,junio,viernes,18,-101.157850422811,19.7140837792887
49471,49477,2024,LEG52874,2024/06/07,18:30:00,COLISIÓN POR INVASIÓN DE CARRIL,ASFALTO,Bueno,Bueno,2,MAZDA,NEGRO,2,,38,FEMENINO,SIN DATOS,0,0,Morelia,Santa Maria de Guido,junio,viernes,19,-101.192621178925,19.6784346176964
49472,49478,2024,LEG52876,2024/06/07,19:10:00,COLISIÓN POR CORTE DE CIRCULACIÓN,ASFALTO,Bueno,Bueno,2,NISSAN,GRIS,2,,43,MASCULINO,ALIENTO ETÍLICO,0,0,Morelia,Ocolusen Iii,junio,viernes,19,-101.152507737279,19.6848711960763
49473,49479,2024,,2024/06/07,22:20:00,COLISIÓN POR ALCANCE,ASFALTO,Bueno,Bueno,2,NISSAN,BLANCO,2,,34,MASCULINO,SIN DATOS,0,0,Morelia,Sin datos,junio,viernes,22,-101.294590383768,19.686413612999
49474,49480,2024,,2024/06/07,22:22:00,COLISIÓN POR ALCANCE,ASFALTO,Bueno,Bueno,2,FORD,NEGRO,2,MINISTERIO PÚBLICO,23,MASCULINO,SIN DATOS,0,0,Morelia,Independencia,junio,viernes,22,-101.17788746953,19.7193005537166
49475,49481,2024,,2024/06/08,"00:00:00",COLISIÓN POR ALCANCE,CONCRETO,Bueno,Bueno,2,RAM,PLATA,2,,33,FEMENINO,SIN DATOS,0,0,Morelia,Adolfo Lopez Mateos,junio,sábado,0,-101.226870976388,19.6947833175628
49476,49482,2024,,2024/06/08,10:20:00,COLISIÓN POR ALCANCE,ASFALTO,Bueno,Bueno,2,CHEVROLET,GRIS,2,,60,MASCULINO,SIN DATOS,0,0,Morelia,Lomas de Guayangareo,junio,sábado,10,-101.161243356764,19.7051607141657
49477,49483,2024,,2024/06/08,12:00:00,COLISIÓN POR ALCANCE,ASFALTO,Bueno,Bueno,2,FREIGHTLINER,ROJO,2,,52,MASCULINO,SIN DATOS,0,0,Morelia,Martires de Uruapan,junio,sábado,12,-101.197295933962,19.7248934605624
49478,49484,2024,,2024/06/08,14:36:00,COLISIÓN POR CORTE DE CIRCULACIÓN,CONCRETO,Bueno,Bueno,2,FORD,GRIS,2,MINISTERIO PÚBLICO,,MASCULINO,SIN DATOS,0,0,Morelia,Chapultepec Sur,junio,sábado,15,-101.172177046537,19.6903863888279
49479,49485,2024,,2024/06/08,20:50:00,COLISIÓN POR ALCANCE,ASFALTO,Bueno,Bueno,1,YAMAHA,ROJO,0,MINISTERIO PÚBLICO,,,,0,0,Lázaro Cárdenas,Nuevo Infonavit(11 de Julio),junio,sábado,21,-102.218857817352,17.9676431455998
49481,49487,2024,,2024/06/09,"02:40:00",SUBIDA AL CAMELLÓN,ASFALTO,Bueno,Bueno,1,NISSAN TSURU,BLANCO,1,,56,MASCULINO,SIN DATOS,0,0,Morelia,Lomas de San Juan,junio,domingo,3,-101.183039681886,19.7298664251429
49482,49488,2024,,2024/06/09,"05:30:00",COLISIÓN CON PEATÓN,SIN_DATOS,Bueno,Bueno,1,MAZDA,ROJO,0,MINISTERIO PÚBLICO,,,,0,0,Lázaro Cárdenas,Centro,junio,domingo,6,-102.200032733381,17.9581169178827
49483,49489,2024,,2024/06/09,"06:17:00",COLISIÓN POR ALCANCE,ASFALTO,Bueno,Bueno,1,NISSAN,BLANCO,1,,,MASCULINO,SIN DATOS,0,0,Morelia,Felix Arreguin,junio,domingo,6,-101.225279877508,19.7200541458846
49484,49490,2024,,2024/06/09,"07:36:00",COLISIÓN CONTRA OBJETO FIJO,CONCRETO,Bueno,Bueno,1,FORD,GRIS,0,,,,,0,0,Morelia,Balcones de Santa Maria,junio,domingo,8,-101.185896581809,19.6766533231341
49485,49491,2024,LEG52885,2024/06/09,12:40:00,COLISIÓN POR CORTE DE CIRCULACIÓN,ASFALTO,Bueno,Bueno,2,MERCEDES BENZ,C 280,2,,51,MASCULINO,SIN DATOS,0,0,Morelia,Ventura Puente,junio,domingo,13,-101.187182954235,19.6926426896116
49486,49492,2024,,2024/06/09,13:25:00,COLISIÓN POR ALCANCE,ASFALTO,Bueno,Bueno,2,BMW,BLANCO,2,,28,FEMENINO,SIN DATOS,0,0,Morelia,Jardines del Rincon,junio,domingo,13,-101.149283382681,19.68870732649
49487,49493,2024,,2024/06/09,13:40:00,VOLCADURA,ASFALTO,Bueno,Bueno,1,NISSAN,NARANJA,1,,24,MASCULINO,SIN DATOS,0,0,Morelia,Lomas del Tecnologico,junio,domingo,14,-101.195361155,19.7230174649991
49488,49494,2024,LEG52888,2024/06/09,15:50:00,COLISIÓN CONTRA OBJETO FIJO,ASFALTO,Bueno,Bueno,2,VOLKSWAGEN,ROJO,2,,29,MASCULINO,ALIENTO ETÍLICO,0,0,Morelia,Torreon Nuevo,junio,domingo,16,-101.198,19.7337
49489,49495,2024,,2024/06/09,17:00:00,COLISIÓN POR CAMBIO DE CARRIL,CONCRETO,Lluvioso,Regular,2,AUDI,BLANCO,2,,44,MASCULINO,SIN DATOS,0,0,Morelia,Las Americas,junio,domingo,17,-101.15527803761,19.6905832056681
49490,49496,2024,,2024/06/09,21:30:00,COLISIÓN POR NO RESPETAR SEMÁFORO,ASFALTO,Lluvioso,Bueno,2,VENTO,BLANCO Y ROJO,1,MINISTERIO PÚBLICO,26,MASCULINO,SIN DATOS,0,0,Morelia,Guadalupe,junio,domingo,22,-101.393089533049,19.6666434319386
49492,49498,2024,,2024/06/09,21:50:00,COLISIÓN POR CAMBIO DE CARRIL,ASFALTO,Bueno,Bueno,2,ITALIKA,NEGRO/VERDE,3,MINISTERIO PÚBLICO,22,MASCULINO,SIN DATOS,1,0,Morelia,Primo Tapia Oriente,junio,domingo,22,-101.160671657864,19.7148130515494
49493,49499,2024,,2024/06/10,10:20:00,COLISIÓN POR CORTE DE CIRCULACIÓN,ASFALTO,Bueno,Bueno,2,ITALIKA,ROJO,2,,30,MASCULINO,SIN DATOS,0,0,Morelia,Sin datos,junio,lunes,10,-101.357118375599,19.6695870178478
49494,49500,2024,LEG52893,2024/06/10,11:13:00,COLISIÓN POR ALCANCE,ASFALTO,Bueno,Bueno,2,NISSAN,GRIS,2,,,FEMENINO,SIN DATOS,0,0,Morelia,Campestre Los Manantiales,junio,lunes,11,-101.23836055398,19.6882461213672
49495,49501,2024,,2024/06/10,12:15:00,COLISIÓN POR CAMBIO DE CARRIL,CONCRETO,Bueno,Bueno,2,NAVISTAR CHASIS,BLANCO Y AZUL,2,,45,MASCULINO,SIN DATOS,0,0,Morelia,Centro,junio,lunes,12,-101.191742755473,19.6959601044789
49496,49502,2024,,2024/06/10,12:25:00,COLISIÓN POR CORTE DE CIRCULACIÓN,ASFALTO,Bueno,Bueno,2,NISSAN,GRIS,2,,74,MASCULINO,SIN DATOS,0,0,Morelia,Prados Verdes,junio,lunes,12,-101.20071709156,19.7179329902029
49497,49503,2024,,2024/06/10,15:00:00,COLISIÓN POR ALCANCE,ASFALTO,Bueno,Bueno,2,HONDA,BLANCO,2,MINISTERIO PÚBLICO,19,MASCULINO,SIN DATOS,0,0,Pátzcuaro,Centro,junio,lunes,15,-101.616459488869,19.5212647256108
49498,49504,2024,,2024/06/10,15:50:00,COLISIÓN POR CORTE DE CIRCULACIÓN,ASFALTO,Bueno,Bueno,2,HONDA,BLANCO,2,,,MASCULINO,SIN DATOS,0,0,Morelia,Ventura Puente,junio,lunes,16,-101.181915141642,19.6897307376617
49499,49505,2024,LEG52900,2024/06/10,16:10:00,COLISIÓN POR CORTE DE CIRCULACIÓN,ASFALTO,Bueno,Bueno,2,VOLKSWAGEN,BLANCO,2,,,MASCULINO,SIN DATOS,0,0,Morelia,Sin datos,junio,lunes,16,-101.167738325894,19.6558677736697
49500,49506,2024,,2024/06/10,17:23:00,COLISIÓN POR ALCANCE,TERRACERIA,Bueno,Bueno,2,TOYOTA,BLANCO,2,,46,MASCULINO,SIN DATOS,0,0,Morelia,Campestre Los Manantiales,junio,lunes,17,-101.238161064684,19.6877703972653
49501,49507,2024,LEG52905,2024/06/10,19:00:00,COLISIÓN POR ALCANCE,ASFALTO,Bueno,Bueno,2,TOYOTA,BLANCO,2,,30,MASCULINO,SIN DATOS,0,0,Morelia,Sin datos,junio,lunes,19,-101.125,19.7143
49502,49508,2024,LEG52902,2024/06/10,20:17:00,COLISIÓN POR CAMBIO DE CARRIL,ASFALTO,Bueno,Bueno,2,ITALIKA,NEGRO,2,MINISTERIO PÚBLICO,28,MASCULINO,SIN DATOS,0,0,Morelia,Ciudad Industrial,junio,lunes,20,-101.14554366932,19.7284851395985
49504,49510,2024,MOR240003772,2024/06/11,"09:26:00",COLISIÓN POR CAMBIO DE CARRIL,ASFALTO,Bueno,Bueno,2,MACK,BLANCO,2,MINISTERIO PÚBLICO,28,MASCULINO,SIN DATOS,0,0,Morelia,Mirador del Punhuato,junio,martes,9,-101.157403069452,19.7043089194707
49506,49512,2024,,2024/06/11,11:20:00,COLISIÓN POR ALCANCE,ASFALTO,Bueno,Bueno,2,KENWORTH,BLANCO,2,,37,MASCULINO,SIN DATOS,0,0,Morelia,Centro,junio,martes,11,-101.18754847,19.7028479949991
49507,49513,2024,,2024/06/11,13:29:00,COLISIÓN POR CORTE DE CIRCULACIÓN,ASFALTO,Bueno,Bueno,2,TOYOTA,PLATA,2,,21,MASCULINO,SIN DATOS,0,0,Morelia,Tenencia Morelos,junio,martes,13,-101.243929623155,19.6466055443724
49508,49514,2024,,2024/06/11,16:29:00,COLISIÓN POR CORTE DE CIRCULACIÓN,ASFALTO,Bueno,Bueno,2,DINA,BLANCO,2,,38,MASCULINO,SIN DATOS,0,0,Morelia,Indeco Santiaguito,junio,martes,16,-101.17575391358,19.7230270449021
49509,49515,2024,,2024/06/11,17:25:00,COLISIÓN POR ALCANCE,ASFALTO,Bueno,Bueno,2,ITALIKA,NEGRO VERDE,2,,41,MASCULINO,SIN DATOS,0,0,Morelia,Vasco de Quiroga,junio,martes,17,-101.172084441176,19.7019638559701
49511,49517,2024,LEG52904,2024/06/11,19:00:00,COLISIÓN POR ALCANCE,SIN_DATOS,Bueno,Bueno,2,Toyota,Blanco,2,,40,MASCULINO,SIN DATOS,0,0,Morelia,Club de Golf Tres Marias,junio,martes,19,-101.114506535232,19.7040711128328
49513,49519,2024,LEG52903,2024/06/11,21:50:00,COLISIÓN CONTRA OBJETO FIJO,ASFALTO,Bueno,Bueno,1,CHEVROLET,GRIS,1,,,MASCULINO,SIN DATOS,0,0,Morelia,Nueva Esperanza,junio,martes,22,-101.25084912,19.6886659049991
49514,49520,2024,,2024/06/12,"05:50:00",COLISIÓN CONTRA OBJETO FIJO,ASFALTO,Bueno,Bueno,1,TOYOTA,BLANCO Y MORADO,2,MINISTERIO PÚBLICO,50,MASCULINO,SIN DATOS,1,0,Morelia,Valerio Trujano,junio,miércoles,6,-101.232142704694,19.6906454337858
49515,49521,2024,MOR 240004112,2024/06/12,12:10:00,COLISIÓN POR INVASIÓN DE CARRIL,ASFALTO,Bueno,Regular,2,VW,GRIS,2,,40,MASCULINO,SIN DATOS,0,0,Morelia,Obrera,junio,miércoles,12,-101.182860991234,19.7107343876966
49516,49522,2024,,2024/06/12,15:05:00,VOLCADURA,CONCRETO,Bueno,Bueno,2,CHEVROLET,BLANCO,2,,35,MASCULINO,SIN DATOS,0,0,Morelia,Fuentes de Morelia,junio,miércoles,15,-101.203908950441,19.6711852824231
49517,49523,2024,,2024/06/12,18:05:00,COLISIÓN POR CORTE DE CIRCULACIÓN,ASFALTO,Bueno,Regular,2,NISSAN,BLANCO/MORADO,3,,63,,SIN DATOS,1,0,Morelia,Villas Oriente,junio,miércoles,18,-101.144168047381,19.7544730091077
49518,49524,2024,LEG52923,2024/06/12,22:27:00,COLISIÓN CONTRA OBJETO FIJO,ASFALTO,Bueno,Bueno,1,VOLKSWAGEN,NEGRO,1,,28,,SIN DATOS,0,0,Morelia,Ventura Puente,junio,miércoles,22,-101.187182954235,19.6926426896116
49519,49525,2024,,2024/06/13,"07:34:00",COLISIÓN POR ALCANCE,ASFALTO,Bueno,Bueno,2,TOYOTA,BLANCO,2,,27,FEMENINO,SIN DATOS,0,0,Morelia,Torreon Nuevo,junio,jueves,8,-101.201223,19.745628
49521,49527,2024,MOR240004344,2024/06/13,19:30:00,COLISIÓN POR ALCANCE,ASFALTO,Bueno,Bueno,2,NISSAN,GRIS,2,,22,MASCULINO,SIN DATOS,0,0,Morelia,Alberto Oviedo Mota,junio,jueves,20,-101.202133633196,19.6772084531788
49522,49528,2024,LEG52927,2024/06/13,20:00:00,COLISIÓN POR CORTE DE CIRCULACIÓN,ASFALTO,Bueno,Bueno,2,FIAT,BLANCO,2,,54,FEMENINO,SIN DATOS,0,0,Morelia,Lomas de Hidalgo,junio,jueves,20,-101.160867959682,19.697918934297
49523,49529,2024,,2024/06/13,22:40:00,COLISIÓN CONTRA OBJETO FIJO,ASFALTO,Bueno,Bueno,1,FORD,ROJO,1,,50,MASCULINO,SIN DATOS,0,0,Morelia,Balcones de Morelia,junio,jueves,23,-101.201869405085,19.6735302099086
49524,49530,2024,,2024/06/14,"00:50:00",COLISIÓN POR CORTE DE CIRCULACIÓN,ASFALTO,Bueno,Bueno,3,FORD,AZUL,0,MINISTERIO PÚBLICO,,,,0,0,Lázaro Cárdenas,Solidaridad Nacional,junio,viernes,1,-102.212565690279,17.9686401023499