fid,id_accidente,anio_origen,folio_c5i,dia_incidente,hora_ocurrencia,tipo_incidente_vial,superficie_ocurrencia,condiciones_climaticas,condiciones_via,numero_vehiculos_involucrados,marca_vehiculo_ocasiona_siniestro,color_vehiculo_ocasiona_siniestro,numero_personas_involucradas,lugar_remite_presunto_responsable,edad_presunto_responsable,sexo_presunto_responsable,resultados_toxicologia,numero_personas_lesionadas,numero_personas_fallecidas,municipio,colonia,mes,dia_semana,hora_redondeada,lon,lat
49721,49727,2024,,2024/07/05,12:12:00,COLISIÓN POR ALCANCE,ASFALTO,Bueno,Bueno,2,CHEVROLET,BLANCO,1,,28,FEMENINO,SIN DATOS,0,0,Morelia,Ampliacion La Soledad,julio,viernes,12,-101.181832998991,19.7370749742597
49722,49728,2024,,2024/07/05,12:15:00,COLISIÓN POR ALCANCE,ASFALTO,Bueno,Bueno,4,TOYOTA,BLANCO,4,MINISTERIO PÚBLICO,63,MASCULINO,SIN DATOS,0,0,Morelia,Vasco de Quiroga,julio,viernes,12,-101.170129684231,19.7082146694192
49723,49729,2024,,2024/07/05,13:05:00,COLISIÓN CON PEATÓN,ASFALTO,Bueno,Bueno,1,FORD,GRIS,1,,19,MASCULINO,SIN DATOS,0,0,Morelia,Arko San Antonio,julio,viernes,13,-101.272424608469,19.666069941512
49724,49730,2024,,2024/07/05,14:53:00,COLISIÓN POR ALCANCE,CONCRETO,Bueno,Bueno,2,HONDA,GRIS,2,,,FEMENINO,SIN DATOS,0,0,Morelia,Cinco de Diciembre,julio,viernes,15,-101.160965748131,19.687824693651
49725,49731,2024,,2024/07/05,16:25:00,COLISIÓN POR CAMBIO DE CARRIL,ASFALTO,Bueno,Bueno,3,KEENWORT,BLANCO,3,MINISTERIO PÚBLICO,,MASCULINO,SIN DATOS,0,0,Morelia,Loma del Salto,julio,viernes,16,-101.202953755,19.6621642849992
49726,49732,2024,,2024/07/05,18:15:00,COLISIÓN POR ALCANCE,ASFALTO,Bueno,Bueno,2,NISSAN,NEGRO,1,MINISTERIO PÚBLICO,49,MASCULINO,SIN DATOS,0,0,Morelia,El Lago 2,julio,viernes,18,-101.212053112686,19.726360063129
49727,49733,2024,MOR240012570,2024/07/05,18:38:00,COLISIÓN POR ALCANCE,ASFALTO,Nublado,Regular,2,NISSAN,ROJO,2,,69,MASCULINO,SIN DATOS,0,0,Morelia,Lomas de Huerta,julio,viernes,19,-101.214580759406,19.6742891715182
49728,49734,2024,,2024/07/05,22:30:00,COLISIÓN POR CORTE DE CIRCULACIÓN,ASFALTO,Nublado,Regular,1,CHEVROLET,ROJO,0,,,,,0,0,Morelia,Enrique Arreguin Robles,julio,viernes,23,-101.188147589564,19.7214445086927
49729,49735,2024,,2024/07/05,23:04:00,COLISIÓN POR INVASIÓN DE CARRIL,ASFALTO,Nublado,Regular,2,NISSAN,BLANCO,2,,38,MASCULINO,SIN DATOS,0,0,Morelia,Francisco J Mujica,julio,viernes,23,-101.187571249902,19.7223111721578
49730,49736,2024,,2024/07/05,23:05:00,COLISIÓN POR ALCANCE,ASFALTO,Bueno,Bueno,2,KIA,GRIS,2,,57,MASCULINO,SIN DATOS,0,0,Morelia,Ventura Puente,julio,viernes,23,-101.180406063795,19.6883304067774
49731,49737,2024,,2024/07/06,"00:10:00",COLISIÓN CONTRA OBJETO FIJO,CONCRETO,Bueno,Bueno,1,CHEVROLET,BLANCO,1,,,,SIN DATOS,0,0,Morelia,Buenos Aires (Lomas de La Aldea),julio,sábado,0,-101.14313274622,19.7330493927155
49732,49738,2024,,2024/07/06,"01:50:00",COLISIÓN CONTRA OBJETO FIJO,CONCRETO,Bueno,Bueno,1,ITALIKA,NEGRO/ROJO,1,MINISTERIO PÚBLICO,,,,0,1,Cuitzeo,San Agustin del Pulque,julio,sábado,2,-101.08091538772,19.9599702316987
49733,49739,2024,,2024/07/06,"02:10:00",COLISIÓN POR CORTE DE CIRCULACIÓN,CONCRETO,Bueno,Bueno,2,CHEVROLET,GRIS,2,,65,MASCULINO,SIN DATOS,0,0,Morelia,San Rafael,julio,sábado,2,-101.153851523995,19.6997546151606
49734,49740,2024,LEG53157,2024/07/06,"04:10:00",COLISIÓN POR INVASIÓN DE CARRIL,ASFALTO,Bueno,Regular,2,KIA,GRIS,2,,27,FEMENINO,SIN DATOS,0,0,Morelia,Balcones de Santa Maria,julio,sábado,4,-101.188037283719,19.6762313663418
49735,49741,2024,,2024/07/06,"08:30:00",COLISIÓN CONTRA OBJETO FIJO,ASFALTO,Bueno,Bueno,1,CHEVROLET,BLANCO,1,,22,MASCULINO,SIN DATOS,0,0,Morelia,Las Aguilas,julio,sábado,9,-101.228111833334,19.6976173138709
49736,49742,2024,MOR2456781,2024/07/06,"08:50:00",COLISIÓN CONTRA OBJETO FIJO,TERRACERIA,Bueno,Bueno,1,VOLKSWAGEN,BLANCO,1,,,MASCULINO,SIN DATOS,0,0,Morelia,Tanganxoan (Guadalupe Victoria),julio,sábado,9,-101.291041485965,19.6932529765724
49737,49743,2024,MOR 240012819,2024/07/06,"08:50:00",COLISIÓN POR CORTE DE CIRCULACIÓN,CONCRETO,Bueno,Bueno,2,ITALIKA,NEGRO,2,,16,MASCULINO,SIN DATOS,0,0,Morelia,3 de Agosto,julio,sábado,9,-101.166701987386,19.7326258739263
49738,49744,2024,LEG53162,2024/07/06,13:00:00,COLISIÓN POR ALCANCE,ASFALTO,Bueno,Bueno,2,VOLKSWAGEN,ROJO,2,,52,MASCULINO,SIN DATOS,0,0,Morelia,Lomas de Santa Maria,julio,sábado,13,-101.185012087226,19.6749499371261
49739,49745,2024,,2024/07/06,14:30:00,COLISIÓN POR ALCANCE,ASFALTO,Bueno,Bueno,3,SEAT,BLANCO,3,MINISTERIO PÚBLICO,35,FEMENINO,SIN DATOS,0,0,Pátzcuaro,2A de San Lazaro,julio,sábado,15,-101.606681495905,19.5056587651117
49740,49746,2024,,2024/07/06,15:40:00,COLISIÓN POR CORTE DE CIRCULACIÓN,CONCRETO,Bueno,Bueno,2,VENTO,ROJO/NEGRO,2,MINISTERIO PÚBLICO,,MASCULINO,SIN DATOS,0,0,Morelia,Buenos Aires (Lomas de La Aldea),julio,sábado,16,-101.134986877441,19.734502665865
49741,49747,2024,,2024/07/06,18:30:00,COLISIÓN POR CORTE DE CIRCULACIÓN,ASFALTO,Bueno,Bueno,2,NISSAN,BLANCO,2,MINISTERIO PÚBLICO,55,MASCULINO,SIN DATOS,0,0,Morelia,Molino de Parras,julio,sábado,19,-101.20445240289,19.6985437653576
49742,49748,2024,,2024/07/06,20:05:00,COLISIÓN POR CORTE DE CIRCULACIÓN,ASFALTO,Bueno,Bueno,1,ITALIKA,NEGRO,1,MINISTERIO PÚBLICO,21,MASCULINO,SIN DATOS,0,0,Morelia,La Hacienda,julio,sábado,20,-101.314940303564,19.6868798707778
49743,49749,2024,MOR 240012993,2024/07/06,20:15:00,COLISIÓN CONTRA OBJETO FIJO,TERRACERIA,Nublado,Malo,1,DODGE,BLANCO,1,,,,SIN DATOS,0,0,Morelia,La Aldea,julio,sábado,20,-101.131673008204,19.7438077187858
49744,49750,2024,LEG53168,2024/07/06,22:00:00,COLISIÓN POR CORTE DE CIRCULACIÓN,ASFALTO,Bueno,Bueno,2,NISSAN,BLANCO,2,,31,MASCULINO,SIN DATOS,0,0,Morelia,Adolfo Lopez Mateos,julio,sábado,22,-101.224380545318,19.6929988653175
49745,49751,2024,,2024/07/07,"03:40:00",COLISIÓN CONTRA OBJETO FIJO,ASFALTO,Bueno,Bueno,1,MAZDA,ROJO,1,,,MASCULINO,SIN DATOS,0,0,Morelia,La Quemada,julio,domingo,4,-101.238790042698,19.7014828064515
49746,49752,2024,,2024/07/07,"04:45:00",SUBIDA AL CAMELLÓN,ASFALTO,Bueno,Bueno,1,NISSAN,AZUL,1,,32,FEMENINO,SIN DATOS,0,0,Morelia,Centenario (Los Alamos Poniente),julio,domingo,5,-101.17417126894,19.7337559912361
49747,49753,2024,LEG53172,2024/07/07,"05:50:00",COLISIÓN POR ALCANCE,ASFALTO,Bueno,Bueno,2,HONDA,BLANCO,2,,28,MASCULINO,SIN DATOS,0,0,Morelia,El Realito,julio,domingo,6,-101.202647946775,19.7255322406966
49748,49754,2024,,2024/07/07,"06:00:00",COLISIÓN CONTRA OBJETO FIJO,CONCRETO,Bueno,Bueno,2,MAZDA,GRIS,1,,,,SIN DATOS,0,0,Morelia,La Loma,julio,domingo,6,-101.183620691299,19.6796711906884
49749,49755,2024,MOR 2400115919,2024/07/07,"09:00:00",COLISIÓN CONTRA OBJETO FIJO,ASFALTO,Bueno,Bueno,1,CHEVROLET,NARANJA,1,,32,MASCULINO,ALIENTO ETÍLICO,0,0,Morelia,Xangari,julio,domingo,9,-101.217720594707,19.6729593506917
49750,49756,2024,MOR240013287,2024/07/07,13:15:00,COLISIÓN POR CORTE DE CIRCULACIÓN,ASFALTO,Bueno,Bueno,2,NISSAN,PLATA,2,MINISTERIO PÚBLICO,21,MASCULINO,SIN DATOS,0,0,Morelia,La Hacienda,julio,domingo,13,-101.314941309392,19.6868795550994
49751,49757,2024,,2024/07/07,15:35:00,COLISIÓN POR CORTE DE CIRCULACIÓN,ASFALTO,Bueno,Bueno,2,HONDA,ROJO,2,,25,MASCULINO,SIN DATOS,0,0,Morelia,Plan de Ayala,julio,domingo,16,-101.178854070604,19.7057818972356
49752,49758,2024,,2024/07/07,16:13:00,COLISIÓN CONTRA OBJETO FIJO,ASFALTO,Bueno,Bueno,2,ITALIKA,NEGRO CON VERDE,2,MINISTERIO PÚBLICO,35,MASCULINO,SIN DATOS,0,0,Morelia,Guadalupe,julio,domingo,16,-101.223130971193,19.709547452322
49755,49761,2024,,2024/07/08,"08:30:00",COLISIÓN CON PEATÓN,SIN_DATOS,Bueno,Bueno,3,NISSAN,CAFE,1,,,FEMENINO,SIN DATOS,0,0,Morelia,Nueva Chapultepec,julio,lunes,9,-101.170656534483,19.6877951794071
49756,49762,2024,LEG53182,2024/07/08,10:40:00,COLISIÓN POR CORTE DE CIRCULACIÓN,CONCRETO,Bueno,Bueno,2,CHEVROLET,ROJO,2,,40,MASCULINO,SIN DATOS,0,0,Morelia,Lomas de San Juan,julio,lunes,11,-101.183039681886,19.7298664251429
49757,49763,2024,,2024/07/08,13:15:00,COLISIÓN POR ALCANCE,ASFALTO,Bueno,Bueno,2,TOYOTA,VERDE,2,,33,MASCULINO,SIN DATOS,0,0,Morelia,Cañada del Bosque,julio,lunes,13,-101.095155738294,19.7295775785167
49758,49764,2024,LEG53184,2024/07/08,13:15:00,COLISIÓN POR ALCANCE,ASFALTO,Bueno,Bueno,2,SEAT,AZUL,2,,,MASCULINO,SIN DATOS,0,0,Morelia,Centro,julio,lunes,13,-101.18754847,19.7028479949991
49759,49765,2024,,2024/07/08,14:35:00,COLISIÓN POR ALCANCE,ASFALTO,Bueno,Bueno,3,FORD/RANGER,CAFE,3,,32,MASCULINO,SIN DATOS,0,0,Morelia,Emiliano Zapata,julio,lunes,15,-101.228318363428,19.6581638153033
49760,49766,2024,,2024/07/08,15:21:00,COLISIÓN POR CORTE DE CIRCULACIÓN,CONCRETO,Bueno,Regular,2,TOYOTA,BLANCO  Y NARANJA,2,,51,MASCULINO,SIN DATOS,0,0,Morelia,Centro,julio,lunes,15,-101.19078990072,19.70739008102
49761,49767,2024,,2024/07/08,20:00:00,COLISIÓN CONTRA OBJETO FIJO,ASFALTO,Bueno,Bueno,2,NISSAN,BLANCO,2,,53,MASCULINO,SIN DATOS,0,0,Morelia,Buenavista,julio,lunes,20,-101.164379245,19.7054418449992
49763,49769,2024,MOR224315781,2024/07/08,21:53:00,COLISIÓN POR ALCANCE,ASFALTO,Bueno,Bueno,2,NISSAN,BLANCO CON NEGRO,2,MINISTERIO PÚBLICO,,MASCULINO,SIN DATOS,0,0,Morelia,Obrera,julio,lunes,22,-101.182860991234,19.7107343876966
49764,49770,2024,MOR 240013809,2024/07/08,22:20:00,COLISIÓN POR ALCANCE,ASFALTO,Lluvioso,Bueno,2,NISSAN,BLANCO Y ANARANJA,2,,18,MASCULINO,SIN DATOS,0,0,Morelia,Ventura Puente,julio,lunes,22,-101.193205035,19.6924290599991
49765,49771,2024,,2024/07/09,"08:51:00",COLISIÓN CONTRA OBJETO FIJO,ASFALTO,Bueno,Bueno,2,VOLKSWAGEN,BLANCO,2,,57,MASCULINO,SIN DATOS,0,0,Morelia,Division del Norte,julio,martes,9,-101.164038218558,19.7110924721164
49766,49772,2024,,2024/07/09,11:14:00,COLISIÓN POR CORTE DE CIRCULACIÓN,CONCRETO,Bueno,Bueno,2,MAZDA,AZUL,2,,40,MASCULINO,SIN DATOS,0,0,Morelia,Defensores De Puebla,julio,martes,11,-101.235305517912,19.7137772044096
49767,49773,2024,,2024/07/09,12:40:00,COLISIÓN POR INVASIÓN DE CARRIL,CONCRETO,Bueno,Bueno,2,CHEVROLET,BLANCO,3,,37,MASCULINO,SIN DATOS,1,0,Morelia,Los Laureles,julio,martes,13,-101.232053339481,19.7140016139202
49768,49774,2024,,2024/07/09,13:59:00,COLISIÓN POR CORTE DE CIRCULACIÓN,ASFALTO,Bueno,Bueno,2,VOLKSWAGEN,BLANCO,1,,53,MASCULINO,SIN DATOS,0,0,Morelia,Lazaro Cardenas,julio,martes,14,-101.160364933312,19.7102105974778
49769,49775,2024,,2024/07/09,14:40:00,COLISIÓN CON PEATÓN,ASFALTO,Bueno,Bueno,2,HONDA,NEGRO,2,,17,MASCULINO,SIN DATOS,0,0,Morelia,Isaac Arriaga,julio,martes,15,-101.170443150464,19.7081332805902
49770,49776,2024,,2024/07/09,16:00:00,SUBIDA AL CAMELLÓN,ASFALTO,Nublado,Bueno,1,NISSAN,BLANCO,1,,22,MASCULINO,SIN DATOS,0,0,Morelia,Cumbres de Morelia,julio,martes,16,-101.140823699534,19.691529431455
49771,49777,2024,,2024/07/09,17:00:00,COLISIÓN POR CORTE DE CIRCULACIÓN,CONCRETO,Lluvioso,Regular,2,NISSAN,BLANCO,2,,29,MASCULINO,SIN DATOS,0,0,Morelia,Isaac Arriaga,julio,martes,17,-101.173131130636,19.7089272307802
49772,49778,2024,,2024/07/09,17:02:00,COLISIÓN POR INVASIÓN DE CARRIL,ASFALTO,Nublado,Regular,2,SEAT,GRIS,2,,23,MASCULINO,SIN DATOS,0,0,Morelia,Chapultepec Norte,julio,martes,17,-101.168280802667,19.694976503133
49775,49781,2024,,2024/07/09,19:10:00,COLISIÓN POR ALCANCE,ASFALTO,Nublado,Regular,2,NISSAN,BLANCO/NARANJA,2,MINISTERIO PÚBLICO,26,MASCULINO,SIN DATOS,0,0,Pátzcuaro,San Lazaro,julio,martes,19,-101.611491031945,19.5062178285271
49777,49783,2024,LEG53208,2024/07/10,"08:20:00",COLISIÓN CONTRA OBJETO FIJO,ASFALTO,Bueno,Bueno,1,HONDA,BLANCO,2,MINISTERIO PÚBLICO,,,,2,0,Morelia,Sin datos,julio,miércoles,8,-101.410671696067,19.6416149727433
49778,49784,2024,,2024/07/10,"09:40:00",COLISIÓN POR CAMBIO DE CARRIL,ASFALTO,Nublado,Bueno,2,CHEVROLET,GRIS,2,,66,MASCULINO,SIN DATOS,0,0,Morelia,Ana Maria Gallaga (Riviera Norte),julio,miércoles,10,-101.22394669801,19.6766446163968
49779,49785,2024,,2024/07/10,12:45:00,COLISIÓN POR ALCANCE,ASFALTO,Bueno,Bueno,2,FORD/HARLEY,NEGRO,2,,17,MASCULINO,SIN DATOS,0,0,Morelia,Nueva Valladolid,julio,miércoles,13,-101.209115087986,19.6986097373373
49780,49786,2024,MOR2234671,2024/07/10,13:24:00,COLISIÓN POR CORTE DE CIRCULACIÓN,ASFALTO,Bueno,Bueno,2,NISSAN,GRIS,2,MINISTERIO PÚBLICO,,FEMENINO,SIN DATOS,0,0,Morelia,Xangari,julio,miércoles,13,-101.220692507923,19.6741164817296
49781,49787,2024,,2024/07/10,14:00:00,COLISIÓN POR ALCANCE,ASFALTO,Bueno,Bueno,4,NISSAN,ROJO,4,,,,SIN DATOS,0,0,Morelia,Niño Artillero,julio,miércoles,14,-101.256090290844,19.6973635252024
49783,49789,2024,,2024/07/10,18:10:00,COLISIÓN CONTRA OBJETO FIJO,ASFALTO,Lluvioso,Bueno,1,GML FRISON,BLANCO,1,,27,MASCULINO,SIN DATOS,0,0,Morelia,Ana Maria Gallaga (Riviera Norte),julio,miércoles,18,-101.22460476,19.6777109999991
49784,49790,2024,MOR 240014439,2024/07/10,23:05:00,COLISIÓN POR CORTE DE CIRCULACIÓN,CONCRETO,Nublado,Bueno,2,SE DESCONOCE,SE DESCONOCE,2,MINISTERIO PÚBLICO,22,MASCULINO,SIN DATOS,1,0,Morelia,Hermanos Lopez Rayon,julio,miércoles,23,-101.222840957344,19.6764605639829
49786,49792,2024,,2024/07/11,"09:14:00",COLISIÓN POR CORTE DE CIRCULACIÓN,ASFALTO,Nublado,Regular,2,HYUNDAI,GRIS,2,,50,FEMENINO,SIN DATOS,0,0,Morelia,Ventura Puente,julio,jueves,9,-101.179250366986,19.6935632758559
49787,49793,2024,,2024/07/11,"09:50:00",COLISIÓN POR CAMBIO DE CARRIL,ASFALTO,Lluvioso,Bueno,2,NISSAN,BLANCO Y AZUL,2,MINISTERIO PÚBLICO,49,MASCULINO,SIN DATOS,0,0,Morelia,La Camelina,julio,jueves,10,-101.223468258977,19.6684662343944
49788,49794,2024,,2024/07/11,11:13:00,COLISIÓN POR CORTE DE CIRCULACIÓN,ASFALTO,Lluvioso,Regular,2,VOLKSWAGEN,BLANCO,2,,35,,SIN DATOS,0,0,Morelia,Felix Ireta,julio,jueves,11,-101.191493310034,19.6824606269044
49789,49795,2024,,2024/07/11,11:20:00,COLISIÓN POR CORTE DE CIRCULACIÓN,ASFALTO,Bueno,Bueno,2,NISSAN,BLANCO,2,,50,MASCULINO,SIN DATOS,0,0,Morelia,Chapultepec Norte,julio,jueves,11,-101.176325753331,19.6931027195313
49790,49796,2024,,2024/07/11,12:50:00,COLISIÓN POR CAMBIO DE CARRIL,ASFALTO,Lluvioso,Regular,2,FORD,BLANCO,2,,45,FEMENINO,SIN DATOS,0,0,Morelia,Loma de Los Piñones,julio,jueves,13,-101.203127391636,19.6752122852573
49791,49797,2024,,2024/07/11,14:00:00,COLISIÓN POR ALCANCE,ASFALTO,Nublado,Bueno,2,VOLKSWAGEN,BLANCO,2,,36,MASCULINO,SIN DATOS,0,0,Morelia,El Lago 2,julio,jueves,14,-101.214488558471,19.7265727777698
49792,49798,2024,,2024/07/11,15:20:00,COLISIÓN POR CORTE DE CIRCULACIÓN,CONCRETO,Nublado,Regular,2,HONDA,AZUL,3,,31,MASCULINO,SIN DATOS,1,0,Morelia,Union Popular Solidaria,julio,jueves,15,-101.217737719417,19.7078477554909
49793,49799,2024,,2024/07/11,16:30:00,COLISIÓN POR ALCANCE,ASFALTO,Nublado,Regular,2,NISSAN,BLANCO,2,,26,MASCULINO,SIN DATOS,0,0,Morelia,Morelos,julio,jueves,17,-101.185368821025,19.7240220770228
49794,49800,2024,,2024/07/11,18:00:00,COLISIÓN POR CORTE DE CIRCULACIÓN,ASFALTO,Bueno,Bueno,2,HONDA,ROJO,2,,35,FEMENINO,SIN DATOS,0,0,Morelia,Lazaro Cardenas,julio,jueves,18,-101.164216250181,19.7086090703995
49795,49801,2024,LEG53225,2024/07/11,18:00:00,COLISIÓN POR CAMBIO DE CARRIL,ASFALTO,Lluvioso,Regular,2,CHEVROLET,CAFE,2,MINISTERIO PÚBLICO,25,MASCULINO,SIN DATOS,0,0,Morelia,Villa Universidad,julio,jueves,18,-101.206501747131,19.6889820839462
49796,49802,2024,LEG53224,2024/07/11,18:15:00,COLISIÓN POR CORTE DE CIRCULACIÓN,ASFALTO,Lluvioso,Malo,1,JAC,BLANCO,1,,22,MASCULINO,SIN DATOS,0,0,Morelia,Nueva Valladolid,julio,jueves,18,-101.210774369538,19.6951769486986
49797,49803,2024,LEG53226,2024/07/12,"00:30:00",COLISIÓN POR CORTE DE CIRCULACIÓN,CONCRETO,Nublado,Bueno,2,TOYOTA,PLATA,2,,,MASCULINO,SIN DATOS,0,0,Morelia,Jardines del Rincon,julio,viernes,1,-101.150971502066,19.6896688657712
49798,49804,2024,LEG53228,2024/07/12,15:35:00,COLISIÓN POR INVASIÓN DE CARRIL,ASFALTO,Bueno,Bueno,2,MERCEDES BENZ,AMARILLO/GUINDA,32,MINISTERIO PÚBLICO,,,,30,2,Morelia,Sin datos,julio,viernes,16,-101.096898168325,19.7303166984513
49799,49805,2024,,2024/07/12,15:35:00,COLISIÓN POR INVASIÓN DE CARRIL,ASFALTO,Nublado,Bueno,2,MERCEDES BENZ,AMARILLO GUINDA,2,,,,,0,2,Morelia,Cañada del Bosque,julio,viernes,16,-101.095475926995,19.729764410181
49800,49806,2024,,2024/07/12,16:20:00,COLISIÓN POR ALCANCE,CONCRETO,Bueno,Bueno,2,NISSAN,BLANCO,2,,42,MASCULINO,SIN DATOS,0,0,Morelia,Centro,julio,viernes,16,-101.192438453436,19.702945835996
49801,49807,2024,,2024/07/12,21:20:00,COLISIÓN POR CORTE DE CIRCULACIÓN,ASFALTO,Lluvioso,Bueno,2,TOYOTA,BLANCO/CORAL,2,,53,MASCULINO,SIN DATOS,0,0,Morelia,Vasco de Quiroga,julio,viernes,21,-101.170941218734,19.7024941448069
49802,49808,2024,,2024/07/13,"01:20:00",COLISIÓN CONTRA OBJETO FIJO,ASFALTO,Lluvioso,Regular,1,DODGE,GRIS,1,MINISTERIO PÚBLICO,0,,SIN DATOS,0,0,Morelia,Ignacio Zaragoza,julio,sábado,1,-101.203700713813,19.7252286310896
49803,49809,2024,,2024/07/13,"02:15:00",SALIDA DE SUPERFICIE DE RODAMIENTO,ASFALTO,Lluvioso,Bueno,1,ALFA ROMEO,BLANCO,1,MINISTERIO PÚBLICO,35,MASCULINO,ALIENTO ETÍLICO,0,0,Morelia,Union de Tabiqueros,julio,sábado,2,-101.24775364995,19.6787973509726
49804,49810,2024,MOR22467890,2024/07/13,"06:16:00",COLISIÓN CONTRA OBJETO FIJO,ASFALTO,Bueno,Bueno,2,TOYOTA,GRIS,2,,,,SIN DATOS,0,0,Morelia,Villas del Real,julio,sábado,6,-101.199523173273,19.7348289798856
49806,49812,2024,,2024/07/13,12:25:00,COLISIÓN POR CORTE DE CIRCULACIÓN,ASFALTO,Bueno,Bueno,2,FORD,BLANCO/ROJO,2,,34,FEMENINO,SIN DATOS,0,0,Morelia,Primo Tapia Oriente,julio,sábado,12,-101.158742196858,19.7135161819807
49807,49813,2024,,2024/07/13,13:45:00,COLISIÓN POR CORTE DE CIRCULACIÓN,CONCRETO,Bueno,Bueno,2,TOYOTA,GRIS,3,MINISTERIO PÚBLICO,51,MASCULINO,SIN DATOS,1,0,Morelia,Centro,julio,sábado,14,-101.190423443913,19.7078995199694
49808,49814,2024,,2024/07/13,15:10:00,COLISIÓN CON PEATÓN,SIN_DATOS,Bueno,Bueno,2,CHEVROLET,BLANCO,2,,64,MASCULINO,SIN DATOS,0,0,Morelia,Canteras de Morelia,julio,sábado,15,-101.171491071582,19.714749958971
49809,49815,2024,,2024/07/13,15:10:00,COLISIÓN POR CAMBIO DE CARRIL,ASFALTO,Lluvioso,Regular,3,FORD,VERDE,3,,60,MASCULINO,SIN DATOS,0,0,Morelia,Tinijaro,julio,sábado,15,-101.264481917024,19.6962135797127
49810,49816,2024,,2024/07/13,19:00:00,CAIDA DE MOTOCICLETA,ASFALTO,Nublado,Regular,1,Italika,Azul,1,,,MASCULINO,SIN DATOS,0,0,Morelia,Obrera,julio,sábado,19,-101.184086725116,19.7098763423622
49811,49817,2024,MOR240014983,2024/07/13,20:55:00,VOLCADURA,ASFALTO,Bueno,Bueno,1,CHRYSLER,VERDE,1,MINISTERIO PÚBLICO,,,SIN DATOS,0,0,Morelia,La Quemada,julio,sábado,21,-101.241212412715,19.7057080371799
49812,49818,2024,,2024/07/13,23:25:00,COLISIÓN POR NO RESPETAR SEMÁFORO,ASFALTO,Lluvioso,Bueno,2,BMW,NEGRO/ROJO,2,MINISTERIO PÚBLICO,45,MASCULINO,SIN DATOS,0,0,Morelia,Rinconada del Valle,julio,sábado,23,-101.217618361115,19.6805409216553
49813,49819,2024,LEG53244,2024/07/14,"01:43:00",COLISIÓN CONTRA OBJETO FIJO,ASFALTO,Lluvioso,Malo,1,NISSAN,AZUL,1,,26,,SIN DATOS,0,0,Morelia,Bosques de Oriente,julio,domingo,2,-101.154148243368,19.7169570988163
49814,49820,2024,LEG53245,2024/07/14,"01:50:00",VOLCADURA,ASFALTO,Lluvioso,Malo,1,SEAT,GRIS,1,,,,SIN DATOS,0,0,Morelia,Lomas de San Juan,julio,domingo,2,-101.183162033558,19.7295128816902
49815,49821,2024,LEG53243,2024/07/14,"03:20:00",COLISIÓN CONTRA OBJETO FIJO,CONCRETO,Lluvioso,Malo,1,NISSAN,AZUL,1,,22,MASCULINO,ALIENTO ETÍLICO,0,0,Morelia,Jacarandas,julio,domingo,3,-101.209358163178,19.7083669777017
49816,49822,2024,,2024/07/14,"03:30:00",COLISIÓN CONTRA OBJETO FIJO,ASFALTO,Bueno,Regular,3,FORD,CAFE,0,MINISTERIO PÚBLICO,,,,0,0,Pátzcuaro,Centro,julio,domingo,4,-101.60716932267,19.516194683859
49817,49823,2024,LEG53246,2024/07/14,"08:45:00",COLISIÓN CONTRA OBJETO FIJO,CONCRETO,Bueno,Bueno,1,NISSAN,AZUL,1,,,MASCULINO,SIN DATOS,0,0,Morelia,Centro,julio,domingo,9,-101.19335308671,19.7031207042202
49819,49825,2024,,2024/07/14,14:30:00,COLISIÓN POR CAMBIO DE CARRIL,ASFALTO,Bueno,Bueno,2,NISSAN/XTRAIL,GRIS,2,,52,MASCULINO,SIN DATOS,0,0,Morelia,Ciudad Industrial,julio,domingo,15,-101.137944348156,19.728621325193
49820,49826,2024,,2024/07/14,18:35:00,COLISIÓN CONTRA OBJETO FIJO,ASFALTO,Lluvioso,Bueno,1,VOLKSWAGEN,CAFE,1,MINISTERIO PÚBLICO,,MASCULINO,SIN DATOS,0,0,Morelia,Gertrudis Sanchez,julio,domingo,19,-101.205776745,19.7441101549991
49822,49828,2024,,2024/07/15,10:45:00,COLISIÓN POR ALCANCE,ASFALTO,Bueno,Bueno,2,NISSAN,GRIS OXFORD,2,,36,MASCULINO,SIN DATOS,0,0,Morelia,Chapultepec Sur,julio,lunes,11,-101.171449125214,19.6920309500482
49823,49829,2024,,2024/07/15,14:40:00,COLISIÓN POR ALCANCE,ASFALTO,Bueno,Bueno,2,MAZDA,BLANCO,2,,30,FEMENINO,SIN DATOS,0,0,Morelia,Xangari,julio,lunes,15,-101.220690831542,19.6741180602477
49824,49830,2024,,2024/07/15,14:55:00,COLISIÓN POR CAMBIO DE CARRIL,ASFALTO,Bueno,Bueno,2,FREIGHTLINER,BLANCO,2,,32,MASCULINO,SIN DATOS,0,0,Morelia,La Quemada,julio,lunes,15,-101.240703463554,19.7058298746895
49825,49831,2024,,2024/07/15,15:20:00,COLISIÓN POR CAMBIO DE CARRIL,ASFALTO,Bueno,Bueno,3,TOYOTA,BLANCO GUINDA,2,,46,MASCULINO,SIN DATOS,0,0,Morelia,Alberto Oviedo Mota,julio,lunes,15,-101.202003881335,19.6775838171032
49826,49832,2024,,2024/07/15,17:30:00,COLISIÓN POR ALCANCE,ASFALTO,Nublado,Bueno,2,VOLKSWAGEN,VERDE,2,,51,,SIN DATOS,0,0,Morelia,Industrial,julio,lunes,18,-101.193990781903,19.7095966911811
49830,49836,2024,,2024/07/16,"00:00:00",COLISIÓN POR CORTE DE CIRCULACIÓN,ASFALTO,Bueno,Bueno,2,HONDA,AZUL,2,,60,MASCULINO,SIN DATOS,0,0,Morelia,Carlos Salazar,julio,martes,0,-101.209658559066,19.7124165765648