fid,id_accidente,anio_origen,folio_c5i,dia_incidente,hora_ocurrencia,tipo_incidente_vial,superficie_ocurrencia,condiciones_climaticas,condiciones_via,numero_vehiculos_involucrados,marca_vehiculo_ocasiona_siniestro,color_vehiculo_ocasiona_siniestro,numero_personas_involucradas,lugar_remite_presunto_responsable,edad_presunto_responsable,sexo_presunto_responsable,resultados_toxicologia,numero_personas_lesionadas,numero_personas_fallecidas,municipio,colonia,mes,dia_semana,hora_redondeada,lon,lat
49831,49837,2024,LEG53261,2024/07/16,"00:15:00",COLISIÓN CONTRA OBJETO FIJO,ASFALTO,Nublado,Regular,1,FORD,GRIS,0,,,,,0,0,Morelia,Trincheras de Morelos,julio,martes,0,-101.18560178,19.6643663249991
49833,49839,2024,,2024/07/16,"09:40:00",COLISIÓN POR NO RESPETAR SEMÁFORO,ASFALTO,Bueno,Bueno,2,DODGE,BLANCO,2,,30,MASCULINO,SIN DATOS,0,0,Morelia,Nueva Valladolid,julio,martes,10,-101.211483945359,19.6992598320994
49834,49840,2024,,2024/07/16,11:36:00,COLISIÓN POR ALCANCE,ASFALTO,Bueno,Bueno,2,VOLKSWAGEN,BLANCO,2,,,MASCULINO,SIN DATOS,0,0,Morelia,Lomas del Tecnologico,julio,martes,12,-101.193160973489,19.7233018643681
49835,49841,2024,,2024/07/16,11:50:00,COLISIÓN POR ALCANCE,ASFALTO,Bueno,Bueno,2,RENAULT,GRIS,2,MINISTERIO PÚBLICO,0,,SIN DATOS,0,0,Pátzcuaro,Revolucion,julio,martes,12,-101.611759923398,19.5322416868077
49836,49842,2024,,2024/07/16,12:15:00,COLISIÓN POR CAMBIO DE CARRIL,ASFALTO,Bueno,Bueno,2,CHIREY,BLANCO,2,,66,MASCULINO,SIN DATOS,0,0,Morelia,Chapultepec Sur,julio,martes,12,-101.171449125214,19.6920309500482
49837,49843,2024,,2024/07/16,13:20:00,COLISIÓN POR CORTE DE CIRCULACIÓN,ASFALTO,Bueno,Bueno,2,NISSAN,NEGRO,2,,,FEMENINO,SIN DATOS,0,0,Morelia,Lazaro Cardenas,julio,martes,13,-101.163608289992,19.7088976595338
49838,49844,2024,,2024/07/16,13:40:00,COLISIÓN POR INVASIÓN DE CARRIL,ASFALTO,Bueno,Bueno,2,DODGE,ROJO,2,,30,MASCULINO,SIN DATOS,0,0,Morelia,La Quemada,julio,martes,14,-101.240695081651,19.7057358136151
49839,49845,2024,,2024/07/16,18:15:00,COLISIÓN CONTRA OBJETO FIJO,ASFALTO,Bueno,Bueno,2,VOLKSWAGEN,GRIS,2,,40,MASCULINO,SIN DATOS,0,0,Morelia,Hacienda La Trinidad,julio,martes,18,-101.227897207619,19.6730411503762
49840,49846,2024,,2024/07/17,"08:55:00",CAIDA DE MOTOCICLETA,ASFALTO,Bueno,Bueno,1,HONDA,NEGRO,1,,,MASCULINO,SIN DATOS,0,0,Morelia,Union Popular Solidaria,julio,miércoles,9,-101.218907787635,19.7064465030293
49841,49847,2024,,2024/07/17,"09:10:00",COLISIÓN POR CORTE DE CIRCULACIÓN,ASFALTO,Bueno,Bueno,2,KENWORTH,BLANCO,2,,33,MASCULINO,SIN DATOS,0,0,Morelia,Elias Perez Avalos,julio,miércoles,9,-101.167813022979,19.7136335493406
49843,49849,2024,,2024/07/17,12:35:00,COLISIÓN POR CORTE DE CIRCULACIÓN,ASFALTO,Bueno,Bueno,2,ITALIKA,ROJO,2,MINISTERIO PÚBLICO,46,MASCULINO,SIN DATOS,0,0,Morelia,Industrial,julio,miércoles,13,-101.188630387187,19.7108200825806
49844,49850,2024,,2024/07/17,14:00:00,COLISIÓN POR CAMBIO DE CARRIL,ASFALTO,Bueno,Bueno,2,CHEVROLET,BLANCO,2,,31,MASCULINO,SIN DATOS,0,0,Morelia,Campestre Los Manantiales,julio,miércoles,14,-101.238160729408,19.6877849183935
49845,49851,2024,,2024/07/17,16:15:00,COLISIÓN POR CORTE DE CIRCULACIÓN,ASFALTO,Bueno,Bueno,2,CHEVROLET,BLANCO,2,,38,MASCULINO,SIN DATOS,0,0,Morelia,Tzindurio de Morelos,julio,miércoles,16,-101.243667304516,19.7000011400276
49846,49852,2024,,2024/07/17,19:00:00,COLISIÓN CONTRA OBJETO FIJO,ASFALTO,Bueno,Bueno,2,NISSAN,BLANCO,2,MINISTERIO PÚBLICO,32,MASCULINO,SIN DATOS,0,0,Morelia,Santiaguito,julio,miércoles,19,-101.191834108722,19.7181820570845
49847,49853,2024,,2024/07/17,19:12:00,COLISIÓN POR CORTE DE CIRCULACIÓN,CONCRETO,Nublado,Regular,2,GMC,NEGRO,2,,51,FEMENINO,SIN DATOS,0,0,Morelia,Elias Perez Avalos,julio,miércoles,19,-101.167813022979,19.7136335493406
49848,49854,2024,LEG53282,2024/07/18,"01:10:00",COLISIÓN CONTRA OBJETO FIJO,ASFALTO,Lluvioso,Regular,3,CHEVROLET,ARENA,3,,,,SIN DATOS,0,0,Morelia,Sin datos,julio,jueves,1,-101.142595811512,19.7066879563344
49849,49855,2024,LEG53283,2024/07/18,"09:47:00",COLISIÓN POR CORTE DE CIRCULACIÓN,ASFALTO,Bueno,Bueno,2,HYUNDAI,BLANCO,2,,,MASCULINO,SIN DATOS,0,0,Morelia,Felix Ireta,julio,jueves,10,-101.188582604864,19.6860148664875
49850,49856,2024,LEG53284,2024/07/18,11:50:00,COLISIÓN POR MANIOBRA DE REVERSA,ASFALTO,Bueno,Bueno,2,CHEVROLET,BLANCO,2,,23,MASCULINO,SIN DATOS,0,0,Morelia,Industrial,julio,jueves,12,-101.19756180793,19.711858821647
49851,49857,2024,,2024/07/18,17:04:00,COLISIÓN POR CORTE DE CIRCULACIÓN,ASFALTO,Bueno,Regular,2,CHEVROLET EXPRES,BLANCO,1,MINISTERIO PÚBLICO,0,MASCULINO,SIN DATOS,0,0,Pátzcuaro,Las Palmas,julio,jueves,17,-101.618514731526,19.5114076398524
49853,49859,2024,LEG53285,2024/07/18,21:13:00,COLISIÓN POR ALCANCE,ASFALTO,Bueno,Bueno,2,FORD,GRIS,2,,25,MASCULINO,SIN DATOS,0,0,Morelia,Rafael Carrillo,julio,jueves,21,-101.237608529627,19.7071037970817
49854,49860,2024,,2024/07/18,21:20:00,COLISIÓN CONTRA OBJETO FIJO,ASFALTO,Bueno,Bueno,2,ITALIKA,ROJO/BLANCO,1,MINISTERIO PÚBLICO,20,MASCULINO,SIN DATOS,0,0,Pátzcuaro,Centro,julio,jueves,21,-101.613045707345,19.538240496688
49855,49861,2024,,2024/07/18,22:40:00,COLISIÓN POR INVASIÓN DE CARRIL,ASFALTO,Bueno,Bueno,2,HONDA,BLANCO,2,,41,MASCULINO,SIN DATOS,0,0,Morelia,Valerio Trujano,julio,jueves,23,-101.232142704694,19.6906454337858
49856,49862,2024,LEG53286,2024/07/19,"00:04:00",COLISIÓN POR ALCANCE,ASFALTO,Bueno,Bueno,2,ITALIKA,NEGRO,2,MINISTERIO PÚBLICO,30,MASCULINO,SIN DATOS,0,0,Morelia,El Porvenir,julio,viernes,0,-101.204332709312,19.7075589472703
49857,49863,2024,,2024/07/19,"05:15:00",COLISIÓN CONTRA OBJETO FIJO,ASFALTO,Bueno,Bueno,2,VOLKSWAGEN,ROJO,2,,30,MASCULINO,SIN DATOS,0,0,Morelia,Felix Ireta,julio,viernes,5,-101.188383623958,19.6817629567157
49858,49864,2024,,2024/07/19,13:15:00,COLISIÓN POR CORTE DE CIRCULACIÓN,ASFALTO,Bueno,Bueno,2,FIAT,BLANCO,1,,38,MASCULINO,SIN DATOS,0,0,Morelia,Chapultepec Norte,julio,viernes,13,-101.172360442579,19.6939868981182
49859,49865,2024,,2024/07/19,14:30:00,COLISIÓN POR MANIOBRA DE REVERSA,ASFALTO,Bueno,Bueno,2,KENWORTH,BLANCO,2,,20,FEMENINO,SIN DATOS,0,0,Morelia,Ventura Puente,julio,viernes,15,-101.18304669857,19.6938085476004
49860,49866,2024,,2024/07/19,14:40:00,COLISIÓN POR ALCANCE,ASFALTO,Bueno,Bueno,2,MERCEDES BENZ,BLANCO,2,,56,MASCULINO,SIN DATOS,0,0,Morelia,Las Americas,julio,viernes,15,-101.152233481407,19.6885352801175
49861,49867,2024,MOR224567891,2024/07/19,19:58:00,COLISIÓN POR INVASIÓN DE CARRIL,ASFALTO,Bueno,Bueno,2,VOLKSWAGEN,GRIS,2,,,MASCULINO,SIN DATOS,0,0,Morelia,Ocolusen Iii,julio,viernes,20,-101.152712926269,19.6857020700753
49862,49868,2024,,2024/07/19,21:15:00,COLISIÓN POR CAMBIO DE CARRIL,ASFALTO,Lluvioso,Malo,2,FREIGHTLINER,BLANCO,2,,39,MASCULINO,SIN DATOS,0,0,Morelia,San Jose Itzicuaro,julio,viernes,21,-101.299899481237,19.6872268010405
49863,49869,2024,LEG53296,2024/07/19,21:24:00,COLISIÓN POR NO RESPETAR SEMÁFORO,ASFALTO,Nublado,Bueno,2,TOYOTA,GRIS,2,,27,MASCULINO,SIN DATOS,0,0,Morelia,Rinconada del Valle,julio,viernes,21,-101.217970401049,19.6802236519223
49864,49870,2024,,2024/07/20,"01:10:00",VOLCADURA,ASFALTO,Lluvioso,Regular,2,HYUNDAI,NEGRO,2,,35,MASCULINO,SIN DATOS,0,0,Morelia,Vista Bella,julio,sábado,1,-101.197622828186,19.6785719450125
49865,49871,2024,LEG53294,2024/07/20,"01:35:00",COLISIÓN CONTRA OBJETO FIJO,ASFALTO,Nublado,Regular,1,MITSUBISHI,BLANCO,1,,,MASCULINO,SIN DATOS,0,0,Morelia,Arcos del Valle,julio,sábado,2,-101.23625099659,19.7076258624455
49866,49872,2024,LEG53295,2024/07/20,"05:20:00",COLISIÓN POR NO RESPETAR SEMÁFORO,ASFALTO,Lluvioso,Regular,2,DODGE,BLANCO/AZUL,2,,61,MASCULINO,SIN DATOS,0,0,Morelia,Campestre Los Manantiales,julio,sábado,5,-101.240047328174,19.6921923356192
49867,49873,2024,,2024/07/20,"05:40:00",COLISIÓN CONTRA OBJETO FIJO,CONCRETO,Bueno,Bueno,1,CHEVROLET,GRIS,1,,28,MASCULINO,SIN DATOS,0,0,Morelia,Union Antorchista,julio,sábado,6,-101.268684603274,19.7017343790429
49868,49874,2024,,2024/07/20,"08:05:00",COLISIÓN POR CORTE DE CIRCULACIÓN,ASFALTO,Bueno,Bueno,2,CHEVROLET,BLANCO,2,,29,MASCULINO,SIN DATOS,0,0,Morelia,Villas del Real,julio,sábado,8,-101.198830157518,19.7336972922373
49869,49875,2024,,2024/07/20,"09:35:00",COLISIÓN POR ALCANCE,ASFALTO,Bueno,Bueno,2,INTERNATIONAL,BLANCO,2,,24,MASCULINO,SIN DATOS,0,0,Morelia,Nueva Valladolid,julio,sábado,10,-101.211709789932,19.7018306520128
49870,49876,2024,LEG53300,2024/07/20,10:40:00,COLISIÓN POR MANIOBRA DE REVERSA,ASFALTO,Bueno,Bueno,2,NISSAN,BLANCO,2,,,MASCULINO,SIN DATOS,0,0,Morelia,Campobello,julio,sábado,11,-101.236430034041,19.6672810368317
49871,49877,2024,,2024/07/20,11:30:00,COLISIÓN POR INVASIÓN DE CARRIL,ASFALTO,Bueno,Bueno,2,FORD,BLANCO,2,,28,MASCULINO,SIN DATOS,0,0,Morelia,La Floresta,julio,sábado,12,-101.151937097311,19.6833571759884
49872,49878,2024,,2024/07/20,12:40:00,COLISIÓN POR CAMBIO DE CARRIL,CONCRETO,Lluvioso,Bueno,2,NISSAN,BLANCO,2,,67,MASCULINO,SIN DATOS,0,0,Morelia,Melchor Ocampo,julio,sábado,13,-101.200499162078,19.7059068910984
49873,49879,2024,,2024/07/20,13:30:00,COLISIÓN POR CORTE DE CIRCULACIÓN,ASFALTO,Bueno,Bueno,2,HONDA,BLANCO,0,,,,,0,0,Huandacareo,Sin datos,julio,sábado,14,-101.296364665031,19.9887427239377
49874,49880,2024,MOR2456789,2024/07/20,13:40:00,COLISIÓN CONTRA OBJETO FIJO,ASFALTO,Nublado,Bueno,1,DODGE,ROJO,1,,,MASCULINO,SIN DATOS,0,0,Morelia,Rinconada del Valle,julio,sábado,14,-101.221412681043,19.678568788064
49875,49881,2024,LEG53301,2024/07/20,14:00:00,COLISIÓN CON PEATÓN,ASFALTO,Lluvioso,Malo,1,NISSAN,GRIS,1,,28,MASCULINO,SIN DATOS,0,0,Morelia,Primo Tapia Oriente,julio,sábado,14,-101.15984056145,19.7191282281023
49876,49882,2024,,2024/07/20,14:00:00,COLISIÓN POR CAMBIO DE CARRIL,ASFALTO,Lluvioso,Bueno,2,FORD,PLATA,2,,37,MASCULINO,SIN DATOS,0,0,Morelia,Nueva Valladolid,julio,sábado,14,-101.207950003445,19.7009850261433
49877,49883,2024,,2024/07/21,"04:30:00",COLISIÓN CONTRA OBJETO FIJO,ASFALTO,Bueno,Bueno,1,FORD,NEGRO,1,MINISTERIO PÚBLICO,0,,SIN DATOS,0,0,Morelia,Reforma,julio,domingo,5,-101.240796241532,19.7078956687036
49879,49885,2024,,2024/07/21,"09:20:00",SALIDA DE SUPERFICIE DE RODAMIENTO,ASFALTO,Bueno,Bueno,1,MAZDA,GRIS,0,MINISTERIO PÚBLICO,,,,0,0,Pátzcuaro,San Miguel,julio,domingo,9,-101.515076011419,19.4877165125927
49881,49887,2024,,2024/07/21,16:00:00,COLISIÓN POR CAMBIO DE CARRIL,CONCRETO,Bueno,Bueno,2,HONDA,PLATA,2,MINISTERIO PÚBLICO,0,MASCULINO,SIN DATOS,0,0,Morelia,Benito Juarez,julio,domingo,16,-101.250692026236,19.6858653522379
49882,49888,2024,,2024/07/21,20:08:00,COLISIÓN POR CAMBIO DE CARRIL,ASFALTO,Nublado,Malo,2,VOLKSWAGEN,ROJO,2,,36,MASCULINO,SIN DATOS,0,0,Morelia,Fuentes de Morelia,julio,domingo,20,-101.203908950441,19.6711852824231
49885,49891,2024,LEG53316,2024/07/22,"07:40:00",COLISIÓN CONTRA OBJETO FIJO,ASFALTO,Bueno,Bueno,1,VOLKSWAGEN,GRIS,1,,0,MASCULINO,SIN DATOS,0,0,Morelia,Nicolaitas Ilustres,julio,lunes,8,-101.228348203003,19.7194649887909
49886,49892,2024,,2024/07/22,"08:49:00",COLISIÓN POR ALCANCE,ASFALTO,Bueno,Bueno,2,SUZUKI,BLANCO,2,MINISTERIO PÚBLICO,31,MASCULINO,SIN DATOS,0,0,Morelia,Vicente Lombardo Toledano (Ejidal Isacc Arriaga) (Etnias de Mexico),julio,lunes,9,-101.152767576277,19.7175406775316
49887,49893,2024,,2024/07/22,"09:30:00",COLISIÓN POR ALCANCE,ASFALTO,Bueno,Bueno,2,MERCEDES,BLANCO,4,,61,MASCULINO,SIN DATOS,2,0,Morelia,Sin datos,julio,lunes,10,-101.288767307997,19.7040963643961
49888,49894,2024,,2024/07/22,12:30:00,COLISIÓN POR MANIOBRA DE REVERSA,ASFALTO,Bueno,Bueno,2,TELSA,ROJO,2,,0,,SIN DATOS,0,0,Morelia,Cinco de Diciembre,julio,lunes,13,-101.162815939039,19.6862710903522
49889,49895,2024,,2024/07/22,22:45:00,COLISIÓN POR ALCANCE,ASFALTO,Lluvioso,Malo,2,CHEVROLET,NEGRO,2,,24,MASCULINO,SIN DATOS,0,0,Morelia,Santa Fe,julio,lunes,23,-101.172087361689,19.738721483098
49891,49897,2024,,2024/07/23,"09:05:00",COLISIÓN POR CORTE DE CIRCULACIÓN,ASFALTO,Bueno,Bueno,2,MERCEDES BENZ,PLATA,2,,56,MASCULINO,SIN DATOS,0,0,Morelia,Ferrocarrilero,julio,martes,9,-101.223609235,19.6918737849991
49894,49900,2024,,2024/07/23,22:30:00,COLISIÓN POR ALCANCE,CONCRETO,Bueno,Bueno,2,CHEVROLET,BLANCO,2,,36,MASCULINO,SIN DATOS,0,0,Morelia,Mision del Valle,julio,martes,23,-101.117413805995,19.764624
49895,49901,2024,,2024/07/24,"00:00:00",COLISIÓN POR ALCANCE,ASFALTO,Bueno,Bueno,2,RENAULT,ROJO,2,,49,MASCULINO,SIN DATOS,0,0,Morelia,Mariano Michelena,julio,miércoles,0,-101.231337504797,19.6758071810468
49896,49902,2024,,2024/07/24,10:15:00,COLISIÓN POR ALCANCE,ASFALTO,Bueno,Bueno,2,MAZDA,GRIS,2,,75,MASCULINO,SIN DATOS,0,0,Morelia,Gertrudis Sanchez,julio,miércoles,10,-101.205776745,19.7441101549991
49897,49903,2024,LEG53326,2024/07/24,16:20:00,COLISIÓN POR CAMBIO DE CARRIL,ASFALTO,Bueno,Bueno,2,ITALIKA,NEGRA,2,,36,MASCULINO,SIN DATOS,0,0,Morelia,Indeco La Huerta,julio,miércoles,16,-101.231224257897,19.6474928751085
49900,49906,2024,LEG53334,2024/07/24,20:35:00,COLISIÓN POR ALCANCE,ASFALTO,Bueno,Bueno,3,NISSAN,GRIS,3,,43,MASCULINO,SIN DATOS,0,0,Morelia,Nueva Valladolid,julio,miércoles,21,-101.211171435,19.7020055149992
49901,49907,2024,,2024/07/24,21:00:00,SALIDA DE SUPERFICIE DE RODAMIENTO,ASFALTO,Lluvioso,Bueno,1,NISSAN,ROJO,1,,27,FEMENINO,SIN DATOS,0,0,Morelia,Sin datos,julio,miércoles,21,-101.276987381279,19.6276763858299
49903,49909,2024,,2024/07/25,"08:20:00",COLISIÓN POR ALCANCE,ASFALTO,Bueno,Bueno,3,CHEVROLET,GRIS,3,,72,MASCULINO,SIN DATOS,0,0,Morelia,Los Laureles,julio,jueves,8,-101.2335241,19.7145140349992
49904,49910,2024,,2024/07/25,"09:00:00",COLISIÓN POR ALCANCE,ASFALTO,Bueno,Bueno,2,VOLKSWAGEN,ROJO,2,,64,FEMENINO,SIN DATOS,0,0,Morelia,Loma de Los Piñones,julio,jueves,9,-101.205068305135,19.6740186135767
49905,49911,2024,,2024/07/25,11:40:00,COLISIÓN POR CORTE DE CIRCULACIÓN,ASFALTO,Bueno,Bueno,2,NISSAN,BLANCO,2,,34,MASCULINO,SIN DATOS,0,0,Morelia,Popular Pogreso,julio,jueves,12,-101.200311072171,19.7195284272292
49906,49912,2024,LEG53337,2024/07/25,12:10:00,COLISIÓN POR CORTE DE CIRCULACIÓN,ASFALTO,Bueno,Bueno,2,SUZUKI,BLANCO/AZUL,2,MINISTERIO PÚBLICO,27,MASCULINO,SIN DATOS,0,0,Morelia,Loma de La Floresta,julio,jueves,12,-101.201259233057,19.6663701904487
49907,49913,2024,,2024/07/25,20:50:00,VOLCADURA,CONCRETO,Lluvioso,Regular,1,MITSUBISHI L200,BLANCO,1,,0,,SIN DATOS,0,0,Morelia,Sin datos,julio,jueves,21,-101.355056,19.6696905
49908,49914,2024,,2024/07/25,22:00:00,COLISIÓN POR CORTE DE CIRCULACIÓN,ASFALTO,Bueno,Malo,2,INTERNATIONAL,BLANCO,2,,31,MASCULINO,SIN DATOS,0,0,Morelia,Nueva Valladolid,julio,jueves,22,-101.211171435,19.7020055149992
49909,49915,2024,LEG53340,2024/07/26,"00:40:00",COLISIÓN POR CAMBIO DE CARRIL,CONCRETO,Nublado,Regular,2,INTERNATIONAL,BLANCO Y NARANJA,2,,,MASCULINO,SIN DATOS,0,0,Morelia,Villas del Pedregal,julio,viernes,1,-101.301406212151,19.675265007393
49910,49916,2024,,2024/07/26,"09:00:00",COLISIÓN POR CORTE DE CIRCULACIÓN,CONCRETO,Bueno,Bueno,2,Volkswagen,Gris,2,,,,SIN DATOS,0,0,Morelia,Centro,julio,viernes,9,-101.203743629158,19.7025989398016
49911,49917,2024,LEG53354,2024/07/26,12:28:00,COLISIÓN CONTRA OBJETO FIJO,CONCRETO,Lluvioso,Bueno,1,Lincon,Oro,0,,,,,0,0,Morelia,Loma Bonita,julio,viernes,12,-101.196608953178,19.7229872042711
49912,49918,2024,,2024/07/26,13:30:00,COLISIÓN POR CAMBIO DE CARRIL,ASFALTO,Bueno,Bueno,2,CHEVROLET C3600,BLANCO/VERDE,2,,27,MASCULINO,SIN DATOS,0,0,Morelia,Centro,julio,viernes,14,-101.191560029984,19.703192987239
49913,49919,2024,,2024/07/26,15:00:00,COLISIÓN POR INVASIÓN DE CARRIL,CONCRETO,Bueno,Bueno,2,KENWORTH,BLANCO,2,,62,MASCULINO,SIN DATOS,0,0,Morelia,Dr Miguel Silva,julio,viernes,15,-101.183824539185,19.7156466427974
49914,49920,2024,,2024/07/26,16:30:00,COLISIÓN POR INVASIÓN DE CARRIL,ASFALTO,Bueno,Bueno,2,NISSAN TIIDA,BLANCO,2,,47,MASCULINO,SIN DATOS,0,0,Morelia,Ciudad Industrial,julio,viernes,17,-101.131277422462,19.7358738670049
49915,49921,2024,LEG53345,2024/07/26,16:39:00,COLISIÓN POR ALCANCE,ASFALTO,Bueno,Bueno,2,INTERNATIONAL,Rojo,2,,44,MASCULINO,SIN DATOS,0,0,Morelia,Villas del Real,julio,viernes,17,-101.19896158576,19.7357340717652
49916,49922,2024,LEG53346,2024/07/26,16:50:00,COLISIÓN POR CAMBIO DE CARRIL,ASFALTO,Bueno,Bueno,2,TOYOTA,BLANCO CON GUINDA,2,,,MASCULINO,SIN DATOS,0,0,Morelia,Poblado de Ocolusen,julio,viernes,17,-101.150114536285,19.6919909393111
49917,49923,2024,,2024/07/26,18:30:00,COLISIÓN POR CORTE DE CIRCULACIÓN,ASFALTO,Bueno,Bueno,2,TOYOTA CAMRY,GRIS,2,,27,MASCULINO,SIN DATOS,0,0,Morelia,Chapultepec Sur,julio,viernes,19,-101.176557093859,19.6918968701023
49918,49924,2024,,2024/07/27,"00:00:00",COLISIÓN CON PEATÓN,ASFALTO,Bueno,Regular,1,Nissan,Rojo,2,,,,SIN DATOS,1,0,Morelia,El Lago 2,julio,sábado,0,-101.21448084712,19.7265696217683
49919,49925,2024,,2024/07/27,"01:25:00",VOLCADURA,ASFALTO,Bueno,Bueno,1,Renault,Rojo,1,,33,MASCULINO,SIN DATOS,0,0,Morelia,Del Prendimiento,julio,sábado,1,-101.387823969126,19.6668128277083
49920,49926,2024,,2024/07/27,"02:00:00",COLISIÓN POR CORTE DE CIRCULACIÓN,ASFALTO,Bueno,Bueno,2,MERCEDES BENZ,ROJO,2,,30,MASCULINO,SIN DATOS,0,0,Morelia,Comision Federal de Electricidad,julio,sábado,2,-101.181341819465,19.6815104056721
49921,49927,2024,,2024/07/27,10:25:00,COLISIÓN POR CORTE DE CIRCULACIÓN,ASFALTO,Bueno,Bueno,2,NISSAN,BLANCO,2,,33,MASCULINO,SIN DATOS,0,0,Morelia,Isaac Arriaga,julio,sábado,10,-101.17391847074,19.7099432565678
49922,49928,2024,LEG53359,2024/07/27,14:30:00,COLISIÓN POR INVASIÓN DE CARRIL,ASFALTO,Bueno,Regular,2,KENWORTH,BLANCO,2,,52,MASCULINO,SIN DATOS,0,0,Morelia,Centro,julio,sábado,15,-101.190267875791,19.7078528056847
49923,49929,2024,,2024/07/27,14:50:00,COLISIÓN POR ALCANCE,ASFALTO,Bueno,Bueno,2,FORD,BLANCO,2,MINISTERIO PÚBLICO,20,MASCULINO,SIN DATOS,0,0,Morelia,Loma Real,julio,sábado,15,-101.198935098946,19.7303473109452
49924,49930,2024,,2024/07/27,15:38:00,COLISIÓN POR ALCANCE,ASFALTO,Bueno,Bueno,4,Chevrolet,Naranja,4,MINISTERIO PÚBLICO,29,MASCULINO,SIN DATOS,0,0,Morelia,Jardines del Toreo,julio,sábado,16,-101.21417876333,19.6879686421193
49925,49931,2024,LEG53360,2024/07/27,18:50:00,COLISIÓN POR CAMBIO DE CARRIL,ASFALTO,Bueno,Regular,2,WINDSTAR,GUINDA,2,,,FEMENINO,SIN DATOS,0,0,Morelia,Nueva Valladolid,julio,sábado,19,-101.208884418011,19.7021813376526
49926,49932,2024,,2024/07/27,22:25:00,SUBIDA AL CAMELLÓN,ASFALTO,Lluvioso,Bueno,1,FORD,ROJO,1,,40,MASCULINO,SIN DATOS,0,0,Morelia,Sin datos,julio,sábado,22,-101.116771996021,19.6884175332222
49927,49933,2024,LEG53349,2024/07/27,23:23:00,COLISIÓN POR ALCANCE,ASFALTO,Bueno,Bueno,2,DODGE,ROJO,2,,,MASCULINO,SIN DATOS,0,0,Morelia,Centro,julio,sábado,23,-101.19002379477,19.7029133243737
49928,49934,2024,,2024/07/28,"00:00:00",COLISIÓN CONTRA OBJETO FIJO,ASFALTO,Bueno,Bueno,1,Volkswagen,Blanco,1,MINISTERIO PÚBLICO,,,SIN DATOS,0,0,Morelia,Diego Rivera,julio,domingo,0,-101.1764132604,19.7184881599082
49929,49935,2024,LEG53361,2024/07/28,"00:40:00",COLISIÓN POR INVASIÓN DE CARRIL,ASFALTO,Nublado,Regular,3,RENAULT,PLATA,3,MINISTERIO PÚBLICO,,,SIN DATOS,0,0,Morelia,Morelos,julio,domingo,1,-101.207126230001,19.702310122105
49930,49936,2024,LEG53362,2024/07/28,"04:40:00",COLISIÓN CONTRA OBJETO FIJO,ASFALTO,Nublado,Regular,1,DODGE,BLANCO,1,,40,MASCULINO,SIN DATOS,0,0,Morelia,Sentimientos de La Nacion,julio,domingo,5,-101.233193278313,19.6782082641393
49931,49937,2024,,2024/07/28,"09:20:00",SALIDA DE SUPERFICIE DE RODAMIENTO,ASFALTO,Bueno,Bueno,1,NISSAN/XTRAIL,BEIGE,1,,33,MASCULINO,SIN DATOS,0,0,Morelia,Leandro Valle,julio,domingo,9,-101.229478418827,19.7178080057396
49932,49938,2024,,2024/07/28,11:25:00,COLISIÓN POR ALCANCE,SIN_DATOS,Bueno,Bueno,2,Toyota,Blanco,2,,,,SIN DATOS,0,0,Morelia,Centro,julio,domingo,11,-101.182636991143,19.7035215746987
49933,49939,2024,LEG53366,2024/07/28,13:10:00,COLISIÓN POR CAMBIO DE CARRIL,ASFALTO,Bueno,Bueno,2,NISSAN,BLANCO,2,MINISTERIO PÚBLICO,,MASCULINO,SIN DATOS,0,0,Morelia,Loma de Los Piñones,julio,domingo,13,-101.205067299306,19.6740182978729
49934,49940,2024,,2024/07/28,16:15:00,COLISIÓN POR ALCANCE,ASFALTO,Bueno,Bueno,2,NISSAN/TIIDA,BLANCO ROJO,2,,26,MASCULINO,SIN DATOS,0,0,Morelia,Residencial Alborada,julio,domingo,16,-101.234632618725,19.7024698399339
49935,49941,2024,LEG53376,2024/07/28,19:41:00,VOLCADURA,ASFALTO,Lluvioso,Regular,1,FORD,Blanco,0,,,,,0,0,Charo,Santa Monica,julio,domingo,20,-101.051859855652,19.7401976018787
49936,49942,2024,,2024/07/28,20:30:00,COLISIÓN POR CORTE DE CIRCULACIÓN,CONCRETO,Bueno,Bueno,2,JEEP,GRIS,2,,30,FEMENINO,SIN DATOS,0,0,Morelia,Nicolaitas Ilustres,julio,domingo,21,-101.225156709552,19.724067839768
49937,49943,2024,,2024/07/29,"00:00:00",SALIDA DE SUPERFICIE DE RODAMIENTO,TERRACERIA,Bueno,Regular,1,MITSUBISHI,WINW RED,1,,19,MASCULINO,SIN DATOS,0,0,Morelia,Sin datos,julio,lunes,0,-101.313095614314,19.687190498091
49938,49944,2024,,2024/07/29,"00:40:00",COLISIÓN POR CORTE DE CIRCULACIÓN,ASFALTO,Nublado,Bueno,2,ITALIKA,NEGRO,2,MINISTERIO PÚBLICO,44,MASCULINO,SIN DATOS,0,0,Morelia,Jesus Romero Flores,julio,lunes,1,-101.174805276096,19.7321310308782
49939,49945,2024,,2024/07/29,"09:30:00",COLISIÓN POR ALCANCE,ASFALTO,Bueno,Bueno,2,Dodge,Blanco,2,,26,MASCULINO,SIN DATOS,0,0,Morelia,Morelos,julio,lunes,10,-101.207277439535,19.7022094303484