fid,id_accidente,anio_origen,folio_c5i,dia_incidente,hora_ocurrencia,tipo_incidente_vial,superficie_ocurrencia,condiciones_climaticas,condiciones_via,numero_vehiculos_involucrados,marca_vehiculo_ocasiona_siniestro,color_vehiculo_ocasiona_siniestro,numero_personas_involucradas,lugar_remite_presunto_responsable,edad_presunto_responsable,sexo_presunto_responsable,resultados_toxicologia,numero_personas_lesionadas,numero_personas_fallecidas,municipio,colonia,mes,dia_semana,hora_redondeada,lon,lat
49940,49946,2024,,2024/07/29,11:45:00,COLISIÓN POR CORTE DE CIRCULACIÓN,CONCRETO,Bueno,Bueno,2,VOLKSWAGEN,ROJO,2,,34,FEMENINO,SIN DATOS,0,0,Morelia,Sin datos,julio,lunes,12,-101.103554069996,19.7364737943736
49941,49947,2024,,2024/07/29,12:20:00,COLISIÓN CONTRA OBJETO FIJO,CONCRETO,Bueno,Bueno,2,HONDA,GRIS,2,,77,MASCULINO,SIN DATOS,0,0,Morelia,Chapultepec Oriente,julio,lunes,12,-101.164110973477,19.6898011326917
49942,49948,2024,,2024/07/29,13:45:00,COLISIÓN CON PEATÓN,CONCRETO,Bueno,Bueno,1,Honda,Blanco,2,MINISTERIO PÚBLICO,17,MASCULINO,SIN DATOS,1,0,Morelia,Ferrocarrilero,julio,lunes,14,-101.220191940665,19.6947747946646
49943,49949,2024,LEG53392,2024/07/29,15:36:00,COLISIÓN POR MANIOBRA DE REVERSA,ASFALTO,Bueno,Bueno,2,VOLKSWAGEN,VERDE,2,,36,FEMENINO,SIN DATOS,0,0,Morelia,Industrial,julio,lunes,16,-101.197894066572,19.70690526029
49944,49950,2024,,2024/07/29,21:40:00,COLISIÓN POR CORTE DE CIRCULACIÓN,ASFALTO,Bueno,Bueno,2,Toyota,Blanco,2,,,,SIN DATOS,0,0,Morelia,Lomas de Las Americas Norte,julio,lunes,22,-101.149405427277,19.6963287955953
49945,49951,2024,,2024/07/29,22:40:00,COLISIÓN POR INVASIÓN DE CARRIL,ASFALTO,Lluvioso,Bueno,2,SEAT IBIZA,AMARILLO,2,MINISTERIO PÚBLICO,,,,2,0,Charo,Sin datos,julio,lunes,23,-101.079730689526,19.6867261352892
49946,49952,2024,,2024/07/30,14:00:00,COLISIÓN POR CORTE DE CIRCULACIÓN,ASFALTO,Bueno,Bueno,2,ITALIKA DT150,BCO/NEGRO,4,,22,MASCULINO,SIN DATOS,2,0,Morelia,Colinas del Sur,julio,martes,14,-101.197426021099,19.6624012392749
49947,49953,2024,,2024/07/30,18:10:00,COLISIÓN CON PEATÓN,SIN_DATOS,Bueno,Bueno,2,Toyota,Azul,6,,,MASCULINO,SIN DATOS,4,0,Morelia,Sin datos,julio,martes,18,-101.317277513444,19.6509598429039
49948,49954,2024,,2024/07/30,18:12:00,COLISIÓN CON PEATÓN,SIN_DATOS,Bueno,Bueno,2,GMC,BLANCO,2,,70,MASCULINO,SIN DATOS,0,0,Morelia,Santa Cecilia,julio,martes,18,-101.187310069799,19.6665940349788
49949,49955,2024,,2024/07/30,18:45:00,COLISIÓN POR ALCANCE,ASFALTO,Lluvioso,Regular,2,VOLKSWAGEN /JETTA,BLANCO,2,,19,MASCULINO,SIN DATOS,0,0,Morelia,Sin datos,julio,martes,19,-101.126456782222,19.7065201802777
49950,49956,2024,MOR240021154,2024/07/31,"00:00:00",COLISIÓN POR CORTE DE CIRCULACIÓN,ASFALTO,Bueno,Bueno,2,INTERNACIONAL,GRIS,2,,40,MASCULINO,SIN DATOS,0,0,Morelia,Nueva Valladolid,julio,miércoles,0,-101.207339465618,19.7021756559832
49951,49957,2024,,2024/07/31,"08:00:00",COLISIÓN POR CORTE DE CIRCULACIÓN,ASFALTO,Bueno,Bueno,2,Volkswagen,Blanco,2,,77,MASCULINO,SIN DATOS,0,0,Morelia,Lomas de Morelia (Dr Ignacio Chavez),julio,miércoles,8,-101.175017505884,19.7171149083059
49952,49958,2024,MOR240021028,2024/07/31,"08:15:00",COLISIÓN CONTRA OBJETO FIJO,ASFALTO,Bueno,Bueno,1,INRTERNATIONAL,BLANCO,1,,46,MASCULINO,SIN DATOS,0,0,Morelia,La Luz,julio,miércoles,8,-101.299806945026,19.6873407606807
49953,49959,2024,,2024/07/31,12:45:00,COLISIÓN POR MANIOBRA DE REVERSA,ASFALTO,Bueno,Bueno,2,ISUZU,BLANCO,2,,34,MASCULINO,SIN DATOS,0,0,Morelia,Gertrudis Bocanegra,julio,miércoles,13,-101.213362365961,19.7024632113315
49954,49960,2024,,2024/07/31,13:50:00,SALIDA DE SUPERFICIE DE RODAMIENTO,CONCRETO,Bueno,Bueno,1,Jeep,Rojo,1,,0,,SIN DATOS,0,0,Morelia,Avicola Benito Juarez,julio,miércoles,14,-101.283273808658,19.6936494524576
49955,49961,2024,LEG53404,2024/07/31,18:35:00,COLISIÓN POR ALCANCE,ASFALTO,Bueno,Bueno,2,NISSAN,BLANCO,2,MINISTERIO PÚBLICO,34,MASCULINO,SIN DATOS,0,0,Morelia,Ciudad Industrial,julio,miércoles,19,-101.163732111454,19.7244711825698
49956,49962,2024,LEG53405,2024/07/31,19:15:00,COLISIÓN POR CORTE DE CIRCULACIÓN,ASFALTO,Bueno,Regular,2,JEEP,GRIS,2,,32,MASCULINO,SIN DATOS,0,0,Morelia,Industrial,julio,miércoles,19,-101.197650656104,19.7107866256648
49957,49963,2024,,2024/08/01,"07:20:00",COLISIÓN POR ALCANCE,ASFALTO,Bueno,Regular,2,international,Blanco,2,,,MASCULINO,SIN DATOS,0,0,Morelia,Sentimientos de La Nacion,agosto,jueves,7,-101.233193278313,19.6781997403589
49958,49964,2024,,2024/08/01,"09:50:00",COLISIÓN CONTRA OBJETO FIJO,ASFALTO,Bueno,Bueno,1,FORD,Arena,1,,50,MASCULINO,SIN DATOS,0,0,Morelia,Jose Ma Pino Suarez,agosto,jueves,10,-101.162969358265,19.7234520930425
49959,49965,2024,MOR2245890,2024/08/01,11:10:00,COLISIÓN POR CORTE DE CIRCULACIÓN,ASFALTO,Bueno,Bueno,2,NISSAN,BLANCO,2,MINISTERIO PÚBLICO,,MASCULINO,SIN DATOS,0,0,Morelia,Vasco de Quiroga,agosto,jueves,11,-101.172901913524,19.7014228330025
49960,49966,2024,,2024/08/01,11:50:00,COLISIÓN POR ALCANCE,ASFALTO,Bueno,Bueno,2,ITALIKA AT125,NEGRO/AMARILLO,2,,25,FEMENINO,SIN DATOS,0,0,Morelia,Barrio Alto,agosto,jueves,12,-101.196841299534,19.7247792120676
49961,49967,2024,,2024/08/01,13:35:00,COLISIÓN POR ALCANCE,ASFALTO,Bueno,Bueno,2,VOLKSWAGEN,Gris,2,,43,FEMENINO,SIN DATOS,0,0,Morelia,Lomas de Hidalgo,agosto,jueves,14,-101.158649995923,19.6956043546256
49962,49968,2024,,2024/08/01,14:20:00,COLISIÓN CONTRA OBJETO FIJO,ASFALTO,Bueno,Bueno,2,Kenworth,Blanco,1,,,,SIN DATOS,0,0,Morelia,Fracc Rio Florido,agosto,jueves,14,-101.27921462059,19.6810861190224
49963,49969,2024,,2024/08/01,15:07:00,COLISIÓN CONTRA OBJETO FIJO,ASFALTO,Bueno,Bueno,1,Chevrolet,Blanco,1,,35,,SIN DATOS,0,0,Morelia,Tzindurio de Morelos,agosto,jueves,15,-101.247769743204,19.6992082187431
49964,49970,2024,,2024/08/01,15:40:00,COLISIÓN POR ALCANCE,ASFALTO,Bueno,Bueno,2,JEEP/LIBERTY,PLATA,2,,46,MASCULINO,SIN DATOS,0,0,Morelia,Comision Federal de Electricidad,agosto,jueves,16,-101.181339807808,19.6815119841173
49965,49971,2024,,2024/08/01,15:55:00,COLISIÓN POR CORTE DE CIRCULACIÓN,ASFALTO,Nublado,Bueno,2,FORD/F150,BLANCO,2,,50,MASCULINO,SIN DATOS,0,0,Morelia,La Loma,agosto,jueves,16,-101.182659119368,19.6812518561287
49966,49972,2024,,2024/08/01,17:47:00,COLISIÓN POR INVASIÓN DE CARRIL,CONCRETO,Bueno,Bueno,2,Vento,Negro,2,MINISTERIO PÚBLICO,30,MASCULINO,SIN DATOS,0,0,Morelia,Centro,agosto,jueves,18,-101.187861934304,19.6958373124716
49967,49973,2024,,2024/08/01,21:50:00,COLISIÓN CONTRA OBJETO FIJO,ASFALTO,Nublado,Bueno,2,HONDA,NEGRO,2,,20,MASCULINO,SIN DATOS,0,0,Morelia,Sin datos,agosto,jueves,22,-101.164587903768,19.6588195956376
49968,49974,2024,LEG53423,2024/08/01,22:45:00,COLISIÓN CONTRA OBJETO FIJO,ASFALTO,Lluvioso,Bueno,1,CHEVROLET,MOSTAZA,1,,46,MASCULINO,SIN DATOS,0,0,Morelia,Trinidad Salgado,agosto,jueves,23,-101.231083720922,19.7031917246538
49969,49975,2024,,2024/08/02,"00:00:00",COLISIÓN POR CORTE DE CIRCULACIÓN,CONCRETO,Bueno,Bueno,2,CHEVROLET,GRIS,2,,,,SIN DATOS,0,0,Morelia,Centro,agosto,viernes,0,-101.195236667991,19.7010535223207
49970,49976,2024,,2024/08/02,"03:49:00",COLISIÓN CONTRA OBJETO FIJO,ASFALTO,Lluvioso,Bueno,2,CHEVROLET,AZUL MARINO,0,MINISTERIO PÚBLICO,,,,0,0,Morelia,Arko San Antonio,agosto,viernes,4,-101.272116824985,19.666265056027
49971,49977,2024,,2024/08/02,"09:26:00",COLISIÓN POR ALCANCE,ASFALTO,Bueno,Bueno,2,RAM,BLANCO,2,,31,MASCULINO,SIN DATOS,0,0,Morelia,Sin datos,agosto,viernes,9,-101.104031838477,19.7299872192786
49972,49978,2024,,2024/08/02,14:22:00,COLISIÓN POR CAMBIO DE CARRIL,ASFALTO,Bueno,Bueno,2,KENWORTH,BLANCO,2,,32,MASCULINO,SIN DATOS,0,0,Morelia,Lazaro Cardenas,agosto,viernes,14,-101.165340431035,19.7102696207354
49973,49979,2024,,2024/08/02,14:46:00,COLISIÓN POR CAMBIO DE CARRIL,ASFALTO,Bueno,Bueno,2,HYUNDAI,PLATA,2,,24,FEMENINO,SIN DATOS,0,0,Morelia,Las Americas,agosto,viernes,15,-101.152233481407,19.6885352801175
49974,49980,2024,LEG53433,2024/08/02,16:00:00,SALIDA DE SUPERFICIE DE RODAMIENTO,ASFALTO,Bueno,Regular,1,NISSAN,BLANCO,1,,50,,SIN DATOS,0,0,Morelia,2 de Octubre,agosto,viernes,16,-101.386783272028,19.667269039582
49975,49981,2024,,2024/08/02,18:15:00,COLISIÓN POR INVASIÓN DE CARRIL,ASFALTO,Bueno,Bueno,2,FREIGHTLINER,BLANCO,2,,37,MASCULINO,SIN DATOS,0,0,Morelia,Industrial,agosto,viernes,18,-101.198488175869,19.7132450590792
49976,49982,2024,,2024/08/02,18:20:00,COLISIÓN POR MANIOBRA DE REVERSA,ASFALTO,Lluvioso,Bueno,2,CHEVROLET,GRIS,2,MINISTERIO PÚBLICO,24,MASCULINO,SIN DATOS,0,0,Morelia,Chapultepec Oriente,agosto,viernes,18,-101.165757514536,19.6945831871675
49977,49983,2024,LEG53435,2024/08/02,19:15:00,COLISIÓN POR CORTE DE CIRCULACIÓN,ASFALTO,Nublado,Regular,3,ITALIKA,GRIS,3,,18,MASCULINO,SIN DATOS,0,0,Morelia,Industrial,agosto,viernes,19,-101.188297793269,19.7125478387034
49978,49984,2024,LEG53434,2024/08/02,20:15:00,COLISIÓN POR NO RESPETAR SEMÁFORO,ASFALTO,Nublado,Regular,2,KENWORTH,BLANCO,2,,41,,SIN DATOS,0,0,Morelia,Industrial,agosto,viernes,20,-101.18823107332,19.7116186276464
49979,49985,2024,LEG53432,2024/08/02,21:25:00,COLISIÓN POR CORTE DE CIRCULACIÓN,ASFALTO,Lluvioso,Regular,2,NISSAN,TURQUESA,2,MINISTERIO PÚBLICO,32,MASCULINO,SIN DATOS,0,0,Morelia,Villas del Real,agosto,viernes,21,-101.198741644621,19.7348517019203
49980,49986,2024,,2024/08/03,"01:50:00",COLISIÓN CONTRA OBJETO FIJO,ASFALTO,Nublado,Bueno,1,MAZDA,ROJO,0,MINISTERIO PÚBLICO,,,,0,0,Morelia,La Floresta,agosto,sábado,2,-101.152159720659,19.6844724886716
49981,49987,2024,LEG53431,2024/08/03,"03:34:00",COLISIÓN POR ALCANCE,ASFALTO,Lluvioso,Regular,2,GMC,BLANCO,2,,25,,SIN DATOS,0,0,Morelia,Bosques de Oriente,agosto,sábado,4,-101.154025197029,19.7167841394368
49982,49988,2024,,2024/08/03,"08:30:00",COLISIÓN POR CORTE DE CIRCULACIÓN,TERRACERIA,Nublado,Bueno,1,CHEVROLET AVEO,BLANCO,1,,33,MASCULINO,SIN DATOS,0,0,Morelia,Vicente Lombardo Toledano (Ejidal Isacc Arriaga) (Etnias de Mexico),agosto,sábado,9,-101.148621551692,19.7206141359024
49983,49989,2024,,2024/08/03,10:45:00,COLISIÓN POR CAMBIO DE CARRIL,ASFALTO,Bueno,Bueno,2,NISSAN D-21,BLANCO,2,,39,MASCULINO,SIN DATOS,0,0,Morelia,Elias Perez Avalos,agosto,sábado,11,-101.165493316948,19.7104384839456
49984,49990,2024,,2024/08/03,14:19:00,COLISIÓN CONTRA OBJETO FIJO,ASFALTO,Bueno,Bueno,1,NISSAN,GRIS,1,,24,MASCULINO,SIN DATOS,0,0,Morelia,Santa Maria de Guido,agosto,sábado,14,-101.191787347198,19.6733729979735
49985,49991,2024,,2024/08/03,14:35:00,COLISIÓN POR INVASIÓN DE CARRIL,ASFALTO,Bueno,Bueno,2,VOLKSWAGEN GOL,BLANCO,2,,76,MASCULINO,SIN DATOS,0,0,Charo,San Pedro Y San Pablo,agosto,sábado,15,-101.048068888485,19.7512703668312
49986,49992,2024,LEG53441,2024/08/03,15:00:00,COLISIÓN POR ALCANCE,ASFALTO,Bueno,Bueno,2,CHRYSLER,ORO,2,,32,MASCULINO,SIN DATOS,0,0,Morelia,Lomas de Morelia (Dr Ignacio Chavez),agosto,sábado,15,-101.174395233393,19.71639655825
49987,49993,2024,,2024/08/03,16:30:00,COLISIÓN POR MANIOBRA DE REVERSA,ASFALTO,Bueno,Bueno,2,CHEVROLET,ROJO,2,,,MASCULINO,SIN DATOS,0,0,Morelia,Villas de La Esperanza,agosto,sábado,17,-101.275214776397,19.6928684950389
49988,49994,2024,,2024/08/03,18:55:00,COLISIÓN POR ALCANCE,ASFALTO,Lluvioso,Regular,2,JEEP,NEGRO,2,,21,MASCULINO,SIN DATOS,0,0,Morelia,Agua Clara,agosto,sábado,19,-101.225096359849,19.7045733025498
49989,49995,2024,,2024/08/03,20:16:00,COLISIÓN POR CORTE DE CIRCULACIÓN,ASFALTO,Lluvioso,Bueno,2,NISSAN,BLANCO Y AZUL,2,,53,MASCULINO,SIN DATOS,0,0,Morelia,Tenencia Morelos,agosto,sábado,20,-101.239002272487,19.6499285452368
49990,49996,2024,,2024/08/03,20:30:00,COLISIÓN POR INVASIÓN DE CARRIL,ASFALTO,Nublado,Regular,1,NISSAN,BLANCO,2,MINISTERIO PÚBLICO,50,MASCULINO,SIN DATOS,0,0,Pátzcuaro,Sin datos,agosto,sábado,21,-101.641507968307,19.5332692575215
49991,49997,2024,,2024/08/03,20:40:00,COLISIÓN POR ALCANCE,ASFALTO,Bueno,Bueno,2,CHEVROLET,BLANCO,2,,44,MASCULINO,SIN DATOS,0,0,Morelia,Sentimientos de La Nacion,agosto,sábado,21,-101.233193948865,19.6781999817732
49992,49998,2024,,2024/08/03,21:30:00,COLISIÓN CONTRA OBJETO FIJO,ASFALTO,Lluvioso,Bueno,1,VOLKSWAGEN /JETTA,NEGRO,1,,55,MASCULINO,SIN DATOS,0,0,Morelia,Mariano Michelena,agosto,sábado,22,-101.230175457895,19.6769710484598
49993,49999,2024,,2024/08/04,"00:20:00",COLISIÓN POR INVASIÓN DE CARRIL,CONCRETO,Nublado,Regular,2,ITALIKA/ZW125,NEGRO,2,,17,MASCULINO,SIN DATOS,0,0,Morelia,La Quemada,agosto,domingo,0,-101.250655800104,19.6860455304083
49994,50000,2024,,2024/08/04,"07:00:00",COLISIÓN POR CORTE DE CIRCULACIÓN,CONCRETO,Nublado,Regular,2,HERO,BLANCO Y NEGRO,3,MINISTERIO PÚBLICO,40,MASCULINO,SIN DATOS,1,0,Morelia,Centro,agosto,domingo,7,-101.187890432775,19.6991621332292
49995,50001,2024,LEG53450,2024/08/04,11:25:00,COLISIÓN CONTRA OBJETO FIJO,ASFALTO,Bueno,Bueno,2,NISSAN,BLANCO,2,MINISTERIO PÚBLICO,32,MASCULINO,SIN DATOS,0,0,Morelia,Prados Verdes,agosto,domingo,11,-101.196223720908,19.7146701062076
49996,50002,2024,,2024/08/04,15:28:00,COLISIÓN CONTRA OBJETO FIJO,ASFALTO,Bueno,Bueno,2,CHEVROLET,ROJO,2,,55,MASCULINO,SIN DATOS,0,0,Morelia,Infonavit Manantiales,agosto,domingo,15,-101.238906048238,19.6935998930257
49997,50003,2024,LEG53452,2024/08/04,15:45:00,COLISIÓN POR INVASIÓN DE CARRIL,CONCRETO,Bueno,Bueno,2,NISSAN,ROJO Y BLANCO,2,,67,MASCULINO,SIN DATOS,0,0,Morelia,Guadalupe,agosto,domingo,16,-101.221665814519,19.7076694204218
49998,50004,2024,,2024/08/04,18:10:00,COLISIÓN POR CORTE DE CIRCULACIÓN,CONCRETO,Bueno,Bueno,2,ITALIKA,NEGRO,2,,16,MASCULINO,SIN DATOS,0,0,Morelia,Quinceo,agosto,domingo,18,-101.225587539375,19.728665508641
49999,50005,2024,LEG53454,2024/08/04,21:10:00,COLISIÓN POR CORTE DE CIRCULACIÓN,ASFALTO,Lluvioso,Regular,2,VOLKSWAGEN,ARENA,2,MINISTERIO PÚBLICO,28,MASCULINO,SIN DATOS,0,0,Morelia,Lomas de Guayangareo,agosto,domingo,21,-101.160301566124,19.7044233717811
50000,50006,2024,,2024/08/04,21:45:00,COLISIÓN POR CORTE DE CIRCULACIÓN,ASFALTO,Lluvioso,Regular,2,HONDA,NEGRO,2,,27,MASCULINO,SIN DATOS,0,0,Morelia,Prados Verdes,agosto,domingo,22,-101.200929656625,19.7170063353938
50001,50007,2024,,2024/08/04,23:00:00,COLISIÓN POR CORTE DE CIRCULACIÓN,CONCRETO,Bueno,Bueno,2,FORD,ROJO,2,,,,SIN DATOS,0,0,Morelia,Solidaridad,agosto,domingo,23,-101.207217089832,19.7297382158899
50002,50008,2024,,2024/08/04,23:35:00,COLISIÓN POR CORTE DE CIRCULACIÓN,ASFALTO,Lluvioso,Regular,2,ITALIKA,NEGRO,2,,19,MASCULINO,SIN DATOS,0,0,Morelia,Eduardo Ruiz,agosto,domingo,0,-101.215922534466,19.7165344842361
50003,50009,2024,,2024/08/04,23:38:00,COLISIÓN POR ALCANCE,ASFALTO,Nublado,Regular,2,ITALIKA,BLANCO,2,MINISTERIO PÚBLICO,28,MASCULINO,SIN DATOS,0,0,Pátzcuaro,Centro,agosto,domingo,0,-101.610233746469,19.5298462082927
50004,50010,2024,,2024/08/05,"08:20:00",COLISIÓN POR ALCANCE,ASFALTO,Bueno,Bueno,2,CHEVROLET,NEGRO,2,MINISTERIO PÚBLICO,31,FEMENINO,SIN DATOS,0,0,Morelia,Rinconada del Valle,agosto,lunes,8,-101.218457557261,19.67864992162
50005,50011,2024,LEG53458,2024/08/05,14:48:00,COLISIÓN POR CAMBIO DE CARRIL,ASFALTO,Bueno,Bueno,2,INTERNACIONAL,BLANCO CON NARANJA,2,,,MASCULINO,SIN DATOS,0,0,Morelia,Nueva Valladolid,agosto,lunes,15,-101.210043132305,19.7020086779422
50006,50012,2024,,2024/08/05,15:40:00,COLISIÓN POR CORTE DE CIRCULACIÓN,ASFALTO,Bueno,Bueno,2,CHEVROLET EQUINOX,BLANCO,2,MINISTERIO PÚBLICO,53,FEMENINO,SIN DATOS,0,0,Morelia,Ventura Puente,agosto,lunes,16,-101.183988153934,19.691064134226
50007,50013,2024,,2024/08/05,15:43:00,COLISIÓN POR CORTE DE CIRCULACIÓN,CONCRETO,Bueno,Bueno,2,ITALIKA,NARANJA,2,MINISTERIO PÚBLICO,14,MASCULINO,SIN DATOS,0,0,Morelia,Torreon Nuevo,agosto,lunes,16,-101.203963905573,19.7443627985761
50008,50014,2024,,2024/08/05,18:30:00,COLISIÓN POR CORTE DE CIRCULACIÓN,ASFALTO,Bueno,Bueno,2,FORD IKON,BLANCO,2,MINISTERIO PÚBLICO,21,FEMENINO,SIN DATOS,0,0,Morelia,Ventura Puente,agosto,lunes,19,-101.190725527704,19.6923659529229
50009,50015,2024,,2024/08/06,"00:35:00",COLISIÓN CONTRA OBJETO FIJO,ASFALTO,Bueno,Bueno,1,AUDI,NEGRO,2,MINISTERIO PÚBLICO,40,FEMENINO,SIN DATOS,1,0,Pátzcuaro,Centro,agosto,martes,1,-101.618723273277,19.5116572977498
50010,50016,2024,,2024/08/06,"08:50:00",COLISIÓN CON PEATÓN,SIN_DATOS,Bueno,Bueno,3,FORD,BLANCO,3,MINISTERIO PÚBLICO,63,MASCULINO,SIN DATOS,0,0,Morelia,Ampliacion La Soledad,agosto,martes,9,-101.183194220066,19.7300443416743
50011,50017,2024,,2024/08/06,"09:10:00",COLISIÓN CONTRA OBJETO FIJO,ASFALTO,Bueno,Bueno,1,FORD,NEGRO,1,,34,MASCULINO,SIN DATOS,0,0,Morelia,Morelos,agosto,martes,9,-101.18536747992,19.7240233394435
50012,50018,2024,,2024/08/06,"09:20:00",COLISIÓN POR CAMBIO DE CARRIL,ASFALTO,Bueno,Bueno,2,RENAULT,ROJO,2,,51,FEMENINO,SIN DATOS,0,0,Morelia,Loma Bonita,agosto,martes,9,-101.19656201452,19.7229209649948
50013,50019,2024,,2024/08/06,13:40:00,COLISIÓN POR CORTE DE CIRCULACIÓN,ASFALTO,Bueno,Bueno,2,VW,BLANCO,2,,,MASCULINO,SIN DATOS,0,0,Morelia,Camelinas,agosto,martes,14,-101.168752536178,19.6825417584893
50014,50020,2024,,2024/08/06,16:20:00,COLISIÓN POR CORTE DE CIRCULACIÓN,ASFALTO,Bueno,Bueno,2,FORD,ARENA,2,,36,MASCULINO,SIN DATOS,0,0,Morelia,Santiaguito,agosto,martes,16,-101.188606247306,19.7185730606198
50015,50021,2024,LEG53472,2024/08/06,19:00:00,COLISIÓN POR CAMBIO DE CARRIL,ASFALTO,Nublado,Bueno,1,KENWORTH,BLANCO,2,,51,MASCULINO,SIN DATOS,0,0,Morelia,Plan de La Garita,agosto,martes,19,-101.182126700878,19.7161314370273
50016,50022,2024,LEG53470,2024/08/06,19:25:00,COLISIÓN POR CAMBIO DE CARRIL,CONCRETO,Bueno,Bueno,2,VOLSKWAGEN,BLANCO,2,,64,MASCULINO,ALIENTO ETÍLICO,0,0,Morelia,Union,agosto,martes,19,-101.157327666879,19.7133511095354
50017,50023,2024,,2024/08/06,21:15:00,COLISIÓN CONTRA OBJETO FIJO,ASFALTO,Nublado,Regular,2,CHEVROLET,BLANCO,2,,59,MASCULINO,SIN DATOS,0,0,Morelia,Jardin de La Montaña,agosto,martes,21,-101.315125375986,19.691181563505
50018,50024,2024,,2024/08/06,22:10:00,COLISIÓN CON PEATÓN,SIN_DATOS,Bueno,Bueno,2,CHRYSLER,PLATA,2,,37,MASCULINO,SIN DATOS,0,0,Morelia,Sin datos,agosto,martes,22,-101.222845986485,19.6946687318939
50019,50025,2024,,2024/08/06,23:15:00,COLISIÓN CONTRA OBJETO FIJO,CONCRETO,Bueno,Bueno,1,CHEVROLET,ROJO,0,,,,,0,0,Charo,Sin datos,agosto,martes,23,-101.024184823036,19.7271399102278
50020,50026,2024,,2024/08/07,"07:25:00",COLISIÓN POR MANIOBRA DE REVERSA,ASFALTO,Bueno,Bueno,2,MAZDA CX5,ROJO,2,,43,FEMENINO,SIN DATOS,0,0,Morelia,Los Manantiales de Morelia,agosto,miércoles,7,-101.240274980664,19.6927365463194
50021,50027,2024,,2024/08/07,10:00:00,COLISIÓN POR ALCANCE,ASFALTO,Bueno,Bueno,2,MINICOPPER,BLANCO,2,MINISTERIO PÚBLICO,,,SIN DATOS,0,0,Morelia,La Rinconada,agosto,miércoles,10,-101.159315183759,19.691477661681
50022,50028,2024,,2024/08/07,11:20:00,COLISIÓN POR MANIOBRA DE REVERSA,ASFALTO,Bueno,Bueno,2,KENWORTH,BLANCO,2,,47,MASCULINO,SIN DATOS,0,0,Morelia,Josefa Ortiz de Dominguez,agosto,miércoles,11,-101.209939196706,19.6719204322836
50023,50029,2024,LEG53478,2024/08/07,14:11:00,COLISIÓN POR ALCANCE,ASFALTO,Bueno,Bueno,3,MAZDA,NEGRO,3,MINISTERIO PÚBLICO,27,FEMENINO,SIN DATOS,0,0,Morelia,Justo Mendoza,agosto,miércoles,14,-101.232830174267,19.7123594087727
50024,50030,2024,,2024/08/07,16:10:00,COLISIÓN POR ALCANCE,ASFALTO,Bueno,Bueno,3,NISSAN/CHASIS LARGO,BLANCO,3,,41,MASCULINO,SIN DATOS,0,0,Morelia,Centro,agosto,miércoles,16,-101.188211292028,19.7046424284779
50025,50031,2024,LEG53479,2024/08/07,16:50:00,CAIDA DE MOTOCICLETA,ASFALTO,Bueno,Bueno,1,YAMAHA,AZUL,1,,38,,SIN DATOS,0,0,Morelia,Centro,agosto,miércoles,17,-101.178187541664,19.6990453411138
50026,50032,2024,,2024/08/07,16:50:00,COLISIÓN CONTRA OBJETO FIJO,ASFALTO,Bueno,Bueno,3,CHEVROLET,NEGRO,3,MINISTERIO PÚBLICO,21,MASCULINO,SIN DATOS,0,0,Morelia,Tres Puentes,agosto,miércoles,17,-101.21251847595,19.7071464082847
50027,50033,2024,,2024/08/07,19:18:00,COLISIÓN POR INVASIÓN DE CARRIL,CONCRETO,Bueno,Bueno,2,DODGE,BLANCO,2,,33,MASCULINO,SIN DATOS,0,0,Morelia,Eucaliptos (Gigantes de Michoacan),agosto,miércoles,19,-101.151323541999,19.6978054455096
50028,50034,2024,LEG53476,2024/08/07,30:08:00,COLISIÓN POR ALCANCE,ASFALTO,Bueno,Bueno,2,NISSAN,ORO,2,,24,MASCULINO,SIN DATOS,0,0,Morelia,Alberto Oviedo Mota,agosto,miércoles,,-101.201927630897,19.6778297009326
50030,50036,2024,,2024/08/08,"09:40:00",COLISIÓN POR CORTE DE CIRCULACIÓN,ASFALTO,Bueno,Bueno,2,CHEVROLET,ROJO,2,MINISTERIO PÚBLICO,43,MASCULINO,SIN DATOS,0,0,Morelia,Isaac Arriaga,agosto,jueves,10,-101.174250394106,19.7064425328842
50031,50037,2024,,2024/08/08,10:20:00,COLISIÓN POR ALCANCE,ASFALTO,Bueno,Bueno,2,KIA,ROJO,2,,42,FEMENINO,SIN DATOS,0,0,Morelia,Josefa Ortiz de Dominguez,agosto,jueves,10,-101.214747726917,19.6742244523322
50032,50038,2024,,2024/08/08,11:50:00,COLISIÓN CONTRA OBJETO FIJO,ASFALTO,Bueno,Bueno,1,FREIGHNLAINER,BLANCO,1,,55,MASCULINO,SIN DATOS,0,0,Morelia,Sentimientos de La Nacion,agosto,jueves,12,-101.233193948865,19.6782006874456
50033,50039,2024,,2024/08/08,12:20:00,COLISIÓN POR CORTE DE CIRCULACIÓN,CONCRETO,Bueno,Bueno,2,MERCEDES BENZ,BLANCO,1,MINISTERIO PÚBLICO,,MASCULINO,SIN DATOS,0,0,Morelia,Nueva Valladolid,agosto,jueves,12,-101.212700195611,19.6998641467425
50034,50040,2024,,2024/08/08,12:25:00,COLISIÓN POR CAMBIO DE CARRIL,ASFALTO,Bueno,Bueno,2,NISSAN,BLANCO Y ROJO,2,,19,,SIN DATOS,0,0,Morelia,Camelinas,agosto,jueves,12,-101.174332536757,19.681677720783
50035,50041,2024,,2024/08/08,14:45:00,COLISIÓN POR ALCANCE,ASFALTO,Bueno,Bueno,2,CHEVROLET,ROJO SCARLET,2,,20,MASCULINO,SIN DATOS,0,0,Morelia,Comision Federal de Electricidad,agosto,jueves,15,-101.180005073547,19.6815003036221