fid,id_accidente,anio_origen,folio_c5i,dia_incidente,hora_ocurrencia,tipo_incidente_vial,superficie_ocurrencia,condiciones_climaticas,condiciones_via,numero_vehiculos_involucrados,marca_vehiculo_ocasiona_siniestro,color_vehiculo_ocasiona_siniestro,numero_personas_involucradas,lugar_remite_presunto_responsable,edad_presunto_responsable,sexo_presunto_responsable,resultados_toxicologia,numero_personas_lesionadas,numero_personas_fallecidas,municipio,colonia,mes,dia_semana,hora_redondeada,lon,lat
50036,50042,2024,,2024/08/08,15:45:00,COLISIÓN POR ALCANCE,ASFALTO,Bueno,Bueno,2,ITALIKA,BLANCO,2,,19,MASCULINO,SIN DATOS,0,0,Morelia,Mirador del Punhuato,agosto,jueves,16,-101.157800406218,19.7037422108564
50037,50043,2024,,2024/08/08,18:00:00,COLISIÓN POR CORTE DE CIRCULACIÓN,ASFALTO,Bueno,Bueno,2,TOYOTA,BLANCO,2,,,MASCULINO,SIN DATOS,0,0,Morelia,Molino de Parras,agosto,jueves,18,-101.202654317021,19.695205042624
50038,50044,2024,LEG53492,2024/08/08,18:28:00,COLISIÓN POR CAMBIO DE CARRIL,ASFALTO,Bueno,Bueno,2,MERCEDES BENZ,BLANCO,2,,24,MASCULINO,SIN DATOS,0,0,Morelia,Rafael Carrillo,agosto,jueves,18,-101.236439757049,19.7078013568283
50039,50045,2024,LEG53493,2024/08/08,18:40:00,COLISIÓN POR CORTE DE CIRCULACIÓN,ASFALTO,Bueno,Bueno,2,CHEVROLET,BLANCO,1,,32,MASCULINO,SIN DATOS,0,0,Morelia,Loma Bonita,agosto,jueves,19,-101.196657568216,19.7233772943295
50040,50046,2024,,2024/08/09,"00:00:00",SALIDA DE SUPERFICIE DE RODAMIENTO,ASFALTO,Nublado,Bueno,1,CHEVROLET,NEGRO,1,,,,SIN DATOS,0,0,Morelia,Sin datos,agosto,viernes,0,-101.280377022922,19.650546526646
50041,50047,2024,,2024/08/09,"00:00:00",COLISIÓN CON PEATÓN,CONCRETO,Bueno,Bueno,1,CHEVROLET TRAX,BLANCO,2,,75,MASCULINO,SIN DATOS,1,0,Morelia,Jardines de Guadalupe,agosto,viernes,0,-101.229094862938,19.7089332278448
50042,50048,2024,,2024/08/09,"06:20:00",COLISIÓN CONTRA OBJETO FIJO,ASFALTO,Bueno,Bueno,2,TOYOTA,BLANCO Y GRIS,4,MINISTERIO PÚBLICO,59,MASCULINO,SIN DATOS,2,0,Morelia,San Juanito Itzicuaro,agosto,viernes,6,-101.250243410468,19.6768428750211
50043,50049,2024,,2024/08/09,13:41:00,COLISIÓN POR CAMBIO DE CARRIL,ASFALTO,Bueno,Bueno,2,NISSAN,PLATA,2,,29,FEMENINO,SIN DATOS,0,0,Morelia,Felix Ireta,agosto,viernes,14,-101.190826274194,19.6864495032534
50044,50050,2024,LEG53497,2024/08/09,14:10:00,COLISIÓN POR ALCANCE,ASFALTO,Bueno,Bueno,2,SEAT IBIZA,GRIS,2,,35,FEMENINO,SIN DATOS,0,0,Morelia,Santillan La Huerta,agosto,viernes,14,-101.218772381544,19.6763065027947
50045,50051,2024,,2024/08/09,15:28:00,COLISIÓN POR CORTE DE CIRCULACIÓN,ASFALTO,Bueno,Bueno,2,KIA,PLATA,3,MINISTERIO PÚBLICO,61,FEMENINO,SIN DATOS,1,0,Morelia,Ciudad Industrial,agosto,viernes,15,-101.138220950961,19.7288592844758
50046,50052,2024,,2024/08/09,18:10:00,COLISIÓN POR ALCANCE,ASFALTO,Lluvioso,Bueno,3,CHEVROLET,BLANCO,3,MINISTERIO PÚBLICO,,,SIN DATOS,0,0,Morelia,Tenencia Morelos,agosto,viernes,18,-101.248027703863,19.6479796940122
50047,50053,2024,,2024/08/09,21:35:00,COLISIÓN POR CORTE DE CIRCULACIÓN,ASFALTO,Bueno,Bueno,2,HONDA CGL125,BLANCO,2,,43,MASCULINO,SIN DATOS,0,0,Morelia,Ampliacion La Soledad,agosto,viernes,22,-101.189961098135,19.7322642094514
50048,50054,2024,,2024/08/10,"00:10:00",COLISIÓN POR ALCANCE,CONCRETO,Lluvioso,Bueno,2,CHRYSLER/DAKOTA,ROJO,2,,57,MASCULINO,SIN DATOS,0,0,Morelia,Infonavit  Las  Camelinas,agosto,sábado,0,-101.1764652282,19.6816859286896
50049,50055,2024,LEG53506,2024/08/10,"04:57:00",COLISIÓN POR CORTE DE CIRCULACIÓN,ASFALTO,Bueno,Bueno,2,S/D,S/D,1,,,MASCULINO,SIN DATOS,0,0,Morelia,Felicitas del Rio,agosto,sábado,5,-101.199090331793,19.6902241335654
50050,50056,2024,,2024/08/10,"05:00:00",COLISIÓN POR CAMBIO DE CARRIL,ASFALTO,Bueno,Bueno,3,MAZDA/CX3,GRIS,3,,19,FEMENINO,SIN DATOS,0,0,Morelia,Fuentes de Morelia,agosto,sábado,5,-101.203086823225,19.6692217380169
50051,50057,2024,,2024/08/10,"05:25:00",VOLCADURA,ASFALTO,Bueno,Bueno,2,DODGE,BLANCO,2,MINISTERIO PÚBLICO,35,MASCULINO,SIN DATOS,0,0,Morelia,Sin datos,agosto,sábado,5,-101.114384829998,19.7368073627053
50052,50058,2024,,2024/08/10,"08:40:00",COLISIÓN CONTRA OBJETO FIJO,ASFALTO,Bueno,Bueno,1,FORD,BLANCO,1,,36,MASCULINO,SIN DATOS,0,0,Morelia,3 de Agosto,agosto,sábado,9,-101.171745881438,19.731054552601
50053,50059,2024,,2024/08/10,"09:40:00",COLISIÓN POR CORTE DE CIRCULACIÓN,ASFALTO,Bueno,Bueno,2,FORD,ROJO,2,,56,MASCULINO,SIN DATOS,0,0,Morelia,Bosques de Oriente,agosto,sábado,10,-101.156415045261,19.7150116106318
50054,50060,2024,,2024/08/10,12:50:00,COLISIÓN POR ALCANCE,ASFALTO,Nublado,Bueno,2,FORD,NEGRO,2,,60,MASCULINO,SIN DATOS,0,0,Morelia,Sentimientos de La Nacion,agosto,sábado,13,-101.234293989837,19.678885429686
50055,50061,2024,,2024/08/10,18:50:00,COLISIÓN POR CORTE DE CIRCULACIÓN,ASFALTO,Bueno,Regular,2,TOYOTA,VERDE,3,MINISTERIO PÚBLICO,51,MASCULINO,SIN DATOS,1,0,Pátzcuaro,Juventino Rosas,agosto,sábado,19,-101.6137611866,19.5083801121384
50056,50062,2024,,2024/08/10,19:30:00,COLISIÓN CONTRA OBJETO FIJO,ASFALTO,Lluvioso,Bueno,1,VOLKSWAGEN,BLANCO,1,MINISTERIO PÚBLICO,35,FEMENINO,SIN DATOS,0,0,Morelia,Ferrocarrilero,agosto,sábado,20,-101.212736070156,19.7019316596566
50057,50063,2024,LEG53513,2024/08/10,20:00:00,SALIDA DE SUPERFICIE DE RODAMIENTO,ASFALTO,Nublado,Regular,1,TOYOTA,NEGRO,1,,28,MASCULINO,SIN DATOS,0,0,Morelia,Sin datos,agosto,sábado,20,-101.2820738554,19.617799277551
50058,50064,2024,,2024/08/11,"02:05:00",COLISIÓN POR NO RESPETAR SEMÁFORO,ASFALTO,Bueno,Bueno,2,RENAULT,ROJO,2,MINISTERIO PÚBLICO,41,MASCULINO,SIN DATOS,0,0,Morelia,Vasco de Quiroga,agosto,domingo,2,-101.167727261782,19.6966996954763
50059,50065,2024,LEG53514,2024/08/11,"06:25:00",COLISIÓN CONTRA OBJETO FIJO,CONCRETO,Nublado,Regular,1,VOLKSWAGEN,PLATA,1,,34,MASCULINO,SIN DATOS,0,0,Morelia,Ignacio Zaragoza,agosto,domingo,6,-101.205300651491,19.7254224110924
50060,50066,2024,,2024/08/11,"07:10:00",COLISIÓN CONTRA OBJETO FIJO,ASFALTO,Bueno,Bueno,1,VOLKSWAGEN,GRIS,1,,24,MASCULINO,SIN DATOS,0,0,Morelia,El Realito,agosto,domingo,7,-101.205206438899,19.7258342717188
50061,50067,2024,,2024/08/11,"09:50:00",COLISIÓN POR CAMBIO DE CARRIL,ASFALTO,Bueno,Bueno,2,SUZUKI/GSX150,AZUL,2,,20,MASCULINO,SIN DATOS,0,0,Morelia,Villas del Pedregal,agosto,domingo,10,-101.301045119762,19.6783320167513
50062,50068,2024,,2024/08/11,12:35:00,COLISIÓN POR MANIOBRA DE REVERSA,ASFALTO,Bueno,Bueno,2,MAZDA CX5,NEGRO,2,,33,MASCULINO,SIN DATOS,0,0,Morelia,Morelos,agosto,domingo,13,-101.181017272174,19.7220567914532
50063,50069,2024,LEG53519,2024/08/11,14:40:00,COLISIÓN CON PEATÓN,ASFALTO,Bueno,Bueno,2,VENTO,NEGRA,2,MINISTERIO PÚBLICO,27,MASCULINO,ALIENTO ETÍLICO,0,0,Tarímbaro,Sin datos,agosto,domingo,15,-101.224937438965,19.7747806797319
50064,50070,2024,,2024/08/11,17:30:00,COLISIÓN CONTRA OBJETO FIJO,ASFALTO,Nublado,Bueno,3,CHEVROLET,BLANCO,3,,55,MASCULINO,SIN DATOS,0,0,Morelia,Ventura Puente,agosto,domingo,18,-101.191282086074,19.6912001880333
50065,50071,2024,,2024/08/11,18:18:00,COLISIÓN POR CORTE DE CIRCULACIÓN,ASFALTO,Lluvioso,Bueno,2,TOYOTA,GRIS,2,,46,MASCULINO,SIN DATOS,0,0,Morelia,La Hacienda,agosto,domingo,18,-101.317806243896,19.6780706208157
50066,50072,2024,,2024/08/11,23:40:00,COLISIÓN POR ALCANCE,CONCRETO,Bueno,Bueno,2,CHEVROLET,BLANCO,2,MINISTERIO PÚBLICO,22,MASCULINO,SIN DATOS,0,0,Morelia,Jardines de Guadalupe,agosto,domingo,0,-101.225649548577,19.7117045865626
50067,50073,2024,,2024/08/12,"09:10:00",COLISIÓN POR CORTE DE CIRCULACIÓN,ASFALTO,Nublado,Bueno,2,CHEVROLET,GRIS,2,MINISTERIO PÚBLICO,21,MASCULINO,SIN DATOS,0,0,Morelia,Industrial,agosto,lunes,9,-101.196189005906,19.710209818625
50068,50074,2024,,2024/08/12,18:10:00,SALIDA DE SUPERFICIE DE RODAMIENTO,ASFALTO,Bueno,Bueno,1,TOYOTA,AZUL,1,,33,MASCULINO,SIN DATOS,0,0,Charo,Sin datos,agosto,lunes,18,-100.954374,19.649917
50070,50076,2024,,2024/08/13,13:50:00,COLISIÓN POR CORTE DE CIRCULACIÓN,ASFALTO,Bueno,Bueno,2,CRYSLER TOWN COUNTRY,NEGRO,2,,28,MASCULINO,SIN DATOS,0,0,Morelia,Nueva Chapultepec,agosto,martes,14,-101.173975132406,19.6894532609864
50071,50077,2024,,2024/08/13,14:00:00,SALIDA DE SUPERFICIE DE RODAMIENTO,CONCRETO,Nublado,Bueno,1,HONDA/CARGO,ROJO,1,,62,MASCULINO,SIN DATOS,0,0,Morelia,Ampliacion La Soledad,agosto,martes,14,-101.183822527528,19.7339402933286
50072,50078,2024,,2024/08/13,15:05:00,COLISIÓN POR CORTE DE CIRCULACIÓN,ASFALTO,Bueno,Bueno,2,VENTO,NEGRO,2,,18,MASCULINO,SIN DATOS,0,0,Morelia,Villa Universidad,agosto,martes,15,-101.207098066807,19.6916313926075
50073,50079,2024,,2024/08/13,19:00:00,COLISIÓN POR ALCANCE,ASFALTO,Bueno,Bueno,2,KENWORTH,ROJO,2,,,,SIN DATOS,0,0,Morelia,Francisco J Mujica,agosto,martes,19,-101.187559850514,19.7223758719002
50074,50080,2024,,2024/08/14,"07:20:00",COLISIÓN POR CAMBIO DE CARRIL,ASFALTO,Bueno,Bueno,2,KENWORTH,BLANCO,2,,44,MASCULINO,SIN DATOS,0,0,Morelia,Santillan La Huerta,agosto,miércoles,7,-101.219553885717,19.6760966650679
50075,50081,2024,,2024/08/14,"09:15:00",COLISIÓN POR CORTE DE CIRCULACIÓN,ASFALTO,Bueno,Bueno,2,MAZDA,AZUL,2,,32,FEMENINO,SIN DATOS,0,0,Morelia,Insurgentes,agosto,miércoles,9,-101.154097951949,19.6972947117876
50076,50082,2024,,2024/08/14,10:10:00,COLISIÓN POR CORTE DE CIRCULACIÓN,ASFALTO,Bueno,Bueno,2,ITALIKA,NEGRO Y NARANJA,2,,27,MASCULINO,SIN DATOS,0,0,Morelia,Morelos,agosto,miércoles,10,-101.181023642421,19.7220416422173
50077,50083,2024,,2024/08/14,12:37:00,COLISIÓN POR ALCANCE,CONCRETO,Bueno,Bueno,2,CHEVROLET,PLATA,2,,22,MASCULINO,SIN DATOS,0,0,Morelia,Centro,agosto,miércoles,13,-101.199654601514,19.7030654660834
50078,50084,2024,,2024/08/14,14:20:00,COLISIÓN POR ALCANCE,ASFALTO,Bueno,Bueno,2,VOLKSWAGEN,BLANCO,2,,22,MASCULINO,SIN DATOS,0,0,Morelia,Indeco Santiaguito,agosto,miércoles,14,-101.178540587425,19.720114205848
50079,50085,2024,,2024/08/14,16:25:00,COLISIÓN POR CAMBIO DE CARRIL,ASFALTO,Nublado,Bueno,2,ITALIKA,NEGRO,2,,21,,SIN DATOS,0,0,Morelia,Bosques de Oriente,agosto,miércoles,16,-101.155454479158,19.7155986682885
50080,50086,2024,MOR2247631,2024/08/14,18:50:00,COLISIÓN POR ALCANCE,ASFALTO,Bueno,Bueno,2,MITSUBISHI,GRIS,2,,,MASCULINO,SIN DATOS,0,0,Morelia,Sentimientos de La Nacion,agosto,miércoles,19,-101.233220100403,19.6782423592562
50081,50087,2024,,2024/08/14,19:15:00,COLISIÓN POR CORTE DE CIRCULACIÓN,CONCRETO,Nublado,Bueno,2,ITALIKA,GRAFITO,2,,31,MASCULINO,SIN DATOS,0,0,Morelia,Vasco de Quiroga,agosto,miércoles,19,-101.171738585,19.7040830349991
50082,50088,2024,,2024/08/14,23:15:00,VOLCADURA,ASFALTO,Lluvioso,Malo,1,NISSAN,BLANCO,1,,,,SIN DATOS,0,0,Morelia,Lindavista,agosto,miércoles,23,-101.216499478814,19.7061111108481
50084,50090,2024,,2024/08/15,"09:25:00",COLISIÓN POR NO RESPETAR SEMÁFORO,ASFALTO,Bueno,Bueno,2,NISSAN,BLANCO,2,MINISTERIO PÚBLICO,62,MASCULINO,SIN DATOS,0,0,Morelia,Los Pinos de Michoacan,agosto,jueves,9,-101.215676106513,19.6844226107158
50085,50091,2024,,2024/08/15,12:25:00,COLISIÓN POR ALCANCE,CONCRETO,Bueno,Bueno,2,TOYOTA,BLANCO Y MORADO,2,,53,MASCULINO,SIN DATOS,0,0,Morelia,Industrial,agosto,jueves,12,-101.188249848783,19.71217760682
50086,50092,2024,,2024/08/15,13:40:00,COLISIÓN POR ALCANCE,ASFALTO,Bueno,Bueno,2,Nissan,Gris,2,,,,SIN DATOS,0,0,Morelia,Felix Ireta,agosto,jueves,14,-101.192050538957,19.6823782325291
50088,50094,2024,,2024/08/15,17:40:00,COLISIÓN POR CAMBIO DE CARRIL,ASFALTO,Bueno,Bueno,2,RAM 700,BLANCO,2,,26,MASCULINO,SIN DATOS,0,0,Morelia,Vicente Lombardo Toledano (Ejidal Isacc Arriaga) (Etnias de Mexico),agosto,jueves,18,-101.149389334023,19.7200315152464
50089,50095,2024,,2024/08/15,19:40:00,CAIDA DE MOTOCICLETA,ASFALTO,Bueno,Bueno,1,BAJAJ,NEGRO,1,MINISTERIO PÚBLICO,31,MASCULINO,SIN DATOS,0,0,Morelia,Lomas de San Juan,agosto,jueves,20,-101.183039681886,19.7298664251429
50090,50096,2024,,2024/08/16,"08:10:00",COLISIÓN POR CAMBIO DE CARRIL,CONCRETO,Bueno,Bueno,3,CHEVROLET,GRIS,3,,37,FEMENINO,SIN DATOS,0,0,Morelia,Chapultepec Sur,agosto,viernes,8,-101.171449125214,19.6920309500482
50091,50097,2024,,2024/08/16,"08:50:00",COLISIÓN POR CORTE DE CIRCULACIÓN,ASFALTO,Bueno,Bueno,2,DODGE,GRIS,2,,63,FEMENINO,SIN DATOS,0,0,Morelia,Chapultepec Oriente,agosto,viernes,9,-101.163749505,19.6914478449991
50092,50098,2024,,2024/08/16,"09:10:00",COLISIÓN POR CAMBIO DE CARRIL,ASFALTO,Bueno,Bueno,2,VOLKSWAGEN,BLANCO,2,,28,MASCULINO,SIN DATOS,0,0,Morelia,Defensores De Puebla,agosto,viernes,9,-101.237630553,19.7132539883326
50093,50099,2024,,2024/08/16,10:50:00,COLISIÓN POR MANIOBRA DE REVERSA,ASFALTO,Bueno,Bueno,2,NISSAN,ROJO,2,,21,FEMENINO,SIN DATOS,0,0,Morelia,Vistas de Altozano,agosto,viernes,11,-101.167,19.6551
50094,50100,2024,,2024/08/16,12:26:00,COLISIÓN POR MANIOBRA DE REVERSA,ASFALTO,Bueno,Bueno,2,NISSAN,ROJO,2,,65,FEMENINO,SIN DATOS,0,0,Morelia,Industrial,agosto,viernes,12,-101.196189005906,19.710209818625
50095,50101,2024,,2024/08/16,12:35:00,COLISIÓN POR CORTE DE CIRCULACIÓN,ASFALTO,Bueno,Bueno,2,CHRYSLER,BLANCO Y GUINDA,2,,,MASCULINO,SIN DATOS,0,0,Morelia,Del Empleado,agosto,viernes,13,-101.18002517,19.6886070099991
50096,50102,2024,,2024/08/16,15:00:00,COLISIÓN POR ALCANCE,ASFALTO,Nublado,Regular,3,CHEVROLET,ROJO,3,,57,MASCULINO,SIN DATOS,0,0,Morelia,San Rafael,agosto,viernes,15,-101.152337704762,19.6999683672239
50097,50103,2024,,2024/08/16,16:30:00,COLISIÓN POR CORTE DE CIRCULACIÓN,CONCRETO,Bueno,Bueno,2,CHIREY,NEGRO,2,,59,MASCULINO,SIN DATOS,0,0,Morelia,Infonavit Colonial Universidad,agosto,viernes,17,-101.207,19.6853
50098,50104,2024,LEG53555,2024/08/16,18:45:00,COLISIÓN CON PEATÓN,ASFALTO,Nublado,Regular,1,GENERAL MOTORS,BLANCO,2,,38,MASCULINO,SIN DATOS,1,0,Morelia,Xangari,agosto,viernes,19,-101.219623120327,19.6720670459846
50099,50105,2024,,2024/08/16,19:00:00,COLISIÓN CONTRA OBJETO FIJO,ASFALTO,Bueno,Bueno,2,NISSAN,BLANCO Y MORADO,2,,63,MASCULINO,SIN DATOS,0,0,Morelia,Vasco de Quiroga,agosto,viernes,19,-101.172084441176,19.7019638559701
50101,50107,2024,MOR2247132,2024/08/16,22:11:00,COLISIÓN POR CORTE DE CIRCULACIÓN,ASFALTO,Bueno,Bueno,3,S/D,S/D,2,MINISTERIO PÚBLICO,,MASCULINO,SIN DATOS,0,0,Morelia,Martires de Uruapan,agosto,viernes,22,-101.197319408167,19.725017061641
50102,50108,2024,,2024/08/16,23:30:00,COLISIÓN POR NO RESPETAR SEMÁFORO,ASFALTO,Lluvioso,Malo,2,NISSAN,PLATA,2,MINISTERIO PÚBLICO,32,MASCULINO,SIN DATOS,0,0,Morelia,La Huerta,agosto,viernes,0,-101.216158176792,19.6721810649028
50103,50109,2024,,2024/08/17,"00:00:00",COLISIÓN POR ALCANCE,ASFALTO,Bueno,Bueno,2,ITALIKA,NEGRO,1,,,MASCULINO,SIN DATOS,0,0,Morelia,Montaña Monarca,agosto,sábado,0,-101.165131339569,19.6698293896465
50104,50110,2024,LEG53557,2024/08/17,"02:30:00",COLISIÓN CONTRA OBJETO FIJO,ASFALTO,Nublado,Regular,4,CHEVROLET,NEGRO,4,,33,MASCULINO,SIN DATOS,0,0,Morelia,Juarez,agosto,sábado,3,-101.200183331966,19.6962353602557
50107,50113,2024,,2024/08/17,18:35:00,COLISIÓN POR ALCANCE,ASFALTO,Bueno,Bueno,2,CHEVROLET,NEGRO,2,,,MASCULINO,SIN DATOS,0,0,Morelia,Centro,agosto,sábado,19,-101.18754847,19.7028479949991
50108,50114,2024,LEG53567,2024/08/17,23:00:00,COLISIÓN CONTRA OBJETO FIJO,ASFALTO,Bueno,Bueno,2,GMC,GRIS,1,,45,MASCULINO,SIN DATOS,0,0,Morelia,Valle del Durazno,agosto,sábado,23,-101.1831212,19.6586121049991
50109,50115,2024,,2024/08/18,"01:00:00",SALIDA DE SUPERFICIE DE RODAMIENTO,ASFALTO,Bueno,Bueno,1,VOLKSWAGEN,AZUL,0,,,,,0,0,Charo,Sin datos,agosto,domingo,1,-101.056317,19.691585
50111,50117,2024,,2024/08/18,"09:21:00",SALIDA DE SUPERFICIE DE RODAMIENTO,ASFALTO,Bueno,Bueno,1,TOYOTA,DORADO,1,,29,MASCULINO,SIN DATOS,0,0,Morelia,Praderas del Indio,agosto,domingo,9,-101.223494028547,19.6450845894654
50115,50121,2024,LEG53575,2024/08/18,21:51:00,COLISIÓN POR CAMBIO DE CARRIL,ASFALTO,Lluvioso,Malo,2,CHEVROLET,AZUL,2,MINISTERIO PÚBLICO,,,SIN DATOS,1,0,Morelia,El Lago 1,agosto,domingo,22,-101.216335622487,19.7307987163553
50116,50122,2024,,2024/08/18,23:00:00,COLISIÓN CONTRA OBJETO FIJO,ASFALTO,Lluvioso,Regular,1,NISSAN,BLANCO,1,,,,SIN DATOS,0,0,Morelia,Insurgentes,agosto,domingo,23,-101.155416805,19.6953315299991
50117,50123,2024,LEG53576,2024/08/18,23:29:00,COLISIÓN POR ALCANCE,ASFALTO,Lluvioso,Malo,2,HONDA,PLATA,2,,30,MASCULINO,SIN DATOS,0,0,Morelia,Jardines de Guadalupe,agosto,domingo,23,-101.225649548577,19.7117045865626
50119,50125,2024,,2024/08/19,"09:55:00",COLISIÓN POR ALCANCE,ASFALTO,Nublado,Bueno,2,HONDA/190CC,CAFE,2,,19,MASCULINO,SIN DATOS,0,0,Morelia,Mariano Michelena,agosto,lunes,10,-101.231337504797,19.6758071810468
50120,50126,2024,,2024/08/19,11:20:00,COLISIÓN POR CAMBIO DE CARRIL,ASFALTO,Bueno,Bueno,2,NISSAN,BLANCO,2,,46,MASCULINO,SIN DATOS,0,0,Morelia,Insurgentes,agosto,lunes,11,-101.154077615,19.6978325849991
50121,50127,2024,,2024/08/19,12:00:00,COLISIÓN POR CORTE DE CIRCULACIÓN,ASFALTO,Bueno,Bueno,2,FORD,AZUL,2,,,,SIN DATOS,0,0,Morelia,La Hacienda,agosto,lunes,12,-101.317806243896,19.6780706208157
50122,50128,2024,,2024/08/19,16:00:00,COLISIÓN POR CORTE DE CIRCULACIÓN,ASFALTO,Bueno,Bueno,2,FORD,VERDE,2,MINISTERIO PÚBLICO,,MASCULINO,SIN DATOS,0,0,Morelia,Villa Universidad,agosto,lunes,16,-101.20959864,19.6918456199992
50123,50129,2024,,2024/08/19,18:40:00,COLISIÓN POR CORTE DE CIRCULACIÓN,ASFALTO,Bueno,Bueno,2,TOYOTA/HIACE,BLANCO GRIS,2,,68,MASCULINO,SIN DATOS,0,0,Morelia,Lomas de Huerta,agosto,lunes,19,-101.212,19.6754
50124,50130,2024,,2024/08/19,22:20:00,COLISIÓN CONTRA OBJETO FIJO,ASFALTO,Lluvioso,Bueno,2,TOYOTA,ROJO,2,,70,FEMENINO,SIN DATOS,0,0,Morelia,Xangari,agosto,lunes,22,-101.219623120327,19.6720670459846
50126,50132,2024,LEG53587,2024/08/20,10:00:00,COLISIÓN POR CORTE DE CIRCULACIÓN,CONCRETO,Bueno,Bueno,2,TOYOTA,BLAN Y GUINDA,2,,38,FEMENINO,SIN DATOS,0,0,Morelia,Rector Diaz Rubio,agosto,martes,10,-101.196980655,19.6688148849991
50127,50133,2024,,2024/08/20,11:30:00,COLISIÓN POR CAMBIO DE CARRIL,ASFALTO,Bueno,Bueno,2,NISSAN,ROJO,2,,33,MASCULINO,SIN DATOS,0,0,Morelia,La Quemada,agosto,martes,12,-101.240059827697,19.7032952648833
50128,50134,2024,,2024/08/20,15:10:00,COLISIÓN CON PEATÓN,ASFALTO,Bueno,Bueno,1,AT 125,AZUL,1,,25,MASCULINO,SIN DATOS,0,0,Morelia,Lomas de San Juan,agosto,martes,15,-101.183039681886,19.7298664251429
50129,50135,2024,LEG53588,2024/08/20,17:40:00,COLISIÓN POR CORTE DE CIRCULACIÓN,ASFALTO,Bueno,Bueno,2,HONDA,BLANCO,2,MINISTERIO PÚBLICO,22,MASCULINO,SIN DATOS,0,0,Morelia,Comision Federal de Electricidad,agosto,martes,18,-101.181304370054,19.681701101233
50130,50136,2024,LEG53584,2024/08/20,18:18:00,COLISIÓN POR INVASIÓN DE CARRIL,ASFALTO,Bueno,Bueno,2,VELOCI,NEGRO,2,,,MASCULINO,SIN DATOS,0,0,Morelia,Camelinas,agosto,martes,18,-101.17075869981,19.6837967780615
50131,50137,2024,LEG53594,2024/08/21,"08:45:00",COLISIÓN POR CORTE DE CIRCULACIÓN,CONCRETO,Bueno,Bueno,2,HONDA,NEGRO,2,,23,,SIN DATOS,0,0,Morelia,Ciudad Industrial,agosto,miércoles,9,-101.130740424081,19.7365358564376
50132,50138,2024,,2024/08/21,"09:30:00",COLISIÓN CONTRA OBJETO FIJO,CONCRETO,Bueno,Bueno,2,MANTRUCK,VERDE,2,,,,SIN DATOS,0,0,Charo,San Bartolo,agosto,miércoles,10,-101.04547409,19.7495405199992
50133,50139,2024,,2024/08/21,10:17:00,COLISIÓN POR INVASIÓN DE CARRIL,ASFALTO,Bueno,Bueno,2,FREIGHTLINER,BLANCO,2,,41,MASCULINO,SIN DATOS,0,0,Morelia,Insurgentes,agosto,miércoles,10,-101.154540928257,19.6969391869908
50134,50140,2024,,2024/08/21,10:24:00,COLISIÓN CONTRA OBJETO FIJO,ASFALTO,Bueno,Bueno,3,NISSAN,BLANCO,3,,52,MASCULINO,SIN DATOS,0,0,Morelia,Torreon Nuevo,agosto,miércoles,10,-101.204134197642,19.7466154097992
50135,50141,2024,LEG53593,2024/08/21,11:06:00,COLISIÓN POR ALCANCE,ASFALTO,Bueno,Bueno,2,GMC,ROJO,2,,23,,SIN DATOS,0,0,Morelia,Lomas del Punhuato,agosto,miércoles,11,-101.146986725494,19.6985048820112
50136,50142,2024,,2024/08/21,14:44:00,COLISIÓN CONTRA OBJETO FIJO,CONCRETO,Bueno,Bueno,3,CHEVROLET,BLANCO,3,,52,MASCULINO,SIN DATOS,0,0,Morelia,El Lago 2,agosto,miércoles,15,-101.210890935,19.7236361699991
50137,50143,2024,,2024/08/21,15:15:00,COLISIÓN POR CAMBIO DE CARRIL,ASFALTO,Bueno,Bueno,2,DODGE,ROJO,2,,69,FEMENINO,SIN DATOS,0,0,Morelia,Sin datos,agosto,miércoles,15,-101.274114,19.718179
50138,50144,2024,,2024/08/21,15:45:00,COLISIÓN POR CORTE DE CIRCULACIÓN,CONCRETO,Bueno,Bueno,2,MITSUBISHI,BLANCO,2,,57,FEMENINO,SIN DATOS,0,0,Morelia,Ampliacion La Soledad,agosto,miércoles,16,-101.183554405,19.7349146049992
50139,50145,2024,,2024/08/21,15:55:00,COLISIÓN POR CORTE DE CIRCULACIÓN,ASFALTO,Bueno,Bueno,2,KIA,BLANCO,2,,19,FEMENINO,SIN DATOS,0,0,Morelia,Las Americas,agosto,miércoles,16,-101.157750397493,19.6913098349318
50141,50147,2024,LEG53600,2024/08/21,18:07:00,COLISIÓN POR CORTE DE CIRCULACIÓN,ASFALTO,Bueno,Bueno,2,VOLKSWAGEN,GRIS,2,,50,MASCULINO,SIN DATOS,0,0,Morelia,Lomas del Tecnologico,agosto,miércoles,18,-101.190983165,19.7203156949991
50142,50148,2024,,2024/08/21,19:15:00,COLISIÓN POR ALCANCE,ASFALTO,Bueno,Bueno,2,RENAULT,GRIS,2,,58,MASCULINO,SIN DATOS,0,0,Morelia,Lomas de San Juan,agosto,miércoles,19,-101.183039681886,19.7298664251429
50144,50150,2024,LEG53606,2024/08/22,"09:24:00",COLISIÓN POR ALCANCE,ASFALTO,Bueno,Bueno,2,CHEVROLET,ROJO,2,MINISTERIO PÚBLICO,,MASCULINO,SIN DATOS,0,0,Morelia,Country Club  Las Huertas,agosto,jueves,9,-101.229234383098,19.6632240100227