fid,id_accidente,anio_origen,folio_c5i,dia_incidente,hora_ocurrencia,tipo_incidente_vial,superficie_ocurrencia,condiciones_climaticas,condiciones_via,numero_vehiculos_involucrados,marca_vehiculo_ocasiona_siniestro,color_vehiculo_ocasiona_siniestro,numero_personas_involucradas,lugar_remite_presunto_responsable,edad_presunto_responsable,sexo_presunto_responsable,resultados_toxicologia,numero_personas_lesionadas,numero_personas_fallecidas,municipio,colonia,mes,dia_semana,hora_redondeada,lon,lat
50145,50151,2024,,2024/08/22,10:00:00,SALIDA DE SUPERFICIE DE RODAMIENTO,ASFALTO,Bueno,Bueno,1,FORD,AZUL,1,,67,MASCULINO,SIN DATOS,0,0,Morelia,San Jose del Cerrito,agosto,jueves,10,-101.2184825,19.652948
50146,50152,2024,LEG53607,2024/08/22,12:24:00,COLISIÓN CON PEATÓN,CONCRETO,Bueno,Bueno,1,MG,AZUL,2,,53,MASCULINO,SIN DATOS,1,0,Morelia,Prados Verdes,agosto,jueves,12,-101.19721026,19.7150711099991
50148,50154,2024,,2024/08/22,16:50:00,COLISIÓN POR ALCANCE,CONCRETO,Bueno,Bueno,2,HYUNDAI,ROJO,2,,24,MASCULINO,SIN DATOS,0,0,Morelia,Progreso del Sur,agosto,jueves,17,-101.197662525,19.6608805899991
50149,50155,2024,LEG53610,2024/08/22,17:10:00,COLISIÓN POR CORTE DE CIRCULACIÓN,ASFALTO,Lluvioso,Regular,2,VOLKSWAGEN,PLATA,2,MINISTERIO PÚBLICO,50,MASCULINO,SIN DATOS,0,0,Morelia,Carlos Salazar,agosto,jueves,17,-101.209658559066,19.7124165765648
50150,50156,2024,LEG53618,2024/08/22,19:15:00,COLISIÓN POR CORTE DE CIRCULACIÓN,ASFALTO,Lluvioso,Regular,2,HONDA,BLANCO,2,,22,MASCULINO,SIN DATOS,0,0,Morelia,Vasco de Quiroga,agosto,jueves,19,-101.175754442811,19.7004316895888
50151,50157,2024,,2024/08/22,19:30:00,COLISIÓN POR ALCANCE,CONCRETO,Lluvioso,Regular,2,NISSAN,VERDE,2,MINISTERIO PÚBLICO,43,MASCULINO,SIN DATOS,0,0,Morelia,Ciudad Industrial,agosto,jueves,20,-101.137945353985,19.7286206940007
50152,50158,2024,LEG53617,2024/08/22,20:10:00,COLISIÓN POR CORTE DE CIRCULACIÓN,ASFALTO,Lluvioso,Regular,2,HONDA,AZUL,2,,41,FEMENINO,SIN DATOS,0,0,Morelia,Los Manantiales de Morelia,agosto,jueves,20,-101.239146105945,19.69971610548
50153,50159,2024,LEG53616,2024/08/22,21:15:00,COLISIÓN POR INVASIÓN DE CARRIL,ASFALTO,Lluvioso,Malo,3,RENAULT,PLATA,3,,52,MASCULINO,SIN DATOS,0,0,Morelia,Sin datos,agosto,jueves,21,-101.118452399969,19.7374561937184
50154,50160,2024,LEG53615,2024/08/22,21:25:00,COLISIÓN POR CORTE DE CIRCULACIÓN,ASFALTO,Nublado,Regular,2,NISSAN,BLANCO,2,,27,MASCULINO,SIN DATOS,0,0,Morelia,Campobello,agosto,jueves,21,-101.236901767552,19.667769450421
50155,50161,2024,LEG53604,2024/08/22,22:10:00,COLISIÓN CONTRA OBJETO FIJO,ASFALTO,Bueno,Bueno,1,GMC,GRIS,1,,,FEMENINO,SIN DATOS,0,0,Morelia,Colinas del Sur,agosto,jueves,22,-101.199614802575,19.6605414587362
50156,50162,2024,LEG53614,2024/08/22,22:54:00,COLISIÓN CONTRA OBJETO FIJO,ASFALTO,Nublado,Regular,1,VOLKSWAGEN,BLANCO,1,MINISTERIO PÚBLICO,43,FEMENINO,SIN DATOS,0,0,Morelia,Loma de Los Piñones,agosto,jueves,23,-101.203537769616,19.6749240495616
50157,50163,2024,"53611",2024/08/23,"02:24:00",VOLCADURA,ASFALTO,Lluvioso,Regular,1,MITSUBISHI,gris,1,,24,MASCULINO,SIN DATOS,0,0,Morelia,Sin datos,agosto,viernes,2,-101.151676923037,19.6697199327742
50158,50164,2024,LEG53619,2024/08/23,"05:30:00",COLISIÓN CONTRA OBJETO FIJO,ASFALTO,Lluvioso,Regular,1,NISSAN,BLANCO,1,,37,MASCULINO,SIN DATOS,0,0,Morelia,Del Prendimiento,agosto,viernes,6,-101.388035863638,19.6667638914094
50159,50165,2024,LEG53623,2024/08/23,"08:30:00",COLISIÓN CON PEATÓN,ASFALTO,Bueno,Bueno,1,MACK,BLANCO,2,MINISTERIO PÚBLICO,42,MASCULINO,SIN DATOS,1,0,Morelia,Elias Perez Avalos,agosto,viernes,9,-101.165118813515,19.710614290874
50160,50166,2024,,2024/08/23,10:45:00,COLISIÓN POR ALCANCE,CONCRETO,Lluvioso,Bueno,2,CHEVROLET,BLANCO,2,,40,MASCULINO,SIN DATOS,0,0,Morelia,Loma Bonita,agosto,viernes,11,-101.196749098599,19.7201653351299
50161,50167,2024,LEG53621,2024/08/23,11:10:00,COLISIÓN CONTRA OBJETO FIJO,ASFALTO,Bueno,Bueno,1,NISSAN,BLANCO,1,,18,MASCULINO,SIN DATOS,0,0,Morelia,Ejidal Ocolusen,agosto,viernes,11,-101.152287125587,19.6843124372014
50162,50168,2024,,2024/08/23,13:40:00,COLISIÓN POR ALCANCE,ASFALTO,Bueno,Bueno,3,PEUGEOT,GRIS,3,,33,MASCULINO,SIN DATOS,0,0,Morelia,Morelia 450,agosto,viernes,14,-101.217515766621,19.6757316133236
50163,50169,2024,,2024/08/23,14:00:00,COLISIÓN POR CAMBIO DE CARRIL,ASFALTO,Bueno,Bueno,2,RENAULT,GRIS,2,MINISTERIO PÚBLICO,,MASCULINO,SIN DATOS,0,0,Morelia,Felix Ireta,agosto,viernes,14,-101.192050874233,19.6823835992138
50164,50170,2024,,2024/08/23,19:00:00,COLISIÓN POR CORTE DE CIRCULACIÓN,CONCRETO,Nublado,Bueno,2,ITALIKA,BLANCO/VERDE,2,MINISTERIO PÚBLICO,28,MASCULINO,SIN DATOS,0,0,Morelia,Loma Real,agosto,viernes,19,-101.195881739259,19.7307519002632
50165,50171,2024,,2024/08/23,19:07:00,COLISIÓN POR CORTE DE CIRCULACIÓN,ASFALTO,Bueno,Bueno,2,CHEVROLET,BLANCO,2,,36,MASCULINO,SIN DATOS,0,0,Morelia,Granjas del Maestro,agosto,viernes,19,-101.188387982547,19.7128937664405
50166,50172,2024,,2024/08/23,22:12:00,COLISIÓN POR CAMBIO DE CARRIL,ASFALTO,Bueno,Bueno,2,CHEVROLET,ROJO,2,,55,FEMENINO,SIN DATOS,0,0,Morelia,Exhacienda del Quinceo,agosto,viernes,22,-101.233838349581,19.7297508396451
50167,50173,2024,LEG53629,2024/08/24,"01:31:00",SUBIDA AL CAMELLÓN,ASFALTO,Bueno,Bueno,1,NISSAN,AZUL,1,,,MASCULINO,SIN DATOS,0,0,Morelia,Sin datos,agosto,sábado,2,-101.118271686137,19.7014114696096
50168,50174,2024,,2024/08/24,"03:40:00",COLISIÓN POR CORTE DE CIRCULACIÓN,ASFALTO,Bueno,Bueno,2,CHEVROLET SONIC,GRIS,2,MINISTERIO PÚBLICO,39,FEMENINO,SIN DATOS,0,0,Morelia,Indeco Santiaguito,agosto,sábado,4,-101.178736388683,19.7202843211115
50169,50175,2024,LEG53631,2024/08/24,"06:10:00",COLISIÓN POR CORTE DE CIRCULACIÓN,ASFALTO,Bueno,Bueno,2,PEUGEOT,GRIS,2,,33,MASCULINO,SIN DATOS,0,0,Morelia,Centro,agosto,sábado,6,-101.195282265544,19.6987401029397
50170,50176,2024,,2024/08/24,"08:00:00",COLISIÓN POR INVASIÓN DE CARRIL,ASFALTO,Bueno,Bueno,2,VOLKSWAGEN,BLANCO,2,,18,MASCULINO,SIN DATOS,0,0,Morelia,Sin datos,agosto,sábado,8,-101.116621792316,19.736799473207
50171,50177,2024,,2024/08/24,"09:25:00",COLISIÓN POR ALCANCE,ASFALTO,Bueno,Bueno,4,NISSAN,AZUL,4,,38,MASCULINO,SIN DATOS,0,0,Morelia,Felix Ireta,agosto,sábado,9,-101.19035705924,19.6824221130638
50172,50178,2024,,2024/08/24,10:40:00,COLISIÓN CONTRA OBJETO FIJO,ASFALTO,Bueno,Regular,1,NISSAN,BLANCO,1,MINISTERIO PÚBLICO,,,,0,1,Huandacareo,Sin datos,agosto,sábado,11,-101.302913948894,19.9766293601827
50173,50179,2024,LEG53633,2024/08/24,10:45:00,COLISIÓN POR CORTE DE CIRCULACIÓN,ASFALTO,Bueno,Bueno,2,FREIGHTLINER,BLANCO,2,,19,MASCULINO,SIN DATOS,0,0,Morelia,Felix Ireta,agosto,sábado,11,-101.191532202065,19.6824555759095
50174,50180,2024,LEG53634,2024/08/24,13:00:00,COLISIÓN POR MANIOBRA DE REVERSA,ASFALTO,Bueno,Bueno,2,ISUZU,BLANCO,2,,46,MASCULINO,SIN DATOS,0,0,Morelia,Bosques de Oriente,agosto,sábado,13,-101.156835481524,19.7148184492541
50175,50181,2024,,2024/08/24,14:25:00,COLISIÓN POR CAMBIO DE CARRIL,CONCRETO,Bueno,Bueno,2,ITALIKA,NEGRO/AZUL,2,,18,MASCULINO,SIN DATOS,0,0,Morelia,Lomas de Vista Bella,agosto,sábado,14,-101.19674038142,19.6721117511864
50176,50182,2024,,2024/08/24,15:05:00,CAIDA DE MOTOCICLETA,ASFALTO,Bueno,Bueno,1,HONDA,BLANCO,1,,38,MASCULINO,SIN DATOS,0,0,Morelia,Buenos Aires,agosto,sábado,15,-101.194913076768,19.6573891928199
50177,50183,2024,,2024/08/24,18:20:00,COLISIÓN POR CORTE DE CIRCULACIÓN,ASFALTO,Bueno,Bueno,2,YAMAHA,AZUL,2,,36,MASCULINO,SIN DATOS,0,0,Morelia,El Lago 2,agosto,sábado,18,-101.21308714929,19.7249514326746
50178,50184,2024,,2024/08/24,20:20:00,COLISIÓN POR CORTE DE CIRCULACIÓN,ASFALTO,Bueno,Bueno,2,CHEVROLET,AZUL,2,,20,MASCULINO,SIN DATOS,0,0,Morelia,Lomas de Morelia (Dr Ignacio Chavez),agosto,sábado,20,-101.1764091,19.7168225299992
50179,50185,2024,,2024/08/24,21:00:00,COLISIÓN POR INVASIÓN DE CARRIL,ASFALTO,Lluvioso,Bueno,2,NISSAN,BLANCO,2,,,MASCULINO,SIN DATOS,0,0,Morelia,Ciudad Industrial,agosto,sábado,21,-101.13143697381,19.7357312315267
50180,50186,2024,LEG53641,2024/08/24,21:00:00,COLISIÓN POR INVASIÓN DE CARRIL,ASFALTO,Lluvioso,Regular,4,NISSAN,BLANCO,4,,,MASCULINO,SIN DATOS,0,0,Morelia,Sin datos,agosto,sábado,21,-101.142595811512,19.7066879563344
50181,50187,2024,,2024/08/24,22:40:00,COLISIÓN POR CORTE DE CIRCULACIÓN,ASFALTO,Lluvioso,Regular,2,ITALIKA,NEGRO/NARANJA,2,,23,MASCULINO,SIN DATOS,0,0,Morelia,Arcos del Valle,agosto,sábado,23,-101.235800720751,19.7068749589456
50183,50189,2024,,2024/08/25,"07:50:00",COLISIÓN POR ALCANCE,ASFALTO,Bueno,Bueno,2,HONDA,AZUL,2,,40,MASCULINO,SIN DATOS,0,0,Morelia,Carlos Salazar,agosto,domingo,8,-101.209658559066,19.7124165765648
50184,50190,2024,,2024/08/25,"08:20:00",COLISIÓN CON PEATÓN,SIN_DATOS,Bueno,Bueno,3,VOLKSWAGEN,GRIS,3,,26,MASCULINO,SIN DATOS,0,0,Morelia,Industrial,agosto,domingo,8,-101.197221835,19.7107552949991
50185,50191,2024,LEG53645,2024/08/25,13:25:00,COLISIÓN POR MANIOBRA DE REVERSA,ASFALTO,Bueno,Bueno,2,SEAT,VERDE,2,,,MASCULINO,SIN DATOS,0,0,Morelia,Centro,agosto,domingo,13,-101.17789641,19.7013360799991
50186,50192,2024,,2024/08/25,14:32:00,COLISIÓN POR CAMBIO DE CARRIL,ASFALTO,Bueno,Bueno,2,Volkswagen,Negro,2,,44,MASCULINO,SIN DATOS,0,0,Morelia,Pascual Ortiz de Ayala,agosto,domingo,15,-101.149821521984,19.69504229591
50187,50193,2024,,2024/08/26,"06:00:00",VOLCADURA,ASFALTO,Bueno,Regular,1,CHEVROLET,BLANCO,0,,,,,0,0,Cuitzeo,Sin datos,agosto,lunes,6,-101.128267608583,19.9166642172833
50188,50194,2024,,2024/08/26,"07:10:00",COLISIÓN POR ALCANCE,ASFALTO,Nublado,Malo,2,CHEVROLET,AZUL,2,,23,MASCULINO,SIN DATOS,0,0,Morelia,Niño Artillero,agosto,lunes,7,-101.253887533225,19.6966180829493
50189,50195,2024,,2024/08/26,"07:15:00",COLISIÓN POR ALCANCE,ASFALTO,Bueno,Bueno,4,CHEVROLET,AZUL MARINO,4,MINISTERIO PÚBLICO,43,,SIN DATOS,0,0,Morelia,Comision Federal de Electricidad,agosto,lunes,7,-101.181342825294,19.6815104056721
50190,50196,2024,,2024/08/26,"07:30:00",COLISIÓN CON PEATÓN,ASFALTO,Bueno,Bueno,1,HONDA,BLANCO,1,MINISTERIO PÚBLICO,69,MASCULINO,SIN DATOS,0,0,Morelia,Jardines del Toreo,agosto,lunes,8,-101.214291080832,19.6879266571627
50191,50197,2024,MOR/240030137,2024/08/26,"09:40:00",COLISIÓN POR CORTE DE CIRCULACIÓN,CONCRETO,Bueno,Bueno,2,NISSAN,BLANCO Y VERDE,1,MINISTERIO PÚBLICO,28,MASCULINO,SIN DATOS,0,0,Morelia,Lomas de Hidalgo,agosto,lunes,10,-101.163482666016,19.6959900922298
50192,50198,2024,,2024/08/26,"09:40:00",COLISIÓN POR ALCANCE,ASFALTO,Bueno,Bueno,2,VOLKSWAGEN,BLANCO,2,,24,MASCULINO,SIN DATOS,0,0,Morelia,Elias Perez Avalos,agosto,lunes,10,-101.171477660537,19.7147449089951
50193,50199,2024,,2024/08/26,11:40:00,COLISIÓN POR INVASIÓN DE CARRIL,ASFALTO,Bueno,Bueno,2,ITALIKA,NEGRO Y VERDE,2,MINISTERIO PÚBLICO,39,MASCULINO,SIN DATOS,0,0,Morelia,Sin datos,agosto,lunes,12,-101.142689846456,19.7502719592775
50194,50200,2024,,2024/08/26,13:15:00,COLISIÓN POR CORTE DE CIRCULACIÓN,TERRACERIA,Bueno,Bueno,1,TOYOTA,BLANCO,1,,21,MASCULINO,SIN DATOS,0,0,Morelia,Ciudad Industrial,agosto,lunes,13,-101.137946024537,19.7286191160202
50195,50201,2024,,2024/08/26,15:00:00,COLISIÓN POR CORTE DE CIRCULACIÓN,ASFALTO,Bueno,Bueno,2,VOLKSWAGEN,ROJO,2,,47,MASCULINO,SIN DATOS,0,0,Morelia,Los Pinos de Michoacan,agosto,lunes,15,-101.21411640197,19.6878439499229
50196,50202,2024,,2024/08/26,16:15:00,COLISIÓN POR CAMBIO DE CARRIL,ASFALTO,Bueno,Bueno,2,KENWORTH,VERDE,2,,21,MASCULINO,SIN DATOS,0,0,Morelia,Josefa Ortiz de Dominguez,agosto,lunes,16,-101.21474839747,19.6742238209254
50198,50204,2024,,2024/08/26,19:04:00,COLISIÓN POR MANIOBRA DE REVERSA,ASFALTO,Bueno,Bueno,2,Volkswagen,BLANCO,2,,53,FEMENINO,SIN DATOS,0,0,Morelia,Chapultepec Norte,agosto,lunes,19,-101.176202945,19.6965285599991
50199,50205,2024,,2024/08/26,21:45:00,COLISIÓN POR ALCANCE,CONCRETO,Bueno,Bueno,2,CHEVROLET,GRIS,2,,39,FEMENINO,SIN DATOS,0,0,Morelia,Primaveras,agosto,lunes,22,-101.227593895,19.6809350299991
50200,50206,2024,,2024/08/27,"06:30:00",COLISIÓN POR NO RESPETAR SEMÁFORO,ASFALTO,Bueno,Bueno,2,JAC,BLANCO,2,MINISTERIO PÚBLICO,31,FEMENINO,SIN DATOS,0,0,Morelia,Primo Tapia Oriente,agosto,martes,7,-101.158741861582,19.7135177601103
50201,50207,2024,LEG53662,2024/08/27,11:24:00,COLISIÓN POR ALCANCE,ASFALTO,Bueno,Bueno,2,TOYOTA,ROJO CON BLANCO,2,,,MASCULINO,SIN DATOS,0,0,Morelia,Centro,agosto,martes,11,-101.19118388321,19.702768457823
50202,50208,2024,,2024/08/27,12:00:00,COLISIÓN POR ALCANCE,ASFALTO,Bueno,Bueno,2,VOLKSWAGEN,AZUL,2,,30,MASCULINO,SIN DATOS,0,0,Morelia,Fuentes de Morelia,agosto,martes,12,-101.203908950441,19.6711852824231
50203,50209,2024,,2024/08/27,14:32:00,VOLCADURA,ASFALTO,Bueno,Bueno,1,HYUNDAI,GRIS,1,,32,MASCULINO,SIN DATOS,0,0,Morelia,Arkos San Pedro,agosto,martes,15,-101.279091035422,19.6281849331561
50204,50210,2024,,2024/08/27,18:20:00,COLISIÓN POR ALCANCE,CONCRETO,Bueno,Bueno,2,CHEVROLET,BLANCO,2,,56,MASCULINO,SIN DATOS,0,0,Morelia,Lazaro Cardenas,agosto,martes,18,-101.162058507071,19.7101112773308
50205,50211,2024,,2024/08/28,"07:20:00",CAIDA DE MOTOCICLETA,ASFALTO,Bueno,Bueno,1,IZUCA,NEGRO,1,,37,MASCULINO,SIN DATOS,0,0,Morelia,Indeco Santiaguito,agosto,miércoles,7,-101.1774522,19.7214697599991
50206,50212,2024,,2024/08/28,"08:02:00",COLISIÓN POR CAMBIO DE CARRIL,ASFALTO,Bueno,Bueno,2,TOYOTA,BLANCO Y ROJO,2,,48,MASCULINO,SIN DATOS,0,0,Morelia,Nueva Valladolid,agosto,miércoles,8,-101.211483945359,19.6992598320994
50208,50214,2024,,2024/08/28,"09:40:00",COLISIÓN POR ALCANCE,CONCRETO,Bueno,Bueno,3,CHEVROLET,BLANCO,3,MINISTERIO PÚBLICO,36,MASCULINO,SIN DATOS,0,0,Morelia,Campamento Ferrocarrilero,agosto,miércoles,10,-101.203038605,19.7048187049992
50209,50215,2024,,2024/08/28,"09:44:00",COLISIÓN POR ALCANCE,ASFALTO,Bueno,Bueno,2,CHEVROLET,BLANCO,2,MINISTERIO PÚBLICO,34,FEMENINO,SIN DATOS,0,0,Morelia,Camelinas,agosto,miércoles,10,-101.17262119,19.6818144849991
50210,50216,2024,,2024/08/28,10:00:00,COLISIÓN POR MANIOBRA DE REVERSA,ASFALTO,Bueno,Bueno,2,FORD,BLANCO,2,,26,MASCULINO,SIN DATOS,0,0,Morelia,Nueva Jacarndas,agosto,miércoles,10,-101.191648494512,19.6821387685254
50211,50217,2024,,2024/08/28,13:40:00,COLISIÓN CONTRA OBJETO FIJO,ASFALTO,Bueno,Bueno,1,KENWORTH,ROJO,1,,21,MASCULINO,SIN DATOS,0,0,Morelia,Torrecillas,agosto,miércoles,14,-101.18707984,19.6705668549992
50212,50218,2024,,2024/08/28,14:15:00,COLISIÓN POR ALCANCE,ASFALTO,Nublado,Bueno,3,TOYOTA,GRIS,3,,67,MASCULINO,SIN DATOS,0,0,Morelia,Ignacio Zaragoza,agosto,miércoles,14,-101.204222336317,19.723849518802
50214,50220,2024,LEG53676,2024/08/28,19:10:00,COLISIÓN POR CAMBIO DE CARRIL,ASFALTO,Nublado,Regular,2,MAZDA,NEGRO,2,,42,FEMENINO,SIN DATOS,0,0,Morelia,Vista Bella,agosto,miércoles,19,-101.195925675947,19.6790442736003
50216,50222,2024,,2024/08/28,20:40:00,COLISIÓN POR CAMBIO DE CARRIL,ASFALTO,Nublado,Regular,2,CHEVROLET,BLANCO,2,,18,MASCULINO,SIN DATOS,0,0,Morelia,Sin datos,agosto,miércoles,21,-101.275924408994,19.6208266134515
50217,50223,2024,,2024/08/29,13:30:00,COLISIÓN POR ALCANCE,ASFALTO,Bueno,Bueno,2,DODGE,NEGRO,2,,,,SIN DATOS,0,0,Morelia,Centro,agosto,jueves,14,-101.18754847,19.7028479949991
50218,50224,2024,,2024/08/29,13:50:00,COLISIÓN POR ALCANCE,ASFALTO,Bueno,Bueno,2,NISSAN XTRAIL,ROJO,2,,80,MASCULINO,SIN DATOS,0,0,Morelia,Nueva Valladolid,agosto,jueves,14,-101.211483945359,19.6992598320994
50220,50226,2024,,2024/08/29,16:40:00,SALIDA DE SUPERFICIE DE RODAMIENTO,ASFALTO,Bueno,Regular,1,NISSAN,BLANCO,1,,0,MASCULINO,SIN DATOS,0,0,Cuitzeo,Sin datos,agosto,jueves,17,-101.182746626437,20.0532920088314
50221,50227,2024,,2024/08/29,18:20:00,COLISIÓN POR CORTE DE CIRCULACIÓN,ASFALTO,Bueno,Bueno,2,VOLKSWAGEN,NEGRO,1,,51,FEMENINO,SIN DATOS,0,0,Morelia,Ventura Puente,agosto,jueves,18,-101.17947936058,19.692384892981
50222,50228,2024,LEG53681,2024/08/29,18:24:00,COLISIÓN POR ALCANCE,ASFALTO,Bueno,Bueno,2,HONDA,GRIS,2,,65,MASCULINO,SIN DATOS,0,0,Morelia,Vasco de Quiroga,agosto,jueves,18,-101.175924427807,19.6982536777176
50223,50229,2024,,2024/08/30,"00:00:00",SALIDA DE SUPERFICIE DE RODAMIENTO,ASFALTO,Bueno,Bueno,1,FORD,BLANCO,1,,,MASCULINO,SIN DATOS,0,0,Charo,Sin datos,agosto,viernes,0,-101.032694466412,19.7608723050689
50224,50230,2024,,2024/08/30,"02:30:00",VOLCADURA,ASFALTO,Lluvioso,Regular,1,NISSAN,PLATA,1,MINISTERIO PÚBLICO,33,MASCULINO,SIN DATOS,0,0,Morelia,Villa Universidad,agosto,viernes,3,-101.213994026184,19.6879029814305
50225,50231,2024,,2024/08/30,"04:50:00",COLISIÓN CONTRA OBJETO FIJO,ASFALTO,Bueno,Bueno,1,DODGE,GRIS,1,,68,MASCULINO,SIN DATOS,0,0,Morelia,Ampliacion La Soledad,agosto,viernes,5,-101.182843185961,19.7376906684797
50226,50232,2024,LEG53686,2024/08/30,"05:00:00",COLISIÓN CONTRA OBJETO FIJO,ASFALTO,Bueno,Bueno,1,SUZUKI,BLANCO,1,MINISTERIO PÚBLICO,39,MASCULINO,SIN DATOS,0,0,Morelia,Alberto Oviedo Mota,agosto,viernes,5,-101.202110499144,19.6777119899492
50227,50233,2024,,2024/08/30,"08:00:00",COLISIÓN POR ALCANCE,CONCRETO,Bueno,Bueno,2,BAJAJ,NEGRO/BLANCO,2,MINISTERIO PÚBLICO,,MASCULINO,SIN DATOS,0,0,Morelia,Comision Federal de Electricidad,agosto,viernes,8,-101.181341484189,19.6815119841173
50228,50234,2024,,2024/08/30,12:30:00,COLISIÓN POR CORTE DE CIRCULACIÓN,ASFALTO,Bueno,Bueno,2,CHRYSLER,NEGRO,2,,,FEMENINO,SIN DATOS,0,0,Morelia,Adolfo Lopez Mateos,agosto,viernes,13,-101.230070181191,19.7010023869283
50229,50235,2024,,2024/08/30,15:10:00,COLISIÓN POR MANIOBRA DE REVERSA,TERRACERIA,Bueno,Bueno,2,FORD,BLANCO/AZUL,2,,21,MASCULINO,SIN DATOS,0,0,Morelia,El Lago 1,agosto,viernes,15,-101.212397441268,19.7291976026338
50230,50236,2024,,2024/08/30,15:40:00,COLISIÓN POR ALCANCE,ASFALTO,Bueno,Bueno,2,CHEVROLET,PLATA,2,,39,FEMENINO,SIN DATOS,0,0,Morelia,Vasco de Quiroga,agosto,viernes,16,-101.175626032054,19.7016390529633
50231,50237,2024,,2024/08/30,18:10:00,COLISIÓN POR CAMBIO DE CARRIL,ASFALTO,Nublado,Bueno,2,KENWORTH,BLANCO AZUL,2,,34,MASCULINO,SIN DATOS,0,0,Morelia,Elias Perez Avalos,agosto,viernes,18,-101.166430748999,19.7109542258051
50232,50238,2024,LEG53695,2024/08/30,19:55:00,COLISIÓN POR CORTE DE CIRCULACIÓN,ASFALTO,Nublado,Regular,2,DODGE,GRIS,2,,27,MASCULINO,SIN DATOS,0,0,Morelia,Nueva Valladolid,agosto,viernes,20,-101.209141910076,19.7021646082921
50233,50239,2024,LEG53693,2024/08/30,20:37:00,COLISIÓN POR CORTE DE CIRCULACIÓN,ASFALTO,Bueno,Bueno,2,RAMIREZ,MORADO,2,,41,MASCULINO,SIN DATOS,0,0,Morelia,Indeco El Vivero,agosto,viernes,21,-101.231671459973,19.6776415896056
50234,50240,2024,,2024/08/30,23:45:00,COLISIÓN POR ALCANCE,CONCRETO,Lluvioso,Regular,2,HONDA,GUINDA,2,,,MASCULINO,SIN DATOS,0,0,Morelia,Niño Artillero,agosto,viernes,0,-101.254214420915,19.6969212880162
50235,50241,2024,LEG53694,2024/08/30,23:50:00,COLISIÓN POR CORTE DE CIRCULACIÓN,ASFALTO,Nublado,Bueno,2,NISSAN,BLANCO,2,,27,MASCULINO,SIN DATOS,0,0,Morelia,Loma Real,agosto,viernes,0,-101.198700070381,19.7297555735531
50236,50242,2024,LEG53696,2024/08/31,"07:00:00",COLISIÓN CONTRA OBJETO FIJO,ASFALTO,Nublado,Regular,2,CHEVROLET,ROJO,2,,41,MASCULINO,SIN DATOS,0,0,Morelia,Centro,agosto,sábado,7,-101.181467883289,19.7019998397802
50237,50243,2024,,2024/08/31,11:05:00,COLISIÓN POR CAMBIO DE CARRIL,ASFALTO,Bueno,Bueno,2,NISSAN,AZUL,2,,63,MASCULINO,SIN DATOS,0,0,Morelia,Clara Cordova Moran,agosto,sábado,11,-101.180838905275,19.7373949714494
50238,50244,2024,,2024/08/31,11:15:00,COLISIÓN POR CAMBIO DE CARRIL,ASFALTO,Bueno,Bueno,2,NISSAN,BLANCO/NARANJA,2,,39,MASCULINO,SIN DATOS,0,0,Morelia,San Guillermo,agosto,sábado,11,-101.177551522851,19.7394130849078
50239,50245,2024,,2024/08/31,13:50:00,COLISIÓN POR ALCANCE,ASFALTO,Bueno,Bueno,2,NISSAN,ROJO,2,MINISTERIO PÚBLICO,24,FEMENINO,SIN DATOS,0,0,Morelia,Martires de Uruapan,agosto,sábado,14,-101.197319408167,19.725017061641
50240,50246,2024,,2024/08/31,14:40:00,COLISIÓN POR ALCANCE,CONCRETO,Bueno,Regular,2,CHEVROLET,BLANCO,2,,36,MASCULINO,SIN DATOS,0,0,Morelia,Lomas de Huerta,agosto,sábado,15,-101.214349083602,19.6743633617724
50241,50247,2024,,2024/08/31,17:40:00,COLISIÓN POR CORTE DE CIRCULACIÓN,CONCRETO,Nublado,Bueno,2,CHRYSLER,ROJO,2,MINISTERIO PÚBLICO,40,MASCULINO,SIN DATOS,0,0,Morelia,Primo Tapia Oriente,agosto,sábado,18,-101.16012789309,19.7155412251076
50242,50248,2024,,2024/08/31,17:45:00,COLISIÓN POR CAMBIO DE CARRIL,CONCRETO,Bueno,Bueno,2,ITALIKA,NEGRO,2,,19,MASCULINO,SIN DATOS,0,0,Morelia,Ferrocarrilero,agosto,sábado,18,-101.217413172126,19.6976248896458
50243,50249,2024,LEG53712,2024/08/31,20:15:00,COLISIÓN CONTRA OBJETO FIJO,ASFALTO,Bueno,Bueno,3,VOLKSWAGEN,NEGRO,3,,22,MASCULINO,SIN DATOS,0,0,Morelia,Ciudad Industrial,agosto,sábado,20,-101.14554366932,19.7284851395985
50244,50250,2024,,2024/08/31,20:45:00,COLISIÓN POR MANIOBRA DE REVERSA,ASFALTO,Lluvioso,Regular,2,MERCEDEZ BENZ,BLANCO,2,,20,MASCULINO,SIN DATOS,0,0,Morelia,La Huerta,agosto,sábado,21,-101.216158176792,19.6721810649028
50245,50251,2024,,2024/09/01,"01:00:00",COLISIÓN CONTRA OBJETO FIJO,ASFALTO,Lluvioso,Bueno,1,FORD,ROJO,1,MINISTERIO PÚBLICO,,,SIN DATOS,0,0,Morelia,Centro,septiembre,domingo,1,-101.18754847,19.7028479949991
50247,50253,2024,MOR246689,2024/09/01,"02:00:00",COLISIÓN CONTRA OBJETO FIJO,ASFALTO,Bueno,Bueno,1,CHEVROLET,GRIS,1,,,MASCULINO,SIN DATOS,0,0,Morelia,Villas Lomas del Paraiso,septiembre,domingo,2,-101.183243326701,19.6753951296653
50248,50254,2024,LEG53711,2024/09/01,"03:30:00",SALIDA DE SUPERFICIE DE RODAMIENTO,ASFALTO,Bueno,Bueno,1,FORD,ROJO,1,,22,,ALIENTO ETÍLICO,0,0,Morelia,3 de Agosto,septiembre,domingo,4,-101.172784715,19.7287054299992