fid,id_accidente,anio_origen,folio_c5i,dia_incidente,hora_ocurrencia,tipo_incidente_vial,superficie_ocurrencia,condiciones_climaticas,condiciones_via,numero_vehiculos_involucrados,marca_vehiculo_ocasiona_siniestro,color_vehiculo_ocasiona_siniestro,numero_personas_involucradas,lugar_remite_presunto_responsable,edad_presunto_responsable,sexo_presunto_responsable,resultados_toxicologia,numero_personas_lesionadas,numero_personas_fallecidas,municipio,colonia,mes,dia_semana,hora_redondeada,lon,lat
50250,50256,2024,,2024/09/01,"08:00:00",COLISIÓN POR ALCANCE,ASFALTO,Bueno,Bueno,2,VOLKSWAGEN,GRIS,2,,71,MASCULINO,SIN DATOS,0,0,Morelia,Ciudad Industrial,septiembre,domingo,8,-101.14554366932,19.7284851395985
50251,50257,2024,,2024/09/01,10:30:00,COLISIÓN POR CORTE DE CIRCULACIÓN,CONCRETO,Bueno,Bueno,2,VENTO,CAFE,2,,27,MASCULINO,SIN DATOS,0,0,Morelia,Ignacio Lopez Rayon,septiembre,domingo,11,-101.250591165,19.6897065849991
50252,50258,2024,,2024/09/01,10:55:00,COLISIÓN POR CORTE DE CIRCULACIÓN,ASFALTO,Bueno,Bueno,2,NISSAN,NEGRO,1,,18,MASCULINO,SIN DATOS,0,0,Morelia,Lomas del Pedregal,septiembre,domingo,11,-101.284884534717,19.6921578400803
50253,50259,2024,,2024/09/01,14:00:00,COLISIÓN CONTRA OBJETO FIJO,ASFALTO,Bueno,Bueno,1,TOYOTA,BLANCO,1,MINISTERIO PÚBLICO,32,MASCULINO,SIN DATOS,0,0,Morelia,Tenencia Morelos,septiembre,domingo,14,-101.243929623155,19.6466055443724
50254,50260,2024,LEG53707,2024/09/01,16:04:00,COLISIÓN CON PEATÓN,ASFALTO,Lluvioso,Malo,1,HONDA,BLANCO,2,,21,,SIN DATOS,1,0,Morelia,Tres Puentes,septiembre,domingo,16,-101.213524742681,19.7058468756013
50255,50261,2024,,2024/09/01,18:10:00,COLISIÓN POR CORTE DE CIRCULACIÓN,CONCRETO,Bueno,Bueno,2,ITALIKA,BLANCO,2,,46,MASCULINO,SIN DATOS,0,0,Morelia,Lomas de Santa Maria,septiembre,domingo,18,-101.186511275,19.6752849299991
50256,50262,2024,LEG53719,2024/09/01,19:20:00,COLISIÓN POR CORTE DE CIRCULACIÓN,ASFALTO,Nublado,Regular,2,NISSAN,PLATA,2,,57,MASCULINO,SIN DATOS,0,0,Morelia,Centro,septiembre,domingo,19,-101.18754847,19.7028479949991
50257,50263,2024,LEG53721,2024/09/01,20:37:00,COLISIÓN CONTRA OBJETO FIJO,ASFALTO,Nublado,Regular,3,ITALIKA,NEGRO Y AMARILLO,3,MINISTERIO PÚBLICO,,,SIN DATOS,0,0,Morelia,Gertrudis Sanchez,septiembre,domingo,21,-101.199914647886,19.7428476868678
50258,50264,2024,LEG53720,2024/09/01,20:50:00,COLISIÓN POR ALCANCE,ASFALTO,Bueno,Bueno,2,NISSAN,ROJO,2,,52,,SIN DATOS,0,0,Morelia,La Floresta,septiembre,domingo,21,-101.150228190291,19.6835500032446
50259,50265,2024,MOR2246782,2024/09/01,21:17:00,COLISIÓN POR ALCANCE,ASFALTO,Bueno,Bueno,2,CHEVROLET,AZUL,2,,,MASCULINO,SIN DATOS,0,0,Morelia,Plan de Ayala,septiembre,domingo,21,-101.182061892892,19.7081520719319
50260,50266,2024,,2024/09/01,22:35:00,SUBIDA AL CAMELLÓN,ASFALTO,Lluvioso,Regular,1,NISSAN,PLATA,1,,62,MASCULINO,SIN DATOS,0,0,Morelia,Lomas de San Juan,septiembre,domingo,23,-101.183039681886,19.7298664251429
50261,50267,2024,LEG53718,2024/09/01,22:36:00,COLISIÓN POR CORTE DE CIRCULACIÓN,CONCRETO,Nublado,Regular,2,CHEVROLET,PLATA,2,,48,MASCULINO,SIN DATOS,0,0,Morelia,Exhacienda del Quinceo,septiembre,domingo,23,-101.234,19.7301
50262,50268,2024,LEG53722,2024/09/02,"08:30:00",COLISIÓN POR CORTE DE CIRCULACIÓN,CONCRETO,Bueno,Bueno,2,VOLKSWAGEN,BLANCO,2,,30,MASCULINO,SIN DATOS,0,0,Morelia,Centro,septiembre,lunes,9,-101.190227307379,19.7078376551029
50263,50269,2024,,2024/09/02,"09:40:00",COLISIÓN POR CORTE DE CIRCULACIÓN,CONCRETO,Bueno,Bueno,2,NISSAN,BLANCO,2,,22,MASCULINO,SIN DATOS,0,0,Morelia,Vasco de Quiroga,septiembre,lunes,10,-101.177188083529,19.7031806770329
50264,50270,2024,,2024/09/02,10:05:00,COLISIÓN POR CORTE DE CIRCULACIÓN,ASFALTO,Bueno,Bueno,2,KAWASAKI,BLANCO AZUL,3,,38,MASCULINO,SIN DATOS,1,0,Morelia,Ventura Puente,septiembre,lunes,10,-101.190678924322,19.6935995773604
50265,50271,2024,,2024/09/02,12:30:00,COLISIÓN POR CORTE DE CIRCULACIÓN,ASFALTO,Bueno,Bueno,2,CHEVROLET,BLANCO,3,MINISTERIO PÚBLICO,44,MASCULINO,SIN DATOS,1,0,Morelia,Sin datos,septiembre,lunes,13,-101.356876306236,19.6691241825885
50266,50272,2024,LEG53726,2024/09/02,17:10:00,COLISIÓN POR ALCANCE,ASFALTO,Bueno,Bueno,2,FORD,AZUL,2,,45,FEMENINO,SIN DATOS,0,0,Morelia,Sentimientos de La Nacion,septiembre,lunes,17,-101.236870251596,19.6848039557047
50268,50274,2024,,2024/09/03,10:00:00,COLISIÓN POR CORTE DE CIRCULACIÓN,ASFALTO,Bueno,Bueno,1,FREIGHTLINER,GRIS,1,MINISTERIO PÚBLICO,42,MASCULINO,SIN DATOS,0,0,Morelia,Martires de Uruapan,septiembre,martes,10,-101.197319408167,19.725017061641
50269,50275,2024,,2024/09/03,14:50:00,COLISIÓN CON PEATÓN,ASFALTO,Bueno,Bueno,1,NISSAN,BLANCO,2,MINISTERIO PÚBLICO,62,MASCULINO,SIN DATOS,1,0,Pátzcuaro,Centro,septiembre,martes,15,-101.611575856805,19.5146977207796
50271,50277,2024,LEG53737,2024/09/03,18:00:00,VOLCADURA,ASFALTO,Bueno,Regular,1,INTERNATIONAL,ROJO,1,,,MASCULINO,SIN DATOS,0,0,Morelia,Puerto de Buenavista,septiembre,martes,18,-101.126352197769,19.6849018019943
50272,50278,2024,,2024/09/03,19:50:00,COLISIÓN POR ALCANCE,CONCRETO,Nublado,Bueno,2,NISSAN,PLATA,2,,64,FEMENINO,SIN DATOS,0,0,Morelia,Benito Juarez,septiembre,martes,20,-101.254239890097,19.6850471170033
50273,50279,2024,LEG53735,2024/09/03,20:40:00,COLISIÓN CONTRA OBJETO FIJO,CONCRETO,Lluvioso,Regular,3,CHEVROLET,BLANCO,3,,29,FEMENINO,SIN DATOS,0,0,Morelia,Fitem (Amp Ignacio Lopez Rayon),septiembre,martes,21,-101.253,19.6878
50274,50280,2024,LEG53734,2024/09/03,21:39:00,COLISIÓN POR ALCANCE,ASFALTO,Bueno,Regular,2,MAZDA,AZUL,2,,46,MASCULINO,SIN DATOS,0,0,Morelia,Ciudad Industrial,septiembre,martes,22,-101.14554366932,19.7284851395985
50275,50281,2024,,2024/09/03,21:45:00,COLISIÓN POR ALCANCE,ASFALTO,Bueno,Regular,2,CREVROLET,NEGRO,2,MINISTERIO PÚBLICO,26,MASCULINO,SIN DATOS,0,0,Pátzcuaro,Sin datos,septiembre,martes,22,-101.627350598574,19.5417240330025
50276,50282,2024,LEG53733,2024/09/03,22:00:00,COLISIÓN POR ALCANCE,ASFALTO,Nublado,Bueno,2,MAZDA,NEGRO,2,,29,FEMENINO,SIN DATOS,0,0,Morelia,Vasco de Quiroga,septiembre,martes,22,-101.172084441176,19.7019638559701
50277,50283,2024,LEG53732,2024/09/03,22:50:00,COLISIÓN POR ALCANCE,ASFALTO,Nublado,Regular,2,CHEVROLET,ROJO,2,,35,MASCULINO,SIN DATOS,0,0,Morelia,Ejidal San Isidro,septiembre,martes,23,-101.279508614475,19.6906503850057
50278,50284,2024,LEG53731,2024/09/04,"00:00:00",COLISIÓN POR ALCANCE,ASFALTO,Bueno,Bueno,2,NISSAN,BLANCO NARANJA,2,,29,MASCULINO,SIN DATOS,0,0,Morelia,Rinconada del Valle,septiembre,miércoles,0,-101.222201261191,19.6773787628329
50280,50286,2024,,2024/09/04,"06:20:00",COLISIÓN POR CORTE DE CIRCULACIÓN,ASFALTO,Bueno,Bueno,2,NISSAN,BLANCO Y AMARILLO,2,,56,MASCULINO,SIN DATOS,0,0,Morelia,Chapultepec Sur,septiembre,miércoles,6,-101.171596915,19.6909445849991
50281,50287,2024,,2024/09/04,"09:50:00",SALIDA DE SUPERFICIE DE RODAMIENTO,CONCRETO,Bueno,Bueno,1,CHEVROLE,BLANCO,1,,,MASCULINO,SIN DATOS,0,0,Morelia,Los Angeles,septiembre,miércoles,10,-101.169357023528,19.7437569675154
50282,50288,2024,,2024/09/04,12:00:00,COLISIÓN POR CORTE DE CIRCULACIÓN,ASFALTO,Bueno,Bueno,2,FORD,NEGRO,2,,32,FEMENINO,SIN DATOS,0,0,Morelia,Ciudad Industrial,septiembre,miércoles,12,-101.14554366932,19.7284851395985
50283,50289,2024,,2024/09/04,13:15:00,COLISIÓN POR CORTE DE CIRCULACIÓN,CONCRETO,Bueno,Bueno,2,ISUZU,BLANCO/ROJO,2,MINISTERIO PÚBLICO,32,MASCULINO,SIN DATOS,0,0,Morelia,Jose Ma Pino Suarez,septiembre,miércoles,13,-101.162699198935,19.7207493362527
50285,50291,2024,,2024/09/04,15:40:00,SALIDA DE SUPERFICIE DE RODAMIENTO,ASFALTO,Nublado,Regular,1,CHEVROLET,ROJO,1,,28,MASCULINO,SIN DATOS,0,0,Morelia,Praderas del Indio,septiembre,miércoles,16,-101.223494028547,19.6450845894654
50286,50292,2024,LEG53745,2024/09/04,17:50:00,COLISIÓN CONTRA OBJETO FIJO,SIN_DATOS,Bueno,Bueno,1,FORD,BLANCO,1,MINISTERIO PÚBLICO,70,MASCULINO,SIN DATOS,0,0,Morelia,Villas del Pedregal,septiembre,miércoles,18,-101.302209,19.685042
50287,50293,2024,,2024/09/04,19:30:00,COLISIÓN POR CAMBIO DE CARRIL,ASFALTO,Bueno,Bueno,2,HONDA,GRIS,2,,40,MASCULINO,SIN DATOS,0,0,Morelia,Camelinas,septiembre,miércoles,20,-101.17262119,19.6818144849991
50288,50294,2024,,2024/09/05,"08:20:00",COLISIÓN POR CORTE DE CIRCULACIÓN,ASFALTO,Bueno,Bueno,1,MAZDA,BLANCO Y VERDE,1,,58,MASCULINO,SIN DATOS,0,0,Morelia,Santillan La Huerta,septiembre,jueves,8,-101.219553885717,19.6760966650679
50289,50295,2024,,2024/09/05,11:00:00,SUBIDA AL CAMELLÓN,ASFALTO,Bueno,Bueno,1,CHRYSLER,VERDE,1,,27,FEMENINO,SIN DATOS,0,0,Morelia,Lomas de Morelia (Dr Ignacio Chavez),septiembre,jueves,11,-101.175452644618,19.7162004988672
50290,50296,2024,,2024/09/05,13:45:00,VOLCADURA,ASFALTO,Bueno,Bueno,1,VOLKSWAGEN,GRIS,1,,36,FEMENINO,SIN DATOS,0,0,Morelia,Sin datos,septiembre,jueves,14,-101.33407317102,19.5565534193388
50291,50297,2024,,2024/09/05,14:39:00,COLISIÓN POR ALCANCE,ASFALTO,Bueno,Bueno,2,VOLKSWAGEN,NEGRO,2,,62,FEMENINO,SIN DATOS,0,0,Morelia,Americas Britania,septiembre,jueves,15,-101.149996519089,19.6917800726856
50292,50298,2024,,2024/09/05,14:50:00,COLISIÓN CON PEATÓN,SIN_DATOS,Bueno,Bueno,2,FREIGHTLINER,NARANJA,2,,60,MASCULINO,SIN DATOS,0,0,Morelia,Jardines de Guadalupe,septiembre,jueves,15,-101.22654274106,19.7105947217102
50293,50299,2024,,2024/09/05,15:50:00,COLISIÓN POR CORTE DE CIRCULACIÓN,ASFALTO,Bueno,Bueno,2,FORD,GRIS,2,,23,MASCULINO,SIN DATOS,0,0,Morelia,Lomas del Tecnologico,septiembre,jueves,16,-101.192971737429,19.7218067072296
50294,50300,2024,,2024/09/05,16:20:00,COLISIÓN POR ALCANCE,ASFALTO,Bueno,Bueno,2,PULSAR,BLANCO,2,,19,MASCULINO,SIN DATOS,0,0,Morelia,Puerta Nogal,septiembre,jueves,16,-101.2408935,19.671449
50295,50301,2024,,2024/09/05,16:40:00,COLISIÓN POR MANIOBRA DE REVERSA,ASFALTO,Bueno,Regular,2,TOYOTA,VERDE,2,,25,MASCULINO,SIN DATOS,0,0,Morelia,Chapultepec Oriente,septiembre,jueves,17,-101.163749505,19.6914478449991
50296,50302,2024,,2024/09/05,17:00:00,COLISIÓN POR ALCANCE,ASFALTO,Bueno,Bueno,2,FORD,AZUL,2,,60,FEMENINO,SIN DATOS,0,0,Morelia,Sentimientos de La Nacion,septiembre,jueves,17,-101.233194944297,19.682432823539
50297,50303,2024,LEG53757,2024/09/05,20:50:00,COLISIÓN CONTRA OBJETO FIJO,CONCRETO,Nublado,Bueno,3,CHEVROLET,BLANCO,3,,19,MASCULINO,ALIENTO ETÍLICO,0,0,Morelia,Santiaguito,septiembre,jueves,21,-101.190783530474,19.7177297325916
50298,50304,2024,"240",2024/09/05,21:00:00,COLISIÓN POR CAMBIO DE CARRIL,ASFALTO,Bueno,Bueno,2,DODGE,GRIS,2,,28,MASCULINO,SIN DATOS,0,0,Morelia,Isaac Arriaga,septiembre,jueves,21,-101.173323690891,19.7133217562912
50299,50305,2024,LEG53759,2024/09/05,21:15:00,COLISIÓN POR INVASIÓN DE CARRIL,ASFALTO,Lluvioso,Regular,2,CHEVROLET,BLANCO,2,MINISTERIO PÚBLICO,0,MASCULINO,SIN DATOS,0,0,Morelia,Sin datos,septiembre,jueves,21,-101.416991651058,19.632715447768
50300,50306,2024,LEG53758,2024/09/05,22:30:00,COLISIÓN CONTRA OBJETO FIJO,ASFALTO,Nublado,Regular,1,VOLKSWAGEN,ROJO,1,,19,MASCULINO,SIN DATOS,0,0,Morelia,Guadalupe,septiembre,jueves,23,-101.221301034093,19.7087634161395
50301,50307,2024,LEG53760,2024/09/06,"04:04:00",COLISIÓN CONTRA OBJETO FIJO,ASFALTO,Lluvioso,Regular,2,MG,BLANCO,2,,42,MASCULINO,SIN DATOS,0,0,Morelia,Insurgentes,septiembre,viernes,4,-101.153824366629,19.6951788426713
50302,50308,2024,LEG53761,2024/09/06,"06:30:00",SUBIDA AL CAMELLÓN,ASFALTO,Nublado,Regular,1,MERCEDES BENZ,BLANCO,1,,25,MASCULINO,SIN DATOS,0,0,Morelia,Felix Arreguin,septiembre,viernes,7,-101.226542405784,19.7214738604455
50303,50309,2024,,2024/09/06,10:40:00,COLISIÓN POR CAMBIO DE CARRIL,ASFALTO,Bueno,Bueno,2,CHEVROLET,NEGRO,2,,70,FEMENINO,SIN DATOS,0,0,Morelia,Loma de Los Piñones,septiembre,viernes,11,-101.203541457653,19.6749221553494
50304,50310,2024,,2024/09/06,11:00:00,COLISIÓN CON PEATÓN,SIN_DATOS,Bueno,Bueno,2,CHEVROLET,BLANCO,2,MINISTERIO PÚBLICO,53,MASCULINO,SIN DATOS,0,0,Morelia,Felix Ireta,septiembre,viernes,11,-101.187805943191,19.6873019323359
50305,50311,2024,,2024/09/06,12:09:00,COLISIÓN POR CAMBIO DE CARRIL,ASFALTO,Bueno,Bueno,2,VOLKSWAGEN,GRIS,2,,,MASCULINO,SIN DATOS,0,0,Morelia,Morelos,septiembre,viernes,12,-101.207823604345,19.7006652717106
50306,50312,2024,,2024/09/06,14:10:00,COLISIÓN POR ALCANCE,ASFALTO,Bueno,Bueno,2,HYUNDAI,AZUL,2,,28,MASCULINO,SIN DATOS,0,0,Morelia,Avicola Benito Juarez,septiembre,viernes,14,-101.279539838433,19.6913460274849
50307,50313,2024,,2024/09/06,16:10:00,COLISIÓN POR CAMBIO DE CARRIL,ASFALTO,Bueno,Bueno,2,TOYOTA,BLANCO/ROJO,2,,69,MASCULINO,SIN DATOS,0,0,Morelia,Felix Ireta,septiembre,viernes,16,-101.180756092072,19.6857427928922
50308,50314,2024,,2024/09/06,18:53:00,COLISIÓN POR CORTE DE CIRCULACIÓN,CONCRETO,Bueno,Bueno,2,ITALIKA,NEGRO/VERDE,2,,29,MASCULINO,SIN DATOS,0,0,Morelia,Josefa Ortiz de Dominguez,septiembre,viernes,19,-101.211580373347,19.7256294461454
50309,50315,2024,,2024/09/06,19:40:00,COLISIÓN POR CAMBIO DE CARRIL,ASFALTO,Nublado,Regular,2,DODGE,BLANCO/ROJO,2,,30,MASCULINO,SIN DATOS,0,0,Morelia,Centro,septiembre,viernes,20,-101.194092705846,19.7072022762892
50310,50316,2024,LEG53773,2024/09/06,19:45:00,COLISIÓN POR CORTE DE CIRCULACIÓN,ASFALTO,Bueno,Bueno,2,HONDA,BLANCO,2,MINISTERIO PÚBLICO,32,FEMENINO,SIN DATOS,0,0,Morelia,Jardines del Rincon,septiembre,viernes,20,-101.148715093732,19.6903046298737
50311,50317,2024,,2024/09/06,21:20:00,COLISIÓN POR CORTE DE CIRCULACIÓN,SIN_DATOS,Bueno,Bueno,2,GML,BLANCO,2,,,FEMENINO,SIN DATOS,0,0,Morelia,Cosmos,septiembre,viernes,21,-101.216977983713,19.6849993630913
50312,50318,2024,LEG53772,2024/09/07,"00:41:00",COLISIÓN POR ALCANCE,ASFALTO,Bueno,Bueno,2,NISSAN,GRIS,2,,22,FEMENINO,SIN DATOS,0,0,Morelia,Valle Quieto,septiembre,sábado,1,-101.202868893743,19.6854009103169
50313,50319,2024,,2024/09/07,"02:10:00",COLISIÓN CONTRA OBJETO FIJO,ASFALTO,Bueno,Bueno,1,RENAULT,GRIS,1,,,,SIN DATOS,0,0,Morelia,Valle de Altozano,septiembre,sábado,2,-101.164806671441,19.6654486043873
50314,50320,2024,LEG53843,2024/09/07,"02:10:00",COLISIÓN CONTRA OBJETO FIJO,ASFALTO,Bueno,Bueno,1,RENAULT,GRIS,1,MINISTERIO PÚBLICO,0,,SIN DATOS,0,0,Morelia,Sin datos,septiembre,sábado,2,-101.164592765272,19.6642447568558
50315,50321,2024,,2024/09/07,11:40:00,COLISIÓN CON PEATÓN,ASFALTO,Bueno,Bueno,1,CHRYSLER,BLANCO,2,MINISTERIO PÚBLICO,51,FEMENINO,SIN DATOS,1,0,Morelia,Ventura Puente,septiembre,sábado,12,-101.190668866038,19.6929852916615
50316,50322,2024,LEG53776,2024/09/07,13:20:00,COLISIÓN POR ALCANCE,ASFALTO,Bueno,Bueno,3,JEEP,BLANCO,3,,79,MASCULINO,SIN DATOS,0,0,Morelia,Fuentes de Valladolid,septiembre,sábado,13,-101.221593394876,19.6724053589594
50317,50323,2024,,2024/09/07,14:10:00,CAIDA DE MOTOCICLETA,CONCRETO,Bueno,Bueno,1,ITALIKA,NEGRO/VERDE,1,,15,MASCULINO,SIN DATOS,0,0,Morelia,Mision del Valle,septiembre,sábado,14,-101.126961708069,19.7644330478275
50318,50324,2024,,2024/09/07,15:46:00,COLISIÓN POR ALCANCE,ASFALTO,Bueno,Bueno,2,VOLKSWAGEN,BLANCO,2,,47,FEMENINO,SIN DATOS,0,0,Morelia,Fuentes de Morelia,septiembre,sábado,16,-101.204598248005,19.6729272217701
50319,50325,2024,,2024/09/07,17:40:00,COLISIÓN POR ALCANCE,ASFALTO,Bueno,Bueno,2,BAJAJ,ROJO,3,,38,MASCULINO,SIN DATOS,1,0,Morelia,Sin datos,septiembre,sábado,18,-101.142968460917,19.7486661003966
50320,50326,2024,LEG53782,2024/09/07,19:50:00,COLISIÓN POR CORTE DE CIRCULACIÓN,ASFALTO,Nublado,Regular,2,BAJAJ,BLANCO,3,MINISTERIO PÚBLICO,21,MASCULINO,SIN DATOS,1,0,Morelia,La Palma,septiembre,sábado,20,-101.25014965532,19.7201840865012
50321,50327,2024,LEG53783,2024/09/07,22:00:00,COLISIÓN POR CORTE DE CIRCULACIÓN,ASFALTO,Nublado,Bueno,1,VOLKSWAGEN,AZUL,1,,,,SIN DATOS,0,0,Morelia,Batalla de Morelia,septiembre,sábado,22,-101.226899474859,19.7255871554704
50322,50328,2024,LEG53784,2024/09/07,22:53:00,COLISIÓN POR INVASIÓN DE CARRIL,ASFALTO,Nublado,Regular,2,MAZDA,ROJO,2,,20,MASCULINO,SIN DATOS,0,0,Morelia,Arboledas de Valladolid,septiembre,sábado,23,-101.250228323042,19.6977798772966
50323,50329,2024,LEG53785,2024/09/07,23:10:00,COLISIÓN POR ALCANCE,ASFALTO,Nublado,Regular,2,VOLKSWAGEN,BLANCO,2,,43,MASCULINO,SIN DATOS,0,0,Morelia,El Parian,septiembre,sábado,23,-101.267291866243,19.6951479077818
50324,50330,2024,,2024/09/08,"00:00:00",COLISIÓN POR INVASIÓN DE CARRIL,ASFALTO,Bueno,Bueno,2,VOLKSWAGEN,ROJO,2,,41,MASCULINO,SIN DATOS,0,0,Morelia,Sin datos,septiembre,domingo,0,-101.279724240303,19.652608361099
50325,50331,2024,LEG53786,2024/09/08,"07:33:00",SUBIDA AL CAMELLÓN,ASFALTO,Bueno,Bueno,1,HONDA,BLANCO,1,,31,MASCULINO,SIN DATOS,0,0,Morelia,Los Manantiales de Morelia,septiembre,domingo,8,-101.243348456919,19.7002738636378
50326,50332,2024,LEG53787,2024/09/08,"08:01:00",COLISIÓN CONTRA OBJETO FIJO,ASFALTO,Bueno,Bueno,2,CHRYSLER,ARENA,2,,37,,SIN DATOS,0,0,Morelia,Felix Ireta,septiembre,domingo,8,-101.191989853978,19.6866358511347
50327,50333,2024,,2024/09/08,11:25:00,COLISIÓN CONTRA OBJETO FIJO,ASFALTO,Bueno,Bueno,2,VOLKSWAGEN,BLANCO,2,,36,MASCULINO,SIN DATOS,0,0,Morelia,La Calera,septiembre,domingo,11,-101.236395835876,19.6687813174078
50328,50334,2024,LEG53789,2024/09/08,18:15:00,COLISIÓN POR CORTE DE CIRCULACIÓN,ASFALTO,Bueno,Bueno,2,VOLKSWAGEN,ROJO,2,,24,MASCULINO,SIN DATOS,0,0,Morelia,Ventura Puente,septiembre,domingo,18,-101.187886795,19.6936008749991
50329,50335,2024,,2024/09/08,18:25:00,SALIDA DE SUPERFICIE DE RODAMIENTO,ASFALTO,Bueno,Bueno,1,FORD,ROJO,1,,22,MASCULINO,SIN DATOS,0,0,Morelia,Sin datos,septiembre,domingo,18,-101.254924,19.527688
50330,50336,2024,,2024/09/08,23:00:00,COLISIÓN CONTRA OBJETO FIJO,CONCRETO,Bueno,Bueno,1,MAZDA,AZUL,1,MINISTERIO PÚBLICO,,FEMENINO,SIN DATOS,0,0,Morelia,Ejidal Ocolusen,septiembre,domingo,23,-101.152206994593,19.684095246785
50332,50338,2024,,2024/09/09,10:05:00,COLISIÓN POR CORTE DE CIRCULACIÓN,ASFALTO,Bueno,Bueno,2,VOLKSWAGEN,AZUL,2,,29,MASCULINO,SIN DATOS,0,0,Morelia,Centro,septiembre,lunes,10,-101.18754847,19.7028479949991
50333,50339,2024,,2024/09/09,11:20:00,COLISIÓN POR CAMBIO DE CARRIL,ASFALTO,Bueno,Bueno,2,NISSAN,BLANCO,2,MINISTERIO PÚBLICO,63,MASCULINO,SIN DATOS,0,0,Morelia,Nueva Chapultepec,septiembre,lunes,11,-101.170656534483,19.6877951794071
50334,50340,2024,LEG53794,2024/09/09,18:30:00,COLISIÓN CONTRA OBJETO FIJO,CONCRETO,Bueno,Bueno,1,NISSAN,BLANCO,1,,26,MASCULINO,SIN DATOS,0,0,Morelia,Villas del Pedregal,septiembre,lunes,19,-101.300864,19.679039
50335,50341,2024,,2024/09/09,19:15:00,COLISIÓN CONTRA OBJETO FIJO,ASFALTO,Bueno,Bueno,2,INTERNATIONAL,ROJO,2,,50,MASCULINO,SIN DATOS,0,0,Morelia,Enrique Ramirez,septiembre,lunes,19,-101.165651847052,19.7086881668769
50336,50342,2024,LEG53791,2024/09/09,19:50:00,COLISIÓN POR CORTE DE CIRCULACIÓN,ASFALTO,Bueno,Bueno,2,MERCEDES BENZ,BLANCO,2,MINISTERIO PÚBLICO,,MASCULINO,SIN DATOS,0,0,Morelia,Los Angeles,septiembre,lunes,20,-101.167963479351,19.7444751194994
50338,50344,2024,LEG53797,2024/09/09,19:57:00,COLISIÓN POR MANIOBRA DE REVERSA,CONCRETO,Bueno,Bueno,2,NISSAN,DORADO,2,,36,MASCULINO,SIN DATOS,0,0,Morelia,Ciudad Industrial,septiembre,lunes,20,-101.130662996164,19.736373286063
50339,50345,2024,LEG53800,2024/09/09,20:00:00,COLISIÓN CON PEATÓN,ASFALTO,Nublado,Regular,1,TOYOTA,VERDE,2,MINISTERIO PÚBLICO,,,SIN DATOS,1,0,Charo,Sin datos,septiembre,lunes,20,-101.02159805112,19.7172565113338
50340,50346,2024,LEG53801,2024/09/09,21:47:00,COLISIÓN POR ALCANCE,ASFALTO,Bueno,Bueno,2,CHEVROLET,BLANCO,2,,27,MASCULINO,SIN DATOS,0,0,Morelia,Centro,septiembre,lunes,22,-101.19118388321,19.702768457823
50341,50347,2024,,2024/09/09,23:45:00,COLISIÓN POR INVASIÓN DE CARRIL,ASFALTO,Bueno,Bueno,2,NISSAN,AZUL,2,,,,SIN DATOS,0,0,Tzitzio,Sin datos,septiembre,lunes,0,-100.90771,19.41796
50343,50349,2024,,2024/09/10,"07:48:00",COLISIÓN POR CORTE DE CIRCULACIÓN,CONCRETO,Bueno,Bueno,2,NISSAN,ROJO,2,MINISTERIO PÚBLICO,35,MASCULINO,SIN DATOS,0,0,Morelia,Juana Pavon,septiembre,martes,8,-101.204137775,19.6690345999992
50344,50350,2024,LEG53818,2024/09/10,"07:50:00",COLISIÓN POR CAMBIO DE CARRIL,ASFALTO,Lluvioso,Bueno,2,VOLKSWAGEN,NEGRO,2,,30,,SIN DATOS,0,0,Morelia,Hermanos Lopez Rayon,septiembre,martes,8,-101.222843304276,19.6764611953809
50345,50351,2024,,2024/09/10,"07:57:00",COLISIÓN CON PEATÓN,SIN_DATOS,Bueno,Bueno,2,TOYOTA,GRIS,2,,,MASCULINO,SIN DATOS,0,0,Morelia,El Eden,septiembre,martes,8,-101.249641925097,19.6460325007178
50346,50352,2024,,2024/09/10,"08:10:00",COLISIÓN POR ALCANCE,ASFALTO,Lluvioso,Bueno,2,FORD/ESCAPE,NEGRO,2,,59,FEMENINO,SIN DATOS,0,0,Morelia,Felix Ireta,septiembre,martes,8,-101.188582604864,19.6860148664875
50347,50353,2024,,2024/09/10,"08:40:00",COLISIÓN POR CORTE DE CIRCULACIÓN,ASFALTO,Nublado,Bueno,2,TOYOTA,BLANCO,2,,33,FEMENINO,SIN DATOS,0,0,Morelia,Plan de La Garita,septiembre,martes,9,-101.183877177536,19.7133563489427
50348,50354,2024,,2024/09/10,"09:40:00",COLISIÓN POR CAMBIO DE CARRIL,ASFALTO,Bueno,Bueno,2,NISSAN TSURU,BLANCO/ROJO,2,,48,MASCULINO,SIN DATOS,0,0,Morelia,Granjas del Maestro,septiembre,martes,10,-101.188389994204,19.7128925039319
50349,50355,2024,,2024/09/10,10:40:00,COLISIÓN POR CORTE DE CIRCULACIÓN,CONCRETO,Bueno,Bueno,2,VENTO,NEGRO,2,,39,MASCULINO,SIN DATOS,0,0,Morelia,Primo Tapia Oriente,septiembre,martes,11,-101.160667017102,19.7125964453832
50350,50356,2024,,2024/09/10,10:45:00,COLISIÓN POR ALCANCE,ASFALTO,Bueno,Bueno,2,PLYMOUTH,NEGRO,2,MINISTERIO PÚBLICO,52,MASCULINO,SIN DATOS,0,0,Morelia,Lomas del Valle,septiembre,martes,11,-101.232909727819,19.6878774645662