fid,id_accidente,anio_origen,folio_c5i,dia_incidente,hora_ocurrencia,tipo_incidente_vial,superficie_ocurrencia,condiciones_climaticas,condiciones_via,numero_vehiculos_involucrados,marca_vehiculo_ocasiona_siniestro,color_vehiculo_ocasiona_siniestro,numero_personas_involucradas,lugar_remite_presunto_responsable,edad_presunto_responsable,sexo_presunto_responsable,resultados_toxicologia,numero_personas_lesionadas,numero_personas_fallecidas,municipio,colonia,mes,dia_semana,hora_redondeada,lon,lat
50351,50357,2024,,2024/09/10,11:50:00,COLISIÓN POR CORTE DE CIRCULACIÓN,CONCRETO,Nublado,Bueno,2,NISSAN,ROJO,2,MINISTERIO PÚBLICO,40,MASCULINO,SIN DATOS,0,0,Morelia,Agustin Arriaga Rivera,septiembre,martes,12,-101.225017905235,19.6906357691636
50352,50358,2024,,2024/09/10,12:00:00,COLISIÓN POR CORTE DE CIRCULACIÓN,CONCRETO,Bueno,Bueno,2,HONDA CIVIC,NEGRO,2,,34,MASCULINO,SIN DATOS,0,0,Morelia,Mariano Escobedo,septiembre,martes,12,-101.209025233984,19.7192052381068
50353,50359,2024,,2024/09/10,14:00:00,COLISIÓN POR ALCANCE,ASFALTO,Bueno,Bueno,3,NISSAN,PLATA,3,MINISTERIO PÚBLICO,35,FEMENINO,SIN DATOS,0,0,Morelia,Indeco Santiaguito,septiembre,martes,14,-101.178802773356,19.7203244039023
50354,50360,2024,,2024/09/10,15:40:00,COLISIÓN POR CORTE DE CIRCULACIÓN,ASFALTO,Bueno,Bueno,2,BAJAJ,ROJO,2,MINISTERIO PÚBLICO,36,MASCULINO,SIN DATOS,0,0,Morelia,Comision Federal de Electricidad,septiembre,martes,16,-101.181385070086,19.6815094586049
50355,50361,2024,,2024/09/11,"00:00:00",COLISIÓN POR ALCANCE,ASFALTO,Bueno,Bueno,2,NISSAN,GRIS,2,,20,MASCULINO,SIN DATOS,0,0,Morelia,Felix Ireta,septiembre,miércoles,0,-101.190105135,19.6853188699992
50356,50362,2024,,2024/09/11,"00:35:00",SUBIDA AL CAMELLÓN,ASFALTO,Lluvioso,Bueno,1,CHEVROLET,GRIS,1,,,MASCULINO,SIN DATOS,0,0,Morelia,Martires de Uruapan,septiembre,miércoles,1,-101.197319408167,19.725017061641
50357,50363,2024,,2024/09/11,"03:50:00",COLISIÓN CONTRA OBJETO FIJO,ASFALTO,Bueno,Bueno,1,MINI COOPER,ROJO,1,MINISTERIO PÚBLICO,27,FEMENINO,SIN DATOS,0,0,Morelia,Vasco de Quiroga,septiembre,miércoles,4,-101.172084441176,19.7019638559701
50358,50364,2024,LEG53829,2024/09/11,"07:10:00",COLISIÓN CONTRA OBJETO FIJO,ASFALTO,Bueno,Bueno,1,NISSAN,BLANCO,1,,46,,SIN DATOS,0,0,Morelia,Mil Cumbres,septiembre,miércoles,7,-101.144770111906,19.6966913258506
50359,50365,2024,,2024/09/11,"08:41:00",COLISIÓN POR CORTE DE CIRCULACIÓN,ASFALTO,Bueno,Bueno,2,ITALIKA,NEGRO,2,,31,MASCULINO,SIN DATOS,0,0,Morelia,Ciudad Industrial,septiembre,miércoles,9,-101.145645305514,19.7283571710382
50360,50366,2024,,2024/09/11,"09:30:00",COLISIÓN POR CORTE DE CIRCULACIÓN,ASFALTO,Bueno,Bueno,2,HONDA,ARENA,2,,25,MASCULINO,SIN DATOS,0,0,Morelia,Villas del Pedregal,septiembre,miércoles,10,-101.30450617522,19.6876071923208
50361,50367,2024,,2024/09/11,10:50:00,COLISIÓN POR CORTE DE CIRCULACIÓN,ASFALTO,Bueno,Bueno,2,HONDA,GRIS,2,,25,MASCULINO,SIN DATOS,0,0,Morelia,Niños Heroes,septiembre,miércoles,11,-101.239430420101,19.7165152314168
50362,50368,2024,,2024/09/11,11:50:00,COLISIÓN CONTRA OBJETO FIJO,CONCRETO,Bueno,Bueno,2,NISSAN,BLANCO Y CAFE,2,,52,MASCULINO,SIN DATOS,0,0,Morelia,San Pascual,septiembre,miércoles,12,-101.267332434654,19.6952599678122
50363,50369,2024,,2024/09/11,13:50:00,COLISIÓN POR CORTE DE CIRCULACIÓN,ASFALTO,Bueno,Bueno,3,FORD,ROJA,3,MINISTERIO PÚBLICO,71,MASCULINO,SIN DATOS,0,0,Pátzcuaro,Nueva del Cristo,septiembre,miércoles,14,-101.59404695034,19.5224936590527
50364,50370,2024,,2024/09/11,14:20:00,COLISIÓN POR ALCANCE,ASFALTO,Bueno,Bueno,2,NISSAN,GRIS,2,,34,MASCULINO,SIN DATOS,0,0,Morelia,Diego Rivera,septiembre,miércoles,14,-101.176478639245,19.718534871086
50365,50371,2024,,2024/09/11,17:00:00,COLISIÓN POR CORTE DE CIRCULACIÓN,ASFALTO,Bueno,Bueno,2,MAZDA,PLATA,2,,49,FEMENINO,SIN DATOS,0,0,Morelia,Comision Federal de Electricidad,septiembre,miércoles,17,-101.181342490017,19.6815122998064
50366,50372,2024,,2024/09/11,17:05:00,CAIDA DE MOTOCICLETA,ASFALTO,Bueno,Bueno,1,ATRIUMPH,AZUL,1,,44,MASCULINO,SIN DATOS,0,0,Morelia,Paseo de La Castellana,septiembre,miércoles,17,-101.223675794899,19.667846800853
50367,50373,2024,,2024/09/11,23:50:00,VOLCADURA,ASFALTO,Lluvioso,Malo,1,NISSAN,GRIS,1,,36,MASCULINO,SIN DATOS,0,0,Morelia,Sin datos,septiembre,miércoles,0,-101.355056,19.6696905
50368,50374,2024,LEG53841,2024/09/12,"00:00:00",COLISIÓN CONTRA OBJETO FIJO,ASFALTO,Bueno,Bueno,1,PONTIAC,NEGRO,1,,35,MASCULINO,SIN DATOS,0,0,Morelia,Vasco de Quiroga,septiembre,jueves,0,-101.172084441176,19.7019638559701
50369,50375,2024,,2024/09/12,"08:20:00",COLISIÓN POR ALCANCE,ASFALTO,Nublado,Bueno,2,CHEVROLET/CORSA,BEIGE,2,,28,MASCULINO,SIN DATOS,0,0,Morelia,Los Manantiales de Morelia,septiembre,jueves,8,-101.235085,19.696481
50370,50376,2024,LEG53846,2024/09/12,11:00:00,COLISIÓN POR CORTE DE CIRCULACIÓN,ASFALTO,Bueno,Bueno,2,MERCEDEZ BENZ,BLANCO Y NARANJA,1,,40,MASCULINO,SIN DATOS,0,0,Morelia,Villas del Pedregal,septiembre,jueves,11,-101.299671828747,19.6718904400256
50371,50377,2024,,2024/09/12,11:00:00,COLISIÓN CON PEATÓN,ASFALTO,Bueno,Bueno,1,ITALIKA,BLANCO,2,,,MASCULINO,SIN DATOS,1,0,Morelia,Camelinas,septiembre,jueves,11,-101.170903667808,19.6821449394127
50372,50378,2024,,2024/09/12,12:25:00,COLISIÓN POR CAMBIO DE CARRIL,CONCRETO,Bueno,Bueno,2,BANTLEY CONTINENTAL,GRIA,2,,58,FEMENINO,SIN DATOS,0,0,Morelia,Bosques Tres Marias,septiembre,jueves,12,-101.103373356164,19.7224099576076
50373,50379,2024,,2024/09/12,18:22:00,COLISIÓN POR CORTE DE CIRCULACIÓN,ASFALTO,Bueno,Bueno,2,MAZDA,ROJO,2,MINISTERIO PÚBLICO,22,MASCULINO,SIN DATOS,0,0,Morelia,Isaac Arriaga,septiembre,jueves,18,-101.172246783972,19.7088315933514
50374,50380,2024,,2024/09/13,"01:42:00",COLISIÓN CONTRA OBJETO FIJO,CONCRETO,Bueno,Bueno,1,VOLKSWAGEN,BLANCO,1,,47,MASCULINO,SIN DATOS,0,0,Morelia,Los Manantiales de Morelia,septiembre,viernes,2,-101.241551041603,19.7007422906057
50375,50381,2024,,2024/09/13,"08:20:00",COLISIÓN POR CORTE DE CIRCULACIÓN,ASFALTO,Bueno,Bueno,2,FORD,ARENA,2,,53,MASCULINO,SIN DATOS,0,0,Morelia,Ciudad Industrial,septiembre,viernes,8,-101.137946359813,19.7286197472124
50376,50382,2024,,2024/09/13,10:00:00,COLISIÓN POR CAMBIO DE CARRIL,ASFALTO,Bueno,Bueno,2,NISSAN,PLATA,2,,49,FEMENINO,SIN DATOS,0,0,Morelia,Arcos del Valle,septiembre,viernes,10,-101.236257702112,19.7076334377465
50377,50383,2024,,2024/09/13,14:16:00,COLISIÓN POR CORTE DE CIRCULACIÓN,ASFALTO,Bueno,Bueno,2,TOYOTA,BLANCO/NARANJA,2,,58,MASCULINO,SIN DATOS,0,0,Morelia,Granjas del Maestro,septiembre,viernes,14,-101.188593506813,19.7133214406649
50378,50384,2024,LEG53857,2024/09/13,18:00:00,COLISIÓN POR CAMBIO DE CARRIL,ASFALTO,Bueno,Regular,2,KIA,PLATA,2,,,FEMENINO,SIN DATOS,0,0,Morelia,Alberto Oviedo Mota,septiembre,viernes,18,-101.197865903378,19.6811735650979
50379,50385,2024,,2024/09/13,19:48:00,COLISIÓN POR INVASIÓN DE CARRIL,ASFALTO,Bueno,Bueno,2,MAZDA,ROJO,2,,44,MASCULINO,SIN DATOS,0,0,Morelia,Los Manantiales de Morelia,septiembre,viernes,20,-101.240274310112,19.6927374933202
50380,50386,2024,,2024/09/13,21:35:00,COLISIÓN POR CORTE DE CIRCULACIÓN,ASFALTO,Bueno,Bueno,2,VOLKSWAGEN,GRIS,2,,65,MASCULINO,SIN DATOS,0,0,Morelia,Nicolaitas Ilustres,septiembre,viernes,22,-101.224714815617,19.7246807436862
50381,50387,2024,LEG53855,2024/09/13,22:15:00,COLISIÓN POR ALCANCE,ASFALTO,Bueno,Regular,2,SEAT,AZUL,2,MINISTERIO PÚBLICO,40,MASCULINO,SIN DATOS,0,0,Morelia,Canteras de Morelia,septiembre,viernes,22,-101.171489730477,19.7147382809014
50382,50388,2024,LEG53856,2024/09/13,23:20:00,COLISIÓN CONTRA OBJETO FIJO,CONCRETO,Nublado,Regular,1,SEAT,PLATA,1,MINISTERIO PÚBLICO,0,,SIN DATOS,0,0,Morelia,Puerta Tres Marias Norte,septiembre,viernes,23,-101.142238229513,19.6922081190182
50383,50389,2024,,2024/09/14,"09:20:00",COLISIÓN POR CORTE DE CIRCULACIÓN,ASFALTO,Bueno,Bueno,2,KENWORTH,BLANCO,2,,24,MASCULINO,SIN DATOS,0,0,Morelia,La Esperanza,septiembre,sábado,9,-101.254362612963,19.697852162728
50384,50390,2024,LEG53859,2024/09/14,10:45:00,COLISIÓN POR CAMBIO DE CARRIL,ASFALTO,Bueno,Bueno,2,FORD,BLANCO,2,,,MASCULINO,SIN DATOS,0,0,Morelia,Ana Maria Gallaga (Riviera Norte),septiembre,sábado,11,-101.223936975002,19.6767920475946
50385,50391,2024,,2024/09/14,13:25:00,COLISIÓN POR INVASIÓN DE CARRIL,CONCRETO,Bueno,Bueno,2,CHEVROLET,BLANCO,2,,31,FEMENINO,SIN DATOS,0,0,Morelia,Irrigacion,septiembre,sábado,13,-101.222991496325,19.7051840717028
50386,50392,2024,,2024/09/14,13:30:00,COLISIÓN POR MANIOBRA DE REVERSA,CONCRETO,Bueno,Bueno,2,SUZUKI,BLANCO,2,,37,FEMENINO,SIN DATOS,0,0,Morelia,Hermanos Lopez Rayon,septiembre,sábado,14,-101.220244914293,19.6753101526811
50387,50393,2024,,2024/09/14,13:58:00,COLISIÓN POR CAMBIO DE CARRIL,ASFALTO,Bueno,Bueno,2,Ford,Blanco,2,,31,MASCULINO,SIN DATOS,0,0,Morelia,Enrique Ramirez,septiembre,sábado,14,-101.165977455676,19.7098441477816
50388,50394,2024,,2024/09/14,14:30:00,COLISIÓN CON PEATÓN,CONCRETO,Bueno,Bueno,2,NISSAN,GRIS,2,,76,MASCULINO,SIN DATOS,0,0,Morelia,Chapultepec Oriente,septiembre,sábado,15,-101.164013743401,19.695965786369
50389,50395,2024,LEG53865,2024/09/14,14:34:00,COLISIÓN POR CORTE DE CIRCULACIÓN,ASFALTO,Bueno,Bueno,2,HONDA,ROJO,2,,,MASCULINO,SIN DATOS,0,0,Morelia,Emiliano Zapata,septiembre,sábado,15,-101.230528503656,19.654221814909
50390,50396,2024,,2024/09/14,17:15:00,COLISIÓN POR CORTE DE CIRCULACIÓN,CONCRETO,Bueno,Bueno,2,CHEVROLET,ROJO,1,,49,MASCULINO,SIN DATOS,0,0,Morelia,Las Flores,septiembre,sábado,17,-101.207157410681,19.706548903491
50391,50397,2024,,2024/09/14,20:35:00,COLISIÓN POR CAMBIO DE CARRIL,ASFALTO,Bueno,Bueno,2,PONTIAC,PLATA,2,MINISTERIO PÚBLICO,70,MASCULINO,SIN DATOS,0,0,Morelia,Cumbres de Morelia,septiembre,sábado,21,-101.136906615417,19.6898799855315
50392,50398,2024,LEG53863,2024/09/14,22:10:00,COLISIÓN POR INVASIÓN DE CARRIL,CONCRETO,Bueno,Bueno,2,ITALIKA,NEGRO/ROJO,2,,24,MASCULINO,SIN DATOS,0,0,Morelia,Gertrudis Sanchez,septiembre,sábado,22,-101.199749484658,19.741474406052
50393,50399,2024,LEG53874,2024/09/14,22:48:00,COLISIÓN CONTRA OBJETO FIJO,ASFALTO,Bueno,Bueno,1,VOLKSWAGEN,AMARILLO,1,,50,FEMENINO,SIN DATOS,0,0,Morelia,Los Laureles,septiembre,sábado,23,-101.232140175998,19.7137153418169
50394,50400,2024,,2024/09/15,"00:00:00",COLISIÓN POR ALCANCE,ASFALTO,Lluvioso,Bueno,2,FORD,BLANCO,2,,33,MASCULINO,SIN DATOS,0,0,Morelia,Ventura Puente,septiembre,domingo,0,-101.180296763778,19.6883045213753
50395,50401,2024,,2024/09/15,"00:03:00",COLISIÓN POR CORTE DE CIRCULACIÓN,ASFALTO,Lluvioso,Bueno,2,CHEVROLET,BLANCO,2,,70,MASCULINO,SIN DATOS,0,0,Morelia,Loma Bonita,septiembre,domingo,0,-101.196888908744,19.7187397057517
50396,50402,2024,,2024/09/15,"00:15:00",COLISIÓN POR ALCANCE,CONCRETO,Bueno,Bueno,3,FORD,GRIS,3,,36,MASCULINO,SIN DATOS,0,0,Morelia,Centro,septiembre,domingo,0,-101.185522712767,19.7029196373106
50397,50403,2024,,2024/09/15,13:10:00,COLISIÓN POR MANIOBRA DE REVERSA,ASFALTO,Bueno,Bueno,2,NISSAN,GRIS,2,,41,FEMENINO,SIN DATOS,0,0,Morelia,Felix Ireta,septiembre,domingo,13,-101.192050874233,19.6823829678392
50398,50404,2024,,2024/09/15,14:50:00,SALIDA DE SUPERFICIE DE RODAMIENTO,ASFALTO,Bueno,Bueno,1,FORD,AZUL,2,MINISTERIO PÚBLICO,0,,SIN DATOS,1,0,Tarímbaro,Centro,septiembre,domingo,15,-101.176869,19.792979
50399,50405,2024,,2024/09/15,16:00:00,COLISIÓN POR CORTE DE CIRCULACIÓN,ASFALTO,Bueno,Bueno,2,FORD,AZUL  ACERO,2,,,MASCULINO,SIN DATOS,0,0,Cuitzeo,Sin datos,septiembre,domingo,16,-101.151479780674,19.9913969272931
50401,50407,2024,,2024/09/15,19:35:00,COLISIÓN CONTRA OBJETO FIJO,ASFALTO,Bueno,Bueno,1,NISSAN,CAFE,1,,77,MASCULINO,SIN DATOS,0,0,Morelia,Vasco de Quiroga,septiembre,domingo,20,-101.175939179957,19.698256834278
50402,50408,2024,,2024/09/15,22:20:00,COLISIÓN POR CORTE DE CIRCULACIÓN,ASFALTO,Nublado,Bueno,2,ITALIKA,BLANCO,2,,,FEMENINO,SIN DATOS,0,0,Morelia,Cuauhtemoc,septiembre,domingo,22,-101.181421279907,19.6995829639091
50403,50409,2024,LEG53879,2024/09/16,11:15:00,COLISIÓN POR ALCANCE,ASFALTO,Bueno,Bueno,2,MAZDA,GRIS,2,,,MASCULINO,SIN DATOS,0,0,Morelia,Centro,septiembre,lunes,11,-101.198341995478,19.7049126190338
50404,50410,2024,,2024/09/16,19:20:00,COLISIÓN POR CORTE DE CIRCULACIÓN,CONCRETO,Bueno,Bueno,2,VENTO,GRIS,2,,32,FEMENINO,SIN DATOS,0,0,Morelia,La Esperanza,septiembre,lunes,19,-101.251636234764,19.7001163663386
50405,50411,2024,LEG53878,2024/09/16,22:00:00,COLISIÓN CONTRA OBJETO FIJO,ASFALTO,Bueno,Regular,2,FORD,VERDE,2,,24,MASCULINO,SIN DATOS,0,0,Morelia,Tinijaro,septiembre,lunes,22,-101.261866763234,19.6965311334242
50406,50412,2024,,2024/09/17,11:05:00,COLISIÓN POR ALCANCE,ASFALTO,Bueno,Bueno,2,NISSAN,GRIS,2,,32,MASCULINO,SIN DATOS,0,0,Morelia,Las Americas,septiembre,martes,11,-101.156602799892,19.6876169783087
50407,50413,2024,,2024/09/17,11:30:00,COLISIÓN POR CAMBIO DE CARRIL,ASFALTO,Bueno,Bueno,2,Hero,Gris,2,MINISTERIO PÚBLICO,24,MASCULINO,SIN DATOS,0,0,Morelia,Poblado de Ocolusen,septiembre,martes,12,-101.150188297033,19.6916569618027
50408,50414,2024,,2024/09/17,11:40:00,COLISIÓN POR CORTE DE CIRCULACIÓN,ASFALTO,Bueno,Bueno,2,DODGE,GRIS,2,,49,MASCULINO,SIN DATOS,0,0,Morelia,Jardines de Guadalupe,septiembre,martes,12,-101.226612478495,19.7105839902323
50409,50415,2024,,2024/09/17,13:10:00,COLISIÓN POR ALCANCE,ASFALTO,Bueno,Bueno,2,INTERNATIONAL,AMARILLO Y GUINDA,2,,58,MASCULINO,SIN DATOS,0,0,Morelia,Mision del Valle,septiembre,martes,13,-101.116181910038,19.7670569346286
50410,50416,2024,,2024/09/17,14:30:00,COLISIÓN POR INVASIÓN DE CARRIL,ASFALTO,Bueno,Bueno,2,CHEVROLET,BLANCO,2,MINISTERIO PÚBLICO,,MASCULINO,SIN DATOS,0,0,Morelia,Granjas del Maestro,septiembre,martes,15,-101.188920736313,19.7132232808518
50411,50417,2024,,2024/09/17,16:04:00,COLISIÓN POR ALCANCE,ASFALTO,Bueno,Bueno,2,HONDA,PLATA,2,,18,MASCULINO,SIN DATOS,0,0,Morelia,La Quemada,septiembre,martes,16,-101.238354183733,19.6879320236615
50412,50418,2024,,2024/09/17,19:00:00,COLISIÓN POR CORTE DE CIRCULACIÓN,CONCRETO,Nublado,Regular,2,VOLKSWAGEN,PLATA,2,,58,FEMENINO,SIN DATOS,0,0,Morelia,Molino de Parras,septiembre,martes,19,-101.203508896233,19.6977341588019
50413,50419,2024,,2024/09/17,19:40:00,COLISIÓN POR CAMBIO DE CARRIL,CONCRETO,Lluvioso,Bueno,2,RENAULT,GRIS,2,MINISTERIO PÚBLICO,42,MASCULINO,SIN DATOS,0,0,Morelia,Felix Ireta,septiembre,martes,20,-101.19509802191,19.6821447479733
50415,50421,2024,,2024/09/18,"08:35:00",COLISIÓN POR CORTE DE CIRCULACIÓN,CONCRETO,Bueno,Bueno,2,ITALIKA,NEGRO,2,,16,MASCULINO,SIN DATOS,0,0,Morelia,Presa de Los Reyes,septiembre,miércoles,9,-101.21320953,19.7342015699991
50416,50422,2024,LEG53896,2024/09/18,"08:44:00",COLISIÓN POR CORTE DE CIRCULACIÓN,ASFALTO,Bueno,Bueno,2,NISSAN,GRIS,2,,,MASCULINO,SIN DATOS,0,0,Morelia,Ciudad Industrial,septiembre,miércoles,9,-101.14554366932,19.7284851395985
50417,50423,2024,LEG53899,2024/09/18,"08:49:00",COLISIÓN POR CORTE DE CIRCULACIÓN,ASFALTO,Bueno,Bueno,2,JEEP,GUINDA,2,,30,FEMENINO,SIN DATOS,0,0,Morelia,Chapultepec Sur,septiembre,miércoles,9,-101.176588945091,19.6918984484451
50418,50424,2024,,2024/09/18,"09:25:00",COLISIÓN POR CAMBIO DE CARRIL,ASFALTO,Bueno,Bueno,3,KENWORTH,BLANCO,3,,36,MASCULINO,SIN DATOS,0,0,Morelia,Martires de Uruapan,septiembre,miércoles,9,-101.197319408167,19.725017061641
50419,50425,2024,,2024/09/18,10:40:00,COLISIÓN CONTRA OBJETO FIJO,ASFALTO,Bueno,Bueno,2,JEEP,ROJO,2,,83,MASCULINO,SIN DATOS,0,0,Morelia,Centro,septiembre,miércoles,11,-101.189325749874,19.7097734459348
50420,50426,2024,PATZ/240004604,2024/09/18,11:12:00,SALIDA DE SUPERFICIE DE RODAMIENTO,ASFALTO,Bueno,Bueno,1,ITALIKA,BLANCO/NEGRO,2,MINISTERIO PÚBLICO,21,MASCULINO,SIN DATOS,1,0,Pátzcuaro,Centro,septiembre,miércoles,11,-101.61767989397,19.5162190168999
50421,50427,2024,,2024/09/18,11:30:00,COLISIÓN POR ALCANCE,ASFALTO,Bueno,Bueno,2,NISSAN,AMBAR,2,,20,MASCULINO,SIN DATOS,0,0,Morelia,San Jose del Cerrito,septiembre,miércoles,12,-101.222508805174,19.6597366652037
50422,50428,2024,6CC67B93,2024/09/18,13:35:00,SALIDA DE SUPERFICIE DE RODAMIENTO,ASFALTO,Bueno,Bueno,1,CHEVROLET,NEGRO,1,,0,,SIN DATOS,0,0,Cuitzeo,Los Granados,septiembre,miércoles,14,-101.140485070646,19.9750755783993
50423,50429,2024,,2024/09/18,13:55:00,COLISIÓN POR CORTE DE CIRCULACIÓN,CONCRETO,Bueno,Bueno,2,NISSAN,BLANCO,2,MINISTERIO PÚBLICO,,MASCULINO,SIN DATOS,0,0,Morelia,Isaac Arriaga,septiembre,miércoles,14,-101.172052323818,19.7108519613336
50424,50430,2024,,2024/09/18,18:10:00,COLISIÓN POR CAMBIO DE CARRIL,ASFALTO,Nublado,Regular,2,FORD/IKON,NEGRO,2,MINISTERIO PÚBLICO,36,MASCULINO,SIN DATOS,0,0,Morelia,El Lago 3,septiembre,miércoles,18,-101.21875628829,19.727186618877
50425,50431,2024,LEG53905,2024/09/18,20:26:00,COLISIÓN POR CAMBIO DE CARRIL,ASFALTO,Bueno,Bueno,2,SPARCK,BLANCO,2,,35,MASCULINO,SIN DATOS,0,0,Morelia,Camelinas,septiembre,miércoles,20,-101.17262119,19.6818144849991
50427,50433,2024,,2024/09/19,"08:25:00",COLISIÓN POR CORTE DE CIRCULACIÓN,ASFALTO,Bueno,Bueno,2,ZUZUKI,ROJO,2,,34,MASCULINO,SIN DATOS,0,0,Morelia,Tinijaro,septiembre,jueves,8,-101.26020245254,19.6968044942656
50428,50434,2024,,2024/09/19,10:52:00,SALIDA DE SUPERFICIE DE RODAMIENTO,ASFALTO,Bueno,Bueno,1,RENAULT,BLANCO,1,,51,MASCULINO,SIN DATOS,0,0,Charo,Sin datos,septiembre,jueves,11,-101.006634458899,19.6736129336603
50429,50435,2024,,2024/09/19,11:40:00,COLISIÓN POR CORTE DE CIRCULACIÓN,ASFALTO,Bueno,Bueno,1,KENWORTH,NARANJA,1,,55,MASCULINO,SIN DATOS,0,0,Morelia,Fovissste La Huerta,septiembre,jueves,12,-101.212135925889,19.6922977686952
50430,50436,2024,,2024/09/19,15:00:00,COLISIÓN POR INVASIÓN DE CARRIL,ASFALTO,Bueno,Bueno,2,NISSAN,BLANCO,2,,30,,SIN DATOS,0,0,Morelia,Francisco J Mujica,septiembre,jueves,15,-101.191165745258,19.7228508618902
50431,50437,2024,,2024/09/19,15:54:00,COLISIÓN POR INVASIÓN DE CARRIL,ASFALTO,Bueno,Bueno,2,TOYOTA,BLANCO,2,,28,MASCULINO,SIN DATOS,0,0,Morelia,Ocolusen Iii,septiembre,jueves,16,-101.152394078672,19.6846085480796
50432,50438,2024,,2024/09/19,16:03:00,COLISIÓN POR INVASIÓN DE CARRIL,ASFALTO,Bueno,Bueno,2,TOYOTA,BLANCO Y ROJO,2,,58,MASCULINO,SIN DATOS,0,0,Morelia,Los Manantiales de Morelia,septiembre,jueves,16,-101.237739622593,19.7005219659628
50433,50439,2024,,2024/09/19,21:04:00,COLISIÓN CONTRA OBJETO FIJO,ASFALTO,Bueno,Bueno,2,FORD,ROJO,2,,40,MASCULINO,SIN DATOS,0,0,Morelia,Villas del Pedregal,septiembre,jueves,21,-101.30743380636,19.6775645595978
50434,50440,2024,LEG53916,2024/09/19,22:30:00,COLISIÓN POR MANIOBRA DE REVERSA,ASFALTO,Bueno,Bueno,2,NISSAN,BLANCO,2,,19,MASCULINO,SIN DATOS,0,0,Morelia,Centro,septiembre,jueves,23,-101.196387000382,19.7072341557632
50435,50441,2024,LEG53917,2024/09/20,"02:10:00",COLISIÓN CONTRA OBJETO FIJO,ASFALTO,Lluvioso,Malo,1,GMC,BLANCO,1,,55,MASCULINO,SIN DATOS,0,0,Morelia,Alberto Oviedo Mota,septiembre,viernes,2,-101.202112175524,19.6776760005398
50436,50442,2024,LEG53918,2024/09/20,"08:00:00",COLISIÓN POR ALCANCE,ASFALTO,Bueno,Bueno,2,HONDA,GRIS,2,,30,MASCULINO,SIN DATOS,0,0,Morelia,Campestre Los Manantiales,septiembre,viernes,8,-101.239650025964,19.6909836382995
50437,50443,2024,,2024/09/20,"09:50:00",COLISIÓN CONTRA OBJETO FIJO,ASFALTO,Bueno,Bueno,1,NISSAN,GRIS,1,,,,SIN DATOS,0,0,Morelia,Lazaro Cardenas,septiembre,viernes,10,-101.164917983115,19.7093514436367
50438,50444,2024,,2024/09/20,14:35:00,COLISIÓN POR ALCANCE,ASFALTO,Bueno,Bueno,2,SUZUKI,AZUL,2,,21,MASCULINO,SIN DATOS,0,0,Morelia,Xangari,septiembre,viernes,15,-101.22069183737,19.6741199544694
50439,50445,2024,,2024/09/20,15:20:00,COLISIÓN POR CORTE DE CIRCULACIÓN,ASFALTO,Bueno,Bueno,2,ITALIKA,NEGRO,2,,17,MASCULINO,SIN DATOS,0,0,Morelia,Buenavista,septiembre,viernes,15,-101.157801905986,19.7060080221744
50440,50446,2024,,2024/09/20,17:35:00,COLISIÓN POR CAMBIO DE CARRIL,ASFALTO,Bueno,Bueno,2,HONDA,GRIS,2,,,,SIN DATOS,0,0,Morelia,Loma de Los Piñones,septiembre,viernes,18,-101.206295415759,19.6732909146298
50441,50447,2024,,2024/09/20,17:37:00,COLISIÓN POR CORTE DE CIRCULACIÓN,CONCRETO,Bueno,Bueno,2,NISSAN,BLANCO/ROJO,2,,68,MASCULINO,SIN DATOS,0,0,Morelia,La Colina,septiembre,viernes,18,-101.21810182929,19.7093883728277
50442,50448,2024,,2024/09/20,23:40:00,CAIDA ACUATICA DE VEHÍCULO,ASFALTO,Nublado,Malo,1,KIA,ROJO,1,,24,MASCULINO,SIN DATOS,0,0,Morelia,San Juanito Itzicuaro,septiembre,viernes,0,-101.250628642738,19.6806621469396
50443,50449,2024,,2024/09/21,"05:50:00",COLISIÓN CONTRA OBJETO FIJO,ASFALTO,Bueno,Bueno,1,CHEVROLET,BLANCO,1,MINISTERIO PÚBLICO,,,SIN DATOS,0,0,Morelia,Poblado de Ocolusen,septiembre,sábado,6,-101.149961985648,19.6927703226766
50444,50450,2024,,2024/09/21,"06:45:00",COLISIÓN POR ALCANCE,ASFALTO,Bueno,Bueno,2,NISSAN,BLANCO/ROJO,2,,35,MASCULINO,SIN DATOS,0,0,Morelia,Reforma,septiembre,sábado,7,-101.237718500197,19.7070463508493
50445,50451,2024,,2024/09/21,"08:27:00",COLISIÓN CONTRA OBJETO FIJO,ASFALTO,Bueno,Bueno,1,VOLKSWAGEN,GRIS,1,,,,SIN DATOS,0,0,Morelia,Jardines del Rincon,septiembre,sábado,8,-101.153376773,19.6872356400183
50446,50452,2024,,2024/09/21,10:27:00,COLISIÓN POR ALCANCE,ASFALTO,Bueno,Bueno,2,NISSAN,ROJO,2,,28,MASCULINO,SIN DATOS,0,0,Morelia,Nicolaitas Ilustres,septiembre,sábado,10,-101.226429417729,19.7224838099488