fid,id_accidente,anio_origen,folio_c5i,dia_incidente,hora_ocurrencia,tipo_incidente_vial,superficie_ocurrencia,condiciones_climaticas,condiciones_via,numero_vehiculos_involucrados,marca_vehiculo_ocasiona_siniestro,color_vehiculo_ocasiona_siniestro,numero_personas_involucradas,lugar_remite_presunto_responsable,edad_presunto_responsable,sexo_presunto_responsable,resultados_toxicologia,numero_personas_lesionadas,numero_personas_fallecidas,municipio,colonia,mes,dia_semana,hora_redondeada,lon,lat
50447,50453,2024,,2024/09/21,12:30:00,COLISIÓN POR MANIOBRA DE REVERSA,ASFALTO,Bueno,Bueno,2,NISSAN,BLANCOS,2,MINISTERIO PÚBLICO,0,MASCULINO,SIN DATOS,0,0,Morelia,Puerta Blanca,septiembre,sábado,13,-101.19445961016,19.6631606652137
50448,50454,2024,,2024/09/21,13:27:00,COLISIÓN POR NO RESPETAR SEMÁFORO,ASFALTO,Bueno,Bueno,2,CHRYSLER,BLANCO,3,,19,MASCULINO,SIN DATOS,1,0,Morelia,Bosques de Oriente,septiembre,sábado,13,-101.15545514971,19.7156002463976
50449,50455,2024,,2024/09/21,15:10:00,COLISIÓN POR CORTE DE CIRCULACIÓN,ASFALTO,Bueno,Bueno,2,KIA,BLANCO,2,,75,FEMENINO,SIN DATOS,0,0,Morelia,La Huerta,septiembre,sábado,15,-101.214801035821,19.673746792361
50450,50456,2024,,2024/09/21,18:35:00,COLISIÓN CONTRA OBJETO FIJO,ASFALTO,Bueno,Bueno,2,NISSAN,BLANCO Y AZUL,2,,50,MASCULINO,SIN DATOS,0,0,Morelia,Juarez,septiembre,sábado,19,-101.198387928307,19.6955102875402
50451,50457,2024,LEG53927,2024/09/21,18:55:00,COLISIÓN POR CAMBIO DE CARRIL,ASFALTO,Bueno,Bueno,3,FORD,ROJO,3,,21,MASCULINO,ALIENTO ETÍLICO,0,0,Morelia,Loma de Los Piñones,septiembre,sábado,19,-101.205068305135,19.674019876392
50452,50458,2024,,2024/09/21,19:39:00,COLISIÓN POR ALCANCE,ASFALTO,Bueno,Bueno,2,RENAULT,BLANCO,2,,49,MASCULINO,SIN DATOS,0,0,Morelia,Tlalpujahua,septiembre,sábado,20,-101.218078359962,19.6761903254073
50453,50459,2024,,2024/09/21,20:55:00,COLISIÓN CONTRA OBJETO FIJO,ASFALTO,Bueno,Bueno,2,NISSAN,NARANJA,2,MINISTERIO PÚBLICO,51,MASCULINO,SIN DATOS,0,0,Morelia,Santiaguito,septiembre,sábado,21,-101.192375421524,19.7163649962228
50454,50460,2024,,2024/09/21,21:00:00,COLISIÓN POR CAMBIO DE CARRIL,ASFALTO,Bueno,Bueno,2,CHEVROLET,BLANCO/AZUL,2,,29,MASCULINO,SIN DATOS,0,0,Morelia,Nicolaitas Ilustres,septiembre,sábado,21,-101.228349208832,19.719461832649
50455,50461,2024,,2024/09/21,21:20:00,COLISIÓN POR ALCANCE,ASFALTO,Bueno,Regular,2,ISUZU,BLANCO Y AZUL,2,,53,MASCULINO,SIN DATOS,0,0,Morelia,Villas de La Esperanza,septiembre,sábado,21,-101.270530968904,19.6943495961688
50456,50462,2024,,2024/09/21,22:40:00,COLISIÓN POR INVASIÓN DE CARRIL,ASFALTO,Bueno,Bueno,2,MERCEDES BENZ,BLANCO,2,,26,MASCULINO,SIN DATOS,0,0,Morelia,La Soledad,septiembre,sábado,23,-101.183321289718,19.7280229538652
50457,50463,2024,LEG53929,2024/09/21,23:19:00,VOLCADURA,ASFALTO,Bueno,Bueno,1,NISSAN,BLANCO/AZUL,1,,,MASCULINO,SIN DATOS,0,0,Morelia,Nueva Jacarndas,septiembre,sábado,23,-101.192030757666,19.6822630066074
50458,50464,2024,LEG53958,2024/09/22,"00:00:00",COLISIÓN POR CORTE DE CIRCULACIÓN,ASFALTO,Bueno,Bueno,2,NISSAN,Blanco rojo,2,,60,MASCULINO,SIN DATOS,0,0,Morelia,Los Angeles,septiembre,domingo,0,-101.172854071753,19.7484864519801
50459,50465,2024,LEG53942,2024/09/22,"01:30:00",COLISIÓN POR CORTE DE CIRCULACIÓN,ASFALTO,Bueno,Bueno,2,NISSAN,BLANCO,2,MINISTERIO PÚBLICO,32,MASCULINO,SIN DATOS,0,0,Morelia,Guadalupe,septiembre,domingo,2,-101.221579648554,19.7098331006201
50460,50466,2024,LEG53943,2024/09/22,"04:30:00",CAIDA DE MOTOCICLETA,ASFALTO,Bueno,Bueno,1,ITALIKA,NEGRO Y NARANJA,1,MINISTERIO PÚBLICO,,,,0,1,Morelia,El Lago 1,septiembre,domingo,5,-101.219318881631,19.7275991061523
50461,50467,2024,,2024/09/22,"08:20:00",COLISIÓN POR ALCANCE,ASFALTO,Bueno,Bueno,3,MG,BLANCO,3,,36,MASCULINO,SIN DATOS,0,0,Morelia,Los Manantiales de Morelia,septiembre,domingo,8,-101.24027363956,19.692738124654
50462,50468,2024,,2024/09/22,12:30:00,COLISIÓN POR ALCANCE,ASFALTO,Bueno,Bueno,2,CHEVROLET,PLATA,2,,32,MASCULINO,SIN DATOS,0,0,Morelia,Jardines de Torremolinos,septiembre,domingo,13,-101.225648894906,19.6768425593229
50463,50469,2024,,2024/09/22,13:15:00,COLISIÓN POR CAMBIO DE CARRIL,ASFALTO,Bueno,Bueno,2,VOLKSWAGEN /JETTA,GRIS,2,,19,MASCULINO,SIN DATOS,0,0,Morelia,Gertrudis Bocanegra,septiembre,domingo,13,-101.212515123189,19.7020089935908
50464,50470,2024,,2024/09/22,14:37:00,COLISIÓN POR INVASIÓN DE CARRIL,ASFALTO,Lluvioso,Bueno,2,CHEVROLET,BLANCO,2,,40,MASCULINO,SIN DATOS,0,0,Charo,Sin datos,septiembre,domingo,15,-101.007129326463,19.672591941684
50465,50471,2024,,2024/09/22,19:40:00,COLISIÓN POR ALCANCE,ASFALTO,Bueno,Bueno,2,VOLKSWAGEN,GRIS,2,,,MASCULINO,SIN DATOS,0,0,Morelia,Insurgentes,septiembre,domingo,20,-101.155416805,19.6953315299991
50467,50473,2024,,2024/09/23,"00:00:00",COLISIÓN POR CORTE DE CIRCULACIÓN,ASFALTO,Bueno,Bueno,2,S/D,NEGRO,3,MINISTERIO PÚBLICO,,MASCULINO,SIN DATOS,1,0,Morelia,Felicitas del Rio,septiembre,lunes,0,-101.199145652354,19.6886858571201
50468,50474,2024,,2024/09/23,"01:00:00",COLISIÓN CONTRA OBJETO FIJO,ASFALTO,Bueno,Bueno,1,SEAT,GRIS,1,MINISTERIO PÚBLICO,26,MASCULINO,SIN DATOS,0,0,Morelia,Camelinas,septiembre,lunes,1,-101.17262119,19.6818144849991
50469,50475,2024,,2024/09/23,"07:00:00",COLISIÓN POR CORTE DE CIRCULACIÓN,ASFALTO,Bueno,Bueno,2,HYUNDAI,AZUL,2,,,MASCULINO,SIN DATOS,0,0,Morelia,Adolfo Lopez Mateos,septiembre,lunes,7,-101.225583516061,19.6945531991529
50470,50476,2024,,2024/09/23,"08:03:00",COLISIÓN CONTRA OBJETO FIJO,ASFALTO,Bueno,Bueno,2,TOYOTA,PLATA,3,,40,FEMENINO,SIN DATOS,1,0,Morelia,El Durazno,septiembre,lunes,8,-101.181018613279,19.656561451979
50471,50477,2024,,2024/09/23,"08:17:00",COLISIÓN POR CORTE DE CIRCULACIÓN,ASFALTO,Bueno,Bueno,2,INTERNACIONAL,BLANCO Y NARANJA,2,,34,MASCULINO,SIN DATOS,0,0,Morelia,Gertrudis Bocanegra,septiembre,lunes,8,-101.213355325162,19.7024546888423
50472,50478,2024,,2024/09/23,11:30:00,COLISIÓN POR CAMBIO DE CARRIL,ASFALTO,Bueno,Bueno,2,VOLKSWAGEN,BLANCO,2,,,MASCULINO,SIN DATOS,0,0,Morelia,Lomas de Guayangareo,septiembre,lunes,12,-101.15606803447,19.7010339519873
50473,50479,2024,,2024/09/23,12:11:00,COLISIÓN POR CORTE DE CIRCULACIÓN,ASFALTO,Bueno,Bueno,2,CHEVROLET,NEGRO,2,,77,MASCULINO,SIN DATOS,0,0,Morelia,El Porvenir,septiembre,lunes,12,-101.203906238079,19.7103747262685
50474,50480,2024,,2024/09/23,15:45:00,COLISIÓN POR ALCANCE,ASFALTO,Bueno,Bueno,4,MARCH,BLANCO,4,MINISTERIO PÚBLICO,0,MASCULINO,SIN DATOS,0,0,Morelia,Isaac Arriaga,septiembre,lunes,16,-101.166315749288,19.7101395801604
50475,50481,2024,,2024/09/23,16:00:00,COLISIÓN POR CAMBIO DE CARRIL,ASFALTO,Bueno,Bueno,2,KIA,PLATA,2,,29,FEMENINO,SIN DATOS,0,0,Morelia,Villas del Real,septiembre,lunes,16,-101.198711469769,19.7347721747849
50477,50483,2024,,2024/09/24,"08:10:00",COLISIÓN CON PEATÓN,ASFALTO,Bueno,Bueno,1,ITALIKA,NEGRO Y ROJO,2,MINISTERIO PÚBLICO,15,MASCULINO,SIN DATOS,1,0,Morelia,San Jose del Cerrito,septiembre,martes,8,-101.222373722911,19.6615895379848
50478,50484,2024,,2024/09/24,"08:30:00",COLISIÓN CONTRA OBJETO FIJO,ASFALTO,Bueno,Bueno,1,VOLKSWAGEN,BLANCO,1,,57,FEMENINO,SIN DATOS,0,0,Morelia,Ario 1815,septiembre,martes,9,-101.278644651175,19.698911503558
50479,50485,2024,,2024/09/24,"08:40:00",COLISIÓN POR CAMBIO DE CARRIL,CONCRETO,Bueno,Bueno,2,VOLKSWAGEN,NEGRO,2,,,,SIN DATOS,0,0,Morelia,Insurgentes,septiembre,martes,9,-101.155416805,19.6953315299991
50480,50486,2024,,2024/09/24,12:55:00,COLISIÓN POR CAMBIO DE CARRIL,ASFALTO,Bueno,Bueno,2,NISSAN,BLANCO,2,,,MASCULINO,SIN DATOS,0,0,Morelia,Tzindurio Norte,septiembre,martes,13,-101.244804896414,19.7038536335787
50481,50487,2024,,2024/09/24,13:50:00,COLISIÓN CONTRA OBJETO FIJO,ASFALTO,Bueno,Bueno,1,CHEVROLET,AZUL,1,,0,MASCULINO,SIN DATOS,0,0,Morelia,El Lago 1,septiembre,martes,14,-101.221340596676,19.7277319729056
50482,50488,2024,,2024/09/24,14:34:00,COLISIÓN POR CORTE DE CIRCULACIÓN,SIN_DATOS,Bueno,Bueno,2,ITALIKA,NEGRO Y NARANJA,2,,25,MASCULINO,SIN DATOS,0,0,Morelia,Centro,septiembre,martes,15,-101.194370314479,19.6966955919078
50483,50489,2024,LEG53976,2024/09/24,18:14:00,COLISIÓN POR ALCANCE,ASFALTO,Bueno,Bueno,2,NISSAN,BLANCO,2,MINISTERIO PÚBLICO,24,MASCULINO,SIN DATOS,0,0,Morelia,Villa Universidad,septiembre,martes,18,-101.20959864,19.6918456199992
50484,50490,2024,,2024/09/24,20:10:00,COLISIÓN POR CORTE DE CIRCULACIÓN,CONCRETO,Bueno,Bueno,2,NISSAN,BLANCO Y MORADO,2,,,MASCULINO,SIN DATOS,0,0,Morelia,Centro,septiembre,martes,20,-101.18875609,19.7086253949991
50485,50491,2024,,2024/09/24,20:30:00,COLISIÓN POR CORTE DE CIRCULACIÓN,ASFALTO,Nublado,Bueno,2,MG,ROJO,2,MINISTERIO PÚBLICO,25,FEMENINO,SIN DATOS,0,0,Morelia,San Rafael,septiembre,martes,21,-101.152968146101,19.7007687948401
50486,50492,2024,,2024/09/24,22:20:00,COLISIÓN POR CORTE DE CIRCULACIÓN,ASFALTO,Lluvioso,Bueno,2,TOYOTA,BLANCO,2,,,,SIN DATOS,0,0,Morelia,Del Empleado,septiembre,martes,22,-101.18002517,19.6886070099991
50487,50493,2024,,2024/09/25,"08:32:00",COLISIÓN POR CAMBIO DE CARRIL,ASFALTO,Bueno,Bueno,2,CHEVROLET,ROJO,2,,23,MASCULINO,SIN DATOS,0,0,Morelia,Camelinas,septiembre,miércoles,9,-101.17262119,19.6818144849991
50488,50494,2024,,2024/09/25,12:55:00,COLISIÓN POR CORTE DE CIRCULACIÓN,ASFALTO,Bueno,Bueno,2,FORD,BLANCO,2,,30,MASCULINO,SIN DATOS,0,0,Morelia,Ventura Puente,septiembre,miércoles,13,-101.182010360062,19.694032669458
50489,50495,2024,,2024/09/25,15:00:00,COLISIÓN POR ALCANCE,ASFALTO,Bueno,Bueno,2,PULSAR,NEGRO/ROJO,3,,19,MASCULINO,SIN DATOS,1,0,Morelia,Barrio Alto,septiembre,miércoles,15,-101.196237131953,19.7247394459978
50490,50496,2024,MOR240041617,2024/09/25,18:10:00,COLISIÓN CONTRA OBJETO FIJO,ASFALTO,Bueno,Bueno,2,MAZDA,PLATA,2,MINISTERIO PÚBLICO,,,SIN DATOS,0,0,Morelia,Los Pinos de Michoacan,septiembre,miércoles,18,-101.213634945452,19.6860029135872
50491,50497,2024,LEG53986,2024/09/25,19:50:00,COLISIÓN POR CAMBIO DE CARRIL,ASFALTO,Lluvioso,Malo,2,CHEVROLET,ROJO,2,,63,MASCULINO,SIN DATOS,0,0,Morelia,Alberto Oviedo Mota,septiembre,miércoles,20,-101.202111504972,19.6776775790228
50492,50498,2024,LEG53987,2024/09/25,20:40:00,SALIDA DE SUPERFICIE DE RODAMIENTO,ASFALTO,Lluvioso,Malo,1,CHEVROLET,BLANCO,1,,,,SIN DATOS,0,0,Morelia,Indeco Santiaguito,septiembre,miércoles,21,-101.178539916873,19.7201151526867
50493,50499,2024,,2024/09/25,21:20:00,SALIDA DE SUPERFICIE DE RODAMIENTO,ASFALTO,Lluvioso,Malo,1,CHEVROLET,PLATA,1,,17,,SIN DATOS,0,0,Morelia,Leandro Valle,septiembre,miércoles,21,-101.230757161975,19.7158284408059
50495,50501,2024,,2024/09/26,"00:00:00",COLISIÓN CONTRA OBJETO FIJO,ASFALTO,Lluvioso,Bueno,1,NISSAN,ROJO,1,,46,FEMENINO,SIN DATOS,0,0,Morelia,Bosques de Oriente,septiembre,jueves,0,-101.155453808606,19.7156008776412
50496,50502,2024,LEG53988,2024/09/26,"00:10:00",COLISIÓN POR CORTE DE CIRCULACIÓN,ASFALTO,Lluvioso,Regular,2,CHRYSLER,ROJO,2,MINISTERIO PÚBLICO,36,MASCULINO,SIN DATOS,0,0,Morelia,La Huerta,septiembre,jueves,0,-101.217081584036,19.6755144112733
50497,50503,2024,,2024/09/26,"07:30:00",COLISIÓN POR CORTE DE CIRCULACIÓN,SIN_DATOS,Bueno,Bueno,2,CHEVROLET,GUINDA,2,,25,MASCULINO,SIN DATOS,0,0,Morelia,Industrial,septiembre,jueves,8,-101.197508499026,19.7122770297884
50498,50504,2024,,2024/09/26,10:50:00,COLISIÓN POR CORTE DE CIRCULACIÓN,ASFALTO,Bueno,Bueno,2,ITALIKA,NEGRO,2,,28,MASCULINO,SIN DATOS,0,0,Morelia,La Colina,septiembre,jueves,11,-101.215931251645,19.7046417971911
50499,50505,2024,,2024/09/26,13:35:00,COLISIÓN POR CORTE DE CIRCULACIÓN,ASFALTO,Bueno,Regular,3,VOLKSWAGEN,BLANCO,3,,63,MASCULINO,SIN DATOS,0,0,Morelia,Jardines de Guadalupe,septiembre,jueves,14,-101.221732199192,19.710387035921
50500,50506,2024,,2024/09/26,19:30:00,COLISIÓN POR CORTE DE CIRCULACIÓN,ASFALTO,Lluvioso,Bueno,2,ITALIKA,GRIS,2,,,MASCULINO,SIN DATOS,0,0,Morelia,Juarez,septiembre,jueves,20,-101.200195737183,19.6954780900688
50501,50507,2024,,2024/09/26,19:30:00,COLISIÓN CON PEATÓN,ASFALTO,Lluvioso,Bueno,1,VOLKSWAGEN,VERDE,2,,50,FEMENINO,SIN DATOS,1,0,Morelia,Vasco de Quiroga,septiembre,jueves,20,-101.173694841564,19.702714151087
50502,50508,2024,,2024/09/27,"08:20:00",COLISIÓN POR CAMBIO DE CARRIL,ASFALTO,Lluvioso,Regular,2,NISSAN,BLANCO,2,,58,MASCULINO,SIN DATOS,0,0,Morelia,Isaac Arriaga,septiembre,viernes,8,-101.167561635375,19.7114431374521
50503,50509,2024,,2024/09/27,"08:40:00",COLISIÓN POR CORTE DE CIRCULACIÓN,ASFALTO,Bueno,Bueno,2,TOYOTA,BLANCO/VERDE,2,,53,MASCULINO,SIN DATOS,0,0,Morelia,Jardines de Torremolinos,septiembre,viernes,9,-101.225652247667,19.6768425593229
50504,50510,2024,,2024/09/27,"08:50:00",COLISIÓN CONTRA OBJETO FIJO,ASFALTO,Lluvioso,Regular,1,SUZUKI,GRIS,0,,,,,0,0,Morelia,Avicola Benito Juarez,septiembre,viernes,9,-101.279538497329,19.6913488685118
50505,50511,2024,,2024/09/27,10:42:00,COLISIÓN CONTRA OBJETO FIJO,ASFALTO,Lluvioso,Bueno,1,VOLKSWAGEN,BLANCO,1,,38,MASCULINO,SIN DATOS,0,0,Morelia,Montaña Monarca,septiembre,viernes,11,-101.16178650409,19.6724331411724
50506,50512,2024,MOR2400472185,2024/09/27,13:50:00,COLISIÓN POR CORTE DE CIRCULACIÓN,ASFALTO,Bueno,Bueno,2,PONTIAC,PLATA,2,MINISTERIO PÚBLICO,55,MASCULINO,SIN DATOS,0,0,Morelia,Obrera,septiembre,viernes,14,-101.187265813351,19.7110697467036
50507,50513,2024,,2024/09/27,14:22:00,COLISIÓN POR CORTE DE CIRCULACIÓN,ASFALTO,Lluvioso,Bueno,2,CHEVROLET,BLANCO,2,,33,MASCULINO,SIN DATOS,0,0,Morelia,Ilustres Novohispanos,septiembre,viernes,14,-101.152326017618,19.7107512749536
50508,50514,2024,,2024/09/27,16:20:00,COLISIÓN POR CORTE DE CIRCULACIÓN,CONCRETO,Bueno,Bueno,2,ITALIKA,VERDE,2,MINISTERIO PÚBLICO,,MASCULINO,SIN DATOS,0,0,Morelia,Valle Quieto,septiembre,viernes,16,-101.201577074826,19.684046947132
50509,50515,2024,LEG54005,2024/09/27,18:30:00,COLISIÓN CONTRA OBJETO FIJO,ASFALTO,Bueno,Bueno,1,MAZDA,PLATA,1,,54,MASCULINO,SIN DATOS,0,0,Morelia,Bosques Tres Marias,septiembre,viernes,19,-101.103852801025,19.724370504767
50510,50516,2024,,2024/09/27,20:04:00,COLISIÓN POR ALCANCE,ASFALTO,Lluvioso,Bueno,2,VOLKSWAGEN,BLANCO,2,,36,FEMENINO,SIN DATOS,0,0,Morelia,Ocolusen Iii,septiembre,viernes,20,-101.152717620134,19.6857102777757
50511,50517,2024,,2024/09/27,20:15:00,COLISIÓN POR ALCANCE,CONCRETO,Lluvioso,Bueno,2,CHRYSLER,BLANCO/VERDE,2,,,MASCULINO,SIN DATOS,0,0,Morelia,Centro,septiembre,viernes,20,-101.189831346273,19.702910483552
50512,50518,2024,LEG54006,2024/09/27,20:50:00,COLISIÓN POR CAMBIO DE CARRIL,ASFALTO,Nublado,Bueno,2,CHEVROLET,BLANCO,2,,39,MASCULINO,SIN DATOS,0,0,Morelia,Ejidal Ocolusen,septiembre,viernes,21,-101.158166863024,19.6876895840061
50513,50519,2024,LEG54007,2024/09/27,21:38:00,COLISIÓN POR INVASIÓN DE CARRIL,CONCRETO,Lluvioso,Malo,3,ITALIKA,NEGRO/AZUL,3,,,MASCULINO,SIN DATOS,0,0,Morelia,Industrial,septiembre,viernes,22,-101.201695427299,19.713984885796
50514,50520,2024,LEG54008,2024/09/28,"06:00:00",COLISIÓN CONTRA OBJETO FIJO,ASFALTO,Lluvioso,Malo,1,HYUNDAI,BLANCO,1,,,MASCULINO,SIN DATOS,0,0,Morelia,Morelos,septiembre,sábado,6,-101.205933317542,19.6985443966686
50515,50521,2024,LEG54009,2024/09/28,"06:00:00",COLISIÓN CONTRA OBJETO FIJO,ASFALTO,Lluvioso,Regular,1,NISSAN,NARANJA,1,,68,FEMENINO,SIN DATOS,0,0,Morelia,Paraiso del Sur,septiembre,sábado,6,-101.195453256369,19.6576033846309
50516,50522,2024,,2024/09/28,"08:04:00",SALIDA DE SUPERFICIE DE RODAMIENTO,ASFALTO,Bueno,Bueno,1,CHEVROLET,BLANCO,1,,26,MASCULINO,SIN DATOS,0,0,Morelia,Sin datos,septiembre,sábado,8,-101.125977672637,19.7058257713552
50517,50523,2024,,2024/09/28,13:50:00,COLISIÓN POR INVASIÓN DE CARRIL,ASFALTO,Bueno,Bueno,4,FORD,NEGRO,5,MINISTERIO PÚBLICO,73,MASCULINO,CON CERTIFICADO,0,1,Pátzcuaro,2A de San Lazaro,septiembre,sábado,14,-101.609028428793,19.5068786522655
50518,50524,2024,,2024/09/28,14:09:00,COLISIÓN CON PEATÓN,SIN_DATOS,Bueno,Bueno,2,ISUZU,BLANCO,2,,,MASCULINO,SIN DATOS,0,0,Morelia,Sentimientos de La Nacion,septiembre,sábado,14,-101.232440583408,19.6778098558463
50519,50525,2024,,2024/09/28,14:40:00,COLISIÓN POR ALCANCE,ASFALTO,Bueno,Bueno,3,VOLKSWAGEN,NEGRO,3,,21,MASCULINO,SIN DATOS,0,0,Morelia,Alberto Oviedo Mota,septiembre,sábado,15,-101.201991476119,19.6776217007137
50520,50526,2024,,2024/09/28,14:50:00,SUBIDA AL CAMELLÓN,ASFALTO,Bueno,Bueno,1,NISSAN,BLANCO,1,,53,MASCULINO,SIN DATOS,0,0,Morelia,Alberto Oviedo Mota,septiembre,sábado,15,-101.202133633196,19.6772075060862
50521,50527,2024,,2024/09/28,16:20:00,COLISIÓN CONTRA OBJETO FIJO,SIN_DATOS,Bueno,Bueno,2,NISSAN,PLATA,2,,64,MASCULINO,SIN DATOS,0,0,Morelia,Canteras de Morelia,septiembre,sábado,16,-101.174134723842,19.7184354520088
50522,50528,2024,LEG54015,2024/09/28,16:34:00,COLISIÓN CON PEATÓN,ASFALTO,Bueno,Bueno,1,KIA,GRIS,2,,55,FEMENINO,SIN DATOS,1,0,Morelia,Rinconada del Valle,septiembre,sábado,17,-101.219028532505,19.6789242600711
50523,50529,2024,,2024/09/28,19:30:00,COLISIÓN POR INVASIÓN DE CARRIL,CONCRETO,Bueno,Bueno,2,CHEVROLET,NEGRO,2,,37,MASCULINO,SIN DATOS,0,0,Morelia,Felix Ireta,septiembre,sábado,20,-101.188174746931,19.6878272190638
50524,50530,2024,,2024/09/28,22:00:00,COLISIÓN POR ALCANCE,ASFALTO,Bueno,Bueno,2,BAJAJ,AZUL,2,,29,MASCULINO,SIN DATOS,0,0,Morelia,Villa Universidad,septiembre,sábado,22,-101.212093345821,19.6921576121359
50525,50531,2024,,2024/09/28,22:50:00,COLISIÓN CONTRA OBJETO FIJO,ASFALTO,Bueno,Bueno,1,NISSAN,NEGRO,1,,48,MASCULINO,SIN DATOS,0,0,Morelia,Puerto de Buenavista,septiembre,sábado,23,-101.132444143295,19.6860007038258
50526,50532,2024,,2024/09/29,"00:00:00",COLISIÓN POR CORTE DE CIRCULACIÓN,ASFALTO,Bueno,Bueno,2,CHEVROLET,BLANCO,2,,48,MASCULINO,SIN DATOS,0,0,Morelia,Centro,septiembre,domingo,0,-101.200165897608,19.7030477898756
50527,50533,2024,,2024/09/29,"01:37:00",COLISIÓN POR CAMBIO DE CARRIL,SIN_DATOS,Bueno,Bueno,2,TOYOTA,BLANCO/ROJO,2,,,MASCULINO,SIN DATOS,0,0,Morelia,Arcos del Valle,septiembre,domingo,2,-101.236179918051,19.7075804106314
50528,50534,2024,LEG54020,2024/09/29,"04:49:00",COLISIÓN CONTRA OBJETO FIJO,CONCRETO,Bueno,Bueno,1,FORD,BLANCO,1,MINISTERIO PÚBLICO,,,SIN DATOS,0,0,Morelia,Centro,septiembre,domingo,5,-101.178183853626,19.6990450254594
50529,50535,2024,,2024/09/29,"07:10:00",COLISIÓN CONTRA OBJETO FIJO,CONCRETO,Bueno,Bueno,2,CHEVROLET,AZUL,2,,22,MASCULINO,SIN DATOS,0,0,Morelia,Medallistas Olimpicos,septiembre,domingo,7,-101.208830103278,19.7364302442467
50530,50536,2024,,2024/09/29,"08:00:00",SUBIDA AL CAMELLÓN,ASFALTO,Nublado,Bueno,1,VOLKSWAGEN,BLANCO,1,,,MASCULINO,SIN DATOS,0,0,Morelia,Las Americas,septiembre,domingo,8,-101.158951409161,19.6879563307422
50531,50537,2024,,2024/09/29,"09:30:00",COLISIÓN POR ALCANCE,ASFALTO,Bueno,Bueno,2,VOLKSWAGEN,GRIS,3,,,MASCULINO,SIN DATOS,1,0,Morelia,La Colina,septiembre,domingo,10,-101.213894113898,19.7068143562396
50532,50538,2024,,2024/09/29,11:30:00,COLISIÓN POR ALCANCE,ASFALTO,Bueno,Bueno,2,CHRYSLER,CAFE,2,,62,MASCULINO,SIN DATOS,0,0,Lagunillas,Francisco Villa (Ferrocarriles),septiembre,domingo,12,-101.420104019344,19.5655257114371
50533,50539,2024,,2024/09/29,12:40:00,COLISIÓN CONTRA OBJETO FIJO,ASFALTO,Bueno,Bueno,1,MITSUBISHI,GRIS,2,MINISTERIO PÚBLICO,27,FEMENINO,SIN DATOS,1,0,Morelia,Ampliacion La Soledad,septiembre,domingo,13,-101.189926564693,19.7322989242271
50534,50540,2024,LEG54030,2024/09/29,18:20:00,COLISIÓN POR ALCANCE,ASFALTO,Bueno,Bueno,2,CHEVROLET,BLANCO,2,,33,,SIN DATOS,0,0,Morelia,Ana Maria Gallaga (Riviera Norte),septiembre,domingo,18,-101.223130971193,19.676774368486
50535,50541,2024,,2024/09/29,19:39:00,COLISIÓN POR NO RESPETAR SEMÁFORO,ASFALTO,Bueno,Bueno,2,RENAULT,ROJO,2,MINISTERIO PÚBLICO,23,FEMENINO,SIN DATOS,0,0,Morelia,Felix Ireta,septiembre,domingo,20,-101.191781312227,19.6824173777548
50536,50542,2024,,2024/09/29,21:00:00,COLISIÓN CONTRA OBJETO FIJO,CONCRETO,Bueno,Bueno,1,NISSAN,BLANCO,1,,32,MASCULINO,SIN DATOS,0,0,Morelia,Niño Artillero,septiembre,domingo,21,-101.250200495124,19.698609421682
50537,50543,2024,,2024/09/30,"00:00:00",SALIDA DE SUPERFICIE DE RODAMIENTO,ASFALTO,Bueno,Bueno,1,CHEVROLET,BLANCO,1,,58,MASCULINO,SIN DATOS,0,0,Morelia,Campestre del Vergel,septiembre,lunes,0,-101.242028139532,19.677016824663
50538,50544,2024,,2024/09/30,"01:00:00",COLISIÓN POR CORTE DE CIRCULACIÓN,ASFALTO,Bueno,Bueno,1,VENTO,AZUL,2,MINISTERIO PÚBLICO,26,MASCULINO,SIN DATOS,1,0,Morelia,Prados Verdes,septiembre,lunes,1,-101.197372041643,19.7135256507582
50539,50545,2024,,2024/09/30,"02:05:00",SALIDA DE SUPERFICIE DE RODAMIENTO,CONCRETO,Bueno,Bueno,1,NISSAN,BLANCO,1,,18,MASCULINO,SIN DATOS,0,0,Morelia,Los Manantiales de Morelia,septiembre,lunes,2,-101.240272298455,19.6927374933202
50540,50546,2024,MOR2400472177,2024/09/30,"06:30:00",COLISIÓN CONTRA OBJETO FIJO,ASFALTO,Bueno,Bueno,1,VOLKSWAGEN,AZUL,1,,45,MASCULINO,SIN DATOS,0,0,Morelia,Independencia,septiembre,lunes,7,-101.177401319146,19.7050183593724
50541,50547,2024,,2024/09/30,13:25:00,COLISIÓN POR CAMBIO DE CARRIL,ASFALTO,Bueno,Bueno,2,JEEP/PATRIOT,BLANCO,2,,32,MASCULINO,SIN DATOS,0,0,Morelia,Granjas del Maestro,septiembre,lunes,13,-101.193819791079,19.7126734585339
50542,50548,2024,,2024/09/30,16:20:00,COLISIÓN POR CAMBIO DE CARRIL,ASFALTO,Bueno,Bueno,2,VOLKSWAGEN,ARENA,2,,44,FEMENINO,SIN DATOS,0,0,Morelia,Lomas del Tecnologico,septiembre,lunes,16,-101.188508011401,19.7199633428098
50543,50549,2024,,2024/09/30,16:25:00,COLISIÓN POR CORTE DE CIRCULACIÓN,ASFALTO,Bueno,Regular,2,FORD/ESCORT,ROJO,2,MINISTERIO PÚBLICO,61,MASCULINO,SIN DATOS,0,0,Morelia,Jardines de Guadalupe,septiembre,lunes,16,-101.223938651383,19.713894932645