fid,id_accidente,anio_origen,folio_c5i,dia_incidente,hora_ocurrencia,tipo_incidente_vial,superficie_ocurrencia,condiciones_climaticas,condiciones_via,numero_vehiculos_involucrados,marca_vehiculo_ocasiona_siniestro,color_vehiculo_ocasiona_siniestro,numero_personas_involucradas,lugar_remite_presunto_responsable,edad_presunto_responsable,sexo_presunto_responsable,resultados_toxicologia,numero_personas_lesionadas,numero_personas_fallecidas,municipio,colonia,mes,dia_semana,hora_redondeada,lon,lat
50544,50550,2024,LEG54394,2024/10/01,"00:10:00",COLISIÓN POR CORTE DE CIRCULACIÓN,ASFALTO,Bueno,Bueno,2,VENTO,NEGRO/ROJO,2,MINISTERIO PÚBLICO,31,MASCULINO,SIN DATOS,0,0,Morelia,Villas del Pedregal,octubre,martes,0,-101.304655373096,19.6875945652389
50545,50551,2024,,2024/10/01,"05:50:00",COLISIÓN CONTRA OBJETO FIJO,ASFALTO,Bueno,Bueno,1,CHEVROLET,AZUL,1,,32,MASCULINO,SIN DATOS,0,0,Morelia,Sentimientos de La Nacion,octubre,martes,6,-101.236869245768,19.6848045870698
50546,50552,2024,,2024/10/01,"07:30:00",COLISIÓN POR ALCANCE,ASFALTO,Bueno,Bueno,2,NISSAN,BLANCO,2,,53,MASCULINO,SIN DATOS,0,0,Morelia,Sentimientos de La Nacion,octubre,martes,8,-101.236869581044,19.6848033243396
50547,50553,2024,,2024/10/01,"08:20:00",COLISIÓN CONTRA OBJETO FIJO,ASFALTO,Bueno,Bueno,1,VOLKSWAGEN,ROJO,1,,50,MASCULINO,SIN DATOS,0,0,Morelia,El Durazno,octubre,martes,8,-101.18102632463,19.6565586103352
50548,50554,2024,,2024/10/01,18:35:00,COLISIÓN POR INVASIÓN DE CARRIL,ASFALTO,Bueno,Regular,2,"VENTO, LINEA 300",GRIS/NEGRO,2,MINISTERIO PÚBLICO,,,,2,0,Copándaro,Sin datos,octubre,martes,19,-101.200897805393,19.8839845158726
50549,50555,2024,,2024/10/01,21:10:00,COLISIÓN POR CORTE DE CIRCULACIÓN,ASFALTO,Bueno,Bueno,2,HYUNDAI,NARANJA,2,,27,MASCULINO,SIN DATOS,0,0,Morelia,Primo Tapia,octubre,martes,21,-101.211788435,19.7093359899992
50550,50556,2024,,2024/10/01,23:00:00,COLISIÓN POR CORTE DE CIRCULACIÓN,ASFALTO,Bueno,Bueno,3,TOYOTA,BLANCO,5,,36,MASCULINO,SIN DATOS,2,0,Morelia,Sin datos,octubre,martes,23,-101.271984916253,19.6449319515432
50551,50557,2024,,2024/10/01,23:30:00,COLISIÓN POR CORTE DE CIRCULACIÓN,ASFALTO,Bueno,Bueno,2,VOLKSWAGEN,BLANCO,0,MINISTERIO PÚBLICO,,,,0,0,Lázaro Cárdenas,Centro,octubre,martes,0,-102.191852,17.955388
50553,50559,2024,,2024/10/02,"07:00:00",COLISIÓN POR ALCANCE,ASFALTO,Bueno,Bueno,2,CHEVROLET/CHEVY,BLANCO,2,,42,MASCULINO,SIN DATOS,0,0,Morelia,Arboledas(5 de Mayo),octubre,miércoles,7,-101.2454065,19.679451
50554,50560,2024,,2024/10/02,"08:50:00",COLISIÓN CON PEATÓN,SIN_DATOS,Bueno,Bueno,2,SUZUKI/GNIS,BLANCO,2,,27,MASCULINO,SIN DATOS,0,0,Morelia,Sentimientos de La Nacion,octubre,miércoles,9,-101.23699631542,19.6847502896601
50555,50561,2024,,2024/10/02,"09:00:00",COLISIÓN POR CORTE DE CIRCULACIÓN,CONCRETO,Bueno,Bueno,2,TOYOTA,BLANCO Y ROSA,2,,50,MASCULINO,SIN DATOS,0,0,Morelia,Los Pinos de Michoacan,octubre,miércoles,9,-101.216325871646,19.6830967353104
50556,50562,2024,,2024/10/02,13:40:00,COLISIÓN CON PEATÓN,ASFALTO,Nublado,Bueno,1,FORD,BLANCO,2,MINISTERIO PÚBLICO,47,MASCULINO,SIN DATOS,1,0,Morelia,Cañada del Bosque,octubre,miércoles,14,-101.095156408846,19.7295788408936
50557,50563,2024,,2024/10/02,14:00:00,COLISIÓN POR CORTE DE CIRCULACIÓN,ASFALTO,Bueno,Bueno,2,KIA RIO,AZUL,2,,38,MASCULINO,SIN DATOS,0,0,Morelia,Centro,octubre,miércoles,14,-101.200198754668,19.6991731811275
50559,50565,2024,,2024/10/02,18:10:00,COLISIÓN POR CAMBIO DE CARRIL,CONCRETO,Bueno,Bueno,2,CARABELA,AZUL,4,MINISTERIO PÚBLICO,23,MASCULINO,SIN DATOS,2,0,Morelia,Praderas del Indio,octubre,miércoles,18,-101.223494028547,19.6450845894654
50560,50566,2024,LEG54055,2024/10/02,20:00:00,COLISIÓN POR CORTE DE CIRCULACIÓN,ASFALTO,Bueno,Bueno,2,MINICOPPER,NEGRO,2,,35,,SIN DATOS,0,0,Morelia,Insurgentes,octubre,miércoles,20,-101.155416805,19.6953315299991
50561,50567,2024,,2024/10/03,"08:20:00",COLISIÓN POR ALCANCE,CONCRETO,Bueno,Bueno,3,CHEVROLET,ROJO,3,,57,FEMENINO,SIN DATOS,0,0,Morelia,Centro,octubre,jueves,8,-101.19118388321,19.702768457823
50562,50568,2024,,2024/10/03,16:12:00,COLISIÓN POR CAMBIO DE CARRIL,ASFALTO,Bueno,Regular,2,CHEVROLET,AZUL,2,MINISTERIO PÚBLICO,38,FEMENINO,SIN DATOS,0,0,Morelia,Sentimientos de La Nacion,octubre,jueves,16,-101.235201917589,19.6810002513494
50563,50569,2024,,2024/10/03,17:45:00,COLISIÓN POR CAMBIO DE CARRIL,ASFALTO,Bueno,Bueno,2,VOLKSWAGEN,GRIS,2,,37,MASCULINO,SIN DATOS,0,0,Morelia,Isaac Arriaga,octubre,jueves,18,-101.173274405301,19.7068796935311
50564,50570,2024,,2024/10/03,18:00:00,COLISIÓN POR CORTE DE CIRCULACIÓN,CONCRETO,Bueno,Bueno,2,MERCEDES BENZ,BLANCO,2,,40,FEMENINO,SIN DATOS,0,0,Morelia,Felix Ireta,octubre,jueves,18,-101.182696445836,19.6876880218662
50565,50571,2024,,2024/10/03,18:00:00,COLISIÓN CON PEATÓN,ASFALTO,Bueno,Bueno,1,ITALIKA,NEGRO,2,MINISTERIO PÚBLICO,18,MASCULINO,SIN DATOS,1,0,Morelia,Nicolas Bravo(Los Ejidos),octubre,jueves,18,-101.216760724783,19.7040199784048
50566,50572,2024,LEG54067,2024/10/03,18:05:00,COLISIÓN POR CORTE DE CIRCULACIÓN,ASFALTO,Bueno,Bueno,2,NISSAN,BLANCO,2,,60,MASCULINO,SIN DATOS,0,0,Morelia,Chapultepec Norte,octubre,jueves,18,-101.178290471435,19.6958761387463
50567,50573,2024,,2024/10/03,18:10:00,COLISIÓN POR CORTE DE CIRCULACIÓN,CONCRETO,Bueno,Bueno,2,ITALIKA,NEGRO,2,,26,MASCULINO,SIN DATOS,0,0,Morelia,Indeco Expropiacion Petrolera,octubre,jueves,18,-101.225699186325,19.6855284455458
50568,50574,2024,LEG54068,2024/10/03,19:27:00,COLISIÓN POR CORTE DE CIRCULACIÓN,ASFALTO,Bueno,Bueno,2,VENTO,BLANCO,2,,22,MASCULINO,SIN DATOS,0,0,Morelia,Independencia,octubre,jueves,19,-101.177441552281,19.7050136247319
50569,50575,2024,,2024/10/03,19:42:00,CAIDA DE MOTOCICLETA,ASFALTO,Bueno,Bueno,1,ITALIKA,NEGRO,1,,28,MASCULINO,SIN DATOS,0,0,Morelia,Justo Mendoza,octubre,jueves,20,-101.231160163879,19.714497775602
50570,50576,2024,,2024/10/03,21:05:00,COLISIÓN POR CORTE DE CIRCULACIÓN,CONCRETO,Bueno,Bueno,2,TOYOTA,BLANCO/ROSA,2,,51,MASCULINO,SIN DATOS,0,0,Morelia,Industrial,octubre,jueves,21,-101.200164891779,19.7128385316787
50571,50577,2024,LEG54066,2024/10/03,23:08:00,COLISIÓN POR CORTE DE CIRCULACIÓN,ASFALTO,Bueno,Bueno,2,FORD,BLANCO,2,,66,MASCULINO,SIN DATOS,0,0,Morelia,Chapultepec Norte,octubre,jueves,23,-101.172422468662,19.6958262643429
50572,50578,2024,LEG54065,2024/10/04,"00:05:00",COLISIÓN CONTRA OBJETO FIJO,ASFALTO,Bueno,Bueno,1,MAZDA,BLANCO,1,,25,MASCULINO,SIN DATOS,0,0,Morelia,San Rafael,octubre,viernes,0,-101.154829189181,19.7005380641919
50573,50579,2024,LEG54064,2024/10/04,"01:25:00",VOLCADURA,ASFALTO,Bueno,Bueno,1,JEEP,GRIS,1,MINISTERIO PÚBLICO,,,SIN DATOS,0,0,Morelia,Sin datos,octubre,viernes,1,-101.168517172337,19.6686449288448
50574,50580,2024,,2024/10/04,"08:10:00",COLISIÓN POR CORTE DE CIRCULACIÓN,ASFALTO,Bueno,Bueno,2,HONDA,GRIS,2,,,FEMENINO,SIN DATOS,0,0,Morelia,Lomas del Valle,octubre,viernes,8,-101.228497065604,19.6890428850449
50575,50581,2024,,2024/10/04,"09:00:00",COLISIÓN POR ALCANCE,ASFALTO,Bueno,Bueno,2,FORD,NEGRO,2,,27,MASCULINO,SIN DATOS,0,0,Morelia,Jardines del Rincon,octubre,viernes,9,-101.153419017792,19.6873429704236
50576,50582,2024,,2024/10/04,13:00:00,COLISIÓN POR CORTE DE CIRCULACIÓN,ASFALTO,Bueno,Bueno,2,CHEVROLET,ROJO,2,,71,MASCULINO,SIN DATOS,0,0,Morelia,Sin datos,octubre,viernes,13,-101.126780323684,19.7090493814726
50577,50583,2024,,2024/10/04,14:00:00,COLISIÓN POR MANIOBRA DE REVERSA,ASFALTO,Bueno,Bueno,2,FORD,GRIS,2,,,FEMENINO,SIN DATOS,0,0,Morelia,Sentimientos de La Nacion,octubre,viernes,14,-101.235567703843,19.6818642927101
50578,50584,2024,,2024/10/04,16:35:00,COLISIÓN POR CAMBIO DE CARRIL,ASFALTO,Bueno,Bueno,2,NISSAN,BLANCO,2,,40,MASCULINO,SIN DATOS,0,0,Morelia,Lomas de Morelia (Dr Ignacio Chavez),octubre,viernes,17,-101.175018846989,19.7171142770682
50579,50585,2024,,2024/10/04,18:20:00,VOLCADURA,ASFALTO,Bueno,Bueno,1,GMC,AZUL,1,MINISTERIO PÚBLICO,0,,SIN DATOS,0,0,Morelia,Sin datos,octubre,viernes,18,-101.416993327439,19.632709447851
50580,50586,2024,,2024/10/04,19:30:00,COLISIÓN POR ALCANCE,ASFALTO,Bueno,Bueno,4,FORD,VERDE,4,,29,MASCULINO,SIN DATOS,0,0,Morelia,Elias Perez Avalos,octubre,viernes,20,-101.167087890208,19.7115204667881
50581,50587,2024,LEG54084,2024/10/05,"00:00:00",COLISIÓN POR CORTE DE CIRCULACIÓN,ASFALTO,Bueno,Bueno,2,FORD,VERDE/AZUL,2,,57,MASCULINO,SIN DATOS,0,0,Morelia,Aquiles Serdan,octubre,sábado,0,-101.167282015085,19.7219652647979
50582,50588,2024,,2024/10/05,"00:00:00",COLISIÓN POR CORTE DE CIRCULACIÓN,ASFALTO,Bueno,Bueno,3,FORD,AZUL,0,MINISTERIO PÚBLICO,,,,0,0,Lázaro Cárdenas,1Er Sect de Fidelac,octubre,sábado,0,-102.192586921155,17.9594532806316
50583,50589,2024,LEG54079,2024/10/05,"00:03:00",COLISIÓN CONTRA OBJETO FIJO,ASFALTO,Bueno,Bueno,4,TOYOTA,GRIS,4,,35,MASCULINO,SIN DATOS,0,0,Morelia,Nueva Chapultepec,octubre,sábado,0,-101.175541877747,19.6907434129606
50584,50590,2024,,2024/10/05,"00:25:00",CAIDA DE MOTOCICLETA,ADOQUIN_EMPEDRADO,Bueno,Bueno,1,ITALIKA,ROJO/NEGRO,1,MINISTERIO PÚBLICO,17,MASCULINO,SIN DATOS,0,0,Pátzcuaro,Ibarra,octubre,sábado,0,-101.614311374724,19.5379283176097
50585,50591,2024,,2024/10/05,"01:30:00",SALIDA DE SUPERFICIE DE RODAMIENTO,ASFALTO,Bueno,Bueno,1,NISSAN,BLANCO,1,,42,MASCULINO,SIN DATOS,0,0,Morelia,Sin datos,octubre,sábado,2,-101.262363642454,19.6402319046866
50586,50592,2024,,2024/10/05,"06:35:00",COLISIÓN POR ALCANCE,ASFALTO,Bueno,Bueno,1,RENAULT,BLANCO,1,,26,MASCULINO,SIN DATOS,0,0,Morelia,Avicola Benito Juarez,octubre,sábado,7,-101.279538832605,19.6913438177972
50587,50593,2024,,2024/10/05,13:40:00,COLISIÓN POR CORTE DE CIRCULACIÓN,ASFALTO,Bueno,Bueno,2,VELOCI,NEGRO,2,,29,MASCULINO,SIN DATOS,0,0,Morelia,Ciudad Industrial,octubre,sábado,14,-101.138270236552,19.7287712332705
50588,50594,2024,,2024/10/05,14:16:00,COLISIÓN POR INVASIÓN DE CARRIL,ASFALTO,Bueno,Bueno,2,NISSAN,AZUL,2,MINISTERIO PÚBLICO,46,MASCULINO,SIN DATOS,0,0,Morelia,San Jose del Cerrito,octubre,sábado,14,-101.22154712677,19.6621650755323
50589,50595,2024,,2024/10/05,16:05:00,VOLCADURA,ASFALTO,Bueno,Bueno,2,CHEVROLET,BLANCO,2,,42,MASCULINO,SIN DATOS,0,0,Morelia,Enrique Arreguin Robles,octubre,sábado,16,-101.185423834015,19.720890009408
50590,50596,2024,,2024/10/05,18:03:00,COLISIÓN POR CORTE DE CIRCULACIÓN,ASFALTO,Bueno,Bueno,2,TOYOTA,BLANCO Y CREMA,2,,31,MASCULINO,SIN DATOS,0,0,Morelia,Industrial,octubre,sábado,18,-101.200312413275,19.7108437549225
50591,50597,2024,MOR224678,2024/10/05,19:04:00,COLISIÓN CONTRA OBJETO FIJO,ASFALTO,Bueno,Bueno,2,NISSAN,ROJO,2,,,MASCULINO,SIN DATOS,0,0,Morelia,Portales de Morelia,octubre,sábado,19,-101.153342574835,19.7021702899619
50592,50598,2024,LEG54091,2024/10/05,19:30:00,COLISIÓN CONTRA OBJETO FIJO,ASFALTO,Nublado,Bueno,1,FORD,NEGRO,1,,35,FEMENINO,SIN DATOS,0,0,Morelia,Chapultepec Oriente,octubre,sábado,20,-101.16423368454,19.695907073495
50593,50599,2024,,2024/10/05,21:45:00,COLISIÓN POR CORTE DE CIRCULACIÓN,ASFALTO,Lluvioso,Bueno,2,ITALIKA,AMARILLO Y NEGRO,2,,16,MASCULINO,SIN DATOS,0,0,Álvaro Obregón,Sin datos,octubre,sábado,22,-101.022419258952,19.8546108207974
50594,50600,2024,LEG54081,2024/10/05,21:52:00,COLISIÓN POR INVASIÓN DE CARRIL,ASFALTO,Bueno,Bueno,2,AUDI,BLANCO,2,MINISTERIO PÚBLICO,,MASCULINO,SIN DATOS,0,0,Charo,Sin datos,octubre,sábado,22,-101.016299128532,19.7734470352827
50595,50601,2024,LEG54090,2024/10/06,"05:50:00",SALIDA DE SUPERFICIE DE RODAMIENTO,ASFALTO,Nublado,Regular,1,VOLKSWAGEN,GRIS,1,,19,MASCULINO,SIN DATOS,0,0,Morelia,De Dolores,octubre,domingo,6,-101.377898454666,19.6722819174773
50596,50602,2024,LEG54094,2024/10/06,"09:44:00",COLISIÓN POR CORTE DE CIRCULACIÓN,ASFALTO,Bueno,Bueno,1,NISSAN,BLANCO,1,,,MASCULINO,SIN DATOS,0,0,Morelia,Lomas del Tecnologico,octubre,domingo,10,-101.196190193295,19.7243146427613
50597,50603,2024,,2024/10/06,12:00:00,COLISIÓN POR ALCANCE,CONCRETO,Nublado,Bueno,2,HONDA/CRV,PLATA,2,,75,FEMENINO,SIN DATOS,0,0,Morelia,Alberto Oviedo Mota,octubre,domingo,12,-101.197744868696,19.6839184636704
50598,50604,2024,LEG54093,2024/10/06,12:00:00,COLISIÓN POR CORTE DE CIRCULACIÓN,ASFALTO,Bueno,Bueno,2,ITALIKA,GRIS,2,,24,MASCULINO,CON CERTIFICADO,0,0,Morelia,Industrial,octubre,domingo,12,-101.194037050009,19.7072369965081
50599,50605,2024,,2024/10/06,22:20:00,COLISIÓN CONTRA OBJETO FIJO,CONCRETO,Lluvioso,Bueno,1,Toyota,Azul,1,,55,MASCULINO,SIN DATOS,0,0,Morelia,Balcones de Morelia,octubre,domingo,22,-101.201000735164,19.6716258764966
50600,50606,2024,,2024/10/06,23:00:00,CAIDA ACUATICA DE VEHÍCULO,CONCRETO,Bueno,Bueno,1,VOLKSWAGEN,BLANCO,1,,41,MASCULINO,SIN DATOS,0,0,Morelia,Granjas de La Huerta,octubre,domingo,23,-101.231218501925,19.6629067169186
50602,50608,2024,,2024/10/07,"02:50:00",COLISIÓN POR ALCANCE,ASFALTO,Nublado,Bueno,2,VOLKSWAGEN,BLANCO,2,,,MASCULINO,SIN DATOS,0,0,Morelia,Centro,octubre,lunes,3,-101.18754847,19.7028479949991
50603,50609,2024,,2024/10/07,"08:00:00",COLISIÓN POR CAMBIO DE CARRIL,CONCRETO,Nublado,Regular,2,VOLKSWAGEN,BLANCO Y NARANJA,2,,18,MASCULINO,SIN DATOS,0,0,Morelia,Villas del Pedregal,octubre,lunes,8,-101.302209,19.685042
50604,50610,2024,,2024/10/07,"09:26:00",CAIDA DE MOTOCICLETA,ASFALTO,Bueno,Bueno,2,ITALIKA,NEGRO Y AMARILLO,2,,45,MASCULINO,SIN DATOS,0,0,Morelia,Los Pirules,octubre,lunes,9,-101.118486,19.687152
50605,50611,2024,,2024/10/07,10:16:00,COLISIÓN CONTRA OBJETO FIJO,ASFALTO,Bueno,Bueno,1,"NISSAN , LINEA KIGCAR",CAFE,2,,0,MASCULINO,SIN DATOS,1,0,Cuitzeo,Sin datos,octubre,lunes,10,-101.156528368592,20.0804380100598
50606,50612,2024,,2024/10/07,11:33:00,COLISIÓN POR NO RESPETAR SEMÁFORO,ASFALTO,Bueno,Bueno,2,NISSAN,PLATA,2,,,FEMENINO,SIN DATOS,0,0,Morelia,Josefa Ortiz de Dominguez,octubre,lunes,12,-101.210036426783,19.6719520030754
50607,50613,2024,,2024/10/07,14:05:00,COLISIÓN POR CAMBIO DE CARRIL,ASFALTO,Nublado,Regular,2,Italika,Negro,2,,37,MASCULINO,SIN DATOS,0,0,Morelia,Avicola Benito Juarez,octubre,lunes,14,-101.279536485672,19.691364651994
50608,50614,2024,,2024/10/07,14:30:00,COLISIÓN POR CORTE DE CIRCULACIÓN,ASFALTO,Bueno,Bueno,2,DODGE,BLANCO,2,,37,MASCULINO,SIN DATOS,0,0,Morelia,Lomas de Las Americas Norte,octubre,lunes,15,-101.149147599936,19.6948218284304
50609,50615,2024,,2024/10/07,15:32:00,COLISIÓN POR ALCANCE,ASFALTO,Lluvioso,Regular,2,FORD,ARENA,2,,43,MASCULINO,SIN DATOS,0,0,Morelia,Ejido La Huerta,octubre,lunes,16,-101.21110226959,19.6689685357788
50610,50616,2024,,2024/10/07,16:10:00,COLISIÓN POR ALCANCE,ASFALTO,Bueno,Bueno,2,FORD,CAFÉ,2,,34,MASCULINO,SIN DATOS,0,0,Morelia,Sin datos,octubre,lunes,16,-101.155688837171,19.6694490514063
50611,50617,2024,LEG54110,2024/10/07,17:10:00,COLISIÓN POR ALCANCE,ASFALTO,Bueno,Bueno,2,DODGE,GRIS,2,,30,MASCULINO,SIN DATOS,0,0,Morelia,Sin datos,octubre,lunes,17,-101.302291341126,19.5882792897089
50612,50618,2024,,2024/10/07,18:05:00,COLISIÓN POR CORTE DE CIRCULACIÓN,CONCRETO,Lluvioso,Regular,2,ITALIKA,GRIS,2,,18,MASCULINO,SIN DATOS,0,0,Morelia,Ferrocarrilero,octubre,lunes,18,-101.220190599561,19.6947747946646
50613,50619,2024,LEG54112,2024/10/07,18:53:00,COLISIÓN POR CORTE DE CIRCULACIÓN,ASFALTO,Bueno,Malo,2,ITALIKA,NEGRO,2,,18,MASCULINO,SIN DATOS,0,0,Morelia,Irrigacion,octubre,lunes,19,-101.225043721497,19.70473017733
50614,50620,2024,,2024/10/07,19:47:00,COLISIÓN POR ALCANCE,ASFALTO,Bueno,Bueno,2,NISSAN,AZUL,3,,48,MASCULINO,SIN DATOS,1,0,Morelia,Los Angeles,octubre,lunes,20,-101.174193397164,19.7461230104101
50615,50621,2024,LEG54111,2024/10/07,21:38:00,COLISIÓN POR CORTE DE CIRCULACIÓN,ASFALTO,Lluvioso,Malo,2,RENAULT,ROJO,2,MINISTERIO PÚBLICO,56,FEMENINO,SIN DATOS,0,0,Morelia,Balcones de Morelia,octubre,lunes,22,-101.202324405313,19.6725319574138
50616,50622,2024,LEG54113,2024/10/08,14:40:00,COLISIÓN CONTRA OBJETO FIJO,ASFALTO,Bueno,Bueno,2,FORD,GRIS,2,,53,FEMENINO,SIN DATOS,0,0,Morelia,Vasco de Quiroga,octubre,martes,15,-101.170791015029,19.6971498247304
50617,50623,2024,LEG54114,2024/10/08,17:04:00,COLISIÓN POR CORTE DE CIRCULACIÓN,ASFALTO,Bueno,Bueno,2,TOYOTA,BLANCO Y CAFE,2,,,MASCULINO,SIN DATOS,0,0,Morelia,Nueva Valladolid,octubre,martes,17,-101.210566833615,19.7009089543174
50618,50624,2024,,2024/10/08,19:50:00,COLISIÓN POR CORTE DE CIRCULACIÓN,ASFALTO,Lluvioso,Regular,2,ITALIKA,NEGRO Y ROJO,2,,17,MASCULINO,SIN DATOS,0,0,Morelia,Leandro Valle,octubre,martes,20,-101.234236672612,19.7167704154002
50620,50626,2024,LEG54120,2024/10/08,22:10:00,COLISIÓN POR NO RESPETAR SEMÁFORO,ASFALTO,Bueno,Bueno,2,MITSUBISHI,BLANCO Y AZUL,2,MINISTERIO PÚBLICO,30,MASCULINO,SIN DATOS,0,0,Morelia,Cuauhtemoc,octubre,martes,22,-101.17854569,19.6974281599991
50621,50627,2024,,2024/10/08,23:45:00,COLISIÓN CONTRA OBJETO FIJO,ASFALTO,Nublado,Regular,1,FORD,BLANCO,0,MINISTERIO PÚBLICO,,,,0,0,Pátzcuaro,Centro,octubre,martes,0,-101.607311144471,19.5219741522017
50623,50629,2024,,2024/10/09,"08:30:00",COLISIÓN POR ALCANCE,ASFALTO,Bueno,Bueno,2,HONDA,PLATA,2,,53,FEMENINO,SIN DATOS,0,0,Morelia,La Huerta,octubre,miércoles,9,-101.232666365845,19.6599222920998
50624,50630,2024,,2024/10/09,"08:45:00",COLISIÓN POR CAMBIO DE CARRIL,ASFALTO,Bueno,Bueno,2,AUSTIN,BLANCO,2,,,MASCULINO,SIN DATOS,0,0,Morelia,Gertrudis Sanchez,octubre,miércoles,9,-101.205776745,19.7441101549991
50625,50631,2024,,2024/10/09,"08:48:00",COLISIÓN POR CAMBIO DE CARRIL,ASFALTO,Bueno,Bueno,2,FREITELINER,BLANCO,2,,,MASCULINO,SIN DATOS,0,0,Morelia,Plan de La Garita,octubre,miércoles,9,-101.182948160872,19.7146239450766
50626,50632,2024,,2024/10/09,"09:10:00",COLISIÓN CON PEATÓN,CONCRETO,Bueno,Bueno,1,TOYOTA,ROJO,1,,31,FEMENINO,SIN DATOS,0,0,Morelia,El Parian,octubre,miércoles,9,-101.269957065,19.6892012699991
50627,50633,2024,,2024/10/09,"09:20:00",COLISIÓN POR CAMBIO DE CARRIL,ASFALTO,Bueno,Bueno,2,SUZUKI,ROJO,2,,24,FEMENINO,SIN DATOS,0,0,Morelia,Vasco de Quiroga,octubre,miércoles,9,-101.171026988099,19.6976785913658
50628,50634,2024,,2024/10/09,"09:20:00",COLISIÓN CON PEATÓN,CONCRETO,Bueno,Bueno,1,ITALIKA,ROJO,2,,17,MASCULINO,SIN DATOS,1,0,Morelia,Centro,octubre,miércoles,9,-101.1928864,19.7010106049991
50629,50635,2024,,2024/10/09,10:50:00,COLISIÓN POR ALCANCE,ASFALTO,Bueno,Bueno,2,NISSAN,BLANCO,2,,28,MASCULINO,SIN DATOS,0,0,Morelia,Nicolas Bravo(Los Ejidos),octubre,miércoles,11,-101.220301,19.704603
50630,50636,2024,,2024/10/09,16:28:00,COLISIÓN CONTRA OBJETO FIJO,ASFALTO,Bueno,Bueno,3,MAZDA,GRIS,3,,25,FEMENINO,SIN DATOS,0,0,Morelia,Ventura Puente,octubre,miércoles,16,-101.179995475,19.6899822949991
50631,50637,2024,,2024/10/09,17:45:00,COLISIÓN CONTRA OBJETO FIJO,TERRACERIA,Bueno,Bueno,1,FORD,VERDE,1,,65,FEMENINO,SIN DATOS,0,0,Morelia,Colinas del Sur,octubre,miércoles,18,-101.20035673,19.6648664349991
50632,50638,2024,,2024/10/09,19:30:00,VOLCADURA,ASFALTO,Lluvioso,Malo,1,NISSAN/SENTRA,BLANCO ROJO,2,MINISTERIO PÚBLICO,,,,2,0,Morelia,Leandro Valle,octubre,miércoles,20,-101.231682595409,19.7212022571141
50634,50640,2024,LEG54117,2024/10/09,21:14:00,COLISIÓN POR CORTE DE CIRCULACIÓN,ASFALTO,Bueno,Bueno,2,DODGE,GRIS,2,MINISTERIO PÚBLICO,0,MASCULINO,SIN DATOS,0,0,Morelia,Los Girasoles,octubre,miércoles,21,-101.214822768598,19.6918812101964
50635,50641,2024,LEG54135,2024/10/10,"07:55:00",COLISIÓN POR CAMBIO DE CARRIL,ASFALTO,Bueno,Bueno,2,NISSAN,NARANJA,2,,58,MASCULINO,SIN DATOS,0,0,Morelia,Indeco El Vivero,octubre,jueves,8,-101.231868267059,19.6777176724868
50637,50643,2024,,2024/10/10,"09:06:00",COLISIÓN POR CORTE DE CIRCULACIÓN,ASFALTO,Bueno,Bueno,2,FORD,VERDE,2,,27,MASCULINO,SIN DATOS,0,0,Morelia,Vasco de Quiroga,octubre,jueves,9,-101.171525745,19.7013305049991
50638,50644,2024,LEG54134,2024/10/10,"09:22:00",COLISIÓN POR ALCANCE,ASFALTO,Bueno,Bueno,2,CHRYSLER,BLANCO,2,,,FEMENINO,SIN DATOS,0,0,Morelia,Tierra Y Libertad,octubre,jueves,9,-101.229844540358,19.7163744648316
50639,50645,2024,,2024/10/10,13:35:00,VOLCADURA,ASFALTO,Bueno,Bueno,1,CHEVROLET/JIMMY,ROJO,1,,48,MASCULINO,SIN DATOS,0,0,Morelia,Ciudad Industrial,octubre,jueves,14,-101.164316833019,19.7250342196453
50640,50646,2024,,2024/10/10,16:00:00,SALIDA DE SUPERFICIE DE RODAMIENTO,ASFALTO,Bueno,Bueno,1,VOLKSWAGEN,ROJO,1,,26,FEMENINO,SIN DATOS,0,0,Charo,Sin datos,octubre,jueves,16,-101.006554663181,19.673789728147
50641,50647,2024,,2024/10/10,19:45:00,COLISIÓN POR ALCANCE,ASFALTO,Bueno,Bueno,2,ITALIKA,NEGRO,2,,36,MASCULINO,SIN DATOS,0,0,Morelia,Loma de Los Piñones,octubre,jueves,20,-101.205052882433,19.6740328202478
50642,50648,2024,,2024/10/11,"00:00:00",COLISIÓN POR ALCANCE,SIN_DATOS,Bueno,Bueno,2,NISSAN,ROJO,2,,72,MASCULINO,SIN DATOS,0,0,Morelia,La Huerta,octubre,viernes,0,-101.235186159611,19.6611837925134
50643,50649,2024,MOR2245789,2024/10/11,"01:18:00",VOLCADURA,ASFALTO,Bueno,Bueno,1,VOLKSWAGEN,GRIS,1,,,,SIN DATOS,0,0,Morelia,Sin datos,octubre,viernes,1,-101.164613217115,19.6649769169744
50644,50650,2024,,2024/10/11,"01:20:00",COLISIÓN POR ALCANCE,ASFALTO,Bueno,Bueno,2,VOLKSWAGEN,BLANCO,2,MINISTERIO PÚBLICO,,MASCULINO,SIN DATOS,0,0,Morelia,San Pascual,octubre,viernes,1,-101.264450401068,19.6961248792095
50645,50651,2024,LEG54142,2024/10/11,"04:59:00",COLISIÓN CONTRA OBJETO FIJO,SIN_DATOS,Bueno,Bueno,1,HYUNDAI,GUINDA,1,,36,MASCULINO,SIN DATOS,0,0,Morelia,Residencial Alborada,octubre,viernes,5,-101.234640330076,19.7024720494679