fid,id_accidente,anio_origen,folio_c5i,dia_incidente,hora_ocurrencia,tipo_incidente_vial,superficie_ocurrencia,condiciones_climaticas,condiciones_via,numero_vehiculos_involucrados,marca_vehiculo_ocasiona_siniestro,color_vehiculo_ocasiona_siniestro,numero_personas_involucradas,lugar_remite_presunto_responsable,edad_presunto_responsable,sexo_presunto_responsable,resultados_toxicologia,numero_personas_lesionadas,numero_personas_fallecidas,municipio,colonia,mes,dia_semana,hora_redondeada,lon,lat
50646,50652,2024,,2024/10/11,"06:45:00",SALIDA DE SUPERFICIE DE RODAMIENTO,ASFALTO,Bueno,Bueno,2,TOYOTA,PLATA,2,,36,FEMENINO,SIN DATOS,0,0,Morelia,Lomas del Tecnologico,octubre,viernes,7,-101.196194887161,19.724319692435
50647,50653,2024,,2024/10/11,"08:00:00",COLISIÓN CON PEATÓN,CONCRETO,Bueno,Bueno,1,CHEVROLET,GRIS,2,,,MASCULINO,SIN DATOS,1,0,Morelia,Chapultepec Sur,octubre,viernes,8,-101.16837233305,19.6937027998544
50648,50654,2024,,2024/10/11,"09:35:00",COLISIÓN POR CAMBIO DE CARRIL,ASFALTO,Bueno,Bueno,2,NISSAN,BLANCO,2,,35,FEMENINO,SIN DATOS,0,0,Morelia,Los Angeles,octubre,viernes,10,-101.176761612296,19.7409016441971
50649,50655,2024,,2024/10/11,"09:50:00",COLISIÓN POR ALCANCE,ASFALTO,Bueno,Bueno,2,ITALIKA,AMARILLO7NEGRO,2,,21,MASCULINO,SIN DATOS,0,0,Morelia,Los Angeles,octubre,viernes,10,-101.17687728256,19.7406873707766
50650,50656,2024,,2024/10/11,13:10:00,COLISIÓN POR CORTE DE CIRCULACIÓN,ASFALTO,Bueno,Bueno,2,CHEVROLET,BLANCO,2,,22,MASCULINO,SIN DATOS,0,0,Morelia,Tlalpujahua,octubre,viernes,13,-101.218595355749,19.6762929277239
50651,50657,2024,,2024/10/11,14:20:00,COLISIÓN POR CORTE DE CIRCULACIÓN,ASFALTO,Bueno,Bueno,3,NISSAN,BLANCO,3,,26,FEMENINO,SIN DATOS,0,0,Morelia,Emiliano Zapata,octubre,viernes,14,-101.228314675391,19.6581694985339
50652,50658,2024,,2024/10/11,17:00:00,COLISIÓN POR CORTE DE CIRCULACIÓN,ASFALTO,Bueno,Bueno,2,HONDA,GRIS,2,MINISTERIO PÚBLICO,0,MASCULINO,SIN DATOS,0,0,Morelia,El Durazno,octubre,viernes,17,-101.181044429541,19.656718373784
50653,50659,2024,MOR2400472155,2024/10/11,18:00:00,COLISIÓN POR CORTE DE CIRCULACIÓN,ASFALTO,Bueno,Bueno,2,INTERNATIONAL,BLANCO/AZUL,2,,28,MASCULINO,SIN DATOS,0,0,Morelia,Montaña Monarca,octubre,viernes,18,-101.165400780737,19.671527691114
50654,50660,2024,,2024/10/11,18:34:00,COLISIÓN POR CORTE DE CIRCULACIÓN,ASFALTO,Bueno,Bueno,2,MITSUBISHI,AZUL,2,,69,FEMENINO,SIN DATOS,0,0,Morelia,Santa Maria,octubre,viernes,19,-101.201397031546,19.677853421936
50655,50661,2024,,2024/10/11,19:45:00,COLISIÓN POR CORTE DE CIRCULACIÓN,CONCRETO,Bueno,Bueno,2,TVS 200,AZUL,2,,19,MASCULINO,SIN DATOS,0,0,Morelia,Residencial Alborada,octubre,viernes,20,-101.234954819083,19.7036383635469
50656,50662,2024,,2024/10/11,20:45:00,COLISIÓN POR CAMBIO DE CARRIL,ASFALTO,Bueno,Bueno,2,FORD,BLANCO,2,,20,MASCULINO,SIN DATOS,0,0,Morelia,Sentimientos de La Nacion,octubre,viernes,21,-101.236870922148,19.6848061654826
50657,50663,2024,,2024/10/11,22:00:00,COLISIÓN POR CAMBIO DE CARRIL,CONCRETO,Bueno,Bueno,2,GMC,BLANCO,2,,21,MASCULINO,SIN DATOS,0,0,Morelia,Irrigacion,octubre,viernes,22,-101.226879358292,19.7042283037496
50658,50664,2024,,2024/10/12,"00:00:00",COLISIÓN POR ALCANCE,ASFALTO,Bueno,Bueno,2,VOLKSWAGEN,ROJO,2,,17,MASCULINO,SIN DATOS,0,0,Morelia,Felix Ireta,octubre,sábado,0,-101.180507317185,19.6870064577943
50659,50665,2024,,2024/10/12,"00:00:00",VOLCADURA,ASFALTO,Bueno,Bueno,1,NISSAN,BLANCO,0,,,,,0,0,Morelia,Sin datos,octubre,sábado,0,-101.293961405754,19.6864129816402
50660,50666,2024,,2024/10/12,"00:00:00",COLISIÓN POR CORTE DE CIRCULACIÓN,ASFALTO,Bueno,Bueno,2,KENWORTH,BLANCO,2,,54,MASCULINO,SIN DATOS,0,0,Morelia,Primo Tapia Oriente,octubre,sábado,0,-101.160183548927,19.7127466841182
50661,50667,2024,,2024/10/12,"00:45:00",COLISIÓN POR CORTE DE CIRCULACIÓN,ASFALTO,Bueno,Bueno,2,ITALIKA,GRIS,2,MINISTERIO PÚBLICO,17,MASCULINO,SIN DATOS,0,0,Morelia,5 de Mayo,octubre,sábado,1,-101.17543291,19.7031789799992
50662,50668,2024,LEG54163,2024/10/12,"09:25:00",COLISIÓN CONTRA OBJETO FIJO,ASFALTO,Bueno,Bueno,2,RENAULT,BLANCO,2,,27,MASCULINO,SIN DATOS,0,0,Morelia,Ario 1815,octubre,sábado,9,-101.279005073011,19.698097112244
50663,50669,2024,,2024/10/12,11:20:00,COLISIÓN POR ALCANCE,ASFALTO,Bueno,Bueno,2,VOLKSWAGEN,GRIS,2,MINISTERIO PÚBLICO,0,MASCULINO,SIN DATOS,0,0,Morelia,Tinijaro,octubre,sábado,11,-101.264479234815,19.6962091604717
50664,50670,2024,,2024/10/12,13:15:00,COLISIÓN CON PEATÓN,ASFALTO,Bueno,Bueno,1,ITALIKA,BLANCO/NEGRO,1,MINISTERIO PÚBLICO,,,,1,0,Pátzcuaro,Centro,octubre,sábado,13,-101.616574823856,19.5213269783138
50665,50671,2024,,2024/10/12,14:00:00,COLISIÓN CONTRA OBJETO FIJO,CONCRETO,Bueno,Bueno,2,NISSAN,BLANCO,2,,40,MASCULINO,SIN DATOS,0,0,Morelia,Central de Abastos,octubre,sábado,14,-101.16865362972,19.7174715571785
50666,50672,2024,,2024/10/12,15:15:00,COLISIÓN POR ALCANCE,ASFALTO,Bueno,Bueno,4,ISUZU,BLANCO,4,,36,MASCULINO,SIN DATOS,0,0,Morelia,Justo Mendoza,octubre,sábado,15,-101.231697946787,19.7135862509212
50667,50673,2024,,2024/10/12,17:00:00,COLISIÓN POR CAMBIO DE CARRIL,ASFALTO,Bueno,Bueno,2,KENWORTH,ROJO,2,,,MASCULINO,SIN DATOS,0,0,Morelia,Lomas de Huerta,octubre,sábado,17,-101.214430555701,19.6755753415293
50668,50674,2024,,2024/10/12,17:17:00,COLISIÓN POR CORTE DE CIRCULACIÓN,CONCRETO,Bueno,Bueno,2,ITALIKA,BLANCO,4,MINISTERIO PÚBLICO,29,MASCULINO,SIN DATOS,2,0,Morelia,Sin datos,octubre,sábado,17,-101.142966784537,19.7486638915011
50669,50675,2024,LEG54168,2024/10/12,17:33:00,SALIDA DE SUPERFICIE DE RODAMIENTO,ASFALTO,Bueno,Bueno,1,SUZUKI,GRIS,0,,,,,0,0,Morelia,Sin datos,octubre,sábado,18,-101.248042657971,19.7922432298822
50670,50676,2024,,2024/10/12,21:00:00,VOLCADURA,CONCRETO,Bueno,Bueno,2,VOLKSWAGEN,NEGRO,1,,,FEMENINO,CON CERTIFICADO,0,0,Morelia,Nueva Chapultepec,octubre,sábado,21,-101.164699047804,19.6871523010657
50671,50677,2024,,2024/10/13,"00:00:00",COLISIÓN POR ALCANCE,ASFALTO,Bueno,Bueno,2,CHEVROLET,BLANCO,2,MINISTERIO PÚBLICO,,MASCULINO,SIN DATOS,0,0,Morelia,Loma de Los Piñones,octubre,domingo,0,-101.205069310963,19.6740217706148
50672,50678,2024,,2024/10/13,"03:07:00",COLISIÓN POR CAMBIO DE CARRIL,ASFALTO,Bueno,Bueno,2,AUDI,BLANCO,2,MINISTERIO PÚBLICO,0,MASCULINO,SIN DATOS,0,0,Morelia,Nueva Valladolid,octubre,domingo,3,-101.209610290825,19.7021314652142
50673,50679,2024,,2024/10/13,"03:55:00",COLISIÓN POR CORTE DE CIRCULACIÓN,CONCRETO,Bueno,Bueno,2,VENTO,NEGRO,2,,20,MASCULINO,SIN DATOS,0,0,Morelia,Centro,octubre,domingo,4,-101.19334269315,19.7029628809216
50674,50680,2024,,2024/10/13,"09:40:00",COLISIÓN CONTRA OBJETO FIJO,CONCRETO,Bueno,Bueno,3,SEAT,ROJO,3,,29,MASCULINO,SIN DATOS,0,0,Morelia,Comision Federal de Electricidad,octubre,domingo,10,-101.17746502161,19.6852582222672
50675,50681,2024,,2024/10/13,10:50:00,COLISIÓN POR CAMBIO DE CARRIL,ASFALTO,Bueno,Bueno,2,TOYOTA,BLANCO Y ANARANJA,2,,35,MASCULINO,SIN DATOS,0,0,Morelia,Centro,octubre,domingo,11,-101.191552653909,19.7029379448262
50676,50682,2024,,2024/10/13,13:20:00,SALIDA DE SUPERFICIE DE RODAMIENTO,ASFALTO,Bueno,Bueno,1,S/D,BLANCO,1,,,MASCULINO,SIN DATOS,0,0,Morelia,Pablo Galeana,octubre,domingo,13,-101.230430603027,19.6432342208425
50677,50683,2024,MOR2340047974,2024/10/13,14:20:00,COLISIÓN POR CAMBIO DE CARRIL,ASFALTO,Bueno,Bueno,2,FORD,BLANCO,2,,35,MASCULINO,SIN DATOS,0,0,Morelia,Santiaguito,octubre,domingo,14,-101.18893481791,19.7161036623976
50678,50684,2024,,2024/10/13,14:30:00,COLISIÓN POR ALCANCE,ASFALTO,Bueno,Bueno,4,SAAT,BLANCO,4,,41,MASCULINO,SIN DATOS,0,0,Morelia,Los Manantiales de Morelia,octubre,domingo,15,-101.238412857056,19.7004556791197
50679,50685,2024,,2024/10/13,16:30:00,COLISIÓN CONTRA OBJETO FIJO,ASFALTO,Bueno,Bueno,1,HONDA,PLATA,1,,32,MASCULINO,ALIENTO ETÍLICO,0,0,Morelia,Puerta Tres Marias Norte,octubre,domingo,17,-101.142238229513,19.6922074876823
50680,50686,2024,,2024/10/13,17:00:00,COLISIÓN CONTRA OBJETO FIJO,ASFALTO,Bueno,Bueno,2,CHEVROLET,AZUL,1,MINISTERIO PÚBLICO,0,MASCULINO,SIN DATOS,0,0,Morelia,Bonanza,octubre,domingo,17,-101.202134303749,19.6578357662628
50681,50687,2024,,2024/10/13,18:00:00,COLISIÓN CONTRA OBJETO FIJO,ASFALTO,Bueno,Regular,1,VOLKSWAGEN,NEGRO,1,,,MASCULINO,SIN DATOS,0,0,Morelia,Cumbres de Morelia,octubre,domingo,18,-101.139895677106,19.6896194784866
50682,50688,2024,,2024/10/13,19:50:00,COLISIÓN POR CORTE DE CIRCULACIÓN,ASFALTO,Bueno,Bueno,1,ITALIKA,VERDE,2,MINISTERIO PÚBLICO,,,SIN DATOS,0,1,Morelia,Sin datos,octubre,domingo,20,-101.362844891846,19.5285582407744
50683,50689,2024,LEG54170,2024/10/13,21:24:00,COLISIÓN POR CAMBIO DE CARRIL,ASFALTO,Bueno,Bueno,2,RENAULT,BLANCO,2,,30,MASCULINO,SIN DATOS,0,0,Morelia,Villas del Pedregal,octubre,domingo,21,-101.304497122765,19.6876321308047
50684,50690,2024,LEG54171,2024/10/13,22:42:00,COLISIÓN POR CORTE DE CIRCULACIÓN,ASFALTO,Bueno,Bueno,2,CHEVROLET,BLANCO,2,,,MASCULINO,SIN DATOS,0,0,Morelia,Eduardo Ruiz,octubre,domingo,23,-101.215919516981,19.7165306967964
50685,50691,2024,,2024/10/14,"08:17:00",COLISIÓN POR ALCANCE,ASFALTO,Bueno,Bueno,2,Dodge,Rojo,2,,25,MASCULINO,SIN DATOS,0,0,Morelia,Jardines de Guadalupe,octubre,lunes,8,-101.226680539548,19.7111256133376
50686,50692,2024,,2024/10/14,"09:30:00",COLISIÓN POR CORTE DE CIRCULACIÓN,ASFALTO,Bueno,Bueno,2,VENTO,ROJO,2,,49,MASCULINO,SIN DATOS,0,0,Morelia,Lomas de Hidalgo,octubre,lunes,10,-101.158573945,19.6964721499991
50687,50693,2024,,2024/10/14,14:25:00,COLISIÓN CON PEATÓN,ASFALTO,Bueno,Bueno,1,ITALIKA,BLANCO,2,MINISTERIO PÚBLICO,49,MASCULINO,SIN DATOS,1,0,Morelia,Libertad,octubre,lunes,14,-101.235485247231,19.6875403386505
50688,50694,2024,,2024/10/14,14:30:00,COLISIÓN CONTRA OBJETO FIJO,CONCRETO,Bueno,Bueno,1,ISUZU,BLANCO,1,,38,MASCULINO,SIN DATOS,0,0,Morelia,Union Popular Solidaria,octubre,lunes,15,-101.220220133013,19.7056458409566
50689,50695,2024,,2024/10/14,17:05:00,COLISIÓN POR CORTE DE CIRCULACIÓN,ASFALTO,Nublado,Bueno,2,NAVISTAR,BLANCO Y VERDE,2,,40,MASCULINO,SIN DATOS,0,0,Morelia,Santillan La Huerta,octubre,lunes,17,-101.219553885717,19.6760966650679
50692,50698,2024,LEG54194,2024/10/14,20:15:00,COLISIÓN POR CORTE DE CIRCULACIÓN,ASFALTO,Bueno,Bueno,2,HONDA,ROJO,2,,39,MASCULINO,SIN DATOS,0,0,Morelia,Camelinas,octubre,lunes,20,-101.17262119,19.6818144849991
50693,50699,2024,,2024/10/14,21:30:00,COLISIÓN POR INVASIÓN DE CARRIL,CONCRETO,Bueno,Bueno,2,VOLKSWAGEN,GRIS,2,MINISTERIO PÚBLICO,42,MASCULINO,SIN DATOS,0,0,Morelia,San Jose del Cerrito,octubre,lunes,22,-101.222373722911,19.6615895379848
50694,50700,2024,,2024/10/14,22:00:00,SALIDA DE SUPERFICIE DE RODAMIENTO,ASFALTO,Bueno,Bueno,1,HONDA,ROJO,0,,,,,0,0,Morelia,La Joya,octubre,lunes,22,-101.196752311887,19.6643824077274
50695,50701,2024,,2024/10/15,"09:38:00",COLISIÓN POR ALCANCE,CONCRETO,Bueno,Bueno,2,KIA,NEGRO,2,,24,FEMENINO,SIN DATOS,0,0,Morelia,Camelinas,octubre,martes,10,-101.174228936434,19.6818311454293
50696,50702,2024,,2024/10/15,11:45:00,COLISIÓN CONTRA OBJETO FIJO,CONCRETO,Bueno,Bueno,1,CHEVROLET,BLANCO,0,,,,,0,0,Morelia,Unidos Santa Cruz,octubre,martes,12,-101.221023090184,19.722834765907
50697,50703,2024,,2024/10/15,12:15:00,COLISIÓN POR ALCANCE,ASFALTO,Bueno,Bueno,2,TOYOTA,BLANCO,2,,39,MASCULINO,SIN DATOS,0,0,Morelia,La Quemada,octubre,martes,12,-101.238317394245,19.7030072468283
50698,50704,2024,LEG54199,2024/10/15,18:00:00,COLISIÓN CONTRA OBJETO FIJO,SIN_DATOS,Bueno,Bueno,2,VELOCI,GRIS,2,,20,MASCULINO,SIN DATOS,0,0,Morelia,Alberto Oviedo Mota,octubre,martes,18,-101.195714101195,19.6854463684299
50699,50705,2024,LEG54200,2024/10/15,18:03:00,COLISIÓN POR ALCANCE,ASFALTO,Bueno,Bueno,2,FAMSA,ROJO,2,,20,MASCULINO,SIN DATOS,0,0,Morelia,Dr Miguel Silva,octubre,martes,18,-101.178453415632,19.7197373635992
50700,50706,2024,LEG54201,2024/10/15,18:20:00,COLISIÓN POR CORTE DE CIRCULACIÓN,ASFALTO,Bueno,Bueno,2,FORD,NEGRO,2,,48,MASCULINO,SIN DATOS,0,0,Morelia,Camponubes,octubre,martes,18,-101.291759982705,19.6971495090722
50702,50708,2024,LEG54202,2024/10/15,22:00:00,COLISIÓN POR ALCANCE,CONCRETO,Bueno,Bueno,2,HONDA,ACERO,2,,22,FEMENINO,SIN DATOS,0,0,Morelia,Nicolas Bravo(Los Ejidos),octubre,martes,22,-101.219636052847,19.6985882727728
50703,50709,2024,,2024/10/16,"03:50:00",COLISIÓN POR NO RESPETAR SEMÁFORO,ASFALTO,Bueno,Bueno,1,VOLKSWAGEN,BLANCO,2,MINISTERIO PÚBLICO,0,MASCULINO,SIN DATOS,0,0,Morelia,Jardines de Torremolinos,octubre,miércoles,4,-101.225747466087,19.6768469790983
50704,50710,2024,LEG54204,2024/10/16,"06:20:00",COLISIÓN POR CORTE DE CIRCULACIÓN,CONCRETO,Bueno,Bueno,2,ITALIKA,VERDE,2,,16,,SIN DATOS,0,0,Morelia,Jacarandas,octubre,miércoles,6,-101.211111992598,19.7087678350337
50705,50711,2024,,2024/10/16,"08:20:00",COLISIÓN POR ALCANCE,ASFALTO,Bueno,Bueno,2,VOLKSWAGEN,BLANCO,2,,40,MASCULINO,SIN DATOS,0,0,Morelia,La Soledad,octubre,miércoles,8,-101.183195896447,19.730038660995
50706,50712,2024,,2024/10/16,"08:58:00",COLISIÓN POR CORTE DE CIRCULACIÓN,CONCRETO,Bueno,Bueno,2,CHEVROLET,ARENA,2,,38,FEMENINO,SIN DATOS,0,0,Morelia,Jacarandas,octubre,miércoles,9,-101.210098452866,19.7084755564798
50707,50713,2024,,2024/10/16,11:06:00,COLISIÓN CON PEATÓN,SIN_DATOS,Bueno,Bueno,1,FORD,NEGRO,1,,,MASCULINO,SIN DATOS,0,0,Morelia,Los Manantiales de Morelia,octubre,miércoles,11,-101.237725205719,19.7014749152095
50708,50714,2024,,2024/10/16,12:10:00,COLISIÓN POR ALCANCE,ASFALTO,Bueno,Bueno,2,NISSAN,NEGRO,2,,,,SIN DATOS,0,0,Morelia,Morelos,octubre,miércoles,12,-101.183202937245,19.7280191666978
50709,50715,2024,,2024/10/16,12:55:00,COLISIÓN POR CAMBIO DE CARRIL,ASFALTO,Bueno,Bueno,2,MERCEDES BENZ,AMARILLO Y GUINDA,2,,49,MASCULINO,SIN DATOS,0,0,Morelia,Enrique Ramirez,octubre,miércoles,13,-101.165977790952,19.709844779048
50710,50716,2024,LEG54209,2024/10/16,13:55:00,COLISIÓN POR ALCANCE,ASFALTO,Bueno,Bueno,2,NISSAN,ROJO,2,,27,MASCULINO,SIN DATOS,0,0,Charo,Sin datos,octubre,miércoles,14,-101.050233095884,19.6850416644975
50711,50717,2024,,2024/10/16,13:56:00,COLISIÓN POR CAMBIO DE CARRIL,ASFALTO,Bueno,Bueno,2,MERCEDES BENZ,BLANCO,2,,,MASCULINO,SIN DATOS,0,0,Morelia,Enrique Arreguin Robles,octubre,miércoles,14,-101.188152618706,19.7214467179646
50712,50718,2024,,2024/10/16,18:15:00,COLISIÓN POR MANIOBRA DE REVERSA,ASFALTO,Bueno,Bueno,2,CHEVROLET,AZUL,2,,35,FEMENINO,SIN DATOS,0,0,Morelia,Indeco El Vivero,octubre,miércoles,18,-101.230286120312,19.6793258035144
50713,50719,2024,,2024/10/16,21:10:00,COLISIÓN POR CAMBIO DE CARRIL,ASFALTO,Bueno,Bueno,2,TOYOTA,BLANCO Y NARANJA,2,,48,MASCULINO,SIN DATOS,0,0,Morelia,Lomas de San Juan,octubre,miércoles,21,-101.183039681886,19.7298664251429
50714,50720,2024,,2024/10/16,21:20:00,COLISIÓN POR ALCANCE,CONCRETO,Bueno,Bueno,3,CHRYSLER,BLANCO,4,,53,MASCULINO,SIN DATOS,0,0,Morelia,Cinco de Diciembre,octubre,miércoles,21,-101.162815939039,19.6862710903522
50715,50721,2024,,2024/10/17,"00:00:00",COLISIÓN POR CORTE DE CIRCULACIÓN,ASFALTO,Bueno,Bueno,2,BMW,BLANCO,2,,23,FEMENINO,SIN DATOS,0,0,Morelia,Molino de Parras,octubre,jueves,0,-101.206587441266,19.7016901881521
50716,50722,2024,,2024/10/17,"07:50:00",COLISIÓN POR CORTE DE CIRCULACIÓN,CONCRETO,Bueno,Bueno,2,ITALIKA,NEGRA,2,,19,MASCULINO,SIN DATOS,0,0,Morelia,Las Higueras,octubre,jueves,8,-101.236062558479,19.6913974064975
50717,50723,2024,,2024/10/17,"09:39:00",COLISIÓN POR ALCANCE,ASFALTO,Bueno,Bueno,2,CHEVROLET,BLANCO,2,,44,FEMENINO,SIN DATOS,0,0,Morelia,Las Americas,octubre,jueves,10,-101.15358967334,19.68744398721
50718,50724,2024,,2024/10/17,14:00:00,COLISIÓN POR CORTE DE CIRCULACIÓN,ASFALTO,Bueno,Bueno,2,HONDA,NEGRO,2,,40,MASCULINO,SIN DATOS,0,0,Morelia,La Huerta,octubre,jueves,14,-101.217681393027,19.6702538013562
50719,50725,2024,LEG54222,2024/10/17,19:27:00,COLISIÓN POR CORTE DE CIRCULACIÓN,ASFALTO,Bueno,Bueno,2,CHEVROLET,ROJO,2,,57,MASCULINO,SIN DATOS,0,0,Morelia,Vista Bella,octubre,jueves,19,-101.19675077498,19.6785315360673
50720,50726,2024,LEG54223,2024/10/17,21:00:00,COLISIÓN POR CAMBIO DE CARRIL,ASFALTO,Bueno,Regular,3,NISSAN,BLANCO,3,MINISTERIO PÚBLICO,61,MASCULINO,ALIENTO ETÍLICO,0,0,Morelia,La Esperanza,octubre,jueves,21,-101.154448986053,19.6998044883398
50721,50727,2024,,2024/10/17,23:40:00,COLISIÓN POR CORTE DE CIRCULACIÓN,CONCRETO,Bueno,Bueno,2,RAM,BLANCO,2,,30,MASCULINO,SIN DATOS,0,0,Morelia,Rincon Quieto,octubre,jueves,0,-101.205688675,19.6816837199991
50722,50728,2024,LEG54224,2024/10/17,23:40:00,COLISIÓN CONTRA OBJETO FIJO,ASFALTO,Nublado,Bueno,1,DINAMO,NEGRO,2,,,MASCULINO,SIN DATOS,1,0,Morelia,Francisco J Mujica,octubre,jueves,0,-101.191084943712,19.7228183543146
50723,50729,2024,,2024/10/18,"01:46:00",VOLCADURA,CONCRETO,Bueno,Bueno,1,SUZUKI,PERLA,1,,19,MASCULINO,SIN DATOS,0,0,Morelia,Lomas de Huerta,octubre,viernes,2,-101.214274987578,19.6743295815333
50724,50730,2024,,2024/10/18,"05:10:00",COLISIÓN CONTRA OBJETO FIJO,ASFALTO,Bueno,Bueno,1,FORD,BLANCO,1,MINISTERIO PÚBLICO,,,SIN DATOS,0,0,Morelia,Sin datos,octubre,viernes,5,-101.119128987193,19.7005910936413
50725,50731,2024,,2024/10/18,"06:20:00",COLISIÓN POR CORTE DE CIRCULACIÓN,SIN_DATOS,Bueno,Bueno,2,CHEVROLET,ROJO,0,MINISTERIO PÚBLICO,,,,0,0,Lázaro Cárdenas,1Er Sect de Fidelac,octubre,viernes,6,-102.19848241657,17.9600015372712
50726,50732,2024,,2024/10/18,10:45:00,COLISIÓN POR ALCANCE,ASFALTO,Bueno,Bueno,2,TOYOTA,BLANCO/ROSA,2,MINISTERIO PÚBLICO,,MASCULINO,SIN DATOS,0,0,Morelia,Barrio Alto,octubre,viernes,11,-101.196995861828,19.7248587441776
50727,50733,2024,LEG54228,2024/10/18,12:00:00,COLISIÓN CONTRA OBJETO FIJO,ASFALTO,Bueno,Bueno,1,HYUNDAI,BLANCO,1,,24,MASCULINO,SIN DATOS,0,0,Morelia,Sin datos,octubre,viernes,12,-101.279484517872,19.6461562781638
50728,50734,2024,,2024/10/18,12:07:00,COLISIÓN POR CAMBIO DE CARRIL,ASFALTO,Bueno,Bueno,2,ROADKING,ROJO,2,,,MASCULINO,SIN DATOS,0,0,Morelia,Tzindurio Norte,octubre,viernes,12,-101.243799738586,19.700316161008
50729,50735,2024,,2024/10/18,15:00:00,COLISIÓN POR MANIOBRA DE REVERSA,ASFALTO,Bueno,Bueno,2,CHEVROLET,NARANJA,2,,35,FEMENINO,SIN DATOS,0,0,Morelia,Campestre Los Manantiales,octubre,viernes,15,-101.23815972358,19.6877713442955
50730,50736,2024,,2024/10/18,20:40:00,COLISIÓN POR CAMBIO DE CARRIL,CONCRETO,Bueno,Bueno,2,SEAT,NEGRO,2,,43,MASCULINO,SIN DATOS,0,0,Morelia,Centro,octubre,viernes,21,-101.183166056871,19.7029723503239
50731,50737,2024,,2024/10/19,"00:20:00",COLISIÓN CONTRA OBJETO FIJO,ASFALTO,Bueno,Bueno,1,VOLKSWAGEN,GRIS,1,,20,MASCULINO,SIN DATOS,0,0,Morelia,Sin datos,octubre,sábado,0,-101.126466169953,19.7065343840651
50732,50738,2024,,2024/10/19,"06:58:00",SALIDA DE SUPERFICIE DE RODAMIENTO,ASFALTO,Bueno,Bueno,1,CHEVROLET,AZUL,1,,,,SIN DATOS,0,0,Morelia,Sin datos,octubre,sábado,7,-101.168161444366,19.6562441347814
50733,50739,2024,,2024/10/19,10:30:00,COLISIÓN POR ALCANCE,ASFALTO,Bueno,Bueno,2,NISSAN,PLATA,2,,65,MASCULINO,SIN DATOS,0,0,Morelia,Bosques de Oriente,octubre,sábado,11,-101.15545347333,19.7156018245066
50734,50740,2024,,2024/10/19,10:30:00,COLISIÓN POR CAMBIO DE CARRIL,ASFALTO,Bueno,Bueno,2,MAZDA,ROJO,2,,58,MASCULINO,SIN DATOS,0,0,Morelia,Morelos,octubre,sábado,11,-101.209210641682,19.6981643470326
50735,50741,2024,,2024/10/19,10:40:00,COLISIÓN POR CORTE DE CIRCULACIÓN,ASFALTO,Bueno,Bueno,2,HONDA,ROJO/NEGRO,2,,37,MASCULINO,SIN DATOS,0,0,Morelia,Centro,octubre,sábado,11,-101.194909773767,19.7071931227757
50736,50742,2024,,2024/10/19,12:15:00,COLISIÓN POR CORTE DE CIRCULACIÓN,CONCRETO,Bueno,Bueno,2,TOYOTA,BLANCO/GRIS,2,,28,MASCULINO,SIN DATOS,0,0,Morelia,Union,octubre,sábado,12,-101.154809072614,19.7138529544906
50737,50743,2024,,2024/10/19,12:25:00,COLISIÓN POR CORTE DE CIRCULACIÓN,ASFALTO,Bueno,Bueno,2,ITALIKA,NEGRO/AZUL,2,,21,MASCULINO,SIN DATOS,0,0,Morelia,Chapultepec Oriente,octubre,sábado,12,-101.159305125475,19.6900078981837
50738,50744,2024,,2024/10/19,14:20:00,COLISIÓN POR CAMBIO DE CARRIL,ASFALTO,Bueno,Bueno,2,BYD,BLANCO,2,,24,FEMENINO,SIN DATOS,0,0,Morelia,Tlalpujahua,octubre,sábado,14,-101.217989847064,19.6761467588653
50739,50745,2024,,2024/10/19,14:50:00,COLISIÓN POR CORTE DE CIRCULACIÓN,CONCRETO,Bueno,Bueno,2,HYUNDAI,ROJO,2,MINISTERIO PÚBLICO,20,MASCULINO,ALIENTO ETÍLICO,0,0,Morelia,La Aldea,octubre,sábado,15,-101.133760102093,19.740132909354
50740,50746,2024,,2024/10/19,15:15:00,COLISIÓN POR INVASIÓN DE CARRIL,ASFALTO,Bueno,Bueno,2,FORD,GRIS,2,MINISTERIO PÚBLICO,36,FEMENINO,SIN DATOS,0,0,Pátzcuaro,Sin datos,octubre,sábado,15,-101.639577783644,19.5299185692642
50741,50747,2024,,2024/10/19,15:30:00,COLISIÓN CONTRA OBJETO FIJO,SIN_DATOS,Bueno,Bueno,1,CHRYSLER,ROJO,1,,35,MASCULINO,SIN DATOS,0,0,Morelia,Felicitas del Rio,octubre,sábado,16,-101.195569597185,19.6902111910179
50742,50748,2024,,2024/10/19,16:00:00,COLISIÓN POR ALCANCE,ASFALTO,Bueno,Bueno,2,HONDA,GRIS,2,,49,MASCULINO,SIN DATOS,0,0,Cuitzeo,Sin datos,octubre,sábado,16,-101.152463816106,20.0337330437478
50743,50749,2024,,2024/10/19,20:45:00,COLISIÓN POR NO RESPETAR SEMÁFORO,ASFALTO,Bueno,Bueno,2,FORD,VERDE,2,,,FEMENINO,SIN DATOS,0,0,Morelia,Ejidal Ocolusen,octubre,sábado,21,-101.153430752456,19.687339813648
50744,50750,2024,,2024/10/19,21:00:00,COLISIÓN POR ALCANCE,ASFALTO,Bueno,Bueno,2,MAN,GRIS,2,,,MASCULINO,SIN DATOS,0,0,Morelia,Jardines de Torremolinos,octubre,sábado,21,-101.229696013033,19.6769966199956
50745,50751,2024,LEG54249,2024/10/19,21:15:00,COLISIÓN POR CORTE DE CIRCULACIÓN,ASFALTO,Bueno,Bueno,2,CARABELA,VERDE,3,,30,MASCULINO,SIN DATOS,1,0,Morelia,Lomas de Hidalgo,octubre,sábado,21,-101.163442768157,19.6959885139273