fid,id_accidente,anio_origen,folio_c5i,dia_incidente,hora_ocurrencia,tipo_incidente_vial,superficie_ocurrencia,condiciones_climaticas,condiciones_via,numero_vehiculos_involucrados,marca_vehiculo_ocasiona_siniestro,color_vehiculo_ocasiona_siniestro,numero_personas_involucradas,lugar_remite_presunto_responsable,edad_presunto_responsable,sexo_presunto_responsable,resultados_toxicologia,numero_personas_lesionadas,numero_personas_fallecidas,municipio,colonia,mes,dia_semana,hora_redondeada,lon,lat
50746,50752,2024,,2024/10/19,21:35:00,COLISIÓN POR CAMBIO DE CARRIL,ASFALTO,Bueno,Bueno,2,FORD,ROJO,2,,33,MASCULINO,SIN DATOS,0,0,Morelia,El Realito,octubre,sábado,22,-101.203671880066,19.725656272314
50747,50753,2024,,2024/10/19,22:54:00,COLISIÓN POR CORTE DE CIRCULACIÓN,ASFALTO,Bueno,Bueno,2,HONDA,BLANCO/NEGRO,2,,,MASCULINO,SIN DATOS,0,0,Morelia,Industrial,octubre,sábado,23,-101.197511181235,19.7122798704438
50748,50754,2024,LEG54251,2024/10/20,"00:00:00",COLISIÓN POR ALCANCE,ASFALTO,Bueno,Bueno,2,MERCEDES BENZ,ROJO,2,,53,MASCULINO,SIN DATOS,0,0,Morelia,Centro,octubre,domingo,0,-101.184010617435,19.7029426795281
50749,50755,2024,,2024/10/20,"00:00:00",COLISIÓN POR CORTE DE CIRCULACIÓN,SIN_DATOS,Bueno,Bueno,1,FORD,BLANCO,0,MINISTERIO PÚBLICO,,,,0,0,Lázaro Cárdenas,Pie de Casa,octubre,domingo,0,-102.22156919539,17.965795603391
50750,50756,2024,,2024/10/20,"01:47:00",COLISIÓN POR ALCANCE,ASFALTO,Bueno,Bueno,2,TOYOTA,PLATA,2,,65,MASCULINO,SIN DATOS,0,0,Morelia,Loma Dorada,octubre,domingo,2,-101.254328414798,19.6977366322849
50751,50757,2024,,2024/10/20,"02:15:00",COLISIÓN POR ALCANCE,ASFALTO,Bueno,Bueno,2,RENAULT,GRIS,2,,,FEMENINO,SIN DATOS,0,0,Morelia,Alberto Oviedo Mota,octubre,domingo,2,-101.19573622942,19.6815239803008
50752,50758,2024,,2024/10/20,"04:14:00",COLISIÓN CONTRA OBJETO FIJO,ASFALTO,Bueno,Bueno,1,CHEVROLET,PLATA,1,,27,MASCULINO,SIN DATOS,0,0,Morelia,Ventura Puente,octubre,domingo,4,-101.179470643401,19.6923732132788
50753,50759,2024,,2024/10/20,"05:15:00",SALIDA DE SUPERFICIE DE RODAMIENTO,CONCRETO,Bueno,Bueno,1,VOLKSWAGEN,PLATA,1,,23,MASCULINO,SIN DATOS,0,0,Morelia,Ventura Puente,octubre,domingo,5,-101.194426640868,19.6920199808006
50754,50760,2024,,2024/10/20,10:53:00,COLISIÓN POR CORTE DE CIRCULACIÓN,CONCRETO,Bueno,Bueno,2,S/D,S/D,2,,,,SIN DATOS,0,0,Morelia,Lomas de Santa Maria,octubre,domingo,11,-101.184328794479,19.6727289583011
50755,50761,2024,,2024/10/20,11:50:00,COLISIÓN POR INVASIÓN DE CARRIL,ASFALTO,Bueno,Regular,2,DODGE/GRAND CARAVAN,GRIS,2,MINISTERIO PÚBLICO,23,MASCULINO,SIN DATOS,0,0,Morelia,Emiliano Zapata,octubre,domingo,12,-101.230514086783,19.6542420224467
50756,50762,2024,,2024/10/20,11:53:00,COLISIÓN CONTRA OBJETO FIJO,CONCRETO,Bueno,Bueno,3,MITSUBISHI,GUINDA,3,MINISTERIO PÚBLICO,,MASCULINO,SIN DATOS,0,0,Morelia,Centro,octubre,domingo,12,-101.189933270216,19.697975268846
50757,50763,2024,,2024/10/20,15:00:00,COLISIÓN POR ALCANCE,ASFALTO,Bueno,Bueno,2,NISSAN,NEGRO,2,,31,MASCULINO,SIN DATOS,0,0,Morelia,Independencia,octubre,domingo,15,-101.177905909717,19.7193150719834
50758,50764,2024,LEG54262,2024/10/20,15:50:00,COLISIÓN POR CORTE DE CIRCULACIÓN,ASFALTO,Bueno,Bueno,2,CHEVROLET,ROJO,2,,55,MASCULINO,SIN DATOS,0,0,Morelia,Primo Tapia Oriente,octubre,domingo,16,-101.158551760018,19.7134540036609
50759,50765,2024,,2024/10/20,19:07:00,COLISIÓN POR ALCANCE,ASFALTO,Bueno,Bueno,3,S/D,S/D,2,,,MASCULINO,SIN DATOS,0,0,Morelia,Tenencia Morelos,octubre,domingo,19,-101.243929623155,19.6466055443724
50760,50766,2024,,2024/10/20,22:55:00,COLISIÓN POR ALCANCE,ASFALTO,Bueno,Bueno,2,NISSAN,BLANCO,2,,62,MASCULINO,SIN DATOS,0,0,Morelia,Gertrudis Sanchez,octubre,domingo,23,-101.205776745,19.7441101549991
50761,50767,2024,,2024/10/20,23:40:00,COLISIÓN POR INVASIÓN DE CARRIL,CONCRETO,Bueno,Bueno,2,ITALIKA,VERDE Y NEGRO,2,MINISTERIO PÚBLICO,25,MASCULINO,SIN DATOS,0,0,Morelia,Niños Heroes,octubre,domingo,0,-101.239587664604,19.7145293379979
50762,50768,2024,,2024/10/20,23:55:00,COLISIÓN CONTRA OBJETO FIJO,ADOQUIN_EMPEDRADO,Bueno,Bueno,1,VENTO,NEGRO/ROJO,0,MINISTERIO PÚBLICO,,,,0,0,Pátzcuaro,Ibarra,octubre,domingo,0,-101.616102084517,19.5396048512034
50763,50769,2024,,2024/10/21,"07:15:00",COLISIÓN POR ALCANCE,CONCRETO,Lluvioso,Regular,2,FORD,BEIGE,2,,19,MASCULINO,SIN DATOS,0,0,Morelia,Vasco de Quiroga,octubre,lunes,7,-101.172084441176,19.7019638559701
50764,50770,2024,,2024/10/21,"07:50:00",COLISIÓN CON PEATÓN,SIN_DATOS,Bueno,Bueno,2,NISSAN,AZUL,2,,49,MASCULINO,SIN DATOS,0,0,Morelia,Martires de Uruapan,octubre,lunes,8,-101.197319408167,19.725017061641
50765,50771,2024,,2024/10/21,"08:00:00",COLISIÓN POR NO RESPETAR SEMÁFORO,ASFALTO,Lluvioso,Bueno,2,VENTO,NEGRO,2,MINISTERIO PÚBLICO,64,MASCULINO,SIN DATOS,0,0,Morelia,Morelos,octubre,lunes,8,-101.212043724954,19.6922706212631
50766,50772,2024,,2024/10/21,"08:48:00",COLISIÓN POR CORTE DE CIRCULACIÓN,CONCRETO,Bueno,Bueno,2,FORD,BLANCO,2,,,MASCULINO,SIN DATOS,0,0,Morelia,Balcones de Morelia,octubre,lunes,9,-101.200926303864,19.6715949370578
50767,50773,2024,,2024/10/21,"09:03:00",COLISIÓN POR ALCANCE,ASFALTO,Lluvioso,Bueno,2,FREIGHTLINER,BLANCO,2,,37,MASCULINO,SIN DATOS,0,0,Morelia,Arcos del Valle,octubre,lunes,9,-101.236248314381,19.7076223904323
50768,50774,2024,,2024/10/21,"09:50:00",COLISIÓN POR ALCANCE,ASFALTO,Bueno,Bueno,2,NISSAN,GRIS,2,MINISTERIO PÚBLICO,42,MASCULINO,SIN DATOS,0,0,Morelia,Centro,octubre,lunes,10,-101.18754847,19.7028479949991
50769,50775,2024,,2024/10/21,11:51:00,COLISIÓN CON PEATÓN,SIN_DATOS,Bueno,Bueno,1,CHEVROLET,BLANCO,2,MINISTERIO PÚBLICO,52,MASCULINO,SIN DATOS,1,0,Morelia,Los Manantiales de Morelia,octubre,lunes,12,-101.240276657045,19.6927362306525
50770,50776,2024,,2024/10/21,12:25:00,COLISIÓN POR MANIOBRA DE REVERSA,ASFALTO,Bueno,Bueno,2,FREIGHTLINER,BLANCO,2,,,MASCULINO,SIN DATOS,0,0,Morelia,Popular Pogreso,octubre,lunes,12,-101.200093477964,19.72054375443
50771,50777,2024,,2024/10/21,12:30:00,COLISIÓN POR ALCANCE,ASFALTO,Lluvioso,Bueno,3,CHEVROLET,AZUL,3,,18,MASCULINO,SIN DATOS,0,0,Morelia,Vasco de Quiroga,octubre,lunes,13,-101.171026988099,19.6976785913658
50772,50778,2024,,2024/10/21,15:20:00,COLISIÓN POR CORTE DE CIRCULACIÓN,ASFALTO,Lluvioso,Regular,2,NISSAN,ROJO,2,,21,FEMENINO,SIN DATOS,0,0,Morelia,Jardines del Rincon,octubre,lunes,15,-101.15342438221,19.6873328687414
50773,50779,2024,,2024/10/21,16:20:00,SALIDA DE SUPERFICIE DE RODAMIENTO,ASFALTO,Bueno,Bueno,1,VOLKSWAGEN,GRIS,0,,,,,0,0,Morelia,Sin datos,octubre,lunes,16,-101.314859502017,19.5757345615217
50774,50780,2024,LEG54282,2024/10/21,18:54:00,COLISIÓN POR CORTE DE CIRCULACIÓN,ASFALTO,Bueno,Regular,2,MITSUBISHI,NEGRO,3,,,MASCULINO,SIN DATOS,1,0,Charo,De Santiago,octubre,lunes,19,-101.044372,19.745476
50775,50781,2024,LEG54266,2024/10/21,19:00:00,COLISIÓN POR ALCANCE,ASFALTO,Bueno,Bueno,2,VOLKSWAGEN,GRIS,2,MINISTERIO PÚBLICO,58,MASCULINO,ALIENTO ETÍLICO,0,0,Morelia,Santillan La Huerta,octubre,lunes,19,-101.219553885717,19.6760966650679
50776,50782,2024,LEG54283,2024/10/21,19:33:00,COLISIÓN POR ALCANCE,ASFALTO,Bueno,Bueno,2,VOLKSWAGEN,GRIS,2,MINISTERIO PÚBLICO,36,FEMENINO,SIN DATOS,0,0,Morelia,Los Laureles,octubre,lunes,20,-101.232922377234,19.7146136650311
50777,50783,2024,,2024/10/21,19:45:00,COLISIÓN POR CAMBIO DE CARRIL,ASFALTO,Bueno,Bueno,2,TOYOTA,BLANCO Y GRIS,2,,30,,SIN DATOS,0,0,Morelia,Camelinas,octubre,lunes,20,-101.17262119,19.6818144849991
50778,50784,2024,,2024/10/21,22:45:00,COLISIÓN POR INVASIÓN DE CARRIL,ASFALTO,Bueno,Bueno,2,ITALIKA,PLATA,2,,20,MASCULINO,SIN DATOS,0,0,Morelia,Ciudad Industrial,octubre,lunes,23,-101.14554366932,19.7284851395985
50779,50785,2024,,2024/10/22,"07:44:00",COLISIÓN POR CORTE DE CIRCULACIÓN,ASFALTO,Bueno,Bueno,2,MERCEDES BENZ,ROJO Y BLANCO,2,,,MASCULINO,SIN DATOS,0,0,Morelia,Camelinas,octubre,martes,8,-101.17262119,19.6818144849991
50780,50786,2024,,2024/10/22,12:42:00,COLISIÓN POR CAMBIO DE CARRIL,ASFALTO,Bueno,Bueno,2,NISSAN,BLANCO,2,MINISTERIO PÚBLICO,,MASCULINO,SIN DATOS,0,0,Morelia,Fovissste La Huerta,octubre,martes,13,-101.212335079908,19.6920616490155
50781,50787,2024,,2024/10/22,14:55:00,COLISIÓN CONTRA OBJETO FIJO,ASFALTO,Bueno,Bueno,2,CHEVROLET,GRIS,2,,,MASCULINO,SIN DATOS,0,0,Morelia,Las Americas,octubre,martes,15,-101.158854815697,19.6900602047538
50782,50788,2024,,2024/10/22,15:00:00,COLISIÓN POR CAMBIO DE CARRIL,ASFALTO,Bueno,Bueno,2,NISSAN/TSURU,BLANCO,2,,19,MASCULINO,SIN DATOS,0,0,Morelia,Irrigacion,octubre,martes,15,-101.222493946552,19.7052554068626
50783,50789,2024,,2024/10/22,21:00:00,COLISIÓN POR CORTE DE CIRCULACIÓN,ASFALTO,Bueno,Bueno,2,MITSUBISHI,AZUL,2,MINISTERIO PÚBLICO,59,FEMENINO,SIN DATOS,0,0,Morelia,Isaac Arriaga,octubre,martes,21,-101.173878539064,19.7098514781792
50784,50790,2024,,2024/10/23,"09:20:00",SALIDA DE SUPERFICIE DE RODAMIENTO,ASFALTO,Bueno,Bueno,1,MITSUBISHI,BLANCO,1,,,,SIN DATOS,0,0,Morelia,Sin datos,octubre,miércoles,9,-101.114527657628,19.7368083094451
50785,50791,2024,,2024/10/23,"09:30:00",COLISIÓN POR ALCANCE,ASFALTO,Bueno,Bueno,2,CHEVROLET,AZUL,2,MINISTERIO PÚBLICO,36,FEMENINO,SIN DATOS,0,0,Morelia,Tres Puentes,octubre,miércoles,10,-101.213524742681,19.7058468756013
50786,50792,2024,,2024/10/23,10:40:00,COLISIÓN POR CORTE DE CIRCULACIÓN,ASFALTO,Bueno,Bueno,2,VOLKSWAGEN,BLANCO,2,,27,MASCULINO,SIN DATOS,0,0,Morelia,Prados Verdes,octubre,miércoles,11,-101.19721026,19.7150711099992
50787,50793,2024,,2024/10/23,13:00:00,COLISIÓN POR CAMBIO DE CARRIL,ASFALTO,Bueno,Bueno,2,DINA,BLANCO,2,MINISTERIO PÚBLICO,,MASCULINO,SIN DATOS,0,0,Morelia,El Lago 1,octubre,miércoles,13,-101.219317540526,19.7276000529466
50788,50794,2024,,2024/10/23,14:00:00,COLISIÓN POR ALCANCE,ASFALTO,Bueno,Bueno,2,RAM,BLANCO,2,,39,MASCULINO,SIN DATOS,0,0,Cuitzeo,Sin datos,octubre,miércoles,14,-101.150843426585,20.0496168176663
50789,50795,2024,,2024/10/23,16:45:00,COLISIÓN POR MANIOBRA DE REVERSA,ASFALTO,Bueno,Bueno,2,TOYOTA,GRIS,2,MINISTERIO PÚBLICO,17,FEMENINO,SIN DATOS,0,0,Morelia,Felix Ireta,octubre,miércoles,17,-101.18390992,19.6848774749992
50790,50796,2024,LEG54297,2024/10/23,19:25:00,COLISIÓN POR CORTE DE CIRCULACIÓN,CONCRETO,Bueno,Bueno,2,PONTIAC,AZUL,2,,21,FEMENINO,SIN DATOS,0,0,Morelia,Centro,octubre,miércoles,19,-101.190697025138,19.7095019973639
50792,50798,2024,LEG54298,2024/10/23,20:58:00,COLISIÓN POR CORTE DE CIRCULACIÓN,ASFALTO,Bueno,Bueno,2,NISSAN,GRIS,2,,44,MASCULINO,SIN DATOS,0,0,Morelia,Ciudad Industrial,octubre,miércoles,21,-101.14554366932,19.7284851395985
50793,50799,2024,LEG54299,2024/10/23,21:40:00,COLISIÓN POR ALCANCE,ASFALTO,Bueno,Regular,2,RENAULT,GRIS,2,,24,FEMENINO,SIN DATOS,0,0,Morelia,Tenencia Morelos,octubre,miércoles,22,-101.243929623155,19.6466055443724
50794,50800,2024,,2024/10/24,"00:00:00",COLISIÓN POR NO RESPETAR SEMÁFORO,ASFALTO,Bueno,Bueno,2,VENTO,ROJO,2,,19,MASCULINO,SIN DATOS,0,0,Morelia,Camelinas,octubre,jueves,0,-101.171089410782,19.6820508644198
50795,50801,2024,,2024/10/24,"07:25:00",COLISIÓN POR NO RESPETAR SEMÁFORO,ASFALTO,Bueno,Bueno,2,NISSAN,BLANCO,2,,25,MASCULINO,SIN DATOS,0,0,Morelia,Las Americas,octubre,jueves,7,-101.15527803761,19.6905832056681
50796,50802,2024,,2024/10/24,"08:30:00",COLISIÓN POR CORTE DE CIRCULACIÓN,ASFALTO,Bueno,Bueno,2,Ford,Azul,2,,30,MASCULINO,SIN DATOS,0,0,Morelia,Tres Puentes,octubre,jueves,9,-101.213724464178,19.7026677509354
50797,50803,2024,,2024/10/24,"08:50:00",COLISIÓN POR CAMBIO DE CARRIL,ASFALTO,Bueno,Bueno,2,SEAT,ROJO,2,,,MASCULINO,SIN DATOS,0,0,Morelia,Arcos del Valle,octubre,jueves,9,-101.236171200871,19.7075734666032
50798,50804,2024,,2024/10/24,"09:00:00",COLISIÓN POR CORTE DE CIRCULACIÓN,ASFALTO,Bueno,Bueno,2,NISSAN/VERSA,GRIS,2,,37,FEMENINO,SIN DATOS,0,0,Morelia,Lomas del Durazno,octubre,jueves,9,-101.19300729,19.6648474299992
50799,50805,2024,LEG54305,2024/10/24,10:00:00,COLISIÓN POR CORTE DE CIRCULACIÓN,ASFALTO,Bueno,Bueno,2,NISSAN,GRIS,2,,28,MASCULINO,SIN DATOS,0,0,Morelia,Chapultepec Sur,octubre,jueves,10,-101.176059544086,19.6911121160923
50800,50806,2024,,2024/10/24,10:37:00,COLISIÓN CON PEATÓN,SIN_DATOS,Bueno,Bueno,2,FORD,AZUL,2,MINISTERIO PÚBLICO,,MASCULINO,SIN DATOS,0,0,Morelia,Agustin Arriaga Rivera,octubre,jueves,11,-101.221714094281,19.6934123877749
50801,50807,2024,,2024/10/24,10:40:00,COLISIÓN POR ALCANCE,ASFALTO,Bueno,Bueno,2,FORD,VERDE,2,,43,MASCULINO,SIN DATOS,0,0,Morelia,Santillan La Huerta,octubre,jueves,11,-101.220107451081,19.6753874994739
50802,50808,2024,,2024/10/24,13:10:00,COLISIÓN POR CORTE DE CIRCULACIÓN,CONCRETO,Bueno,Bueno,2,SEAT/CORDOBA,ROJO,2,,78,MASCULINO,SIN DATOS,0,0,Morelia,Hospitales de Don Vasco,octubre,jueves,13,-101.155103780329,19.7022132181272
50803,50809,2024,,2024/10/24,13:45:00,COLISIÓN POR CORTE DE CIRCULACIÓN,ASFALTO,Bueno,Bueno,2,FORD,BLANCO,2,,49,MASCULINO,SIN DATOS,0,0,Morelia,Sentimientos de La Nacion,octubre,jueves,14,-101.236870251596,19.6848039557047
50804,50810,2024,,2024/10/24,15:15:00,COLISIÓN POR ALCANCE,ASFALTO,Bueno,Bueno,2,VOLKSWAGEN,BLANCO,2,,18,MASCULINO,SIN DATOS,0,0,Morelia,Ventura Puente,octubre,jueves,15,-101.180385947227,19.6925086346388
50805,50811,2024,,2024/10/24,16:25:00,COLISIÓN CONTRA OBJETO FIJO,CONCRETO,Bueno,Bueno,1,CHEVROLET,PLATA,1,MINISTERIO PÚBLICO,0,,SIN DATOS,0,0,Morelia,Diego Rivera,octubre,jueves,16,-101.175784617662,19.7181665467664
50806,50812,2024,,2024/10/24,16:50:00,COLISIÓN POR CORTE DE CIRCULACIÓN,CONCRETO,Bueno,Bueno,2,FREIGTHLINER,BLANCO,1,,,MASCULINO,SIN DATOS,0,0,Morelia,Industrial,octubre,jueves,17,-101.191427260637,19.709032968465
50807,50813,2024,,2024/10/24,18:10:00,COLISIÓN POR CORTE DE CIRCULACIÓN,CONCRETO,Bueno,Bueno,2,ITALIKA,NEGRO,2,,30,MASCULINO,SIN DATOS,0,0,Morelia,Union,octubre,jueves,18,-101.155838035047,19.7079244552914
50808,50814,2024,,2024/10/24,20:15:00,COLISIÓN POR CORTE DE CIRCULACIÓN,ASFALTO,Bueno,Regular,2,MERCEDES BENZ,GRIS,2,,36,MASCULINO,SIN DATOS,0,0,Morelia,Tlalpujahua,octubre,jueves,20,-101.218598037958,19.6762907178285
50809,50815,2024,,2024/10/25,"05:20:00",COLISIÓN POR ALCANCE,ASFALTO,Bueno,Bueno,3,FREIGHTLINER,BLANCO,3,,20,MASCULINO,SIN DATOS,0,0,Morelia,Arcos del Valle,octubre,viernes,5,-101.236248314381,19.7076258624455
50810,50816,2024,,2024/10/25,"06:40:00",COLISIÓN POR CAMBIO DE CARRIL,SIN_DATOS,Bueno,Bueno,2,FREIGHTLINER,AMARILLO,2,MINISTERIO PÚBLICO,,MASCULINO,SIN DATOS,0,0,Morelia,La Soledad,octubre,viernes,7,-101.183317601681,19.7280235850598
50812,50818,2024,,2024/10/25,"08:44:00",COLISIÓN POR NO RESPETAR SEMÁFORO,ASFALTO,Bueno,Bueno,2,VOLKSWAGEN,ROJO,2,MINISTERIO PÚBLICO,56,MASCULINO,SIN DATOS,0,0,Morelia,Nueva Valladolid,octubre,viernes,9,-101.211171435,19.7020055149992
50813,50819,2024,LEG54321,2024/10/25,"08:50:00",COLISIÓN POR CORTE DE CIRCULACIÓN,ASFALTO,Bueno,Bueno,2,VOLKSWAGEN,BLANCO,2,,34,MASCULINO,SIN DATOS,0,0,Morelia,Americas Britania,octubre,viernes,9,-101.146284341812,19.6935465455945
50814,50820,2024,,2024/10/25,"09:27:00",COLISIÓN POR CORTE DE CIRCULACIÓN,ASFALTO,Bueno,Bueno,2,MAZDA,PLATA,2,,34,MASCULINO,SIN DATOS,0,0,Morelia,Mariano Michelena,octubre,viernes,9,-101.230119466782,19.6767901534045
50815,50821,2024,,2024/10/25,10:52:00,COLISIÓN POR CORTE DE CIRCULACIÓN,ASFALTO,Bueno,Bueno,1,MAZDA,PLATA,1,,41,MASCULINO,SIN DATOS,0,0,Morelia,Alberto Oviedo Mota,octubre,viernes,11,-101.199493333697,19.6810526558906
50816,50822,2024,,2024/10/25,11:40:00,COLISIÓN POR ALCANCE,CONCRETO,Bueno,Bueno,2,DODGE,NEGRO,2,,60,MASCULINO,SIN DATOS,0,0,Morelia,Prados Verdes,octubre,viernes,12,-101.193766146898,19.7152072967569
50817,50823,2024,,2024/10/25,13:50:00,COLISIÓN POR ALCANCE,ASFALTO,Bueno,Bueno,2,DODGE,BLANCO,2,,58,MASCULINO,SIN DATOS,0,0,Morelia,Libertad,octubre,viernes,14,-101.238106749952,19.6873527564276
50818,50824,2024,,2024/10/25,15:10:00,COLISIÓN POR CORTE DE CIRCULACIÓN,ASFALTO,Bueno,Bueno,1,GMC,GUINDA,1,,68,MASCULINO,SIN DATOS,0,0,Morelia,Jose Ma Pino Suarez,octubre,viernes,15,-101.164619922638,19.7259027572526
50819,50825,2024,,2024/10/25,15:30:00,COLISIÓN CON PEATÓN,CONCRETO,Bueno,Bueno,2,MERCEDES BENZ,NARANJA/BLANCO,2,MINISTERIO PÚBLICO,42,MASCULINO,CON CERTIFICADO,0,0,Morelia,Jardin de La Montaña,octubre,viernes,16,-101.312762349844,19.6918192156131
50820,50826,2024,,2024/10/25,16:20:00,COLISIÓN POR CORTE DE CIRCULACIÓN,ASFALTO,Bueno,Bueno,1,FORD,GRIS,1,,27,MASCULINO,SIN DATOS,0,0,Morelia,Emiliano Zapata,octubre,viernes,16,-101.230468153954,19.654424521657
50821,50827,2024,LEG54330,2024/10/26,"00:35:00",COLISIÓN POR NO RESPETAR SEMÁFORO,CONCRETO,Bueno,Bueno,2,RENAULT,PLATA,2,MINISTERIO PÚBLICO,28,FEMENINO,SIN DATOS,0,0,Morelia,La Loma,octubre,sábado,1,-101.178808808327,19.6814649464419
50822,50828,2024,,2024/10/26,"08:35:00",COLISIÓN POR ALCANCE,CONCRETO,Bueno,Bueno,2,MERCEDES,AZUL,2,,45,MASCULINO,SIN DATOS,0,0,Morelia,Los Manantiales de Morelia,octubre,sábado,9,-101.240301802754,19.6927245509759
50823,50829,2024,,2024/10/26,17:30:00,COLISIÓN POR CAMBIO DE CARRIL,ASFALTO,Bueno,Bueno,1,HONDA,PLATA,1,,17,,SIN DATOS,0,0,Morelia,Arkos San Pedro,octubre,sábado,18,-101.279091035422,19.6281849331561
50824,50830,2024,LEG54329,2024/10/26,21:20:00,COLISIÓN POR CORTE DE CIRCULACIÓN,ASFALTO,Bueno,Bueno,2,toyota,BALNCO/ROSA,2,,44,MASCULINO,SIN DATOS,0,0,Morelia,Cuauhtemoc,octubre,sábado,21,-101.178747117519,19.6966286721613
50825,50831,2024,,2024/10/27,13:30:00,COLISIÓN POR CORTE DE CIRCULACIÓN,CONCRETO,Bueno,Bueno,2,CHEVROLET,BLANCO,2,,57,MASCULINO,SIN DATOS,0,0,Morelia,Loma Bonita,octubre,domingo,14,-101.196879856288,19.7201722786113
50826,50832,2024,,2024/10/27,15:10:00,COLISIÓN POR CORTE DE CIRCULACIÓN,ASFALTO,Bueno,Bueno,2,HONDA,ACCORD,2,,33,,SIN DATOS,0,0,Morelia,Ventura Puente,octubre,domingo,15,-101.195376142859,19.6922636765705
50827,50833,2024,,2024/10/27,15:30:00,COLISIÓN POR ALCANCE,ASFALTO,Bueno,Bueno,2,AUDI,ROJO,2,,34,FEMENINO,SIN DATOS,0,0,Morelia,Cinco de Diciembre,octubre,domingo,16,-101.165784336627,19.6844390262473
50828,50834,2024,,2024/10/27,16:34:00,SUBIDA AL CAMELLÓN,ASFALTO,Bueno,Bueno,1,DODGE,PLATA,1,,24,MASCULINO,SIN DATOS,0,0,Morelia,Lomas de San Juan,octubre,domingo,17,-101.183039681886,19.7298664251429
50829,50835,2024,,2024/10/27,16:50:00,COLISIÓN POR ALCANCE,ASFALTO,Bueno,Bueno,3,CHEVROLET,GRIS,4,MINISTERIO PÚBLICO,29,MASCULINO,SIN DATOS,1,0,Morelia,Mirador del Punhuato,octubre,domingo,17,-101.157403069452,19.7043089194707
50830,50836,2024,,2024/10/27,18:38:00,COLISIÓN POR CORTE DE CIRCULACIÓN,ASFALTO,Bueno,Bueno,2,FORD,GRIS,2,,38,MASCULINO,SIN DATOS,0,0,Morelia,Torreon Nuevo,octubre,domingo,19,-101.20358663,19.7462449699991
50832,50838,2024,,2024/10/28,"00:00:00",COLISIÓN POR CORTE DE CIRCULACIÓN,ASFALTO,Bueno,Bueno,2,TOYOTA,GRIS,2,,33,MASCULINO,SIN DATOS,0,0,Morelia,Centro,octubre,lunes,0,-101.200238987803,19.7012258674116
50833,50839,2024,,2024/10/28,"00:00:00",COLISIÓN POR CAMBIO DE CARRIL,ASFALTO,Bueno,Bueno,2,NISSAN,GRIS,2,,66,MASCULINO,SIN DATOS,0,0,Morelia,Centro,octubre,lunes,0,-101.187811642885,19.6958309992553
50834,50840,2024,,2024/10/28,"09:20:00",COLISIÓN POR CAMBIO DE CARRIL,ASFALTO,Bueno,Bueno,2,KENWORTH,AZUL,2,,44,MASCULINO,SIN DATOS,0,0,Morelia,Xangari,octubre,lunes,9,-101.220693849027,19.6741145875079
50835,50841,2024,LEG54344,2024/10/28,10:25:00,COLISIÓN POR CORTE DE CIRCULACIÓN,ASFALTO,Bueno,Bueno,2,VOLKSWAGEN,GRIS,2,,45,FEMENINO,SIN DATOS,0,0,Morelia,Agustin Arriaga Rivera,octubre,lunes,10,-101.221716105938,19.6934114407781
50836,50842,2024,LEG54351,2024/10/28,12:00:00,COLISIÓN CONTRA OBJETO FIJO,ASFALTO,Bueno,Bueno,2,NISSAN,BLANCO,2,,17,MASCULINO,SIN DATOS,0,0,Morelia,Sin datos,octubre,lunes,12,-101.291736848652,19.6266914181752
50837,50843,2024,,2024/10/28,13:41:00,COLISIÓN POR ALCANCE,ASFALTO,Bueno,Bueno,2,NISSAN,BLANCO,2,,68,FEMENINO,SIN DATOS,0,0,Morelia,Canteras de Morelia,octubre,lunes,14,-101.171751916409,19.7160771502466
50838,50844,2024,,2024/10/28,14:30:00,COLISIÓN POR ALCANCE,ASFALTO,Bueno,Bueno,2,TOYOTA,GRIS,2,,26,MASCULINO,SIN DATOS,0,0,Cuitzeo,Sin datos,octubre,lunes,15,-101.153060943741,20.0283409706753
50839,50845,2024,,2024/10/28,15:45:00,COLISIÓN POR CORTE DE CIRCULACIÓN,ASFALTO,Bueno,Bueno,2,MAZDA,GRIS,2,,53,FEMENINO,SIN DATOS,0,0,Morelia,Morelos,octubre,lunes,16,-101.207563765347,19.6979238168133
50840,50846,2024,,2024/10/28,19:30:00,COLISIÓN POR CAMBIO DE CARRIL,ASFALTO,Bueno,Bueno,2,BYD,BLANCO,2,MINISTERIO PÚBLICO,19,MASCULINO,SIN DATOS,0,0,Morelia,Montaña Monarca,octubre,lunes,20,-101.164697371423,19.6655796284224
50841,50847,2024,,2024/10/28,20:25:00,COLISIÓN POR INVASIÓN DE CARRIL,ASFALTO,Bueno,Bueno,2,ITALIKA,NEGRO Y AMARILLO,2,,21,MASCULINO,SIN DATOS,0,0,Morelia,Ignacio Allende,octubre,lunes,20,-101.27932459116,19.6854804620062
50842,50848,2024,,2024/10/29,"06:00:00",COLISIÓN CON PEATÓN,CONCRETO,Bueno,Bueno,5,CHEVROLET,NEGRO,1,MINISTERIO PÚBLICO,0,MASCULINO,SIN DATOS,0,0,Morelia,Central de Abastos,octubre,martes,6,-101.168568134308,19.7159243896715
50843,50849,2024,,2024/10/29,"08:05:00",COLISIÓN POR CAMBIO DE CARRIL,CONCRETO,Bueno,Bueno,2,VOLKSWAGEN,ROJO,2,,43,,SIN DATOS,0,0,Morelia,Alfonso Garcia Robles,octubre,martes,8,-101.181791424751,19.7191638925762