fid,id_accidente,anio_origen,folio_c5i,dia_incidente,hora_ocurrencia,tipo_incidente_vial,superficie_ocurrencia,condiciones_climaticas,condiciones_via,numero_vehiculos_involucrados,marca_vehiculo_ocasiona_siniestro,color_vehiculo_ocasiona_siniestro,numero_personas_involucradas,lugar_remite_presunto_responsable,edad_presunto_responsable,sexo_presunto_responsable,resultados_toxicologia,numero_personas_lesionadas,numero_personas_fallecidas,municipio,colonia,mes,dia_semana,hora_redondeada,lon,lat
50844,50850,2024,,2024/10/29,"08:30:00",COLISIÓN POR CORTE DE CIRCULACIÓN,ASFALTO,Bueno,Bueno,2,BAJAJ,BLANCO CON ROJO,2,,40,FEMENINO,SIN DATOS,0,0,Morelia,Justo Mendoza,octubre,martes,9,-101.231133341789,19.7145306004936
50845,50851,2024,,2024/10/29,10:37:00,COLISIÓN POR ALCANCE,ASFALTO,Bueno,Bueno,2,VENTO NITROX RZ,ROJO,2,,57,MASCULINO,SIN DATOS,0,0,Morelia,Lomas del Tecnologico,octubre,martes,11,-101.194212734699,19.7238046249025
50846,50852,2024,,2024/10/29,11:50:00,COLISIÓN POR CORTE DE CIRCULACIÓN,ASFALTO,Bueno,Bueno,2,VOLKSWAGEN,BLANCO,2,,33,MASCULINO,SIN DATOS,0,0,Morelia,Elias Perez Avalos,octubre,martes,12,-101.165588870645,19.7104539499129
50847,50853,2024,,2024/10/29,15:20:00,COLISIÓN POR CORTE DE CIRCULACIÓN,CONCRETO,Bueno,Bueno,2,CHEVROLET,AZUL,2,,,MASCULINO,SIN DATOS,0,0,Morelia,Santa Maria,octubre,martes,15,-101.200156509876,19.6802072359588
50848,50854,2024,,2024/10/29,15:31:00,COLISIÓN POR CORTE DE CIRCULACIÓN,CONCRETO,Bueno,Bueno,2,FORD,PLATA,4,MINISTERIO PÚBLICO,17,MASCULINO,SIN DATOS,2,0,Morelia,Centro,octubre,martes,16,-101.201881170273,19.704325522151
50849,50855,2024,,2024/10/29,16:30:00,COLISIÓN POR ALCANCE,ASFALTO,Bueno,Bueno,2,HYUNDAI,GRIS,2,,,FEMENINO,SIN DATOS,0,0,Morelia,Loma Real,octubre,martes,17,-101.19832187891,19.7291849788348
50850,50856,2024,,2024/10/29,17:30:00,COLISIÓN CON PEATÓN,SIN_DATOS,Bueno,Bueno,2,RANGER ROVER,ROJO,2,,53,MASCULINO,SIN DATOS,0,0,Morelia,Francisco J Mujica,octubre,martes,18,-101.1910738796,19.7228167762768
50851,50857,2024,,2024/10/29,18:17:00,COLISIÓN CON PEATÓN,SIN_DATOS,Bueno,Bueno,2,NISSAN,VERDE Y  BLANCO,1,,,MASCULINO,SIN DATOS,0,0,Morelia,Clara Cordova Moran,octubre,martes,18,-101.178064495325,19.7347052709737
50852,50858,2024,,2024/10/29,18:30:00,COLISIÓN POR CORTE DE CIRCULACIÓN,ASFALTO,Bueno,Bueno,2,FORD,PLATA,2,,80,MASCULINO,SIN DATOS,0,0,Morelia,Sin datos,octubre,martes,19,-101.105214357376,19.7294778507147
50853,50859,2024,LEG54368,2024/10/29,20:00:00,COLISIÓN CONTRA OBJETO FIJO,CONCRETO,Bueno,Bueno,4,ISUZU,BLANCO,4,,34,,SIN DATOS,0,0,Morelia,Solidaridad,octubre,martes,20,-101.206609234214,19.735411546586
50854,50860,2024,,2024/10/29,20:15:00,COLISIÓN CONTRA OBJETO FIJO,ASFALTO,Bueno,Bueno,1,MERCEDES BENZ,BLANCO,1,,50,MASCULINO,SIN DATOS,0,0,Morelia,Cumbres de Morelia,octubre,martes,20,-101.140835434198,19.691540164211
50855,50861,2024,LEG54369,2024/10/29,20:50:00,COLISIÓN POR CORTE DE CIRCULACIÓN,ASFALTO,Bueno,Bueno,2,CHEVROLET,ROJO,2,,24,FEMENINO,SIN DATOS,0,0,Morelia,Vista Bella,octubre,martes,21,-101.197648644447,19.6777928082427
50856,50862,2024,LEG54370,2024/10/29,22:45:00,COLISIÓN POR ALCANCE,ASFALTO,Bueno,Bueno,2,NISSAN,NEGRO,2,MINISTERIO PÚBLICO,28,FEMENINO,ALIENTO ETÍLICO,0,0,Morelia,Rafael Carrillo,octubre,martes,23,-101.236444115639,19.7078341830945
50857,50863,2024,,2024/10/30,"08:30:00",COLISIÓN POR ALCANCE,ASFALTO,Bueno,Bueno,2,Italika,Negro y verde,2,,,,SIN DATOS,0,0,Morelia,Arkos San Antonio,octubre,miércoles,9,-101.270087063313,19.6678417493974
50858,50864,2024,,2024/10/30,11:02:00,COLISIÓN POR CAMBIO DE CARRIL,ASFALTO,Bueno,Bueno,2,KIA,AZUL,2,,,MASCULINO,SIN DATOS,0,0,Morelia,Felix Ireta,octubre,miércoles,11,-101.191515773535,19.6824606269044
50859,50865,2024,,2024/10/30,12:00:00,COLISIÓN POR CORTE DE CIRCULACIÓN,ASFALTO,Bueno,Bueno,2,MERCEDES,BLANCO,2,,50,MASCULINO,SIN DATOS,0,0,Morelia,Bosques Tres Marias,octubre,miércoles,12,-101.105249226093,19.7292626151828
50860,50866,2024,,2024/10/30,13:00:00,COLISIÓN POR CAMBIO DE CARRIL,ASFALTO,Bueno,Bueno,3,INTERNATIONAL,Blanco,3,,,,SIN DATOS,0,0,Morelia,Sentimientos de La Nacion,octubre,miércoles,13,-101.235390678048,19.6809326936626
50861,50867,2024,,2024/10/30,17:45:00,COLISIÓN POR CAMBIO DE CARRIL,ASFALTO,Bueno,Bueno,2,CHEVROLET EQUINOX,NEGRO,2,,32,MASCULINO,SIN DATOS,0,0,Morelia,Reforma,octubre,miércoles,18,-101.24025721103,19.7063699356937
50862,50868,2024,,2024/10/30,19:40:00,COLISIÓN POR CORTE DE CIRCULACIÓN,CONCRETO,Bueno,Regular,2,NISSAN/NP300,BLANCO,2,,65,MASCULINO,SIN DATOS,0,0,Morelia,Industrial,octubre,miércoles,20,-101.193117475,19.7116345199991
50863,50869,2024,,2024/10/30,22:15:00,COLISIÓN CONTRA OBJETO FIJO,ASFALTO,Bueno,Bueno,1,VOLKWAGEN JETTA,ROJO,1,,37,MASCULINO,SIN DATOS,0,0,Morelia,Lomas de San Juan,octubre,miércoles,22,-101.183039681886,19.7298664251429
50864,50870,2024,,2024/10/31,"08:06:00",COLISIÓN POR CORTE DE CIRCULACIÓN,ASFALTO,Bueno,Bueno,2,RAM,PLATA,3,MINISTERIO PÚBLICO,24,MASCULINO,SIN DATOS,1,0,Morelia,Ventura Puente,octubre,jueves,8,-101.187886795,19.6936008749991
50865,50871,2024,,2024/10/31,"08:30:00",COLISIÓN POR CORTE DE CIRCULACIÓN,ASFALTO,Bueno,Bueno,2,HONDA,ROJO,2,,18,MASCULINO,SIN DATOS,0,0,Morelia,Centro,octubre,jueves,9,-101.194721195,19.6967728549991
50866,50872,2024,,2024/10/31,12:10:00,COLISIÓN POR INVASIÓN DE CARRIL,ASFALTO,Bueno,Bueno,2,NISSAN,BLANCO,2,MINISTERIO PÚBLICO,32,MASCULINO,SIN DATOS,1,0,Morelia,Ciudad Industrial,octubre,jueves,12,-101.137944683433,19.7286210095969
50867,50873,2024,,2024/10/31,14:13:00,COLISIÓN POR CAMBIO DE CARRIL,ASFALTO,Bueno,Bueno,2,TOYOTA,BLANCO/MORADO,2,,56,MASCULINO,SIN DATOS,0,0,Morelia,Lomas del Tecnologico,octubre,jueves,14,-101.188298463821,19.7212115881401
50868,50874,2024,,2024/10/31,15:37:00,COLISIÓN POR ALCANCE,ASFALTO,Bueno,Bueno,2,CHEVROLET,BLANCO,2,,32,MASCULINO,SIN DATOS,0,0,Morelia,Jardines de Torremolinos,octubre,jueves,16,-101.225695163012,19.6768444535123
50869,50875,2024,LEG54384,2024/10/31,18:30:00,COLISIÓN CON PEATÓN,ASFALTO,Bueno,Bueno,1,FORD,BLANCO,2,MINISTERIO PÚBLICO,48,MASCULINO,SIN DATOS,1,0,Morelia,Rincon del Punhuato,octubre,jueves,19,-101.142155751586,19.6970996350656
50870,50876,2024,LEG54387,2024/10/31,19:22:00,COLISIÓN CONTRA OBJETO FIJO,ASFALTO,Bueno,Bueno,1,HONDA,NEGRO,1,,,MASCULINO,SIN DATOS,0,0,Morelia,Pascual Ortiz de Ayala,octubre,jueves,19,-101.149330660701,19.6948388742213
50871,50877,2024,,2024/10/31,20:23:00,SUBIDA AL CAMELLÓN,ASFALTO,Bueno,Bueno,1,NISSAN,ROJO,1,MINISTERIO PÚBLICO,,,SIN DATOS,0,0,Morelia,Nueva Valladolid,octubre,jueves,20,-101.210740506649,19.6951589559573
50872,50878,2024,LEG54391,2024/10/31,21:50:00,COLISIÓN POR ALCANCE,ASFALTO,Bueno,Bueno,2,MITSUBISHI,NEGRO,2,,52,MASCULINO,SIN DATOS,0,0,Morelia,Vista Bella,octubre,jueves,22,-101.192602738738,19.6821657748063
50873,50879,2024,,2024/10/31,22:10:00,COLISIÓN POR ALCANCE,ASFALTO,Bueno,Bueno,2,CHEVROLET,GRIS,2,,31,MASCULINO,SIN DATOS,0,0,Morelia,Lomas de Santa Maria,octubre,jueves,22,-101.187984645367,19.6762121086738
50874,50880,2024,LEG54393,2024/10/31,23:40:00,COLISIÓN CONTRA OBJETO FIJO,ASFALTO,Bueno,Regular,1,NISSAN,AZUL,1,,64,MASCULINO,SIN DATOS,0,0,Morelia,Felix Ireta,octubre,jueves,0,-101.18106789887,19.6838392268897
50875,50881,2024,,2024/11/01,"00:00:00",COLISIÓN CONTRA OBJETO FIJO,ASFALTO,Bueno,Bueno,1,TVS,ROJO,1,,,MASCULINO,CON CERTIFICADO,0,0,Morelia,Tierra Y Libertad,noviembre,viernes,0,-101.23005207628,19.7160645254112
50876,50882,2024,,2024/11/01,"03:00:00",CAIDA DE MOTOCICLETA,CONCRETO,Bueno,Bueno,1,HONDA,NEGRO,1,,27,MASCULINO,SIN DATOS,0,0,Morelia,Santa Maria de Guido,noviembre,viernes,3,-101.189258024096,19.6764820315138
50877,50883,2024,LEG54395,2024/11/01,"04:10:00",COLISIÓN CONTRA OBJETO FIJO,ASFALTO,Bueno,Bueno,2,VOLKSWAGEN,NEGRO,2,MINISTERIO PÚBLICO,34,FEMENINO,CON CERTIFICADO,0,0,Morelia,Leandro Valle,noviembre,viernes,4,-101.230173110962,19.716727327921
50878,50884,2024,,2024/11/01,12:45:00,COLISIÓN POR CAMBIO DE CARRIL,ASFALTO,Bueno,Bueno,2,KENWORTH,BLANCO,2,,32,MASCULINO,SIN DATOS,0,0,Morelia,Ferrocarrilero,noviembre,viernes,13,-101.217449381948,19.6975885890542
50879,50885,2024,,2024/11/01,12:50:00,COLISIÓN CONTRA OBJETO FIJO,CONCRETO,Bueno,Bueno,1,NISSAN,BLANCO,1,MINISTERIO PÚBLICO,34,MASCULINO,SIN DATOS,0,0,Morelia,Valle del Punhuato,noviembre,viernes,13,-101.145073994994,19.6980077814716
50880,50886,2024,,2024/11/01,13:35:00,COLISIÓN POR MANIOBRA DE REVERSA,ASFALTO,Bueno,Bueno,2,BMW,NEGRO,2,,23,FEMENINO,SIN DATOS,0,0,Morelia,Josefa Ortiz de Dominguez,noviembre,viernes,14,-101.209630072117,19.6718525550602
50881,50887,2024,,2024/11/01,14:40:00,COLISIÓN POR CORTE DE CIRCULACIÓN,ASFALTO,Bueno,Bueno,2,NISSAN,GRIS,2,,67,MASCULINO,SIN DATOS,0,0,Morelia,Jose Ma Pino Suarez,noviembre,viernes,15,-101.162728965282,19.7231431141659
50882,50888,2024,,2024/11/01,15:40:00,COLISIÓN POR ALCANCE,ASFALTO,Bueno,Bueno,2,VOLKSWAGEN,AZUL,2,,21,MASCULINO,SIN DATOS,0,0,Morelia,Loma de Los Piñones,noviembre,viernes,16,-101.203511953354,19.6749423602784
50883,50889,2024,,2024/11/01,16:45:00,COLISIÓN POR CAMBIO DE CARRIL,ASFALTO,Bueno,Bueno,2,NISSAN,AZUL,2,,19,MASCULINO,SIN DATOS,0,0,Morelia,Isaac Arriaga,noviembre,viernes,17,-101.168541312218,19.7089445907034
50884,50890,2024,,2024/11/01,17:21:00,COLISIÓN CONTRA OBJETO FIJO,ASFALTO,Bueno,Bueno,1,NISSAN,BLANCO,1,,,MASCULINO,SIN DATOS,0,0,Morelia,Sin datos,noviembre,viernes,17,-101.334068477154,19.556556894619
50885,50891,2024,,2024/11/01,18:10:00,COLISIÓN POR ALCANCE,ASFALTO,Bueno,Bueno,3,VOLKSWAGEN,NEGRO,3,MINISTERIO PÚBLICO,,MASCULINO,SIN DATOS,0,0,Morelia,Libertad,noviembre,viernes,18,-101.237865015864,19.6871642968267
50886,50892,2024,,2024/11/01,23:25:00,COLISIÓN CON PEATÓN,CONCRETO,Bueno,Bueno,1,RENAULT,ROJO,2,MINISTERIO PÚBLICO,61,MASCULINO,SIN DATOS,1,0,Morelia,Dieciocho de Mayo,noviembre,viernes,23,-101.153050549328,19.7062310540198
50887,50893,2024,,2024/11/01,23:30:00,COLISIÓN POR CORTE DE CIRCULACIÓN,ASFALTO,Bueno,Bueno,2,BYD KING,GRIS,2,,29,MASCULINO,SIN DATOS,0,0,Morelia,3 de Agosto,noviembre,viernes,0,-101.174422055483,19.7317703120526
50888,50894,2024,,2024/11/01,23:50:00,COLISIÓN POR INVASIÓN DE CARRIL,ASFALTO,Bueno,Bueno,2,VOKLSWAGEN,GRIS,2,,,MASCULINO,CON CERTIFICADO,0,0,Morelia,Tierra Y Libertad,noviembre,viernes,0,-101.230071187019,19.7160657878948
50889,50895,2024,LEG54406,2024/11/02,"04:50:00",COLISIÓN POR CORTE DE CIRCULACIÓN,ASFALTO,Bueno,Bueno,2,S/D,NEGRO,1,,28,MASCULINO,SIN DATOS,0,0,Morelia,Chapultepec Sur,noviembre,sábado,5,-101.169694662094,19.6916383373276
50890,50896,2024,,2024/11/02,"06:00:00",SALIDA DE SUPERFICIE DE RODAMIENTO,ASFALTO,Bueno,Bueno,1,NISSAN,ROJO,1,,30,MASCULINO,SIN DATOS,0,0,Morelia,Arcos del Valle,noviembre,sábado,6,-101.236253678799,19.7076347002967
50891,50897,2024,,2024/11/02,"07:50:00",COLISIÓN POR CORTE DE CIRCULACIÓN,ASFALTO,Bueno,Bueno,2,NISSAN,BLANCO,2,,19,MASCULINO,SIN DATOS,0,0,Morelia,Sin datos,noviembre,sábado,8,-101.103873252869,19.7321692171629
50893,50899,2024,,2024/11/02,18:06:00,COLISIÓN POR INVASIÓN DE CARRIL,CONCRETO,Bueno,Bueno,3,ITALIKA,BLANCO Y VERDE,3,,18,,SIN DATOS,0,0,Morelia,Tenencia Morelos,noviembre,sábado,18,-101.239001601934,19.6507479750392
50894,50900,2024,LEG54412,2024/11/02,19:57:00,SUBIDA AL CAMELLÓN,ASFALTO,Bueno,Bueno,1,VOLKSWAGEN,BLANCO,1,,51,FEMENINO,CON CERTIFICADO,0,0,Morelia,Martires de Uruapan,noviembre,sábado,20,-101.197332814336,19.7248981946143
50895,50901,2024,LEG54413,2024/11/02,20:00:00,SUBIDA AL CAMELLÓN,ASFALTO,Bueno,Bueno,1,TOYOTA,BLANCO,0,,,,,0,0,Morelia,El Lago 1,noviembre,sábado,20,-101.213937699795,19.7269341395297
50896,50902,2024,LEG54411,2024/11/02,20:40:00,COLISIÓN CONTRA OBJETO FIJO,ASFALTO,Bueno,Bueno,1,FORD,NEGRO,1,,,,SIN DATOS,0,0,Morelia,Irrigacion,noviembre,sábado,21,-101.223780065775,19.7049624906052
50897,50903,2024,LEG54414,2024/11/03,"01:00:00",COLISIÓN CONTRA OBJETO FIJO,ASFALTO,Bueno,Bueno,2,NISSAN,B,2,,26,,SIN DATOS,0,0,Morelia,Lomas de Santa Maria,noviembre,domingo,1,-101.184284538031,19.6727491635066
50898,50904,2024,LEG54415,2024/11/03,"04:30:00",COLISIÓN CONTRA OBJETO FIJO,CONCRETO,Nublado,Bueno,2,SEAT,ROJO,2,,33,MASCULINO,SIN DATOS,0,0,Morelia,Chapultepec Sur,noviembre,domingo,5,-101.16581350565,19.6890135273411
50899,50905,2024,LEG54419,2024/11/03,11:59:00,COLISIÓN CONTRA OBJETO FIJO,CONCRETO,Bueno,Bueno,3,NISSAN,NEGRO,3,MINISTERIO PÚBLICO,0,MASCULINO,SIN DATOS,0,0,Morelia,Hacienda de Tinijaro (Villas de Tinijaro),noviembre,domingo,12,-101.256694793701,19.6843945148984
50900,50906,2024,,2024/11/03,13:10:00,COLISIÓN POR CORTE DE CIRCULACIÓN,CONCRETO,Bueno,Bueno,3,CHEVROLET,BLANCO,3,MINISTERIO PÚBLICO,38,FEMENINO,SIN DATOS,0,0,Morelia,El Lago 2,noviembre,domingo,13,-101.212044395506,19.7263262938647
50901,50907,2024,,2024/11/03,13:39:00,COLISIÓN CONTRA OBJETO FIJO,ASFALTO,Bueno,Bueno,1,INTERNATIONAL,AMARILLO,2,,55,MASCULINO,SIN DATOS,1,0,Morelia,Jardines de La Loma,noviembre,domingo,14,-101.225655600429,19.6767074404142
50902,50908,2024,,2024/11/03,15:00:00,COLISIÓN POR CORTE DE CIRCULACIÓN,ASFALTO,Bueno,Bueno,2,FORD,AZUL,2,,18,MASCULINO,SIN DATOS,0,0,Morelia,Loma Bonita,noviembre,domingo,15,-101.196614652872,19.7231876147356
50903,50909,2024,,2024/11/03,18:10:00,COLISIÓN CONTRA OBJETO FIJO,CONCRETO,Bueno,Bueno,1,DODGE,ROJO,1,,66,MASCULINO,SIN DATOS,0,0,Morelia,Agustin Arriaga Rivera,noviembre,domingo,18,-101.222477588213,19.6905696933008
50905,50911,2024,LEG54423,2024/11/03,21:00:00,COLISIÓN POR MANIOBRA DE REVERSA,ASFALTO,Bueno,Bueno,2,MITSUBISHI,BLANCO,2,,40,MASCULINO,SIN DATOS,0,0,Morelia,Los Manantiales de Morelia,noviembre,domingo,21,-101.235085,19.696481
50906,50912,2024,,2024/11/03,22:36:00,COLISIÓN CONTRA OBJETO FIJO,TERRACERIA,Bueno,Bueno,1,KENWORTH,NARANJA,1,MINISTERIO PÚBLICO,0,,SIN DATOS,0,0,Charo,San Bartolo,noviembre,domingo,23,-101.04517411,19.7525569449992
50907,50913,2024,,2024/11/04,"01:00:00",COLISIÓN CONTRA OBJETO FIJO,CONCRETO,Bueno,Bueno,4,KENWORTH,BLANCO/AZUL,0,MINISTERIO PÚBLICO,,,,0,0,Copándaro,Sin datos,noviembre,lunes,1,-101.1486312747,19.9093887041064
50908,50914,2024,MOR2247890,2024/11/04,"03:23:00",COLISIÓN POR CORTE DE CIRCULACIÓN,ASFALTO,Bueno,Bueno,2,CHEVROLET,BLANCO,2,,,MASCULINO,SIN DATOS,0,0,Morelia,El Eden,noviembre,lunes,3,-101.254533742186,19.6458726207089
50909,50915,2024,,2024/11/04,"08:50:00",COLISIÓN POR CORTE DE CIRCULACIÓN,ASFALTO,Bueno,Bueno,2,DODGE,BLANCO,2,,65,FEMENINO,SIN DATOS,0,0,Morelia,Villa Universidad,noviembre,lunes,9,-101.19890486,19.6861363349991
50910,50916,2024,,2024/11/04,"09:15:00",COLISIÓN POR CORTE DE CIRCULACIÓN,ASFALTO,Bueno,Bueno,2,TOYOTA,BLANCO CON VERDE,2,,53,FEMENINO,SIN DATOS,0,0,Morelia,Ferrocarrilero,noviembre,lunes,9,-101.223609235,19.6918737849991
50911,50917,2024,MOR/240055565,2024/11/04,"09:25:00",COLISIÓN POR CORTE DE CIRCULACIÓN,ASFALTO,Bueno,Bueno,2,NAVISTAR,VERDE,2,MINISTERIO PÚBLICO,22,MASCULINO,SIN DATOS,0,0,Morelia,Vasco de Quiroga,noviembre,lunes,9,-101.171026988099,19.6976785913658
50912,50918,2024,,2024/11/04,10:09:00,COLISIÓN CONTRA OBJETO FIJO,ASFALTO,Bueno,Bueno,1,CHEVROLET,GRIS,1,,53,FEMENINO,SIN DATOS,0,0,Morelia,Jardines de La Loma,noviembre,lunes,10,-101.225021701604,19.6768245660415
50913,50919,2024,MOR240295958,2024/11/04,12:30:00,CAIDA DE MOTOCICLETA,ASFALTO,Bueno,Bueno,1,ITALIKA,NEGRO,1,,,MASCULINO,ALIENTO ETÍLICO,0,0,Morelia,Jose Ma Pino Suarez,noviembre,lunes,13,-101.1646757,19.7196804099991
50914,50920,2024,,2024/11/04,13:00:00,COLISIÓN POR ALCANCE,ASFALTO,Bueno,Bueno,3,VOLKSWAGEN,BLANCO,3,,,MASCULINO,SIN DATOS,0,0,Morelia,Jardines de La Loma,noviembre,lunes,13,-101.225021701604,19.6768245660415
50915,50921,2024,,2024/11/04,14:06:00,COLISIÓN POR CAMBIO DE CARRIL,ASFALTO,Bueno,Bueno,2,TOYOTA,BLANCO CON GUINDA,2,,46,MASCULINO,SIN DATOS,0,0,Morelia,Jardines de La Loma,noviembre,lunes,14,-101.225021701604,19.6768245660415
50916,50922,2024,,2024/11/04,14:30:00,COLISIÓN POR ALCANCE,ASFALTO,Bueno,Bueno,2,NISSAN,BLANCO,2,,,MASCULINO,SIN DATOS,0,0,Morelia,Camelinas,noviembre,lunes,15,-101.17262119,19.6818144849991
50917,50923,2024,MOR/240055651,2024/11/04,15:00:00,COLISIÓN POR CAMBIO DE CARRIL,ASFALTO,Bueno,Bueno,2,NISSAN,BLANCO,2,MINISTERIO PÚBLICO,41,MASCULINO,SIN DATOS,0,0,Morelia,Centro,noviembre,lunes,15,-101.18754847,19.7028479949991
50918,50924,2024,,2024/11/04,17:04:00,COLISIÓN POR CORTE DE CIRCULACIÓN,ASFALTO,Bueno,Bueno,2,MB,BLANCO,2,,19,MASCULINO,SIN DATOS,0,0,Morelia,Popular Pogreso,noviembre,lunes,17,-101.200145965135,19.7202451059807
50919,50925,2024,,2024/11/04,18:10:00,COLISIÓN POR ALCANCE,ASFALTO,Bueno,Bueno,2,ASEAT,GRIS,2,MINISTERIO PÚBLICO,48,FEMENINO,SIN DATOS,0,0,Morelia,Felix Ireta,noviembre,lunes,18,-101.188582604864,19.6860148664875
50920,50926,2024,,2024/11/04,23:10:00,COLISIÓN CONTRA OBJETO FIJO,ASFALTO,Bueno,Bueno,1,JEEP,NEGRO,1,,46,MASCULINO,SIN DATOS,0,0,Morelia,Torreon Nuevo,noviembre,lunes,23,-101.20358663,19.7462449699991
50921,50927,2024,,2024/11/05,"00:00:00",COLISIÓN POR CORTE DE CIRCULACIÓN,ASFALTO,Bueno,Bueno,2,ITALIKA,GRIS,2,,,,SIN DATOS,0,0,Morelia,Chapultepec Sur,noviembre,martes,0,-101.176857501268,19.6931604864356
50922,50928,2024,,2024/11/05,"08:00:00",COLISIÓN CONTRA OBJETO FIJO,CONCRETO,Bueno,Bueno,2,FORD,ROJO,1,,,MASCULINO,SIN DATOS,0,0,Morelia,Cuauhtemoc,noviembre,martes,8,-101.181637305,19.6957826149991
50923,50929,2024,,2024/11/05,"08:15:00",COLISIÓN POR CAMBIO DE CARRIL,ASFALTO,Bueno,Bueno,2,FREIGHTLINER,GRIS,2,,20,MASCULINO,SIN DATOS,0,0,Morelia,Dr Miguel Silva,noviembre,martes,8,-101.18661403656,19.7203796360779
50924,50930,2024,LEG54444,2024/11/05,"08:48:00",COLISIÓN CONTRA OBJETO FIJO,CONCRETO,Bueno,Bueno,3,NISSAN,GRIS,3,,,MASCULINO,SIN DATOS,0,0,Morelia,Independencia,noviembre,martes,9,-101.176195330918,19.7124452596229
50925,50931,2024,,2024/11/05,15:00:00,COLISIÓN POR CORTE DE CIRCULACIÓN,ASFALTO,Bueno,Bueno,2,TOYOTA,BLANCO,2,,37,MASCULINO,SIN DATOS,0,0,Morelia,Libertad,noviembre,martes,15,-101.23728800565,19.6857923547563
50926,50932,2024,MOR224567890,2024/11/05,15:03:00,COLISIÓN POR CAMBIO DE CARRIL,ASFALTO,Bueno,Bueno,2,CHEVROLET,GRIS,2,,,MASCULINO,SIN DATOS,0,0,Morelia,Independencia,noviembre,martes,15,-101.177253462374,19.7050814878995
50928,50934,2024,,2024/11/05,17:05:00,COLISIÓN POR CORTE DE CIRCULACIÓN,ASFALTO,Bueno,Bueno,2,NISSAN,BLANCO Y ROJO,2,,67,MASCULINO,SIN DATOS,0,0,Morelia,Ventura Puente,noviembre,martes,17,-101.179473996162,19.6923583768991
50930,50936,2024,,2024/11/06,"00:00:00",COLISIÓN POR ALCANCE,ASFALTO,Bueno,Bueno,3,VOLSKWAGEN,BLANCO,3,,17,FEMENINO,SIN DATOS,0,0,Morelia,Cañada del Bosque,noviembre,miércoles,0,-101.095156408846,19.7295788408936
50931,50937,2024,,2024/11/06,"07:10:00",COLISIÓN POR ALCANCE,ASFALTO,Bueno,Bueno,2,SEAT,BLANCO,2,MINISTERIO PÚBLICO,25,MASCULINO,SIN DATOS,0,0,Morelia,La Camelina,noviembre,miércoles,7,-101.223231554031,19.6688368830854
50932,50938,2024,,2024/11/06,"07:49:00",COLISIÓN POR CORTE DE CIRCULACIÓN,ASFALTO,Bueno,Bueno,2,NAVISTAR,CHASIS,2,,23,MASCULINO,SIN DATOS,0,0,Morelia,Cañada del Bosque,noviembre,miércoles,8,-101.097469366718,19.7282996448773
50933,50939,2024,,2024/11/06,"08:30:00",COLISIÓN POR ALCANCE,ASFALTO,Bueno,Bueno,2,PEUGEOT,BLANCO,2,,26,FEMENINO,SIN DATOS,0,0,Morelia,Montaña Monarca,noviembre,miércoles,9,-101.165131339569,19.6698293896465
50934,50940,2024,,2024/11/06,10:10:00,COLISIÓN POR CORTE DE CIRCULACIÓN,ASFALTO,Bueno,Bueno,1,VENTO,NEGRO,2,MINISTERIO PÚBLICO,27,MASCULINO,SIN DATOS,0,0,Morelia,Industrial,noviembre,miércoles,10,-101.192256398499,19.7107746316744
50935,50941,2024,,2024/11/06,11:57:00,COLISIÓN POR ALCANCE,ASFALTO,Bueno,Bueno,2,NISSAN,BLANCO,2,,44,MASCULINO,SIN DATOS,0,0,Morelia,Independencia,noviembre,miércoles,12,-101.177889145911,19.7193008693312
50936,50942,2024,,2024/11/06,12:35:00,COLISIÓN POR CORTE DE CIRCULACIÓN,CONCRETO,Bueno,Bueno,2,VOLKSWAGEN,PLATA,2,,28,FEMENINO,SIN DATOS,0,0,Morelia,Nueva Chapultepec,noviembre,miércoles,13,-101.169917285442,19.6895918415476
50937,50943,2024,,2024/11/07,"07:15:00",COLISIÓN POR ALCANCE,ASFALTO,Bueno,Bueno,2,KE,BLANCO,2,,,MASCULINO,SIN DATOS,0,0,Morelia,Sentimientos de La Nacion,noviembre,jueves,7,-101.233192272484,19.6781984775766
50938,50944,2024,,2024/11/07,"08:20:00",COLISIÓN POR ALCANCE,ASFALTO,Bueno,Bueno,2,VOLKSWAGEN,NARANJA,2,,37,MASCULINO,SIN DATOS,0,0,Morelia,Alfonso Garcia Robles,noviembre,jueves,8,-101.183094056834,19.7185941431338
50939,50945,2024,,2024/11/07,13:50:00,COLISIÓN POR ALCANCE,ASFALTO,Bueno,Bueno,2,HONDA,BLANCO,2,,48,MASCULINO,SIN DATOS,0,0,Morelia,Valle de Altozano,noviembre,jueves,14,-101.164809688926,19.6654549188011
50940,50946,2024,LEG54464,2024/11/07,15:17:00,COLISIÓN POR CAMBIO DE CARRIL,CONCRETO,Bueno,Bueno,2,VOLKSWAGEN,NEGRO,2,,,FEMENINO,SIN DATOS,0,0,Morelia,Felix Ireta,noviembre,jueves,15,-101.188032925129,19.6900161056634
50941,50947,2024,,2024/11/07,15:40:00,VOLCADURA,ASFALTO,Bueno,Bueno,1,INTERNATIONAL,BLANCO,1,,51,MASCULINO,SIN DATOS,0,0,Morelia,Cumbres de Morelia,noviembre,jueves,16,-101.140454560518,19.6911670426848
50942,50948,2024,,2024/11/07,16:45:00,COLISIÓN POR ALCANCE,CONCRETO,Bueno,Bueno,2,KIA,AZUL,2,,18,MASCULINO,SIN DATOS,0,0,Morelia,Centro,noviembre,jueves,17,-101.19065143168,19.705368406741