fid,id_accidente,anio_origen,folio_c5i,dia_incidente,hora_ocurrencia,tipo_incidente_vial,superficie_ocurrencia,condiciones_climaticas,condiciones_via,numero_vehiculos_involucrados,marca_vehiculo_ocasiona_siniestro,color_vehiculo_ocasiona_siniestro,numero_personas_involucradas,lugar_remite_presunto_responsable,edad_presunto_responsable,sexo_presunto_responsable,resultados_toxicologia,numero_personas_lesionadas,numero_personas_fallecidas,municipio,colonia,mes,dia_semana,hora_redondeada,lon,lat
50943,50949,2024,,2024/11/07,16:56:00,COLISIÓN POR MANIOBRA DE REVERSA,ASFALTO,Bueno,Bueno,1,Ranault,Blanco,2,,58,MASCULINO,SIN DATOS,1,0,Morelia,Las Margaritas,noviembre,jueves,17,-101.208702027798,19.7091876294304
50944,50950,2024,,2024/11/08,"00:35:00",COLISIÓN POR CAMBIO DE CARRIL,ASFALTO,Bueno,Bueno,2,FREIGHTLINER,AMARILLO,2,,,MASCULINO,SIN DATOS,0,0,Morelia,Libertad,noviembre,viernes,1,-101.238005496562,19.6874597710771
50945,50951,2024,,2024/11/08,"03:15:00",COLISIÓN POR CORTE DE CIRCULACIÓN,CONCRETO,Bueno,Bueno,2,NISSAN,BLANCO,2,,20,MASCULINO,SIN DATOS,0,0,Morelia,Division del Norte,noviembre,viernes,3,-101.163657009602,19.7135218632473
50946,50952,2024,,2024/11/08,"08:52:00",COLISIÓN POR ALCANCE,ASFALTO,Bueno,Bueno,2,SEAT,NEGRO,2,,28,MASCULINO,SIN DATOS,0,0,Morelia,Dr Miguel Silva,noviembre,viernes,9,-101.178456433117,19.719739257281
50947,50953,2024,,2024/11/08,10:10:00,COLISIÓN POR CORTE DE CIRCULACIÓN,ASFALTO,Bueno,Bueno,1,VOLVO,ROJO,1,,47,MASCULINO,SIN DATOS,0,0,Morelia,Camelinas,noviembre,viernes,10,-101.168882958591,19.6824880916868
50948,50954,2024,,2024/11/08,11:30:00,COLISIÓN POR CAMBIO DE CARRIL,ASFALTO,Bueno,Bueno,2,NISSAN,ROJO,2,,38,FEMENINO,SIN DATOS,0,0,Morelia,Jardines del Rincon,noviembre,viernes,12,-101.153379455209,19.68724384764
50949,50955,2024,,2024/11/08,14:00:00,COLISIÓN POR ALCANCE,ASFALTO,Bueno,Bueno,4,NISSAN,BLANCO,4,,26,FEMENINO,SIN DATOS,0,0,Morelia,Felix Ireta,noviembre,viernes,14,-101.192053556442,19.6823829678392
50950,50956,2024,,2024/11/08,19:10:00,COLISIÓN POR CAMBIO DE CARRIL,ASFALTO,Bueno,Bueno,2,KENWORTH,BLANCO,2,,31,MASCULINO,SIN DATOS,0,0,Morelia,Obrera,noviembre,viernes,19,-101.18839032948,19.7107405434862
50951,50957,2024,LEG54479,2024/11/08,19:49:00,COLISIÓN POR ALCANCE,ASFALTO,Bueno,Bueno,2,CHEVROLET,ROJO,2,,21,FEMENINO,SIN DATOS,0,0,Morelia,Vasco de Quiroga,noviembre,viernes,20,-101.167687028646,19.6966936979531
50952,50958,2024,LEG54478,2024/11/08,20:30:00,COLISIÓN POR ALCANCE,ASFALTO,Bueno,Bueno,2,VOLKSWAGEN,BLANCO,2,,20,MASCULINO,SIN DATOS,0,0,Morelia,Villas de La Esperanza,noviembre,viernes,21,-101.273609139025,19.6933805055471
50953,50959,2024,LEG54469,2024/11/08,22:26:00,COLISIÓN POR ALCANCE,ASFALTO,Bueno,Bueno,2,CHEVROLET,BLANCO,2,MINISTERIO PÚBLICO,0,MASCULINO,SIN DATOS,0,0,Morelia,Bosques Tres Marias,noviembre,viernes,22,-101.102,19.7232
50954,50960,2024,LEG54477,2024/11/08,23:20:00,COLISIÓN POR INVASIÓN DE CARRIL,ASFALTO,Bueno,Bueno,2,VOLKSWAGEN,PLATA,2,,22,MASCULINO,CON CERTIFICADO,0,0,Morelia,Las Flores,noviembre,viernes,23,-101.208889447153,19.7083407799041
50955,50961,2024,LEG54481,2024/11/09,"04:30:00",COLISIÓN CONTRA OBJETO FIJO,ASFALTO,Bueno,Bueno,1,FORD,NARANJA,1,,32,MASCULINO,ALIENTO ETÍLICO,0,0,Morelia,Cinco de Diciembre,noviembre,sábado,5,-101.164072081447,19.6856455632036
50956,50962,2024,LEG54480,2024/11/09,"06:12:00",CAIDA ACUATICA DE VEHÍCULO,ASFALTO,Bueno,Bueno,1,MAZDA,ROJO,1,,,,SIN DATOS,0,0,Morelia,Sin datos,noviembre,sábado,6,-101.246126890182,19.681070965907
50957,50963,2024,,2024/11/09,"07:20:00",CAIDA DE MOTOCICLETA,CONCRETO,Bueno,Bueno,1,BAJAJ,NEGRO,1,,32,MASCULINO,SIN DATOS,0,0,Morelia,Montaña Monarca,noviembre,sábado,7,-101.161790192127,19.6724344040002
50958,50964,2024,,2024/11/09,10:10:00,COLISIÓN POR NO RESPETAR SEMÁFORO,ASFALTO,Bueno,Bueno,2,NISSAN,BLANCO,2,,57,MASCULINO,SIN DATOS,0,0,Morelia,Jardines de Torremolinos,noviembre,sábado,10,-101.229701712728,19.6769981984854
50959,50965,2024,,2024/11/09,10:30:00,COLISIÓN POR CORTE DE CIRCULACIÓN,CONCRETO,Bueno,Bueno,2,ITALIKA,GRIS,2,MINISTERIO PÚBLICO,23,MASCULINO,SIN DATOS,0,0,Morelia,Industrial,noviembre,sábado,11,-101.197609081864,19.7113181479157
50960,50966,2024,,2024/11/09,12:00:00,COLISIÓN POR NO RESPETAR SEMÁFORO,ASFALTO,Bueno,Bueno,2,VENTO,CAFE,2,,40,MASCULINO,SIN DATOS,0,0,Morelia,Morelos,noviembre,sábado,12,-101.210477314889,19.6955090248944
50961,50967,2024,MOR2257890,2024/11/09,18:02:00,COLISIÓN CONTRA OBJETO FIJO,CONCRETO,Bueno,Bueno,1,JEEP,ROJO,1,,,FEMENINO,SIN DATOS,0,0,Morelia,Agua Clara,noviembre,sábado,18,-101.226885728538,19.7041976862538
50962,50968,2024,,2024/11/09,20:30:00,COLISIÓN POR ALCANCE,CONCRETO,Bueno,Bueno,2,RENAULT/STEPWAY,GRIS,2,,38,MASCULINO,SIN DATOS,0,0,Morelia,Villas Oriente,noviembre,sábado,21,-101.144036650658,19.753162085883
50963,50969,2024,,2024/11/09,21:50:00,COLISIÓN POR CORTE DE CIRCULACIÓN,ASFALTO,Bueno,Bueno,1,FORD,BLANCO,0,MINISTERIO PÚBLICO,,,,0,0,Lázaro Cárdenas,1Er Sect de Fidelac,noviembre,sábado,22,-102.193876728415,17.9597291633301
50964,50970,2024,,2024/11/10,"00:00:00",COLISIÓN CON PEATÓN,SIN_DATOS,Bueno,Bueno,1,VOLKSWAGEN,NEGRO,1,,63,MASCULINO,SIN DATOS,0,0,Morelia,Lomas de Guayangareo,noviembre,domingo,0,-101.162651516497,19.7035357787524
50965,50971,2024,,2024/11/10,"00:40:00",COLISIÓN POR NO RESPETAR SEMÁFORO,ASFALTO,Bueno,Bueno,2,VOLKSWAGEN,GRIS,2,MINISTERIO PÚBLICO,,,SIN DATOS,0,0,Morelia,Jardines de La Loma,noviembre,domingo,1,-101.225021701604,19.6768245660415
50966,50972,2024,,2024/11/10,"01:50:00",COLISIÓN POR CORTE DE CIRCULACIÓN,ASFALTO,Bueno,Bueno,2,ITALIKA,NEGRO Y VERDE,2,,18,MASCULINO,SIN DATOS,0,0,Morelia,Chapultepec Sur,noviembre,domingo,2,-101.169599585,19.6939714299992
50967,50973,2024,,2024/11/10,"04:30:00",CAIDA DE MOTOCICLETA,ASFALTO,Bueno,Bueno,1,ITALIKA FT150 CC,AZUL,2,,43,MASCULINO,SIN DATOS,1,0,Morelia,Jesus Romero Flores,noviembre,domingo,5,-101.178306817326,19.7315900393729
50968,50974,2024,,2024/11/10,12:30:00,COLISIÓN POR ALCANCE,ASFALTO,Bueno,Bueno,2,CHEVROLET,BLANCO,2,MINISTERIO PÚBLICO,59,MASCULINO,SIN DATOS,0,0,Morelia,Sin datos,noviembre,domingo,13,-101.306873875,19.588592933496
50969,50975,2024,,2024/11/10,15:29:00,COLISIÓN POR ALCANCE,ASFALTO,Bueno,Bueno,2,ITALIKA,VERDE Y NEGRO,2,,22,MASCULINO,SIN DATOS,0,0,Morelia,Chapultepec Oriente,noviembre,domingo,15,-101.160379350185,19.6881687807833
50970,50976,2024,,2024/11/10,16:07:00,COLISIÓN POR CORTE DE CIRCULACIÓN,ASFALTO,Bueno,Bueno,2,PONTIAC,ROJO,2,,50,MASCULINO,SIN DATOS,0,0,Morelia,Centro,noviembre,domingo,16,-101.20346467942,19.7015803421707
50971,50977,2024,,2024/11/10,16:20:00,COLISIÓN POR CORTE DE CIRCULACIÓN,ASFALTO,Bueno,Bueno,2,DODGE,BLANCO,2,,36,MASCULINO,SIN DATOS,0,0,Morelia,Josefa Ortiz de Dominguez,noviembre,domingo,16,-101.209874153137,19.6720653421666
50972,50978,2024,,2024/11/10,17:30:00,CAIDA DE MOTOCICLETA,CONCRETO,Bueno,Bueno,1,ITALIKA,BLANCO Y AZUL,1,,,MASCULINO,SIN DATOS,0,0,Morelia,Leandro Valle,noviembre,domingo,18,-101.231682595409,19.7212022571141
50975,50981,2024,,2024/11/10,21:10:00,COLISIÓN POR CAMBIO DE CARRIL,ASFALTO,Bueno,Bueno,2,JEEP,GRIS,2,MINISTERIO PÚBLICO,26,MASCULINO,SIN DATOS,1,0,Morelia,Nueva Valladolid,noviembre,domingo,21,-101.211483945359,19.6992598320994
50976,50982,2024,LEG54501,2024/11/10,21:10:00,CAIDA DE MOTOCICLETA,ASFALTO,Bueno,Bueno,1,ITALIKA,ROJO Y NEGRO,1,,28,MASCULINO,SIN DATOS,0,0,Morelia,Centro,noviembre,domingo,21,-101.18754847,19.7028479949991
50977,50983,2024,,2024/11/10,21:55:00,COLISIÓN POR NO RESPETAR SEMÁFORO,ASFALTO,Bueno,Bueno,2,VENTO,NEGRO,2,MINISTERIO PÚBLICO,40,MASCULINO,SIN DATOS,0,0,Morelia,Centro,noviembre,domingo,22,-101.19118388321,19.702768457823
50978,50984,2024,,2024/11/11,10:00:00,COLISIÓN POR CORTE DE CIRCULACIÓN,CONCRETO,Bueno,Bueno,2,HONDA,ROJO,2,,18,MASCULINO,SIN DATOS,0,0,Morelia,Agustin Arriaga Rivera,noviembre,lunes,10,-101.223349571228,19.690379759725
50979,50985,2024,,2024/11/11,11:28:00,COLISIÓN POR CORTE DE CIRCULACIÓN,ASFALTO,Bueno,Bueno,2,DODGE,AMARILLO,2,,52,MASCULINO,SIN DATOS,0,0,Morelia,Eduardo Ruiz,noviembre,lunes,11,-101.224092543125,19.7248549569352
50980,50986,2024,LEG54508,2024/11/11,13:35:00,COLISIÓN POR ALCANCE,ASFALTO,Bueno,Bueno,2,FORD,NEGRO,2,MINISTERIO PÚBLICO,0,MASCULINO,SIN DATOS,0,0,Morelia,Sin datos,noviembre,lunes,14,-101.282075867057,19.6177459049052
50981,50987,2024,,2024/11/11,14:30:00,COLISIÓN POR ALCANCE,ASFALTO,Bueno,Bueno,2,TOYOTA,GRIS,2,MINISTERIO PÚBLICO,,FEMENINO,SIN DATOS,0,0,Morelia,Comision Federal de Electricidad,noviembre,lunes,15,-101.180025525391,19.681460842483
50983,50989,2024,LEG54511,2024/11/12,"00:00:00",COLISIÓN POR INVASIÓN DE CARRIL,ASFALTO,Bueno,Bueno,2,HYUNDAI,ROJO,4,MINISTERIO PÚBLICO,30,MASCULINO,SIN DATOS,2,0,Morelia,Villas del Pedregal,noviembre,martes,0,-101.302209,19.685042
50984,50990,2024,,2024/11/12,16:05:00,COLISIÓN POR ALCANCE,ASFALTO,Bueno,Bueno,2,veno,NEGRO,0,MINISTERIO PÚBLICO,,,,0,0,Cuitzeo,Sin datos,noviembre,martes,16,-101.150345541537,20.0586523613231
50985,50991,2024,,2024/11/12,16:30:00,COLISIÓN POR CAMBIO DE CARRIL,ASFALTO,Bueno,Bueno,2,TOYOTA,GRIS,2,,29,MASCULINO,SIN DATOS,0,0,Morelia,Fovissste La Huerta,noviembre,martes,17,-101.212133578956,19.6922927180105
50986,50992,2024,,2024/11/12,17:02:00,COLISIÓN POR ALCANCE,ASFALTO,Bueno,Bueno,2,FORD,BLANCO,2,,34,MASCULINO,SIN DATOS,0,0,Morelia,Felix Ireta,noviembre,martes,17,-101.195733547211,19.681526190124
50987,50993,2024,LEG54512,2024/11/12,18:20:00,COLISIÓN POR CORTE DE CIRCULACIÓN,ASFALTO,Bueno,Bueno,2,VOLKSWAGEN,BLANCO,2,MINISTERIO PÚBLICO,25,MASCULINO,SIN DATOS,0,0,Morelia,Ventura Puente,noviembre,martes,18,-101.193225725,19.6917077449992
50988,50994,2024,LEG54513,2024/11/12,18:30:00,COLISIÓN POR ALCANCE,ASFALTO,Bueno,Bueno,2,CHEVROLET,ROJO,2,MINISTERIO PÚBLICO,0,,SIN DATOS,0,0,Morelia,3 de Agosto,noviembre,martes,19,-101.169,19.7344
50989,50995,2024,LEG54514,2024/11/12,19:38:00,COLISIÓN POR ALCANCE,ASFALTO,Bueno,Bueno,2,NISSAN,ARENA,2,,60,,SIN DATOS,0,0,Morelia,Ferrocarrilero,noviembre,martes,20,-101.223609235,19.6918737849991
50990,50996,2024,,2024/11/13,"00:00:00",COLISIÓN POR MANIOBRA DE REVERSA,CONCRETO,Bueno,Bueno,2,HUMER,ROJO,1,MINISTERIO PÚBLICO,,,SIN DATOS,0,0,Morelia,Las Americas,noviembre,miércoles,0,-101.15268945694,19.6889848009805
50991,50997,2024,,2024/11/13,10:05:00,COLISIÓN POR CORTE DE CIRCULACIÓN,CONCRETO,Bueno,Bueno,2,RENAULT/FLUENCE,PLATA,2,,24,MASCULINO,SIN DATOS,0,0,Morelia,Adolfo Lopez Mateos,noviembre,miércoles,10,-101.225592903793,19.6945509895096
50992,50998,2024,LEG54518,2024/11/13,11:28:00,COLISIÓN POR ALCANCE,CONCRETO,Bueno,Bueno,2,FORD,BLANCO,2,,,MASCULINO,SIN DATOS,0,0,Morelia,San Rafael,noviembre,miércoles,11,-101.152667999268,19.7013647534304
50993,50999,2024,,2024/11/13,13:50:00,COLISIÓN POR CORTE DE CIRCULACIÓN,ASFALTO,Bueno,Bueno,2,TOYOTA/HIACE,BLANCO ROSA,2,,52,MASCULINO,SIN DATOS,0,0,Morelia,Felix Ireta,noviembre,miércoles,14,-101.195802949369,19.6823933855209
50994,51000,2024,,2024/11/13,14:45:00,COLISIÓN POR CORTE DE CIRCULACIÓN,ASFALTO,Bueno,Bueno,2,FIAT,ROJO,2,,37,MASCULINO,SIN DATOS,0,0,Morelia,El Lago 1,noviembre,miércoles,15,-101.21780410409,19.7274081691756
50995,51001,2024,,2024/11/13,15:10:00,COLISIÓN POR CAMBIO DE CARRIL,ASFALTO,Bueno,Bueno,2,INTERNACIONAL,BLANCO,2,,40,MASCULINO,SIN DATOS,0,0,Morelia,Alberto Oviedo Mota,noviembre,miércoles,15,-101.197856515646,19.6811846142377
50996,51002,2024,,2024/11/13,17:20:00,COLISIÓN POR CAMBIO DE CARRIL,ASFALTO,Bueno,Bueno,2,HONDA,GRIS,2,,,,SIN DATOS,0,0,Morelia,Valle de Altozano,noviembre,miércoles,17,-101.164813041687,19.6654624960973
50997,51003,2024,,2024/11/13,19:15:00,COLISIÓN POR CAMBIO DE CARRIL,ASFALTO,Bueno,Bueno,2,PULSAR,NEGRO,2,,20,MASCULINO,SIN DATOS,0,0,Morelia,Centro,noviembre,miércoles,19,-101.18754847,19.7028479949991
50998,51004,2024,,2024/11/13,19:30:00,COLISIÓN POR ALCANCE,ASFALTO,Bueno,Bueno,2,RENAULT,CAFE,2,MINISTERIO PÚBLICO,,,SIN DATOS,0,0,Morelia,Camelinas,noviembre,miércoles,20,-101.17262119,19.6818144849991
50999,51005,2024,,2024/11/13,21:25:00,COLISIÓN POR CAMBIO DE CARRIL,CONCRETO,Bueno,Bueno,2,SUZUKI/SWIFT,AMBAR,2,MINISTERIO PÚBLICO,28,FEMENINO,SIN DATOS,0,0,Morelia,Rinconada del Valle,noviembre,miércoles,21,-101.22268244,19.6775416699992
51001,51007,2024,,2024/11/14,12:00:00,COLISIÓN POR MANIOBRA DE REVERSA,ASFALTO,Bueno,Bueno,2,CHEVROLET,PLATA,2,,46,FEMENINO,SIN DATOS,0,0,Morelia,Chapultepec Oriente,noviembre,jueves,12,-101.15913378,19.6947918299991
51002,51008,2024,LEG54532,2024/11/14,13:10:00,COLISIÓN POR CORTE DE CIRCULACIÓN,ASFALTO,Bueno,Bueno,2,NISSAN,BLANCO,2,,46,MASCULINO,SIN DATOS,0,0,Morelia,San Guillermo,noviembre,jueves,13,-101.177554875612,19.7394092980104
51003,51009,2024,,2024/11/14,16:05:00,COLISIÓN POR ALCANCE,ASFALTO,Bueno,Bueno,2,JEEP,GRIS,2,,,MASCULINO,SIN DATOS,0,0,Morelia,Josefa Ortiz de Dominguez,noviembre,jueves,16,-101.210028273306,19.7251863412066
51004,51010,2024,,2024/11/14,17:10:00,COLISIÓN POR CAMBIO DE CARRIL,ASFALTO,Bueno,Bueno,2,CHEVROLET,BLANCO Y VERDE,2,,21,MASCULINO,SIN DATOS,0,0,Morelia,Alberto Oviedo Mota,noviembre,jueves,17,-101.198908182011,19.681555672698
51005,51011,2024,,2024/11/15,"00:00:00",COLISIÓN POR NO RESPETAR SEMÁFORO,ASFALTO,Bueno,Bueno,2,FORD,BLANCO,2,,0,,SIN DATOS,0,0,Morelia,Centro,noviembre,viernes,0,-101.190504580736,19.7029328944772
51008,51014,2024,LEG54539,2024/11/15,"08:06:00",COLISIÓN POR CORTE DE CIRCULACIÓN,ASFALTO,Bueno,Bueno,2,TOYOTA,NEGRO,2,,,MASCULINO,SIN DATOS,0,0,Morelia,Chapultepec Sur,noviembre,viernes,8,-101.177064031363,19.6919745245538
51010,51016,2024,MPR2247890,2024/11/15,"09:22:00",COLISIÓN POR CORTE DE CIRCULACIÓN,CONCRETO,Bueno,Bueno,2,FORD,BLANCO,2,,0,MASCULINO,SIN DATOS,0,0,Morelia,Obrera,noviembre,viernes,9,-101.180211938918,19.7090298121173
51011,51017,2024,,2024/11/15,15:20:00,COLISIÓN POR CORTE DE CIRCULACIÓN,ASFALTO,Bueno,Bueno,2,NISSAN URVAN,BLANCO/AMARILLO,2,,59,MASCULINO,SIN DATOS,0,0,Morelia,Centro,noviembre,viernes,15,-101.202939637005,19.7008726544707
51012,51018,2024,,2024/11/15,16:40:00,COLISIÓN POR ALCANCE,ASFALTO,Bueno,Bueno,2,NISSAN,BLANCO,2,MINISTERIO PÚBLICO,54,MASCULINO,SIN DATOS,0,0,Morelia,Ampliacion La Soledad,noviembre,viernes,17,-101.182652413845,19.735655807398
51013,51019,2024,LEG54545,2024/11/15,17:25:00,COLISIÓN POR CORTE DE CIRCULACIÓN,ASFALTO,Bueno,Bueno,2,SUZUKI,AMARILLO,2,,0,MASCULINO,SIN DATOS,0,0,Morelia,San Jose del Cerrito,noviembre,viernes,17,-101.223346218467,19.6608184935366
51014,51020,2024,,2024/11/15,18:50:00,COLISIÓN POR ALCANCE,ASFALTO,Bueno,Bueno,2,CHEVROLET,PLATA,2,,40,FEMENINO,SIN DATOS,0,0,Morelia,Sentimientos de La Nacion,noviembre,viernes,19,-101.235561668873,19.6818658711518
51015,51021,2024,,2024/11/15,18:50:00,COLISIÓN CON PEATÓN,SIN_DATOS,Bueno,Bueno,2,CHEVROLET,PLATA,2,,40,,SIN DATOS,0,0,Morelia,Sentimientos de La Nacion,noviembre,viernes,19,-101.236869581044,19.6848026929744
51016,51022,2024,,2024/11/15,19:50:00,COLISIÓN CON PEATÓN,SIN_DATOS,Bueno,Bueno,1,FORD,CAFE,1,,66,,SIN DATOS,0,0,Morelia,Lomas del Punhuato,noviembre,viernes,20,-101.146351397038,19.6986476159737
51017,51023,2024,,2024/11/15,20:00:00,COLISIÓN CON PEATÓN,SIN_DATOS,Bueno,Bueno,2,INTERNACIONAL,VERDE,2,,41,,SIN DATOS,0,0,Morelia,Industrial,noviembre,viernes,20,-101.18833065033,19.7115106822619
51018,51024,2024,,2024/11/15,20:49:00,COLISIÓN CON PEATÓN,SIN_DATOS,Bueno,Bueno,2,NISSAN,VERDE,2,,,,SIN DATOS,0,0,Morelia,Centro,noviembre,viernes,21,-101.196022555232,19.7030149626273
51020,51026,2024,,2024/11/16,"00:00:00",COLISIÓN CONTRA OBJETO FIJO,SIN_DATOS,Bueno,Bueno,1,MAZDA,ROJO,1,,30,,SIN DATOS,0,0,Morelia,Rinconada del Valle,noviembre,sábado,0,-101.220152378082,19.6782726660207
51021,51027,2024,,2024/11/16,"05:40:00",COLISIÓN CON PEATÓN,SIN_DATOS,Bueno,Bueno,1,VOLKSWAGEN,PLATA,1,,19,,SIN DATOS,0,0,Morelia,Las Americas,noviembre,sábado,6,-101.15905970335,19.6879882140501
51022,51028,2024,,2024/11/16,"08:00:00",COLISIÓN CONTRA OBJETO FIJO,SIN_DATOS,Bueno,Bueno,2,RENAULT,BLANCO,2,,,,SIN DATOS,0,0,Morelia,Santiaguito,noviembre,sábado,8,-101.189124584198,19.7153587955279
51023,51029,2024,,2024/11/16,11:17:00,COLISIÓN POR CAMBIO DE CARRIL,ASFALTO,Bueno,Bueno,2,FORD,NEGRO,2,,34,FEMENINO,SIN DATOS,0,0,Morelia,Lazaro Cardenas,noviembre,sábado,11,-101.165336407721,19.7101402114256
51024,51030,2024,,2024/11/16,12:00:00,VOLCADURA,ASFALTO,Bueno,Bueno,1,VOLKSWAGEN,BLANCO,1,,,FEMENINO,SIN DATOS,0,0,Morelia,Dr Miguel Silva,noviembre,sábado,12,-101.188293099403,19.7211661401878
51025,51031,2024,,2024/11/16,14:05:00,COLISIÓN POR ALCANCE,ASFALTO,Bueno,Bueno,2,GMC,GRIS,2,,,MASCULINO,SIN DATOS,0,0,Morelia,La Quemada,noviembre,sábado,14,-101.240589469671,19.7058709080267
51026,51032,2024,,2024/11/16,17:00:00,COLISIÓN POR CORTE DE CIRCULACIÓN,ASFALTO,Bueno,Bueno,2,CHEVROLET,BLANCO,2,,38,FEMENINO,SIN DATOS,0,0,Morelia,Los Mirasoles,noviembre,sábado,17,-101.201238781214,19.6662839991711
51027,51033,2024,,2024/11/16,17:30:00,COLISIÓN POR ALCANCE,ASFALTO,Bueno,Bueno,2,VOLKSWAGEN,NEGRO,2,,21,MASCULINO,SIN DATOS,0,0,Morelia,Arcos del Valle,noviembre,sábado,18,-101.236269772053,19.7076574261976
51028,51034,2024,,2024/11/16,18:00:00,COLISIÓN CON PEATÓN,CONCRETO,Bueno,Bueno,1,CHEVROLET,BLANCO,1,,67,MASCULINO,SIN DATOS,0,0,Morelia,Ciudad Jardin,noviembre,sábado,18,-101.260883063078,19.7069219891548
51029,51035,2024,,2024/11/16,19:20:00,COLISIÓN CON PEATÓN,ASFALTO,Bueno,Bueno,2,CHEVROLET,VERDE,2,,30,FEMENINO,SIN DATOS,0,0,Morelia,Lomas de Las Americas Sur,noviembre,sábado,19,-101.147603988647,19.6946071775751
51030,51036,2024,,2024/11/16,21:50:00,COLISIÓN POR CORTE DE CIRCULACIÓN,ASFALTO,Bueno,Bueno,2,DINAMO,ROJO,2,,18,MASCULINO,SIN DATOS,0,0,Morelia,Ventura Puente,noviembre,sábado,22,-101.190690994263,19.6923672155935
51031,51037,2024,,2024/11/17,"03:30:00",COLISIÓN CON PEATÓN,SIN_DATOS,Bueno,Bueno,1,HERO,ROJO,0,MINISTERIO PÚBLICO,,,,0,0,Morelia,Morelos,noviembre,domingo,4,-101.206165999174,19.7022952866464
51032,51038,2024,,2024/11/17,"05:20:00",COLISIÓN CON PEATÓN,SIN_DATOS,Bueno,Bueno,2,HONDA,ROJO,2,,0,FEMENINO,SIN DATOS,0,0,Morelia,Centro,noviembre,domingo,5,-101.202941313386,19.7008694979619
51033,51039,2024,,2024/11/17,"06:00:00",COLISIÓN CON PEATÓN,SIN_DATOS,Bueno,Bueno,1,MERCEDES BENZ,GRIS,1,MINISTERIO PÚBLICO,16,MASCULINO,SIN DATOS,0,0,Morelia,San Isidro Itzicuaro Norte,noviembre,domingo,6,-101.278249025345,19.7010092048583
51034,51040,2024,,2024/11/17,16:00:00,COLISIÓN POR CAMBIO DE CARRIL,ASFALTO,Bueno,Regular,2,HYUNDAI,NEGRO,2,,54,,SIN DATOS,0,0,Morelia,Felix Ireta,noviembre,domingo,16,-101.195726506412,19.681526190124
51035,51041,2024,,2024/11/17,17:35:00,COLISIÓN CON PEATÓN,SIN_DATOS,Bueno,Bueno,2,NISSAN,BLANCO,2,,47,MASCULINO,SIN DATOS,0,0,Morelia,Jardines de Torremolinos,noviembre,domingo,18,-101.225648224354,19.6768447692106
51037,51043,2024,,2024/11/18,"08:10:00",COLISIÓN POR CAMBIO DE CARRIL,ASFALTO,Bueno,Bueno,2,CHEVROLET,CAFE,2,,62,MASCULINO,SIN DATOS,0,0,Morelia,Jardines de Guadalupe,noviembre,lunes,8,-101.226466298103,19.7099757667614
51038,51044,2024,,2024/11/18,14:33:00,COLISIÓN POR CORTE DE CIRCULACIÓN,ASFALTO,Bueno,Bueno,2,HERO,ROJO,2,,50,MASCULINO,SIN DATOS,0,0,Morelia,Centro,noviembre,lunes,15,-101.200207136571,19.7020819084088
51039,51045,2024,LEG54580,2024/11/18,18:30:00,COLISIÓN CON PEATÓN,SIN_DATOS,Bueno,Bueno,1,FORD,GRIS Y VERDE,1,MINISTERIO PÚBLICO,,,SIN DATOS,0,0,Morelia,Mision del Valle,noviembre,lunes,19,-101.112927049398,19.7661595929187
51040,51046,2024,,2024/11/18,20:45:00,COLISIÓN POR INVASIÓN DE CARRIL,ASFALTO,Bueno,Bueno,2,CHEVROLET,BLANCO,0,MINISTERIO PÚBLICO,,,,0,0,Huandacareo,Sin datos,noviembre,lunes,21,-101.302885785699,19.9881119344637
51041,51047,2024,,2024/11/18,22:00:00,COLISIÓN POR CORTE DE CIRCULACIÓN,SIN_DATOS,Bueno,Bueno,3,VENTO,NEGRO,3,,25,,SIN DATOS,0,0,Morelia,Sentimientos de La Nacion,noviembre,lunes,22,-101.236869581044,19.6848026929744
51044,51050,2024,LEG54587,2024/11/19,14:05:00,COLISIÓN POR CORTE DE CIRCULACIÓN,ASFALTO,Bueno,Bueno,2,FIAT,BLANCO,2,,27,,SIN DATOS,0,0,Morelia,Josefa Ortiz de Dominguez,noviembre,martes,14,-101.209804415703,19.672188468108
51045,51051,2024,LEG54590,2024/11/19,14:20:00,COLISIÓN POR CORTE DE CIRCULACIÓN,ASFALTO,Bueno,Bueno,2,PEUGEOT,AZUL,2,,47,MASCULINO,SIN DATOS,0,0,Morelia,Lomas de Hidalgo,noviembre,martes,14,-101.158905811608,19.6955143911391
51046,51052,2024,,2024/11/19,15:00:00,COLISIÓN CONTRA OBJETO FIJO,ASFALTO,Nublado,Bueno,1,VOLKSWAGEN,AZUL,1,,,MASCULINO,SIN DATOS,0,0,Morelia,Diego Rivera,noviembre,martes,15,-101.1764652282,19.7185257182212
51047,51053,2024,LEG54588,2024/11/19,15:25:00,COLISIÓN POR ALCANCE,ASFALTO,Bueno,Bueno,3,CHEVROLET/CHEVY,VERDE,3,,51,FEMENINO,SIN DATOS,0,0,Morelia,Ana Maria Gallaga (Riviera Norte),noviembre,martes,15,-101.219994798303,19.6771317386605
51048,51054,2024,,2024/11/20,"00:01:00",COLISIÓN POR NO RESPETAR SEMÁFORO,ASFALTO,Bueno,Bueno,2,NISSAN/VERSA,BLANCO ROJO,2,,47,MASCULINO,SIN DATOS,0,0,Morelia,Felix Ireta,noviembre,miércoles,0,-101.192109882832,19.6823842305885
51049,51055,2024,LEG54593,2024/11/20,"01:35:00",COLISIÓN CONTRA OBJETO FIJO,ASFALTO,Bueno,Bueno,1,FORD,GRIS,1,,0,MASCULINO,SIN DATOS,0,0,Morelia,Sentimientos de La Nacion,noviembre,miércoles,2,-101.235284395516,19.681189349583