fid,id_accidente,anio_origen,folio_c5i,dia_incidente,hora_ocurrencia,tipo_incidente_vial,superficie_ocurrencia,condiciones_climaticas,condiciones_via,numero_vehiculos_involucrados,marca_vehiculo_ocasiona_siniestro,color_vehiculo_ocasiona_siniestro,numero_personas_involucradas,lugar_remite_presunto_responsable,edad_presunto_responsable,sexo_presunto_responsable,resultados_toxicologia,numero_personas_lesionadas,numero_personas_fallecidas,municipio,colonia,mes,dia_semana,hora_redondeada,lon,lat
51050,51056,2024,,2024/11/20,"08:15:00",COLISIÓN POR CORTE DE CIRCULACIÓN,ASFALTO,Bueno,Bueno,2,TOYOTA,BLANCO,2,,,MASCULINO,SIN DATOS,0,0,Morelia,Alberto Oviedo Mota,noviembre,miércoles,8,-101.197825670242,19.6811713552699
51051,51057,2024,,2024/11/20,"08:20:00",COLISIÓN POR CORTE DE CIRCULACIÓN,ASFALTO,Bueno,Bueno,2,NISSAN,BLANCO Y ROJO,2,MINISTERIO PÚBLICO,63,MASCULINO,SIN DATOS,0,0,Morelia,Centro,noviembre,miércoles,8,-101.190577670932,19.6998054352987
51052,51058,2024,,2024/11/20,"09:05:00",COLISIÓN POR CORTE DE CIRCULACIÓN,ASFALTO,Bueno,Bueno,2,GMC SAFARI,GUINDA,2,,23,MASCULINO,SIN DATOS,0,0,Morelia,Nueva Valladolid,noviembre,miércoles,9,-101.210778728127,19.695177895685
51053,51059,2024,MOR/240061179,2024/11/20,10:00:00,COLISIÓN POR CORTE DE CIRCULACIÓN,ASFALTO,Bueno,Bueno,2,CHEVROLET,ROJO,2,,22,MASCULINO,SIN DATOS,0,0,Morelia,Chapultepec Oriente,noviembre,miércoles,10,-101.159352064133,19.6900009533929
51054,51060,2024,MOR240061261,2024/11/20,13:48:00,COLISIÓN POR CORTE DE CIRCULACIÓN,ASFALTO,Bueno,Bueno,2,MAZDA,BLANCO,2,MINISTERIO PÚBLICO,19,MASCULINO,SIN DATOS,0,0,Morelia,Cuauhtemoc,noviembre,miércoles,14,-101.181975491345,19.6940345634441
51055,51061,2024,,2024/11/20,17:00:00,CAIDA DE MOTOCICLETA,ASFALTO,Bueno,Bueno,1,ITALIKA,NEGRO,2,,30,MASCULINO,SIN DATOS,1,0,Morelia,Tzindurio de Morelos,noviembre,miércoles,17,-101.245759427547,19.6995655388529
51056,51062,2024,MOR2400043450,2024/11/20,17:00:00,COLISIÓN POR CORTE DE CIRCULACIÓN,CONCRETO,Bueno,Bueno,2,CHEVROLET,NEGRO,2,,31,FEMENINO,SIN DATOS,0,0,Morelia,Centro,noviembre,miércoles,17,-101.19118388321,19.702768457823
51057,51063,2024,,2024/11/20,18:15:00,COLISIÓN POR CAMBIO DE CARRIL,ASFALTO,Lluvioso,Malo,2,NISSAN,BLANCO Y VERDE,2,,55,MASCULINO,SIN DATOS,0,0,Morelia,Martires de Uruapan,noviembre,miércoles,18,-101.197319408167,19.725017061641
51060,51066,2024,,2024/11/21,"09:00:00",COLISIÓN POR ALCANCE,ASFALTO,Bueno,Bueno,2,VOLKSWAGEN /VENTO,BLANCO,2,,24,MASCULINO,SIN DATOS,0,0,Morelia,Ana Maria Gallaga (Riviera Norte),noviembre,jueves,9,-101.222665607929,19.6766727135734
51061,51067,2024,LEG54614,2024/11/21,12:30:00,COLISIÓN POR CORTE DE CIRCULACIÓN,ASFALTO,Bueno,Bueno,2,VOLKSWAGEN,GRIS,3,MINISTERIO PÚBLICO,35,,SIN DATOS,1,0,Morelia,Sin datos,noviembre,jueves,13,-101.355056,19.6696905
51062,51068,2024,,2024/11/21,13:10:00,COLISIÓN CONTRA OBJETO FIJO,CONCRETO,Bueno,Bueno,1,NISSAN URVAN,BLANCO/ROJO,1,,47,MASCULINO,SIN DATOS,0,0,Morelia,Irrigacion,noviembre,jueves,13,-101.224794055804,19.7057244071144
51063,51069,2024,,2024/11/21,15:15:00,COLISIÓN POR NO RESPETAR SEMÁFORO,ASFALTO,Bueno,Bueno,2,HONDA CGL-125,GRIS,2,,32,MASCULINO,SIN DATOS,0,0,Morelia,Sentimientos de La Nacion,noviembre,jueves,15,-101.233194944297,19.682432823539
51064,51070,2024,,2024/11/21,17:35:00,COLISIÓN POR CORTE DE CIRCULACIÓN,CONCRETO,Bueno,Bueno,2,CHEVROLET,ROJO,2,,,,SIN DATOS,0,0,Morelia,Felix Ireta,noviembre,jueves,18,-101.1919749,19.6869904499991
51065,51071,2024,MOR240061663,2024/11/21,21:37:00,COLISIÓN POR CORTE DE CIRCULACIÓN,ASFALTO,Bueno,Bueno,2,NISSAN,BLANCO,3,,55,MASCULINO,SIN DATOS,1,0,Morelia,San Isidro Itzicuaro Norte,noviembre,jueves,22,-101.270446479321,19.6985440810131
51067,51073,2024,MOR2400043444,2024/11/21,23:48:00,SALIDA DE SUPERFICIE DE RODAMIENTO,ASFALTO,Lluvioso,Regular,1,JEEP,ARENA,1,,35,MASCULINO,SIN DATOS,0,0,Morelia,La Calera,noviembre,jueves,0,-101.239700185,19.6710505399991
51068,51074,2024,,2024/11/22,"00:00:00",COLISIÓN POR ALCANCE,ASFALTO,Bueno,Bueno,2,FORD,BLANCO/ROJO/AZUL,2,,31,MASCULINO,SIN DATOS,0,0,Morelia,Hacienda San Jose,noviembre,viernes,0,-101.214777231216,19.6948849609801
51069,51075,2024,,2024/11/22,"00:00:00",COLISIÓN POR ALCANCE,ASFALTO,Bueno,Bueno,2,TOYOTA,BLANCO,2,,27,MASCULINO,SIN DATOS,0,0,Morelia,La Camelina,noviembre,viernes,0,-101.22346624732,19.6684700229714
51070,51076,2024,,2024/11/22,"00:00:00",COLISIÓN POR CAMBIO DE CARRIL,ASFALTO,Bueno,Bueno,2,TOYOTA,PLATA,2,,,MASCULINO,SIN DATOS,0,0,Morelia,Felix Ireta,noviembre,viernes,0,-101.192128658295,19.6824347405535
51071,51077,2024,,2024/11/22,"04:25:00",COLISIÓN CONTRA OBJETO FIJO,ASFALTO,Bueno,Bueno,1,NISSAN,GRIS,1,,,,SIN DATOS,0,0,Morelia,El Durazno,noviembre,viernes,4,-101.18104711175,19.6567268987067
51072,51078,2024,,2024/11/22,"09:20:00",COLISIÓN POR CORTE DE CIRCULACIÓN,CONCRETO,Bueno,Bueno,2,ITALIKA,GRAFITO,2,MINISTERIO PÚBLICO,48,MASCULINO,SIN DATOS,0,0,Morelia,Santa Maria de Guido,noviembre,viernes,9,-101.189795136452,19.6715403194624
51073,51079,2024,,2024/11/22,10:00:00,COLISIÓN POR ALCANCE,ASFALTO,Bueno,Bueno,2,ISUZU,BLACO/ROJO,2,,54,MASCULINO,SIN DATOS,0,0,Morelia,Diego Rivera,noviembre,viernes,10,-101.176459528506,19.7185219308286
51074,51080,2024,,2024/11/22,10:00:00,COLISIÓN POR CAMBIO DE CARRIL,ASFALTO,Bueno,Bueno,2,FORD,BLANCO,2,,33,MASCULINO,SIN DATOS,0,0,Morelia,Josefa Ortiz de Dominguez,noviembre,viernes,10,-101.209869459271,19.6720628165053
51076,51082,2024,,2024/11/22,12:50:00,COLISIÓN POR CORTE DE CIRCULACIÓN,ASFALTO,Bueno,Bueno,2,HONDA,CAFE,2,,50,MASCULINO,SIN DATOS,0,0,Morelia,Ana Maria Gallaga (Riviera Norte),noviembre,viernes,13,-101.219996139407,19.6771301601721
51077,51083,2024,,2024/11/22,13:00:00,SALIDA DE SUPERFICIE DE RODAMIENTO,ASFALTO,Bueno,Bueno,2,S/D,S/D,1,MINISTERIO PÚBLICO,33,FEMENINO,SIN DATOS,0,0,Morelia,Sin datos,noviembre,viernes,13,-101.116302609444,19.7368297688787
51078,51084,2024,,2024/11/22,13:50:00,COLISIÓN POR CORTE DE CIRCULACIÓN,ASFALTO,Bueno,Bueno,2,NISSAN,BLANCO,2,MINISTERIO PÚBLICO,50,MASCULINO,SIN DATOS,0,0,Morelia,Cuauhtemoc,noviembre,viernes,14,-101.179035790265,19.6947839488886
51079,51085,2024,,2024/11/22,14:44:00,COLISIÓN CON PEATÓN,SIN_DATOS,Bueno,Bueno,2,DODGE,VERDE,2,,40,FEMENINO,SIN DATOS,0,0,Morelia,Ventura Puente,noviembre,viernes,15,-101.195373125374,19.6922614668954
51080,51086,2024,,2024/11/22,16:00:00,COLISIÓN POR MANIOBRA DE REVERSA,ASFALTO,Bueno,Bueno,2,JEEP,VERDE,2,,72,MASCULINO,SIN DATOS,0,0,Morelia,Canteras de Morelia,noviembre,viernes,16,-101.173375993967,19.7162122359227
51081,51087,2024,,2024/11/22,16:09:00,COLISIÓN POR ALCANCE,ASFALTO,Bueno,Bueno,2,CHEVROLET,VERDE,2,,66,MASCULINO,SIN DATOS,0,0,Morelia,Loma de Los Piñones,noviembre,viernes,16,-101.205067634583,19.6740201920958
51082,51088,2024,,2024/11/22,20:04:00,COLISIÓN POR CORTE DE CIRCULACIÓN,ASFALTO,Bueno,Bueno,1,KIA,BLANCO,1,,36,MASCULINO,SIN DATOS,0,0,Morelia,Tenencia Morelos,noviembre,viernes,20,-101.245442926884,19.6519478191633
51083,51089,2024,,2024/11/22,20:50:00,COLISIÓN POR MANIOBRA DE REVERSA,CONCRETO,Bueno,Bueno,2,KEENWORTH,BLANCO,2,,33,MASCULINO,SIN DATOS,0,0,Morelia,Lazaro Cardenas,noviembre,viernes,21,-101.165336407721,19.7101386332626
51084,51090,2024,LEG54635,2024/11/23,"01:46:00",COLISIÓN POR ALCANCE,ASFALTO,Bueno,Bueno,2,NISSAN,AZUL,2,,30,MASCULINO,SIN DATOS,0,0,Morelia,Centro,noviembre,sábado,2,-101.202359767889,19.7014533996025
51085,51091,2024,,2024/11/23,"08:50:00",COLISIÓN POR CAMBIO DE CARRIL,ASFALTO,Bueno,Bueno,1,Nissan,Blanco,2,,,,SIN DATOS,0,0,Morelia,Valle de Altozano,noviembre,sábado,9,-101.164806336164,19.6654504987115
51086,51092,2024,,2024/11/23,10:15:00,COLISIÓN POR ALCANCE,CONCRETO,Bueno,Bueno,2,DATSUN,AZUL,2,,34,MASCULINO,SIN DATOS,0,0,Morelia,Solidaridad,noviembre,sábado,10,-101.206198856235,19.7357517443589
51087,51093,2024,,2024/11/23,10:20:00,COLISIÓN CONTRA OBJETO FIJO,ASFALTO,Bueno,Bueno,1,CHEVROLET,ROJO,2,,25,MASCULINO,SIN DATOS,1,0,Morelia,Nicolas Bravo(Los Ejidos),noviembre,sábado,10,-101.220512464643,19.7053554654182
51088,51094,2024,,2024/11/23,13:00:00,COLISIÓN POR CAMBIO DE CARRIL,ASFALTO,Bueno,Bueno,2,KENWORTH,BLANCO,2,,,MASCULINO,SIN DATOS,0,0,Morelia,La Floresta,noviembre,sábado,13,-101.152175813913,19.6844854316829
51089,51095,2024,,2024/11/23,13:20:00,COLISIÓN CON PEATÓN,SIN_DATOS,Bueno,Bueno,2,HONDA,GRIS,2,,64,FEMENINO,SIN DATOS,0,0,Morelia,Industrial,noviembre,sábado,13,-101.188362836838,19.7114778567504
51090,51096,2024,,2024/11/23,14:50:00,COLISIÓN POR CORTE DE CIRCULACIÓN,ASFALTO,Bueno,Bueno,2,MERCEDES BENZ OMNIBUS,AMARILLO/ROJO,2,MINISTERIO PÚBLICO,60,MASCULINO,SIN DATOS,0,0,Morelia,Centro,noviembre,sábado,15,-101.18218963,19.7028850649992
51091,51097,2024,,2024/11/23,16:55:00,COLISIÓN POR CORTE DE CIRCULACIÓN,ASFALTO,Bueno,Bueno,2,KIA,BLANCO,2,,22,FEMENINO,SIN DATOS,0,0,Morelia,Prados Verdes,noviembre,sábado,17,-101.197096779943,19.7161661553077
51092,51098,2024,,2024/11/23,19:10:00,COLISIÓN POR ALCANCE,ASFALTO,Bueno,Bueno,2,CHEVROLET SILVERADO,ROJO,2,MINISTERIO PÚBLICO,81,MASCULINO,SIN DATOS,0,0,Morelia,Josefa Ortiz de Dominguez,noviembre,sábado,19,-101.210515201092,19.7260883308095
51093,51099,2024,LEG54636,2024/11/23,20:00:00,COLISIÓN POR CORTE DE CIRCULACIÓN,ASFALTO,Bueno,Bueno,2,HYUNDAI,BLANCO,1,,45,MASCULINO,ALIENTO ETÍLICO,0,0,Morelia,Campestre Los Manantiales,noviembre,sábado,20,-101.238161064684,19.6877703972653
51094,51100,2024,,2024/11/23,20:25:00,COLISIÓN POR CAMBIO DE CARRIL,ASFALTO,Bueno,Bueno,2,INTERNATIONAL/T3,BLANCO,2,,38,MASCULINO,SIN DATOS,0,0,Morelia,El Lago 2,noviembre,sábado,20,-101.217716261745,19.7270591168565
51095,51101,2024,,2024/11/24,"03:00:00",COLISIÓN POR CORTE DE CIRCULACIÓN,ASFALTO,Bueno,Bueno,2,CHEVROLET,AMARILLO,2,,,MASCULINO,SIN DATOS,0,0,Morelia,La Huerta,noviembre,domingo,3,-101.236782073975,19.6651796101291
51096,51102,2024,,2024/11/24,13:00:00,COLISIÓN CONTRA OBJETO FIJO,CONCRETO,Bueno,Bueno,1,CHEVROLET,ROJO,1,MINISTERIO PÚBLICO,0,,SIN DATOS,0,0,Morelia,Villas del Pedregal,noviembre,domingo,13,-101.305604875088,19.6814359030381
51097,51103,2024,,2024/11/24,18:00:00,COLISIÓN POR CORTE DE CIRCULACIÓN,ASFALTO,Bueno,Bueno,3,BAJAJ,PULSAR 125,2,MINISTERIO PÚBLICO,24,MASCULINO,SIN DATOS,0,0,Morelia,Jesus Romero Flores,noviembre,domingo,18,-101.178306817326,19.7315900393729
51098,51104,2024,,2024/11/24,20:00:00,COLISIÓN CONTRA OBJETO FIJO,ASFALTO,Bueno,Bueno,2,FORD,ROJO,1,MINISTERIO PÚBLICO,,,SIN DATOS,0,0,Morelia,Nueva Chapultepec,noviembre,domingo,20,-101.170656534483,19.6877951794071
51099,51105,2024,,2024/11/25,"00:00:00",COLISIÓN POR CORTE DE CIRCULACIÓN,CONCRETO,Bueno,Bueno,1,HONDA,AZUL,1,,19,MASCULINO,SIN DATOS,0,0,Morelia,Centro,noviembre,lunes,0,-101.17789641,19.7013360799991
51100,51106,2024,,2024/11/25,"02:40:00",COLISIÓN CONTRA OBJETO FIJO,CONCRETO,Bueno,Bueno,2,GMC,DORADO,1,,33,FEMENINO,SIN DATOS,0,0,Morelia,San Rafael,noviembre,lunes,3,-101.15425142,19.7006249549991
51101,51107,2024,,2024/11/25,"07:24:00",COLISIÓN POR CORTE DE CIRCULACIÓN,ASFALTO,Bueno,Bueno,2,FIAT,BLANCO,1,MINISTERIO PÚBLICO,0,MASCULINO,SIN DATOS,0,0,Morelia,Torreon Nuevo,noviembre,lunes,7,-101.207644850679,19.7494147681465
51102,51108,2024,,2024/11/25,"08:00:00",COLISIÓN POR CORTE DE CIRCULACIÓN,CONCRETO,Bueno,Bueno,2,FORD CHASIS,BLANCO,2,,39,MASCULINO,SIN DATOS,0,0,Morelia,Ventura Puente,noviembre,lunes,8,-101.187182954235,19.6926426896116
51104,51110,2024,,2024/11/25,12:56:00,COLISIÓN CON PEATÓN,ASFALTO,Bueno,Bueno,1,ITALIKA,VERDE,3,MINISTERIO PÚBLICO,,,,3,0,Cuitzeo,Sin datos,noviembre,lunes,13,-101.150749884546,20.060088161432
51105,51111,2024,,2024/11/25,13:30:00,COLISIÓN POR ALCANCE,ASFALTO,Bueno,Bueno,2,FORD,BLANCO,2,,36,MASCULINO,SIN DATOS,0,0,Morelia,Nueva Jacarndas,noviembre,lunes,14,-101.188454031944,19.6815886965382
51106,51112,2024,,2024/11/25,14:50:00,COLISIÓN POR ALCANCE,CONCRETO,Bueno,Bueno,2,CHEVROLET,BLANCO,2,,19,MASCULINO,SIN DATOS,0,0,Morelia,Felix Ireta,noviembre,lunes,15,-101.183289438486,19.6865913403964
51109,51115,2024,,2024/11/25,19:00:00,COLISIÓN POR ALCANCE,ASFALTO,Bueno,Regular,2,CHEVROLET,NEGRO,4,MINISTERIO PÚBLICO,,,,4,0,Cuitzeo,Los Granados,noviembre,lunes,19,-101.140187345445,19.9746337986691
51110,51116,2024,LEG54653,2024/11/25,19:40:00,COLISIÓN POR CAMBIO DE CARRIL,ASFALTO,Bueno,Bueno,2,NISSAN,TITANIUM,2,,24,FEMENINO,SIN DATOS,0,0,Morelia,Martires de Uruapan,noviembre,lunes,20,-101.197319408167,19.725017061641
51111,51117,2024,,2024/11/25,20:00:00,COLISIÓN POR CORTE DE CIRCULACIÓN,ASFALTO,Bueno,Bueno,2,HYUNDAI,BLANCO,2,,,,SIN DATOS,0,0,Morelia,Nueva Chapultepec,noviembre,lunes,20,-101.165076895,19.6866029549991
51112,51118,2024,,2024/11/26,"00:01:00",COLISIÓN CONTRA OBJETO FIJO,ASFALTO,Bueno,Bueno,1,FORD,NEGRO,1,,41,MASCULINO,SIN DATOS,0,0,Morelia,Felipe Carrillo Puerto,noviembre,martes,0,-101.177427865661,19.7308068402022
51113,51119,2024,,2024/11/26,"08:20:00",COLISIÓN POR ALCANCE,ASFALTO,Bueno,Bueno,2,CHEVROLET,ROJO,2,,22,MASCULINO,SIN DATOS,0,0,Morelia,Isaac Arriaga,noviembre,martes,8,-101.171365007758,19.7077224475073
51114,51120,2024,,2024/11/26,"09:15:00",COLISIÓN CON PEATÓN,ASFALTO,Bueno,Bueno,1,JEEP,BLANCO,2,MINISTERIO PÚBLICO,61,FEMENINO,SIN DATOS,1,0,Morelia,Sin datos,noviembre,martes,9,-101.275329105556,19.5633054315549
51115,51121,2024,,2024/11/26,15:30:00,COLISIÓN POR ALCANCE,ASFALTO,Bueno,Bueno,3,NISSAN,BLANCO,3,,23,MASCULINO,SIN DATOS,0,0,Morelia,Loma Bonita,noviembre,martes,16,-101.196752786636,19.7213226830801
51116,51122,2024,,2024/11/26,16:48:00,COLISIÓN POR ALCANCE,ASFALTO,Bueno,Bueno,2,VOLKSWAGEN,PLATA,2,,27,FEMENINO,SIN DATOS,0,0,Morelia,Sentimientos de La Nacion,noviembre,martes,17,-101.233193948865,19.6781991089678
51117,51123,2024,,2024/11/26,18:20:00,COLISIÓN POR CAMBIO DE CARRIL,CONCRETO,Bueno,Bueno,2,HONDA,BLANCO,2,,27,FEMENINO,SIN DATOS,0,0,Morelia,Centro,noviembre,martes,18,-101.18754847,19.7028479949991
51118,51124,2024,,2024/11/26,19:30:00,COLISIÓN POR CORTE DE CIRCULACIÓN,ASFALTO,Bueno,Bueno,2,BAJAJ,BLANCO,2,,18,MASCULINO,SIN DATOS,0,0,Morelia,Margarita Maza de Juarez,noviembre,martes,20,-101.255526905,19.6928898149991
51119,51125,2024,MOR22456790,2024/11/27,"08:28:00",COLISIÓN POR ALCANCE,ASFALTO,Bueno,Bueno,2,KENWORTH,ROJO,2,,,MASCULINO,SIN DATOS,0,0,Morelia,Prados Verdes,noviembre,miércoles,8,-101.199782310949,19.7166640281338
51120,51126,2024,LEG54680,2024/11/27,"09:47:00",COLISIÓN POR ALCANCE,ASFALTO,Bueno,Bueno,2,NISSAN,BLANCO,2,,,MASCULINO,SIN DATOS,0,0,Morelia,La Soledad,noviembre,miércoles,10,-101.183196566999,19.7290798856694
51121,51127,2024,,2024/11/27,10:00:00,COLISIÓN POR CORTE DE CIRCULACIÓN,CONCRETO,Bueno,Bueno,2,FORD,NEGRO,2,,36,FEMENINO,SIN DATOS,0,0,Morelia,Barrio Alto,noviembre,miércoles,10,-101.188489345,19.7284095499992
51122,51128,2024,,2024/11/27,10:10:00,COLISIÓN POR ALCANCE,ASFALTO,Bueno,Bueno,2,NISSAN,ARENA,2,,,,SIN DATOS,0,0,Morelia,Lomas de San Juan,noviembre,miércoles,10,-101.183039681886,19.7298664251429
51123,51129,2024,,2024/11/27,10:45:00,COLISIÓN POR CORTE DE CIRCULACIÓN,ASFALTO,Bueno,Bueno,2,HONDA,BLANCO,2,,29,MASCULINO,SIN DATOS,0,0,Morelia,Popular Pogreso,noviembre,miércoles,11,-101.200145965135,19.7202451059807
51124,51130,2024,LEG54678,2024/11/27,12:11:00,COLISIÓN POR CORTE DE CIRCULACIÓN,ASFALTO,Bueno,Bueno,2,ITALIKA,NEGRO,2,MINISTERIO PÚBLICO,0,MASCULINO,SIN DATOS,0,0,Morelia,Nueva Valladolid,noviembre,miércoles,12,-101.210562810302,19.7009035882536
51125,51131,2024,,2024/11/27,23:20:00,COLISIÓN CONTRA OBJETO FIJO,ASFALTO,Bueno,Bueno,1,FORD,BLANCO,1,,,,SIN DATOS,0,0,Morelia,Florida,noviembre,miércoles,23,-101.2292475,19.674784
51126,51132,2024,,2024/11/28,"00:00:00",COLISIÓN POR ALCANCE,ASFALTO,Bueno,Bueno,2,VELOCI,GRIS,2,,19,MASCULINO,SIN DATOS,0,0,Morelia,Juarez,noviembre,jueves,0,-101.197007261217,19.6955434319894
51127,51133,2024,,2024/11/28,"01:20:00",COLISIÓN POR ALCANCE,ASFALTO,Bueno,Bueno,2,MERCEDES,BLANCO,2,,30,,SIN DATOS,0,0,Morelia,Jardines de La Loma,noviembre,jueves,1,-101.225021701604,19.6768245660415
51128,51134,2024,,2024/11/28,"07:20:00",COLISIÓN POR CORTE DE CIRCULACIÓN,ASFALTO,Bueno,Bueno,2,NISSAN,GRIS,2,,41,FEMENINO,SIN DATOS,0,0,Morelia,Felix Ireta,noviembre,jueves,7,-101.192050874233,19.6824019090781
51129,51135,2024,,2024/11/28,"08:59:00",COLISIÓN POR CORTE DE CIRCULACIÓN,ASFALTO,Bueno,Bueno,2,MITSUBISHI,BLANCO,2,,0,MASCULINO,SIN DATOS,0,0,Cuitzeo,El Embarcadero,noviembre,jueves,9,-101.136144250631,19.9594177963758
51130,51136,2024,,2024/11/28,"09:20:00",COLISIÓN POR CORTE DE CIRCULACIÓN,ASFALTO,Bueno,Bueno,2,ITALIKA,NEGRO,2,,19,FEMENINO,SIN DATOS,0,0,Morelia,Ventura Puente,noviembre,jueves,9,-101.179209128022,19.6935522275703
51131,51137,2024,,2024/11/28,11:40:00,COLISIÓN POR CORTE DE CIRCULACIÓN,CONCRETO,Bueno,Bueno,2,RAM,BLANCO Y AZUL,3,,,MASCULINO,SIN DATOS,1,0,Morelia,Agustin Arriaga Rivera,noviembre,jueves,12,-101.221729516983,19.6934177540898
51132,51138,2024,"240063976",2024/11/28,12:00:00,SALIDA DE SUPERFICIE DE RODAMIENTO,CONCRETO,Bueno,Bueno,1,ALFA ROMEO,NEGRO,1,,25,FEMENINO,SIN DATOS,0,0,Morelia,Bosques Tres Marias,noviembre,jueves,12,-101.103859841824,19.7244307852145
51133,51139,2024,,2024/11/28,12:10:00,COLISIÓN POR ALCANCE,ASFALTO,Bueno,Bueno,2,DODGE,Azul,2,,57,MASCULINO,SIN DATOS,0,0,Morelia,Vista Bella,noviembre,jueves,12,-101.192087084055,19.6822478536033
51134,51140,2024,,2024/11/28,12:30:00,COLISIÓN POR ALCANCE,ASFALTO,Bueno,Bueno,2,KIA,PLATA,2,,42,MASCULINO,SIN DATOS,0,0,Morelia,Montaña Monarca,noviembre,jueves,13,-101.161788515747,19.6724337725863
51135,51141,2024,MOR240064030,2024/11/28,14:55:00,COLISIÓN POR CORTE DE CIRCULACIÓN,CONCRETO,Bueno,Bueno,2,SUZUKI,AMARILLO,2,,20,MASCULINO,SIN DATOS,0,0,Morelia,Bosques de Oriente,noviembre,jueves,15,-101.155075952411,19.7162330668813
51136,51142,2024,,2024/11/28,15:40:00,COLISIÓN POR CORTE DE CIRCULACIÓN,ASFALTO,Bueno,Bueno,2,MAZDA,GUINDA,2,,32,MASCULINO,SIN DATOS,0,0,Morelia,Poblado de Ocolusen,noviembre,jueves,16,-101.157777942717,19.6953051074642
51137,51143,2024,,2024/11/28,17:10:00,COLISIÓN POR NO RESPETAR SEMÁFORO,ASFALTO,Bueno,Bueno,2,VOLKSWAGEN,ROJO,2,,47,MASCULINO,SIN DATOS,0,0,Morelia,Morelos,noviembre,jueves,17,-101.206896230578,19.7014149417575
51138,51144,2024,MOR2400043410,2024/11/28,18:15:00,COLISIÓN POR CAMBIO DE CARRIL,ASFALTO,Bueno,Bueno,2,MERCEDES BENZ,BLANCO/VERDE,2,,30,MASCULINO,SIN DATOS,0,0,Morelia,Isaac Arriaga,noviembre,jueves,18,-101.166305691004,19.7101547305241
51139,51145,2024,,2024/11/28,18:30:00,COLISIÓN POR CAMBIO DE CARRIL,CONCRETO,Bueno,Bueno,2,RENAULT,BLANCO/ROJO,2,,49,MASCULINO,SIN DATOS,0,0,Morelia,Elias Perez Avalos,noviembre,jueves,19,-101.165590211749,19.7104558437047
51140,51146,2024,,2024/11/28,19:00:00,COLISIÓN CONTRA OBJETO FIJO,ASFALTO,Bueno,Bueno,2,DODGE,BLANCO/ROJO,2,,57,MASCULINO,SIN DATOS,0,0,Morelia,Felix Ireta,noviembre,jueves,19,-101.195801943541,19.682405065951
51141,51147,2024,,2024/11/28,19:00:00,COLISIÓN POR CORTE DE CIRCULACIÓN,ASFALTO,Bueno,Bueno,2,FORD,BLANCO,2,,48,MASCULINO,SIN DATOS,0,0,Morelia,Isaac Arriaga,noviembre,jueves,19,-101.167567670345,19.7114450312322
51142,51148,2024,,2024/11/29,"00:00:00",COLISIÓN POR CAMBIO DE CARRIL,ASFALTO,Bueno,Bueno,2,NISSAN,BLANCO,2,MINISTERIO PÚBLICO,0,FEMENINO,SIN DATOS,0,0,Morelia,Jardines del Rincon,noviembre,viernes,0,-101.153380125761,19.6872457417065
51143,51149,2024,LEG54702,2024/11/29,"00:15:00",COLISIÓN POR CORTE DE CIRCULACIÓN,ASFALTO,Bueno,Bueno,2,VENTO,ROJO/NEGRO,2,,22,MASCULINO,ALIENTO ETÍLICO,0,0,Morelia,Villas del Pedregal,noviembre,viernes,0,-101.304529309273,19.6876144528925
51144,51150,2024,,2024/11/29,"08:20:00",COLISIÓN POR CORTE DE CIRCULACIÓN,ASFALTO,Bueno,Bueno,2,CHEVROLET,BLANCO,2,,27,MASCULINO,SIN DATOS,0,0,Morelia,Elias Perez Avalos,noviembre,viernes,8,-101.166459918022,19.7109475975543
51145,51151,2024,,2024/11/29,15:50:00,COLISIÓN POR CORTE DE CIRCULACIÓN,SIN_DATOS,Bueno,Bueno,2,CHEVROLET,ARENA,2,,54,MASCULINO,SIN DATOS,0,0,Morelia,Jose Ma Pino Suarez,noviembre,viernes,16,-101.163705289364,19.7242590963408
51146,51152,2024,MOR /240064412,2024/11/29,16:05:00,COLISIÓN POR CORTE DE CIRCULACIÓN,CONCRETO,Bueno,Bueno,2,VOLKSWAGEN,BLANCO,2,,24,MASCULINO,SIN DATOS,0,0,Morelia,Felicitas del Rio,noviembre,viernes,16,-101.197002232075,19.6924429758119
51147,51153,2024,,2024/11/29,18:20:00,COLISIÓN POR ALCANCE,ASFALTO,Bueno,Bueno,2,NISSAN,ROJO,2,,34,MASCULINO,SIN DATOS,0,0,Morelia,Loma de La Floresta,noviembre,viernes,18,-101.201264262199,19.6664222840555
51148,51154,2024,,2024/11/29,18:20:00,COLISIÓN POR ALCANCE,CONCRETO,Bueno,Bueno,2,BMW,ROJO,2,,,MASCULINO,SIN DATOS,0,0,Morelia,Nueva Chapultepec,noviembre,viernes,18,-101.16717942059,19.6889967966042
51149,51155,2024,,2024/11/29,19:30:00,COLISIÓN POR ALCANCE,ASFALTO,Bueno,Bueno,2,ITALIKA,NARANJA/VERDE,2,MINISTERIO PÚBLICO,57,MASCULINO,SIN DATOS,0,0,Morelia,Loma de Los Piñones,noviembre,viernes,20,-101.205070316792,19.6740498682514
51150,51156,2024,MOR240064487,2024/11/29,20:05:00,COLISIÓN POR CAMBIO DE CARRIL,ASFALTO,Bueno,Bueno,2,HONDA,GRIS,2,,48,MASCULINO,SIN DATOS,0,0,Morelia,Nueva Jacarndas,noviembre,viernes,20,-101.188730299473,19.6817099210296