fid,id_accidente,anio_origen,folio_c5i,dia_incidente,hora_ocurrencia,tipo_incidente_vial,superficie_ocurrencia,condiciones_climaticas,condiciones_via,numero_vehiculos_involucrados,marca_vehiculo_ocasiona_siniestro,color_vehiculo_ocasiona_siniestro,numero_personas_involucradas,lugar_remite_presunto_responsable,edad_presunto_responsable,sexo_presunto_responsable,resultados_toxicologia,numero_personas_lesionadas,numero_personas_fallecidas,municipio,colonia,mes,dia_semana,hora_redondeada,lon,lat
51151,51157,2024,LEG54713,2024/11/30,"07:30:00",COLISIÓN CONTRA OBJETO FIJO,CONCRETO,Bueno,Bueno,1,VOLKSWAGEN,BLANCO,1,,,MASCULINO,SIN DATOS,0,0,Morelia,Villas del Pedregal,noviembre,sábado,8,-101.305570006371,19.6835333283524
51152,51158,2024,LEG54714,2024/11/30,10:00:00,COLISIÓN POR CORTE DE CIRCULACIÓN,CONCRETO,Bueno,Bueno,2,ITALIKA,BLANCO,3,,50,MASCULINO,SIN DATOS,1,0,Morelia,Los Sauces,noviembre,sábado,10,-101.182940080762,19.6597333265002
51153,51159,2024,,2024/11/30,14:10:00,COLISIÓN CONTRA OBJETO FIJO,ASFALTO,Bueno,Bueno,1,VOLKSWAGEN,BLANCO,1,,23,MASCULINO,SIN DATOS,0,0,Morelia,El Eden,noviembre,sábado,14,-101.247344613075,19.6492260545843
51154,51160,2024,,2024/11/30,15:30:00,COLISIÓN POR CORTE DE CIRCULACIÓN,CONCRETO,Bueno,Bueno,2,TOYOTA,BLANCO/NARANJA,2,,30,MASCULINO,SIN DATOS,0,0,Morelia,Felicitas del Rio,noviembre,sábado,16,-101.196997873485,19.6924398191368
51155,51161,2024,,2024/11/30,16:45:00,COLISIÓN POR CAMBIO DE CARRIL,CONCRETO,Bueno,Bueno,2,FORD,ROJO,2,,31,FEMENINO,SIN DATOS,0,0,Morelia,Hospitales de Don Vasco,noviembre,sábado,17,-101.155500076711,19.7010711987488
51156,51162,2024,,2024/11/30,16:50:00,COLISIÓN POR CAMBIO DE CARRIL,CONCRETO,Bueno,Bueno,2,SUZUKI,NARANJA,2,,52,MASCULINO,SIN DATOS,0,0,Morelia,Juarez,noviembre,sábado,17,-101.196920759976,19.6955475355874
51157,51163,2024,,2024/11/30,17:20:00,COLISIÓN POR ALCANCE,ASFALTO,Bueno,Bueno,2,ITALIKA,NEGRO/AMARILLO,2,MINISTERIO PÚBLICO,,MASCULINO,SIN DATOS,0,1,Cuitzeo,Sin datos,noviembre,sábado,17,-101.191200613976,19.9643792454229
51158,51164,2024,,2024/11/30,20:56:00,COLISIÓN CONTRA OBJETO FIJO,ASFALTO,Bueno,Bueno,1,TOYOTA,BLANCO,1,,45,MASCULINO,SIN DATOS,0,0,Morelia,Jardines de La Loma,noviembre,sábado,21,-101.225021701604,19.6768245660415
51159,51165,2024,LEG54712,2024/11/30,21:26:00,COLISIÓN POR CORTE DE CIRCULACIÓN,ASFALTO,Bueno,Bueno,2,TOYOTA,GRIS,2,,,MASCULINO,SIN DATOS,0,0,Morelia,Vasco de Quiroga,noviembre,sábado,21,-101.171878650784,19.7025730567068
51160,51166,2024,LEG54724,2024/12/01,"02:00:00",COLISIÓN POR ALCANCE,ASFALTO,Bueno,Regular,2,BMW,GRIS,4,MINISTERIO PÚBLICO,17,MASCULINO,SIN DATOS,3,0,Morelia,Ejidal Ocolusen,diciembre,domingo,2,-101.1526575,19.6836425
51161,51167,2024,,2024/12/01,"02:05:00",COLISIÓN CONTRA OBJETO FIJO,ASFALTO,Bueno,Bueno,1,VOLKSWAGEN,BLANCO,0,,,,,0,0,Morelia,Centro,diciembre,domingo,2,-101.18754847,19.7028479949991
51162,51168,2024,LEG54725,2024/12/01,"03:47:00",COLISIÓN CONTRA OBJETO FIJO,ASFALTO,Bueno,Bueno,1,TOYOTA,GRIS,1,,50,MASCULINO,SIN DATOS,0,0,Morelia,Ejidal Ocolusen,diciembre,domingo,4,-101.15332837,19.6868221449992
51163,51169,2024,,2024/12/01,"06:30:00",COLISIÓN POR ALCANCE,ASFALTO,Bueno,Bueno,3,NISSAN,ROJO,3,MINISTERIO PÚBLICO,54,FEMENINO,SIN DATOS,0,0,Morelia,Arboledas de La Huerta,diciembre,domingo,7,-101.224195370583,19.6690973722789
51165,51171,2024,,2024/12/01,15:10:00,COLISIÓN CONTRA OBJETO FIJO,ASFALTO,Bueno,Bueno,1,MAZDA,BLANCO,1,MINISTERIO PÚBLICO,,,,0,1,Morelia,El Lago 3,diciembre,domingo,15,-101.221809983253,19.7273166455852
51166,51172,2024,,2024/12/01,15:40:00,COLISIÓN POR CAMBIO DE CARRIL,ASFALTO,Bueno,Bueno,2,FREIGHTLINER,BLANCO,2,,44,MASCULINO,SIN DATOS,0,0,Morelia,Martires de Uruapan,diciembre,domingo,16,-101.197319408167,19.725017061641
51167,51173,2024,LEG54723,2024/12/01,18:05:00,COLISIÓN CON PEATÓN,ASFALTO,Bueno,Bueno,1,ITALIKA,GRIS,2,MINISTERIO PÚBLICO,18,MASCULINO,SIN DATOS,1,0,Morelia,Torreon Nuevo,diciembre,domingo,18,-101.20358663,19.7462449699991
51168,51174,2024,MOR/240065276,2024/12/01,19:40:00,COLISIÓN POR NO RESPETAR SEMÁFORO,ASFALTO,Bueno,Bueno,2,Dodge ram,Blanco,2,,27,MASCULINO,SIN DATOS,0,0,Morelia,Solidaridad,diciembre,domingo,20,-101.203554055,19.7362141149991
51170,51176,2024,LEG54734,2024/12/01,21:30:00,COLISIÓN POR CAMBIO DE CARRIL,ASFALTO,Bueno,Bueno,2,SEAT,GRIS,2,,36,MASCULINO,SIN DATOS,0,0,Morelia,Felix Ireta,diciembre,domingo,22,-101.194499535,19.6818799749991
51171,51177,2024,LEG54726,2024/12/01,23:25:00,COLISIÓN POR ALCANCE,ASFALTO,Bueno,Bueno,3,TOYOTA,AZUL,3,,0,MASCULINO,SIN DATOS,0,0,Morelia,Sin datos,diciembre,domingo,23,-101.11455884192,19.7372316661679
51172,51178,2024,MOR240064945,2024/12/01,23:50:00,COLISIÓN POR ALCANCE,CONCRETO,Bueno,Bueno,2,FORD,BLANCO,1,MINISTERIO PÚBLICO,26,MASCULINO,SIN DATOS,0,0,Morelia,Progreso del Sur,diciembre,domingo,0,-101.19784196,19.6584584849991
51173,51179,2024,,2024/12/02,"00:00:00",COLISIÓN POR ALCANCE,ASFALTO,Bueno,Bueno,2,VOLKSWAGEN,GRIS,2,MINISTERIO PÚBLICO,0,MASCULINO,SIN DATOS,0,0,Morelia,La Huerta,diciembre,lunes,0,-101.232666365845,19.6599222920998
51174,51180,2024,MOR/240065495,2024/12/02,"08:50:00",COLISIÓN POR CORTE DE CIRCULACIÓN,CONCRETO,Bueno,Bueno,2,CHRYSLER,BLANCO,2,,46,MASCULINO,SIN DATOS,0,0,Morelia,Jacarandas,diciembre,lunes,9,-101.210576762774,19.7076974518136
51175,51181,2024,,2024/12/02,"09:45:00",COLISIÓN POR CORTE DE CIRCULACIÓN,ASFALTO,Bueno,Bueno,2,BMW,BLANCO,2,,23,MASCULINO,SIN DATOS,0,0,Morelia,Ventura Puente,diciembre,lunes,10,-101.190663166344,19.6923627962464
51177,51183,2024,LEG54742,2024/12/02,13:07:00,COLISIÓN POR CORTE DE CIRCULACIÓN,CONCRETO,Bueno,Bueno,2,HYUNDAI,GRIS,2,,67,FEMENINO,SIN DATOS,0,0,Morelia,Felicitas del Rio,diciembre,lunes,13,-101.198466718197,19.688654920976
51178,51184,2024,,2024/12/02,13:50:00,COLISIÓN POR CORTE DE CIRCULACIÓN,ASFALTO,Bueno,Bueno,2,VENTO,NEGRO Y ROJO,1,,16,MASCULINO,SIN DATOS,0,0,Morelia,Torreon Nuevo,diciembre,lunes,14,-101.20280167635,19.7451537944613
51179,51185,2024,MOR/240548563,2024/12/02,14:20:00,COLISIÓN POR ALCANCE,CONCRETO,Bueno,Bueno,2,SEAT,VERDE,2,MINISTERIO PÚBLICO,65,MASCULINO,CON CERTIFICADO,0,0,Morelia,Socialista,diciembre,lunes,14,-101.237447597086,19.644743883423
51180,51186,2024,,2024/12/02,16:00:00,COLISIÓN POR CORTE DE CIRCULACIÓN,CONCRETO,Bueno,Bueno,2,CHEVROLET,ROJO,2,MINISTERIO PÚBLICO,48,FEMENINO,SIN DATOS,0,0,Morelia,El Eden,diciembre,lunes,16,-101.249837055802,19.646141121747
51181,51187,2024,,2024/12/02,16:00:00,COLISIÓN POR CAMBIO DE CARRIL,ASFALTO,Bueno,Bueno,2,ISUZU,ROJO,2,MINISTERIO PÚBLICO,32,MASCULINO,SIN DATOS,0,0,Morelia,Villa de Santa Maria,diciembre,lunes,16,-101.167650818825,19.6559741778655
51182,51188,2024,,2024/12/02,17:08:00,COLISIÓN POR CORTE DE CIRCULACIÓN,ASFALTO,Bueno,Bueno,2,VOLKSWAGEN,BLANCO,4,MINISTERIO PÚBLICO,48,FEMENINO,SIN DATOS,2,0,Morelia,Progreso del Sur,diciembre,lunes,17,-101.19784196,19.6584584849991
51183,51189,2024,LEG54747,2024/12/02,19:40:00,COLISIÓN POR CORTE DE CIRCULACIÓN,ASFALTO,Bueno,Bueno,2,FREIGHTLINER,BLANCO,2,,33,MASCULINO,SIN DATOS,0,0,Morelia,Lomas de Huerta,diciembre,lunes,20,-101.210129633546,19.6723210651699
51184,51190,2024,,2024/12/02,20:22:00,COLISIÓN POR ALCANCE,ASFALTO,Bueno,Regular,2,HYUNDAI,NEGRO,1,,54,MASCULINO,SIN DATOS,0,0,Morelia,Bonanza,diciembre,lunes,20,-101.202140003443,19.6578332403773
51185,51191,2024,LEG54748,2024/12/02,22:20:00,COLISIÓN POR CORTE DE CIRCULACIÓN,CONCRETO,Bueno,Bueno,2,VOLKSWAGEN,PLATA,2,,27,MASCULINO,SIN DATOS,0,0,Morelia,Margarita Maza de Juarez,diciembre,lunes,22,-101.255526905,19.6928898149991
51186,51192,2024,,2024/12/03,"09:40:00",COLISIÓN CONTRA OBJETO FIJO,ASFALTO,Bueno,Bueno,1,NISSAN,BLANCO,1,,29,MASCULINO,SIN DATOS,0,0,Morelia,Club de Golf Tres Marias,diciembre,martes,10,-101.114645004272,19.7048191887063
51187,51193,2024,,2024/12/03,10:15:00,COLISIÓN POR CAMBIO DE CARRIL,ASFALTO,Bueno,Bueno,2,NISSAN,BLANCO,2,,63,MASCULINO,SIN DATOS,0,0,Morelia,Libertad,diciembre,martes,10,-101.236870586872,19.6848238437049
51188,51194,2024,MOR240065825,2024/12/03,11:30:00,COLISIÓN CONTRA OBJETO FIJO,ASFALTO,Bueno,Bueno,2,RENAULT,NARANJA,2,,76,MASCULINO,SIN DATOS,0,0,Morelia,Plan de La Garita,diciembre,martes,12,-101.187847852707,19.7108806837689
51189,51195,2024,,2024/12/03,14:02:00,COLISIÓN CONTRA OBJETO FIJO,ASFALTO,Bueno,Bueno,2,CCC,AMARILLO,2,,42,MASCULINO,SIN DATOS,0,0,Morelia,Bonanza,diciembre,martes,14,-101.202439069748,19.6566245996051
51190,51196,2024,MOR24065876,2024/12/03,15:00:00,COLISIÓN POR CORTE DE CIRCULACIÓN,ASFALTO,Bueno,Bueno,2,ITALIKA,NEGRO,2,MINISTERIO PÚBLICO,27,MASCULINO,SIN DATOS,0,0,Morelia,Mariano Escobedo,diciembre,martes,15,-101.21281620115,19.721492165837
51191,51197,2024,,2024/12/03,15:55:00,VOLCADURA,ASFALTO,Bueno,Bueno,1,FORD,AMARILLO,2,,23,MASCULINO,SIN DATOS,1,0,Morelia,Residencial Alborada,diciembre,martes,16,-101.234631277621,19.7024695242862
51192,51198,2024,,2024/12/03,16:30:00,COLISIÓN POR CAMBIO DE CARRIL,ASFALTO,Bueno,Bueno,2,JEEP/WRANGLER,NARANJA,2,MINISTERIO PÚBLICO,35,FEMENINO,SIN DATOS,0,0,Morelia,Insurgentes,diciembre,martes,17,-101.155416805,19.6953315299991
51193,51199,2024,,2024/12/03,19:45:00,COLISIÓN POR CORTE DE CIRCULACIÓN,ASFALTO,Bueno,Bueno,2,NISSAN,BLANCO,4,,46,MASCULINO,SIN DATOS,2,0,Morelia,Tenencia Morelos,diciembre,martes,20,-101.243929623155,19.6466055443724
51194,51200,2024,MOR240066139,2024/12/04,10:23:00,COLISIÓN POR ALCANCE,ASFALTO,Bueno,Bueno,3,NISSAN,BLANCO,3,,26,MASCULINO,SIN DATOS,0,0,Morelia,Infonavit Colonial Universidad,diciembre,miércoles,10,-101.207,19.6853
51195,51201,2024,,2024/12/04,14:01:00,COLISIÓN POR ALCANCE,ASFALTO,Bueno,Bueno,2,MERCEDES BENZ,NEGRO,2,,29,FEMENINO,SIN DATOS,0,0,Morelia,Tlalpujahua,diciembre,miércoles,14,-101.218008971227,19.6778404175684
51196,51202,2024,,2024/12/04,15:13:00,COLISIÓN POR CORTE DE CIRCULACIÓN,CONCRETO,Bueno,Bueno,2,FORD,AMARILLO,2,,56,MASCULINO,SIN DATOS,0,0,Morelia,Torreon Nuevo,diciembre,miércoles,15,-101.20358663,19.7462449699991
51197,51203,2024,LEG54761,2024/12/04,17:40:00,COLISIÓN POR CORTE DE CIRCULACIÓN,CONCRETO,Bueno,Bueno,2,CHEVROLET,ROJO,2,,86,MASCULINO,SIN DATOS,0,0,Morelia,Centro,diciembre,miércoles,18,-101.19118388321,19.702768457823
51198,51204,2024,,2024/12/04,18:20:00,COLISIÓN POR ALCANCE,ASFALTO,Bueno,Bueno,3,STERLING,BLANCO,3,,34,MASCULINO,SIN DATOS,0,0,Morelia,Martires de Uruapan,diciembre,miércoles,18,-101.197319408167,19.725017061641
51199,51205,2024,,2024/12/05,"09:25:00",COLISIÓN POR ALCANCE,ASFALTO,Bueno,Bueno,2,NISSAN,ROJO,2,,33,MASCULINO,SIN DATOS,0,0,Morelia,Ignacio Zaragoza,diciembre,jueves,9,-101.203699707985,19.7252513544897
51200,51206,2024,,2024/12/05,12:50:00,COLISIÓN CONTRA OBJETO FIJO,CONCRETO,Bueno,Bueno,1,HONDA,NARANJA,1,MINISTERIO PÚBLICO,48,FEMENINO,SIN DATOS,0,0,Morelia,Centro,diciembre,jueves,13,-101.191488280892,19.7056638473866
51201,51207,2024,,2024/12/05,13:20:00,COLISIÓN POR CORTE DE CIRCULACIÓN,CONCRETO,Bueno,Bueno,3,KENWORTH,ROJO,2,,62,MASCULINO,SIN DATOS,0,0,Morelia,Industrial,diciembre,jueves,13,-101.197765991092,19.7094615999161
51202,51208,2024,,2024/12/06,"00:00:00",COLISIÓN CON PEATÓN,SIN_DATOS,Bueno,Bueno,2,NISSAN,AZUL,2,,75,MASCULINO,SIN DATOS,0,0,Morelia,Comision Federal de Electricidad,diciembre,viernes,0,-101.181330084801,19.6814396913085
51203,51209,2024,MOR240066609,2024/12/06,"09:40:00",COLISIÓN POR CORTE DE CIRCULACIÓN,ASFALTO,Bueno,Bueno,2,MACK,BLANCO,3,,57,MASCULINO,SIN DATOS,2,0,Morelia,Sin datos,diciembre,viernes,10,-101.295985132456,19.5942049464025
51204,51210,2024,,2024/12/06,10:26:00,COLISIÓN POR CORTE DE CIRCULACIÓN,ASFALTO,Bueno,Bueno,2,ISUZU,ARENA,2,,57,FEMENINO,SIN DATOS,0,0,Morelia,Irrigacion,diciembre,viernes,10,-101.225487962365,19.7067067232519
51205,51211,2024,,2024/12/06,11:31:00,COLISIÓN POR NO RESPETAR SEMÁFORO,ASFALTO,Bueno,Bueno,2,DODGE,BLANCO/AZUL,2,,37,MASCULINO,SIN DATOS,0,0,Morelia,Centro,diciembre,viernes,12,-101.206052005291,19.7023893497436
51206,51212,2024,,2024/12/06,12:41:00,COLISIÓN POR CAMBIO DE CARRIL,ASFALTO,Bueno,Bueno,2,NISSAN,BLANCO/ROJO,2,,25,MASCULINO,SIN DATOS,0,0,Morelia,Lindavista,diciembre,viernes,13,-101.216171979904,19.7038394295532
51207,51213,2024,,2024/12/06,16:20:00,COLISIÓN POR ALCANCE,ASFALTO,Bueno,Bueno,2,MAZDA,GRIS,2,,38,MASCULINO,SIN DATOS,0,0,Morelia,Alberto Oviedo Mota,diciembre,viernes,16,-101.202153414488,19.6775206777326
51208,51214,2024,,2024/12/06,16:30:00,COLISIÓN POR CAMBIO DE CARRIL,ASFALTO,Bueno,Bueno,2,NISSAN,ROJO,2,,41,FEMENINO,SIN DATOS,0,0,Morelia,Comision Federal de Electricidad,diciembre,viernes,17,-101.181305274367,19.6813866555154
51209,51215,2024,MOR240066757,2024/12/06,18:08:00,COLISIÓN POR CAMBIO DE CARRIL,ASFALTO,Bueno,Bueno,2,MERCEDES BENZ,BLACO/ROJO,2,,21,MASCULINO,SIN DATOS,0,0,Morelia,Nueva Valladolid,diciembre,viernes,18,-101.211643069983,19.7008319355025
51210,51216,2024,LEG54774,2024/12/06,19:00:00,COLISIÓN POR CORTE DE CIRCULACIÓN,CONCRETO,Bueno,Bueno,2,FORD,GRIS,2,MINISTERIO PÚBLICO,0,,SIN DATOS,0,0,Morelia,Erendira,diciembre,viernes,19,-101.166468970478,19.7027343525093
51211,51217,2024,,2024/12/06,20:10:00,SALIDA DE SUPERFICIE DE RODAMIENTO,ASFALTO,Bueno,Bueno,1,CHEVROLET,ROJO,1,,37,FEMENINO,SIN DATOS,0,0,Morelia,Hacienda Cipres,diciembre,viernes,20,-101.275928243995,19.7000721618459
51212,51218,2024,,2024/12/07,"00:00:00",COLISIÓN POR CORTE DE CIRCULACIÓN,ASFALTO,Bueno,Bueno,2,BMW,NEGRO,2,,25,MASCULINO,SIN DATOS,0,0,Morelia,San Rafael,diciembre,sábado,0,-101.154828518629,19.7005465867832
51213,51219,2024,,2024/12/07,11:00:00,COLISIÓN POR ALCANCE,ASFALTO,Bueno,Bueno,2,FORD,ROJO,2,,30,MASCULINO,SIN DATOS,0,0,Morelia,Loma Bonita,diciembre,sábado,11,-101.196700148284,19.7208101307812
51214,51220,2024,,2024/12/07,11:50:00,COLISIÓN POR CORTE DE CIRCULACIÓN,ASFALTO,Bueno,Bueno,2,VENTO,NARANJA,3,,26,MASCULINO,SIN DATOS,1,0,Morelia,El Lago 1,diciembre,sábado,12,-101.212169453502,19.7265989725799
51215,51221,2024,,2024/12/07,13:00:00,COLISIÓN POR CORTE DE CIRCULACIÓN,ASFALTO,Bueno,Bueno,2,NISSAN,ROJO,2,,,FEMENINO,SIN DATOS,0,0,Morelia,Lomas de Hidalgo,diciembre,sábado,13,-101.16253785789,19.6959316950254
51216,51222,2024,,2024/12/07,13:50:00,COLISIÓN POR CORTE DE CIRCULACIÓN,ASFALTO,Bueno,Bueno,2,FORD,GRIS,2,,33,MASCULINO,SIN DATOS,0,0,Morelia,Prados Verdes,diciembre,sábado,14,-101.204521469772,19.7187576958408
51217,51223,2024,,2024/12/07,14:00:00,COLISIÓN POR CAMBIO DE CARRIL,ASFALTO,Nublado,Bueno,2,FREIGHTLINER,BLANCO,2,,32,MASCULINO,SIN DATOS,0,0,Morelia,Mariano Michelena,diciembre,sábado,14,-101.230026260018,19.6769309548089
51218,51224,2024,,2024/12/07,16:00:00,COLISIÓN POR ALCANCE,ASFALTO,Bueno,Bueno,2,NISSAN,GRIS,2,,28,MASCULINO,SIN DATOS,0,0,Morelia,Buenavista,diciembre,sábado,16,-101.163127943873,19.7067275554487
51219,51225,2024,LEG54780,2024/12/07,17:15:00,COLISIÓN POR CAMBIO DE CARRIL,ASFALTO,Bueno,Bueno,3,ITALIKA,NEGRO,3,,46,MASCULINO,ALIENTO ETÍLICO,0,0,Morelia,La Huerta,diciembre,sábado,17,-101.217084266245,19.6755125170681
51220,51226,2024,,2024/12/07,19:00:00,COLISIÓN CON PEATÓN,SIN_DATOS,Bueno,Bueno,2,CHEVROLET,BLANCO,2,,32,FEMENINO,SIN DATOS,0,0,Morelia,Isaac Arriaga,diciembre,sábado,19,-101.167560964823,19.7114425061921
51221,51227,2024,,2024/12/07,21:00:00,COLISIÓN POR CORTE DE CIRCULACIÓN,CONCRETO,Bueno,Bueno,2,SUZUKI,ROJO,2,,,,SIN DATOS,0,0,Morelia,Ventura Puente,diciembre,sábado,21,-101.186631470919,19.6922598885561
51222,51228,2024,,2024/12/08,"00:01:00",COLISIÓN POR ALCANCE,ASFALTO,Bueno,Bueno,3,CHEVROLET/BEAT,ROJO,3,,38,MASCULINO,SIN DATOS,0,0,Morelia,Sentimientos de La Nacion,diciembre,domingo,0,-101.236871927977,19.6848055341175
51223,51229,2024,LEG54787,2024/12/08,"00:15:00",COLISIÓN POR CORTE DE CIRCULACIÓN,CONCRETO,Bueno,Bueno,1,ITALIKA,VERDE Y NEGRO,0,MINISTERIO PÚBLICO,,,,0,0,Morelia,Felicitas del Rio,diciembre,domingo,0,-101.195520982146,19.6920266098355
51224,51230,2024,LEG54788,2024/12/08,"03:00:00",COLISIÓN CONTRA OBJETO FIJO,ASFALTO,Bueno,Bueno,1,NISSAN,GRIS,1,,65,,SIN DATOS,0,0,Morelia,Enrique Arreguin Robles,diciembre,domingo,3,-101.185399666429,19.7240034563158
51225,51231,2024,,2024/12/08,"07:50:00",COLISIÓN POR ALCANCE,ASFALTO,Bueno,Bueno,2,NISSAN,GRIS,2,,,,SIN DATOS,0,0,Morelia,Villas del Real,diciembre,domingo,8,-101.199034005404,19.7331652132321
51226,51232,2024,,2024/12/08,"09:42:00",COLISIÓN POR ALCANCE,ASFALTO,Bueno,Bueno,2,MINI,ROJO,2,MINISTERIO PÚBLICO,25,MASCULINO,SIN DATOS,0,0,Morelia,Fovissste Acueducto,diciembre,domingo,10,-101.155596971512,19.7006930490213
51227,51233,2024,,2024/12/08,10:20:00,COLISIÓN POR CORTE DE CIRCULACIÓN,ASFALTO,Bueno,Bueno,2,ITALIKA,NEGRO,2,MINISTERIO PÚBLICO,19,MASCULINO,SIN DATOS,0,0,Morelia,Tierra Y Libertad,diciembre,domingo,10,-101.224856972694,19.7171578324601
51228,51234,2024,,2024/12/08,12:10:00,COLISIÓN POR CAMBIO DE CARRIL,ASFALTO,Bueno,Bueno,2,FORD,BLANCO Y AZUL,4,,24,MASCULINO,SIN DATOS,2,0,Morelia,Ciudad Industrial,diciembre,domingo,12,-101.137947365642,19.7286206940007
51229,51235,2024,,2024/12/08,14:50:00,COLISIÓN CONTRA OBJETO FIJO,CONCRETO,Bueno,Bueno,3,MG,GRIS,3,,73,MASCULINO,SIN DATOS,0,0,Morelia,Ventura Puente,diciembre,domingo,15,-101.180478483438,19.6894633625348
51230,51236,2024,,2024/12/08,16:00:00,COLISIÓN POR MANIOBRA DE REVERSA,CONCRETO,Bueno,Bueno,2,VOLKSWAGEN,GRIS,2,,32,FEMENINO,SIN DATOS,0,0,Morelia,Centro,diciembre,domingo,16,-101.201802715659,19.7038223847211
51231,51237,2024,,2024/12/08,16:07:00,COLISIÓN POR CORTE DE CIRCULACIÓN,ASFALTO,Bueno,Bueno,1,TOYOTA,VERDE,1,,32,MASCULINO,SIN DATOS,0,0,Morelia,Alberto Oviedo Mota,diciembre,domingo,16,-101.195735558867,19.6815252430569
51232,51238,2024,LEG54801,2024/12/08,20:30:00,COLISIÓN POR NO RESPETAR SEMÁFORO,ASFALTO,Bueno,Bueno,2,VOLKSWAGEN,PLATA,2,,56,MASCULINO,SIN DATOS,0,0,Morelia,Santillan La Huerta,diciembre,domingo,21,-101.219553885717,19.6760966650679
51233,51239,2024,,2024/12/08,22:00:00,COLISIÓN CONTRA OBJETO FIJO,CONCRETO,Bueno,Bueno,1,VOLKSWAGEN,Gris,1,,19,MASCULINO,SIN DATOS,0,0,Morelia,Ampliacion La Soledad,diciembre,domingo,22,-101.190433502197,19.7317753614906
51234,51240,2024,MOR/240067682,2024/12/08,23:05:00,COLISIÓN POR CORTE DE CIRCULACIÓN,CONCRETO,Bueno,Bueno,2,ITALIKA,NEGRO,4,,17,,SIN DATOS,2,0,Morelia,La Colina,diciembre,domingo,23,-101.218223605,19.7105425599991
51236,51242,2024,,2024/12/09,"08:10:00",COLISIÓN POR ALCANCE,ASFALTO,Bueno,Bueno,3,HYUNDAI,NEGRO,3,,50,FEMENINO,SIN DATOS,0,0,Morelia,Lomas de Las Americas Norte,diciembre,lunes,8,-101.147073342989,19.6958984278863
51237,51243,2024,,2024/12/09,"09:10:00",COLISIÓN POR ALCANCE,ASFALTO,Bueno,Bueno,3,MAZDA,NEGRO,3,,23,MASCULINO,SIN DATOS,0,0,Morelia,Camelinas,diciembre,lunes,9,-101.17262119,19.6818144849991
51238,51244,2024,,2024/12/09,10:15:00,COLISIÓN POR ALCANCE,ASFALTO,Bueno,Bueno,3,ITALIKA,NEGRO Y  ROJO,2,MINISTERIO PÚBLICO,50,MASCULINO,SIN DATOS,0,0,Morelia,Lomas de Morelia (Dr Ignacio Chavez),diciembre,lunes,10,-101.175099983811,19.7169236431845
51239,51245,2024,,2024/12/09,11:00:00,COLISIÓN POR CORTE DE CIRCULACIÓN,ASFALTO,Bueno,Bueno,2,BMW,BLANCO Y AZUL,3,MINISTERIO PÚBLICO,30,MASCULINO,SIN DATOS,0,1,Charo,Sin datos,diciembre,lunes,11,-101.06821898371,19.7439336296068
51240,51246,2024,,2024/12/09,12:00:00,COLISIÓN CONTRA OBJETO FIJO,ASFALTO,Bueno,Bueno,2,CHEVROLET,PLATA,3,MINISTERIO PÚBLICO,33,MASCULINO,SIN DATOS,1,0,Morelia,Diego Rivera,diciembre,lunes,12,-101.177714131773,19.7194883442387
51241,51247,2024,,2024/12/09,14:00:00,COLISIÓN POR ALCANCE,ASFALTO,Bueno,Bueno,3,FORD,ROJO,3,,,,SIN DATOS,0,0,Morelia,Lomas de Huerta,diciembre,lunes,14,-101.214364171028,19.6743706229443
51242,51248,2024,LEG54809,2024/12/09,20:30:00,COLISIÓN CON PEATÓN,SIN_DATOS,Bueno,Bueno,1,NISSAN,BLANCO,2,MINISTERIO PÚBLICO,35,MASCULINO,SIN DATOS,1,0,Morelia,Quinceo,diciembre,lunes,21,-101.224677139991,19.7335753309229
51243,51249,2024,,2024/12/09,20:55:00,COLISIÓN POR ALCANCE,CONCRETO,Bueno,Bueno,2,VOLKSWAGEN,GRIS,2,,38,FEMENINO,SIN DATOS,0,0,Morelia,Lazaro Cardenas,diciembre,lunes,21,-101.162058507071,19.7101112773308
51244,51250,2024,LEG54799,2024/12/09,22:00:00,COLISIÓN CONTRA OBJETO FIJO,CONCRETO,Bueno,Bueno,1,VOLKSWAGEN,GRIS,1,,19,MASCULINO,SIN DATOS,0,0,Morelia,Loma Real,diciembre,lunes,22,-101.197360015,19.7268489999991
51245,51251,2024,,2024/12/10,"08:14:00",COLISIÓN POR CORTE DE CIRCULACIÓN,CONCRETO,Bueno,Bueno,2,SUZUKI,ROJO,2,,30,MASCULINO,SIN DATOS,0,0,Morelia,Benito Juarez,diciembre,martes,8,-101.25455273,19.6835406449991
51246,51252,2024,,2024/12/10,"08:40:00",COLISIÓN POR CORTE DE CIRCULACIÓN,ASFALTO,Bueno,Bueno,2,NISSAN,ROJO,2,MINISTERIO PÚBLICO,64,MASCULINO,SIN DATOS,0,0,Morelia,El Eden,diciembre,martes,9,-101.254533742186,19.6458726207089
51247,51253,2024,,2024/12/10,"08:40:00",COLISIÓN POR CAMBIO DE CARRIL,ASFALTO,Bueno,Bueno,2,NISSAN,"BLANCO, CAFE Y ORO",2,,34,MASCULINO,SIN DATOS,0,0,Morelia,Cuauhtemoc,diciembre,martes,9,-101.179083064198,19.6947845802144
51248,51254,2024,,2024/12/10,"09:00:00",COLISIÓN POR CORTE DE CIRCULACIÓN,CONCRETO,Bueno,Bueno,2,FORD,BLANCO Y VERDE,2,,23,MASCULINO,SIN DATOS,0,0,Morelia,Elias Perez Avalos,diciembre,martes,9,-101.16517847,19.7114980999992
51249,51255,2024,,2024/12/10,"09:27:00",COLISIÓN POR ALCANCE,ASFALTO,Bueno,Bueno,2,CHRYSLER,PLATA,2,,52,MASCULINO,SIN DATOS,0,0,Morelia,Camelinas,diciembre,martes,9,-101.17262119,19.6818144849991