fid,id_accidente,anio_origen,folio_c5i,dia_incidente,hora_ocurrencia,tipo_incidente_vial,superficie_ocurrencia,condiciones_climaticas,condiciones_via,numero_vehiculos_involucrados,marca_vehiculo_ocasiona_siniestro,color_vehiculo_ocasiona_siniestro,numero_personas_involucradas,lugar_remite_presunto_responsable,edad_presunto_responsable,sexo_presunto_responsable,resultados_toxicologia,numero_personas_lesionadas,numero_personas_fallecidas,municipio,colonia,mes,dia_semana,hora_redondeada,lon,lat
51250,51256,2024,,2024/12/10,16:15:00,COLISIÓN POR ALCANCE,ASFALTO,Bueno,Bueno,2,KIA,BLANCO,2,,39,MASCULINO,SIN DATOS,0,0,Morelia,Las Americas,diciembre,martes,16,-101.15905970335,19.688000841101
51251,51257,2024,,2024/12/10,18:20:00,COLISIÓN CONTRA OBJETO FIJO,CONCRETO,Bueno,Bueno,1,NISSAN,BLANCO Y ROJO,1,,64,,SIN DATOS,0,0,Morelia,Lomas de Vista Bella,diciembre,martes,18,-101.19968839,19.6706159599991
51252,51258,2024,LEG54818,2024/12/10,22:00:00,COLISIÓN POR CORTE DE CIRCULACIÓN,ASFALTO,Bueno,Bueno,1,MERCEDES BENZ,BLANCO,1,,50,MASCULINO,SIN DATOS,0,0,Morelia,Felix Ireta,diciembre,martes,22,-101.192126646638,19.682370024658
51253,51259,2024,LEG54819,2024/12/10,22:40:00,COLISIÓN POR CORTE DE CIRCULACIÓN,ASFALTO,Bueno,Bueno,1,MITSUBISHI,GRIS,1,,55,MASCULINO,SIN DATOS,0,0,Morelia,Loma Real,diciembre,martes,23,-101.198571324348,19.7293263653266
51254,51260,2024,,2024/12/11,"09:00:00",COLISIÓN POR CORTE DE CIRCULACIÓN,CONCRETO,Bueno,Bueno,2,HONDA,BLANCO,2,,,,SIN DATOS,0,0,Morelia,Arcos del Valle,diciembre,miércoles,9,-101.235350780189,19.7051689208683
51255,51261,2024,,2024/12/11,13:50:00,COLISIÓN POR CORTE DE CIRCULACIÓN,ASFALTO,Bueno,Bueno,2,NISSAN,BLANCO,3,,,MASCULINO,SIN DATOS,1,0,Morelia,Los Pinos de Michoacan,diciembre,miércoles,14,-101.216320171952,19.6830970509963
51256,51262,2024,,2024/12/11,14:05:00,VOLCADURA,ASFALTO,Bueno,Bueno,2,VOLKSWAGEN JETTA,BLANCO,1,,,,SIN DATOS,0,0,Morelia,Sin datos,diciembre,miércoles,14,-101.117565259337,19.6883531354197
51257,51263,2024,,2024/12/11,15:00:00,COLISIÓN POR MANIOBRA DE REVERSA,ASFALTO,Bueno,Bueno,2,HONDA,PLATA,2,MINISTERIO PÚBLICO,65,MASCULINO,SIN DATOS,0,0,Morelia,Nueva Valladolid,diciembre,miércoles,15,-101.210506819189,19.6999755721654
51260,51266,2024,,2024/12/12,"00:00:00",COLISIÓN POR INVASIÓN DE CARRIL,CONCRETO,Bueno,Bueno,2,NISSAN,NARANJA,2,,29,FEMENINO,SIN DATOS,0,0,Morelia,Ferrocarrilero,diciembre,jueves,0,-101.223860532045,19.6915774131819
51261,51267,2024,,2024/12/12,"03:30:00",COLISIÓN CONTRA OBJETO FIJO,ASFALTO,Bueno,Bueno,1,VOLKSWAGEN,GRIS,1,,46,MASCULINO,SIN DATOS,0,0,Morelia,Centro,diciembre,jueves,4,-101.18754847,19.7028479949991
51262,51268,2024,,2024/12/12,"07:00:00",COLISIÓN POR ALCANCE,ASFALTO,Bueno,Bueno,2,NISSAN,BLANCO,2,,34,MASCULINO,SIN DATOS,0,0,Morelia,Adolfo Lopez Mateos,diciembre,jueves,7,-101.226139622885,19.6981067844139
51263,51269,2024,MOR240068823,2024/12/12,"08:08:00",COLISIÓN POR INVASIÓN DE CARRIL,ASFALTO,Bueno,Bueno,2,HERO,ROJO,0,,,,,0,0,Morelia,Arboledas(5 de Mayo),diciembre,jueves,8,-101.2454065,19.679451
51264,51270,2024,,2024/12/12,12:16:00,COLISIÓN POR NO RESPETAR SEMÁFORO,ASFALTO,Bueno,Bueno,2,VOLKSWAGEN,MARRÓN,2,MINISTERIO PÚBLICO,36,MASCULINO,SIN DATOS,0,0,Morelia,Arcos del Valle,diciembre,jueves,12,-101.236248984933,19.7076242842577
51265,51271,2024,,2024/12/12,13:30:00,COLISIÓN POR CORTE DE CIRCULACIÓN,ASFALTO,Bueno,Bueno,2,MITSUBISHI,PLATA,2,,17,MASCULINO,SIN DATOS,0,0,Morelia,Ventura Puente,diciembre,jueves,14,-101.179252713919,19.6935626445253
51266,51272,2024,,2024/12/12,14:01:00,COLISIÓN POR CORTE DE CIRCULACIÓN,ASFALTO,Bueno,Bueno,2,FORD,BLANCO,2,,39,MASCULINO,SIN DATOS,0,0,Morelia,Felix Ireta,diciembre,jueves,14,-101.195867657661,19.682134206027
51267,51273,2024,,2024/12/12,15:10:00,COLISIÓN POR ALCANCE,CONCRETO,Bueno,Bueno,2,HYUNDAI,PLATA,2,,36,MASCULINO,SIN DATOS,0,0,Morelia,Cuauhtemoc,diciembre,jueves,15,-101.17891240865,19.6954758804381
51268,51274,2024,,2024/12/12,17:14:00,VOLCADURA,TERRACERIA,Bueno,Bueno,1,NISSAN,BLANCO,1,,,,SIN DATOS,0,0,Morelia,Lomas de La Maestranza,diciembre,jueves,17,-101.329284086823,19.6848970820334
51269,51275,2024,,2024/12/13,"00:00:00",SALIDA DE SUPERFICIE DE RODAMIENTO,ASFALTO,Bueno,Bueno,1,VOLKSWAGEN,NEGRO MATE,1,,,,SIN DATOS,0,0,Morelia,San Jose del Cerrito,diciembre,viernes,0,-101.220334768295,19.6631716105628
51270,51276,2024,,2024/12/13,"02:24:00",COLISIÓN POR ALCANCE,ASFALTO,Bueno,Bueno,2,JEEP,VINO,2,MINISTERIO PÚBLICO,0,MASCULINO,SIN DATOS,1,0,Chucándiro,Sin datos,diciembre,viernes,2,-101.332762241364,19.891938718323
51271,51277,2024,"54837",2024/12/13,"05:28:00",COLISIÓN POR CORTE DE CIRCULACIÓN,ASFALTO,Bueno,Regular,2,RAM,BLANCO,2,MINISTERIO PÚBLICO,69,MASCULINO,SIN DATOS,0,0,Morelia,Felix Ireta,diciembre,viernes,5,-101.195803284645,19.6823943325828
51272,51278,2024,,2024/12/13,"09:20:00",COLISIÓN POR ALCANCE,ASFALTO,Bueno,Bueno,3,CHEVROLET,BLANCO,3,MINISTERIO PÚBLICO,54,MASCULINO,SIN DATOS,0,0,Morelia,Dr Miguel Silva,diciembre,viernes,9,-101.187927793444,19.7204887484457
51273,51279,2024,,2024/12/13,"09:25:00",COLISIÓN POR ALCANCE,ASFALTO,Bueno,Bueno,5,TACOMA,ROJO,7,MINISTERIO PÚBLICO,43,MASCULINO,SIN DATOS,2,0,Morelia,Josefa Ortiz de Dominguez,diciembre,viernes,9,-101.209152638912,19.6720697620738
51274,51280,2024,,2024/12/13,10:00:00,COLISIÓN CON PEATÓN,SIN_DATOS,Bueno,Bueno,2,NISSAN,BLANCO,2,MINISTERIO PÚBLICO,50,MASCULINO,SIN DATOS,0,0,Morelia,Ciudad Industrial,diciembre,viernes,10,-101.138226985931,19.7288643340058
51275,51281,2024,LEG54843,2024/12/13,12:20:00,COLISIÓN POR CORTE DE CIRCULACIÓN,ASFALTO,Bueno,Bueno,2,NISSAN,NEGRO,2,,51,FEMENINO,SIN DATOS,0,0,Morelia,Sentimientos de La Nacion,diciembre,viernes,12,-101.236870586872,19.6848162673241
51276,51282,2024,,2024/12/13,13:05:00,COLISIÓN CONTRA OBJETO FIJO,ASFALTO,Bueno,Bueno,1,FORD,BLANCO,1,,42,MASCULINO,SIN DATOS,0,0,Morelia,La Luz,diciembre,viernes,13,-101.299800910056,19.6873417077134
51277,51283,2024,,2024/12/13,16:30:00,COLISIÓN POR CORTE DE CIRCULACIÓN,ASFALTO,Bueno,Bueno,2,NISSAN,BLANCO,3,,46,MASCULINO,SIN DATOS,1,0,Morelia,La Colina,diciembre,viernes,17,-101.214872449636,19.7094792754152
51278,51284,2024,,2024/12/13,17:20:00,COLISIÓN POR ALCANCE,ASFALTO,Bueno,Bueno,2,OMODA,GRIS,2,,25,MASCULINO,SIN DATOS,0,0,Morelia,Nueva Jacarndas,diciembre,viernes,17,-101.189269423485,19.682005405343
51279,51285,2024,,2024/12/13,18:50:00,COLISIÓN POR ALCANCE,ASFALTO,Bueno,Bueno,2,DINA,BLANCO,2,,49,MASCULINO,SIN DATOS,0,0,Morelia,Rinconada del Valle,diciembre,viernes,19,-101.219062060118,19.6780352628786
51280,51286,2024,LEG54849,2024/12/13,22:11:00,COLISIÓN CONTRA OBJETO FIJO,ASFALTO,Bueno,Bueno,1,VOLKSWAGEN,AZUL,1,,35,MASCULINO,SIN DATOS,0,0,Morelia,Fray Antonio de Lisboa,diciembre,viernes,22,-101.146949529648,19.6941702990629
51281,51287,2024,,2024/12/14,"00:05:00",COLISIÓN POR ALCANCE,ASFALTO,Bueno,Bueno,2,VENTO,ROJO/NEGRO,1,,36,MASCULINO,SIN DATOS,0,0,Morelia,Ventura Puente,diciembre,sábado,0,-101.19124352932,19.6912093424617
51282,51288,2024,,2024/12/14,"03:50:00",SUBIDA AL CAMELLÓN,ASFALTO,Bueno,Bueno,1,HONDA,ROJO,1,,40,MASCULINO,SIN DATOS,0,0,Morelia,Enrique Arreguin Robles,diciembre,sábado,4,-101.179374754429,19.7203417625881
51283,51289,2024,LEG54853,2024/12/14,"07:40:00",COLISIÓN CONTRA OBJETO FIJO,ASFALTO,Bueno,Bueno,2,BAJAJ,ROJO,2,,30,MASCULINO,SIN DATOS,0,0,Morelia,Buenos Aires (Lomas de La Aldea),diciembre,sábado,8,-101.134986877441,19.7343833748863
51284,51290,2024,,2024/12/14,11:00:00,COLISIÓN CON PEATÓN,ASFALTO,Bueno,Bueno,1,NISSAN,GRIS,1,,50,FEMENINO,SIN DATOS,0,0,Morelia,Loma Bonita,diciembre,sábado,11,-101.196428232814,19.7230021138869
51285,51291,2024,,2024/12/14,11:40:00,COLISIÓN POR CAMBIO DE CARRIL,CONCRETO,Bueno,Bueno,2,RAM,BLANCO,2,,31,MASCULINO,SIN DATOS,0,0,Morelia,Vasco de Quiroga,diciembre,sábado,12,-101.175889223814,19.6981362536267
51286,51292,2024,,2024/12/14,12:30:00,COLISIÓN POR ALCANCE,CONCRETO,Bueno,Bueno,2,CHRYSLER,BLANCO,2,,49,MASCULINO,SIN DATOS,0,0,Morelia,Lomas de Las Americas Norte,diciembre,sábado,13,-101.149147599936,19.6948243537328
51287,51293,2024,,2024/12/14,12:40:00,COLISIÓN POR ALCANCE,ASFALTO,Bueno,Bueno,2,FORD,ARENA,3,MINISTERIO PÚBLICO,36,MASCULINO,SIN DATOS,1,0,Morelia,Justo Mendoza,diciembre,sábado,13,-101.231141723692,19.714488622506
51288,51294,2024,,2024/12/14,14:15:00,COLISIÓN POR ALCANCE,ASFALTO,Bueno,Bueno,2,SUZUKI,NEGRO,2,,26,MASCULINO,SIN DATOS,0,0,Morelia,Morelia 450,diciembre,sábado,14,-101.216572970152,19.6754490611802
51289,51295,2024,,2024/12/14,14:50:00,COLISIÓN POR CORTE DE CIRCULACIÓN,ASFALTO,Bueno,Bueno,2,CHEVROLET,AZUL,2,,,FEMENINO,SIN DATOS,0,0,Morelia,Felix Ireta,diciembre,sábado,15,-101.180805377662,19.6853952280518
51290,51296,2024,LEG54862,2024/12/14,15:00:00,COLISIÓN POR CORTE DE CIRCULACIÓN,ASFALTO,Bueno,Bueno,1,KENWORTH,GRIS,1,,38,MASCULINO,SIN DATOS,0,0,Morelia,Chapultepec Sur,diciembre,sábado,15,-101.169893145561,19.6898342783229
51291,51297,2024,,2024/12/14,16:50:00,COLISIÓN POR ALCANCE,ASFALTO,Bueno,Bueno,3,CHEVROLET,BLANCO,3,,75,MASCULINO,SIN DATOS,0,0,Morelia,Felix Ireta,diciembre,sábado,17,-101.195738241076,19.6815306097702
51292,51298,2024,LEG54864,2024/12/14,21:37:00,COLISIÓN POR CORTE DE CIRCULACIÓN,ASFALTO,Bueno,Bueno,2,TOYOTA,PLATA,2,MINISTERIO PÚBLICO,0,,SIN DATOS,0,0,Morelia,Sin datos,diciembre,sábado,22,-101.416991651058,19.6327151319829
51293,51299,2024,,2024/12/15,"00:40:00",COLISIÓN POR INVASIÓN DE CARRIL,ASFALTO,Bueno,Bueno,2,LINCON,ROJO,2,MINISTERIO PÚBLICO,0,,SIN DATOS,0,0,Morelia,Sin datos,diciembre,domingo,1,-101.3414311409,19.5554681804509
51294,51300,2024,LEG54863,2024/12/15,"01:50:00",COLISIÓN CONTRA OBJETO FIJO,ASFALTO,Bueno,Bueno,1,FORD,AZUL,1,,35,MASCULINO,SIN DATOS,0,0,Morelia,El Eden,diciembre,domingo,2,-101.251713931561,19.6437394431153
51295,51301,2024,,2024/12/15,"03:30:00",VOLCADURA,ASFALTO,Bueno,Bueno,1,TOYOTA,VERDE,1,MINISTERIO PÚBLICO,0,,SIN DATOS,0,0,Morelia,Los Angeles,diciembre,domingo,4,-101.171892732382,19.7503095101172
51296,51302,2024,,2024/12/15,"04:20:00",COLISIÓN CONTRA OBJETO FIJO,CONCRETO,Bueno,Bueno,2,NISSAN,BLANCO,2,,35,MASCULINO,SIN DATOS,0,0,Morelia,Villas del Pedregal,diciembre,domingo,4,-101.303279399872,19.6843844130303
51297,51303,2024,,2024/12/15,"04:40:00",COLISIÓN POR INVASIÓN DE CARRIL,CONCRETO,Bueno,Bueno,2,MAZDA,BLANCO,2,,33,MASCULINO,SIN DATOS,0,0,Morelia,Camelinas,diciembre,domingo,5,-101.174223907292,19.6818283042334
51298,51304,2024,,2024/12/15,"05:25:00",COLISIÓN POR CORTE DE CIRCULACIÓN,CONCRETO,Bueno,Bueno,2,BMW,BLANCO,2,,20,FEMENINO,SIN DATOS,0,0,Morelia,Camelinas,diciembre,domingo,5,-101.166182644665,19.6841520698875
51299,51305,2024,,2024/12/15,"07:35:00",VOLCADURA,ASFALTO,Bueno,Bueno,1,NISSAN,BLANCO,1,,51,MASCULINO,SIN DATOS,0,0,Morelia,Francisco J Mujica,diciembre,domingo,8,-101.192278862,19.7233627764317
51300,51306,2024,,2024/12/15,15:10:00,COLISIÓN POR NO RESPETAR SEMÁFORO,ASFALTO,Bueno,Bueno,2,NISSAN,PLATA,2,,50,,SIN DATOS,0,0,Morelia,La Esperanza,diciembre,domingo,15,-101.253779903054,19.6978291197774
51301,51307,2024,MOR 24,2024/12/15,15:10:00,COLISIÓN POR NO RESPETAR SEMÁFORO,ASFALTO,Bueno,Bueno,2,NISSAN,GRIS,2,,45,MASCULINO,ALIENTO ETÍLICO,0,0,Morelia,La Esperanza,diciembre,domingo,15,-101.253777891397,19.6978281728068
51302,51308,2024,,2024/12/15,15:28:00,COLISIÓN POR CORTE DE CIRCULACIÓN,CONCRETO,Bueno,Bueno,2,ITALIKA,ROJO,2,,21,MASCULINO,SIN DATOS,0,0,Morelia,Chapultepec Sur,diciembre,domingo,15,-101.171472966671,19.6941769280087
51303,51309,2024,,2024/12/15,19:00:00,COLISIÓN POR CORTE DE CIRCULACIÓN,ASFALTO,Bueno,Bueno,2,VOLKSWAGEN,GRIS,2,MINISTERIO PÚBLICO,25,,SIN DATOS,0,0,Morelia,Diego Rivera,diciembre,domingo,19,-101.175811104476,19.7181706497841
51304,51310,2024,,2024/12/15,19:00:00,COLISIÓN POR ALCANCE,ASFALTO,Bueno,Bueno,2,MG,BLANCA,2,,64,MASCULINO,SIN DATOS,0,0,Morelia,Jardines de La Loma,diciembre,domingo,19,-101.225021701604,19.6768245660415
51306,51312,2024,,2024/12/15,23:21:00,SALIDA DE SUPERFICIE DE RODAMIENTO,ASFALTO,Bueno,Bueno,1,CHEVROLET,GUINDA,0,,,,,0,0,Cuitzeo,Sin datos,diciembre,domingo,23,-101.180435568094,20.051881027798
51307,51313,2024,,2024/12/16,"01:35:00",COLISIÓN POR CORTE DE CIRCULACIÓN,ASFALTO,Bueno,Bueno,2,VOLVO,BLANCO,1,MINISTERIO PÚBLICO,34,MASCULINO,SIN DATOS,0,0,Morelia,Tenencia Morelos,diciembre,lunes,2,-101.243929623155,19.6466055443724
51308,51314,2024,,2024/12/16,"06:30:00",COLISIÓN CONTRA OBJETO FIJO,ASFALTO,Bueno,Bueno,1,HONDA,ROJO,1,,34,MASCULINO,SIN DATOS,0,0,Morelia,Tierra Y Libertad,diciembre,lunes,7,-101.22977368,19.7151822499992
51309,51315,2024,,2024/12/16,"07:30:00",COLISIÓN POR CORTE DE CIRCULACIÓN,ASFALTO,Bueno,Bueno,2,INTERNATIONAL,AZUL,2,,,MASCULINO,SIN DATOS,0,0,Morelia,Del Empleado,diciembre,lunes,8,-101.18002517,19.6886070099991
51310,51316,2024,,2024/12/16,"08:00:00",COLISIÓN POR CAMBIO DE CARRIL,CONCRETO,Bueno,Bueno,2,NISSAN,PLATA,2,,70,FEMENINO,SIN DATOS,0,0,Morelia,Centro,diciembre,lunes,8,-101.201404025,19.7044224649991
51311,51317,2024,,2024/12/16,"08:40:00",COLISIÓN POR ALCANCE,CONCRETO,Bueno,Bueno,2,CHEVROLET,NEGRO,2,,28,FEMENINO,SIN DATOS,0,0,Morelia,Nicolas Bravo(Los Ejidos),diciembre,lunes,9,-101.22291365,19.7038513349991
51313,51319,2024,,2024/12/16,12:45:00,SALIDA DE SUPERFICIE DE RODAMIENTO,ASFALTO,Bueno,Bueno,1,NISSAN,PLATA,1,,28,FEMENINO,SIN DATOS,0,0,Huaniqueo,Sin datos,diciembre,lunes,13,-101.566861,19.886317
51314,51320,2024,,2024/12/16,13:30:00,COLISIÓN POR CORTE DE CIRCULACIÓN,ASFALTO,Bueno,Bueno,2,VOLKSWAGEN,ROJO,2,,,MASCULINO,SIN DATOS,0,0,Morelia,Lomas del Valle,diciembre,lunes,14,-101.230037015,19.6880963799991
51315,51321,2024,,2024/12/16,13:35:00,COLISIÓN POR ALCANCE,ASFALTO,Bueno,Bueno,2,TOYOTA,BLANCO Y MORADO,2,,21,MASCULINO,SIN DATOS,0,0,Morelia,Centro,diciembre,lunes,14,-101.18754847,19.7028479949991
51316,51322,2024,,2024/12/16,15:00:00,COLISIÓN POR CORTE DE CIRCULACIÓN,ASFALTO,Bueno,Bueno,2,FORD,ROJO,2,,19,MASCULINO,SIN DATOS,0,0,Morelia,Centro,diciembre,lunes,15,-101.18754847,19.7028479949991
51318,51324,2024,MOR240070645,2024/12/16,18:40:00,COLISIÓN POR ALCANCE,CONCRETO,Bueno,Bueno,1,VENTO,BLANCO,2,,42,MASCULINO,SIN DATOS,0,0,Morelia,Gertrudis Sanchez,diciembre,lunes,19,-101.201969392146,19.7409478563644
51319,51325,2024,,2024/12/16,18:45:00,COLISIÓN CONTRA OBJETO FIJO,CONCRETO,Bueno,Regular,3,HONDA,PLATA,3,,79,MASCULINO,SIN DATOS,0,0,Morelia,Centro,diciembre,lunes,19,-101.18875609,19.7086253949991
51320,51326,2024,,2024/12/16,21:25:00,COLISIÓN POR CAMBIO DE CARRIL,CONCRETO,Bueno,Bueno,2,ITALIKA,ROJO,2,MINISTERIO PÚBLICO,37,MASCULINO,SIN DATOS,0,0,Morelia,Valle del Real,diciembre,lunes,21,-101.19511945,19.7403154849992
51322,51328,2024,,2024/12/17,"00:00:00",COLISIÓN POR ALCANCE,ASFALTO,Bueno,Bueno,3,NISSAN SENTRA,GRIS,3,,24,FEMENINO,SIN DATOS,0,0,Morelia,Independencia,diciembre,martes,0,-101.177888475358,19.7193008693312
51323,51329,2024,,2024/12/17,11:35:00,COLISIÓN POR CORTE DE CIRCULACIÓN,ASFALTO,Bueno,Bueno,2,FORD RANGER,BLANCO,2,,44,MASCULINO,SIN DATOS,0,0,Morelia,Ciudad Industrial,diciembre,martes,12,-101.138041913509,19.7285676738468
51325,51331,2024,,2024/12/17,15:00:00,COLISIÓN POR ALCANCE,ASFALTO,Bueno,Bueno,3,MG,BLANCO,3,,,FEMENINO,SIN DATOS,0,0,Morelia,Alberto Oviedo Mota,diciembre,martes,15,-101.195898503065,19.6814750484942
51326,51332,2024,,2024/12/17,18:50:00,SALIDA DE SUPERFICIE DE RODAMIENTO,ASFALTO,Bueno,Bueno,1,FORD,AZUL,1,,39,MASCULINO,SIN DATOS,0,0,Charo,De Santiago,diciembre,martes,19,-101.044372,19.745476
51328,51334,2024,,2024/12/18,"00:00:00",SUBIDA AL CAMELLÓN,ASFALTO,Nublado,Bueno,1,NISSAN,BLANCO ROJO,1,,0,MASCULINO,SIN DATOS,0,0,Morelia,Clara Cordova Moran,diciembre,miércoles,0,-101.180839240551,19.7374104348082
51329,51335,2024,,2024/12/18,"00:35:00",COLISIÓN CONTRA OBJETO FIJO,ASFALTO,Bueno,Bueno,1,VOLKSWAGEN,GRIS,1,,41,MASCULINO,SIN DATOS,0,0,Morelia,Primo Tapia,diciembre,miércoles,1,-101.211788435,19.7093359899992
51330,51336,2024,,2024/12/18,"09:18:00",COLISIÓN CONTRA OBJETO FIJO,ASFALTO,Bueno,Bueno,1,TOYOTA,GRIS,0,,,,,0,0,Morelia,Ventura Puente,diciembre,miércoles,9,-101.193225725,19.6917077449992
51331,51337,2024,,2024/12/18,15:30:00,COLISIÓN POR CORTE DE CIRCULACIÓN,ASFALTO,Bueno,Bueno,2,KIA,GRIS,2,,42,FEMENINO,SIN DATOS,0,0,Morelia,Felix Ireta,diciembre,miércoles,16,-101.180680319667,19.6861661201667
51332,51338,2024,,2024/12/18,16:10:00,COLISIÓN POR CORTE DE CIRCULACIÓN,CONCRETO,Bueno,Bueno,2,VOLKSWAGEN,BLANCO,2,MINISTERIO PÚBLICO,29,MASCULINO,SIN DATOS,0,0,Morelia,Cuauhtemoc,diciembre,miércoles,16,-101.182927340269,19.6943180297915
51333,51339,2024,,2024/12/18,20:56:00,COLISIÓN POR CAMBIO DE CARRIL,ASFALTO,Bueno,Regular,2,MARK,BLANCO,2,,48,,SIN DATOS,0,0,Morelia,Lomas de San Juan,diciembre,miércoles,21,-101.183039681886,19.7298664251429
51334,51340,2024,,2024/12/18,21:53:00,COLISIÓN POR CAMBIO DE CARRIL,CONCRETO,Bueno,Bueno,2,Italika,Verde,2,,19,MASCULINO,SIN DATOS,0,0,Morelia,Loma Larga,diciembre,miércoles,22,-101.202593296766,19.6549006604879
51335,51341,2024,,2024/12/19,"08:32:00",COLISIÓN POR INVASIÓN DE CARRIL,ASFALTO,Bueno,Bueno,2,RETESA,BLANCO,2,,,MASCULINO,SIN DATOS,0,0,Tarímbaro,Los Angeles,diciembre,jueves,9,-101.171654686332,19.7507752660154
51336,51342,2024,,2024/12/19,15:10:00,COLISIÓN POR ALCANCE,ASFALTO,Bueno,Bueno,2,KENWORTH,BLANCO,2,,,,SIN DATOS,0,0,Morelia,Ignacio Zaragoza,diciembre,jueves,15,-101.201189160347,19.7250165458659
51337,51343,2024,,2024/12/19,15:30:00,COLISIÓN POR NO RESPETAR SEMÁFORO,ASFALTO,Bueno,Bueno,2,BAJAJ,NEGRO,3,MINISTERIO PÚBLICO,22,MASCULINO,SIN DATOS,1,0,Morelia,Nicolas Bravo(Los Ejidos),diciembre,jueves,16,-101.216123700142,19.7035818630067
51338,51344,2024,,2024/12/19,17:30:00,COLISIÓN POR CORTE DE CIRCULACIÓN,SIN_DATOS,Bueno,Bueno,2,FORD/EXPEDITION,GUINDA,2,,41,FEMENINO,SIN DATOS,0,0,Morelia,Precursores de La Revolucion,diciembre,jueves,18,-101.176990941167,19.7258207008492
51339,51345,2024,,2024/12/19,19:20:00,COLISIÓN POR ALCANCE,ASFALTO,Bueno,Bueno,2,RENAULT,AZUL,2,MINISTERIO PÚBLICO,33,MASCULINO,SIN DATOS,0,0,Morelia,Valle de Las Flores,diciembre,jueves,19,-101.130860298872,19.6856900742048
51340,51346,2024,,2024/12/19,20:20:00,COLISIÓN CONTRA OBJETO FIJO,ASFALTO,Bueno,Bueno,2,FORD,BLANCO,2,,34,MASCULINO,SIN DATOS,0,0,Morelia,Agustin Arriaga Rivera,diciembre,jueves,20,-101.222276687622,19.6901827805442
51341,51347,2024,LEG54916,2024/12/20,"03:28:00",COLISIÓN CONTRA OBJETO FIJO,ASFALTO,Bueno,Bueno,2,NISSAN,GRIS,1,MINISTERIO PÚBLICO,,,SIN DATOS,0,0,Morelia,Arcos del Valle,diciembre,viernes,3,-101.236248314381,19.7076271249957
51342,51348,2024,,2024/12/20,14:54:00,COLISIÓN POR ALCANCE,ASFALTO,Bueno,Bueno,2,NISSAN,BLANCO,2,,21,MASCULINO,ALIENTO ETÍLICO,0,0,Morelia,Alberto Oviedo Mota,diciembre,viernes,15,-101.202181577683,19.6775200463387
51343,51349,2024,,2024/12/20,15:00:00,COLISIÓN POR CORTE DE CIRCULACIÓN,ASFALTO,Bueno,Bueno,2,VOLKSWAGEN,BLANCO,2,,46,MASCULINO,SIN DATOS,0,0,Morelia,Indeco El Vivero,diciembre,viernes,15,-101.231176257133,19.6774534342754
51344,51350,2024,,2024/12/20,15:34:00,COLISIÓN POR CORTE DE CIRCULACIÓN,ASFALTO,Bueno,Bueno,2,CHEVROLET,BLANCO/AZUL,2,,38,MASCULINO,SIN DATOS,0,0,Morelia,Primo Tapia,diciembre,viernes,16,-101.215648949146,19.7136455885586
51345,51351,2024,,2024/12/20,16:45:00,COLISIÓN POR CORTE DE CIRCULACIÓN,ASFALTO,Bueno,Bueno,2,FREIGHTLINER,BLANCO,2,,63,MASCULINO,SIN DATOS,0,0,Morelia,Loma de Los Piñones,diciembre,viernes,17,-101.205074340105,19.6740271375795
51346,51352,2024,,2024/12/20,17:18:00,COLISIÓN POR CORTE DE CIRCULACIÓN,ASFALTO,Bueno,Bueno,2,CHEVROLET,CHAMPAÑA,2,,34,MASCULINO,SIN DATOS,0,0,Morelia,Cosmos,diciembre,viernes,17,-101.216766089201,19.6827687372965
51347,51353,2024,,2024/12/20,19:24:00,COLISIÓN POR ALCANCE,ASFALTO,Bueno,Bueno,2,YAMAHA,ROJO/BLANCO,2,,23,MASCULINO,SIN DATOS,0,0,Morelia,Sentimientos de La Nacion,diciembre,viernes,19,-101.236871257424,19.6848074282128
51348,51354,2024,,2024/12/20,20:45:00,COLISIÓN POR CAMBIO DE CARRIL,CONCRETO,Bueno,Bueno,2,TOYOTA,BLANCO/AMARILLO,2,MINISTERIO PÚBLICO,,MASCULINO,SIN DATOS,0,0,Morelia,Ciudad Jardin,diciembre,viernes,21,-101.2554448843,19.7075336962536
51349,51355,2024,MOR/240072112,2024/12/20,23:50:00,COLISIÓN POR INVASIÓN DE CARRIL,ASFALTO,Bueno,Bueno,3,HYUNDAI,BLANCO,3,,51,MASCULINO,SIN DATOS,0,0,Morelia,Fracc Rio Florido,diciembre,viernes,0,-101.279209256172,19.6820773822086
51350,51356,2024,,2024/12/21,"02:30:00",COLISIÓN CONTRA OBJETO FIJO,ASFALTO,Bueno,Bueno,1,CHEVROLET,BLANCO,1,,24,MASCULINO,SIN DATOS,0,0,Morelia,Tres Puentes,diciembre,sábado,3,-101.215300261974,19.7033609109819
51351,51357,2024,FOLIO MOR/24007,2024/12/21,"04:39:00",COLISIÓN POR CAMBIO DE CARRIL,CONCRETO,Bueno,Bueno,2,CHEVROLET,AZUL,2,,29,MASCULINO,SIN DATOS,0,0,Morelia,Ferrocarrilero,diciembre,sábado,5,-101.212772279978,19.7018609543127
51352,51358,2024,,2024/12/21,"06:32:00",COLISIÓN POR INVASIÓN DE CARRIL,ASFALTO,Bueno,Bueno,2,VOLKSWAGEN,BLANCO,2,MINISTERIO PÚBLICO,42,MASCULINO,SIN DATOS,0,0,Morelia,Country Club  Las Huertas,diciembre,sábado,7,-101.228219121695,19.6584028265494