fid,id_accidente,anio_origen,folio_c5i,dia_incidente,hora_ocurrencia,tipo_incidente_vial,superficie_ocurrencia,condiciones_climaticas,condiciones_via,numero_vehiculos_involucrados,marca_vehiculo_ocasiona_siniestro,color_vehiculo_ocasiona_siniestro,numero_personas_involucradas,lugar_remite_presunto_responsable,edad_presunto_responsable,sexo_presunto_responsable,resultados_toxicologia,numero_personas_lesionadas,numero_personas_fallecidas,municipio,colonia,mes,dia_semana,hora_redondeada,lon,lat
51353,51359,2024,,2024/12/21,13:20:00,COLISIÓN CON PEATÓN,CONCRETO,Bueno,Bueno,2,DODGE,BLANCO/AZUL,2,,,MASCULINO,SIN DATOS,0,0,Morelia,Lomas de Guayangareo,diciembre,sábado,13,-101.163400523365,19.7031942498242
51354,51360,2024,,2024/12/21,19:35:00,COLISIÓN POR INVASIÓN DE CARRIL,CONCRETO,Bueno,Bueno,2,GMC,VERDE,2,,19,MASCULINO,SIN DATOS,0,0,Morelia,San Isidro Itzicuaro Norte,diciembre,sábado,20,-101.258944831789,19.7033713272985
51355,51361,2024,,2024/12/21,19:42:00,COLISIÓN POR INVASIÓN DE CARRIL,ASFALTO,Bueno,Bueno,2,CHEVROLET,BLANCO,2,,29,MASCULINO,SIN DATOS,0,0,Morelia,Fracc Rio Florido,diciembre,sábado,20,-101.279174387455,19.681038134152
51356,51362,2024,,2024/12/21,20:30:00,COLISIÓN POR INVASIÓN DE CARRIL,ASFALTO,Bueno,Bueno,2,ISUZU,BLANCO,2,,54,MASCULINO,SIN DATOS,0,0,Morelia,Las Flores,diciembre,sábado,21,-101.205920577049,19.7026036745136
51357,51363,2024,,2024/12/21,21:00:00,COLISIÓN CONTRA OBJETO FIJO,ASFALTO,Bueno,Bueno,1,FORD,GRIS,1,,,MASCULINO,SIN DATOS,0,0,Morelia,Ampliacion La Soledad,diciembre,sábado,21,-101.182467341423,19.7364233014717
51358,51364,2024,,2024/12/21,22:30:00,COLISIÓN POR CAMBIO DE CARRIL,ASFALTO,Bueno,Bueno,2,Kenworth,Blanco,2,MINISTERIO PÚBLICO,,,SIN DATOS,0,0,Morelia,La Soledad,diciembre,sábado,23,-101.183745414019,19.7263180882481
51359,51365,2024,,2024/12/21,23:20:00,COLISIÓN POR ALCANCE,ASFALTO,Bueno,Bueno,2,NISSAN,ROJO,2,,35,MASCULINO,SIN DATOS,0,0,Morelia,Avicola Benito Juarez,diciembre,sábado,23,-101.279537156224,19.6913422394488
51360,51366,2024,,2024/12/22,"04:42:00",COLISIÓN CONTRA OBJETO FIJO,ASFALTO,Bueno,Bueno,1,SEAT,ROJO,1,,25,MASCULINO,SIN DATOS,0,0,Morelia,Libertad,diciembre,domingo,5,-101.238003820181,19.6874581926904
51361,51367,2024,,2024/12/22,"05:16:00",COLISIÓN POR NO RESPETAR SEMÁFORO,ASFALTO,Bueno,Bueno,2,BAJAJ,NEGRO,2,,,MASCULINO,SIN DATOS,0,0,Morelia,Ventura Puente,diciembre,domingo,5,-101.179259419441,19.6935329719849
51362,51368,2024,,2024/12/22,"08:10:00",COLISIÓN CONTRA OBJETO FIJO,ASFALTO,Bueno,Bueno,1,VOLKSWAGEN,AZUL,1,,19,MASCULINO,SIN DATOS,0,0,Morelia,Bosques de La Huerta,diciembre,domingo,8,-101.222655884922,19.6699927079549
51363,51369,2024,,2024/12/22,"08:50:00",VOLCADURA,ASFALTO,Bueno,Bueno,1,FORD,ROJO,2,,23,MASCULINO,SIN DATOS,1,0,Charo,Sin datos,diciembre,domingo,9,-101.039945483208,19.7552863381577
51364,51370,2024,,2024/12/22,12:00:00,COLISIÓN POR CAMBIO DE CARRIL,ASFALTO,Bueno,Bueno,2,ITALIKA,NEGRO,2,,42,MASCULINO,SIN DATOS,0,0,Morelia,Loma de Los Piñones,diciembre,domingo,12,-101.205669119954,19.6738111960357
51365,51371,2024,,2024/12/22,12:35:00,COLISIÓN POR ALCANCE,ASFALTO,Lluvioso,Bueno,3,NISSAN,BLANCO,3,,45,MASCULINO,SIN DATOS,0,0,Morelia,San Pascual,diciembre,domingo,13,-101.268579661846,19.6948571826613
51366,51372,2024,,2024/12/22,14:00:00,COLISIÓN POR CORTE DE CIRCULACIÓN,CONCRETO,Lluvioso,Regular,2,GMC,ROJO,2,,49,MASCULINO,SIN DATOS,0,0,Morelia,Juarez,diciembre,domingo,14,-101.197420991957,19.6955342778089
51367,51373,2024,MOR240072803,2024/12/22,15:40:00,COLISIÓN CONTRA OBJETO FIJO,ASFALTO,Nublado,Bueno,1,FORD,ROJO,1,,31,MASCULINO,SIN DATOS,0,0,Morelia,Montaña Monarca,diciembre,domingo,16,-101.160907745361,19.6718475037308
51368,51374,2024,,2024/12/22,15:45:00,COLISIÓN CON PEATÓN,SIN_DATOS,Bueno,Bueno,2,CHEVROLET,PLATA,2,,,MASCULINO,SIN DATOS,0,0,Morelia,Canteras de Morelia,diciembre,domingo,16,-101.171488389373,19.7147275497015
51369,51375,2024,,2024/12/22,16:00:00,VOLCADURA,ASFALTO,Bueno,Bueno,1,IBIZA,GRIS,1,,50,MASCULINO,SIN DATOS,0,0,Morelia,Cumbres de Morelia,diciembre,domingo,16,-101.140824370086,19.6915288001164
51370,51376,2024,,2024/12/22,17:00:00,COLISIÓN CONTRA OBJETO FIJO,ASFALTO,Bueno,Bueno,2,CHRYSLER,BLANCO,1,,31,MASCULINO,SIN DATOS,0,0,Morelia,Prados Verdes,diciembre,domingo,17,-101.201010793447,19.7165392185355
51371,51377,2024,,2024/12/22,19:00:00,COLISIÓN POR CORTE DE CIRCULACIÓN,ASFALTO,Lluvioso,Regular,2,NISSAN,GRIS,1,,41,MASCULINO,SIN DATOS,0,0,Morelia,La Huerta,diciembre,domingo,19,-101.217082925141,19.6755106228628
51372,51378,2024,LEG54947,2024/12/22,20:10:00,COLISIÓN POR CAMBIO DE CARRIL,ASFALTO,Nublado,Regular,2,TOYOTA,AZUL,2,,20,FEMENINO,SIN DATOS,0,0,Morelia,Morelia 450,diciembre,domingo,20,-101.215790100396,19.6750506460263
51373,51379,2024,,2024/12/23,"07:00:00",COLISIÓN CONTRA OBJETO FIJO,CONCRETO,Bueno,Bueno,1,CHEVROLET,NEGRO,1,,0,FEMENINO,SIN DATOS,0,0,Morelia,Tres Puentes,diciembre,lunes,7,-101.214742027223,19.7032153981246
51374,51380,2024,,2024/12/23,"07:43:00",COLISIÓN CONTRA OBJETO FIJO,ASFALTO,Bueno,Bueno,1,FORD,NEGRO,1,,,MASCULINO,SIN DATOS,0,0,Morelia,Tenencia Morelos,diciembre,lunes,8,-101.247588694096,19.6486627509054
51375,51381,2024,,2024/12/23,"07:55:00",COLISIÓN CONTRA OBJETO FIJO,ASFALTO,Bueno,Bueno,1,CHEVROLET,GRIS,1,,,,SIN DATOS,0,0,Morelia,Fuentes de Valladolid,diciembre,lunes,8,-101.222715228796,19.6700473260777
51376,51382,2024,LEG54951,2024/12/23,11:00:00,COLISIÓN POR NO RESPETAR SEMÁFORO,CONCRETO,Bueno,Bueno,2,MG,Blanco,2,MINISTERIO PÚBLICO,49,,SIN DATOS,0,0,Morelia,Ventura Puente,diciembre,lunes,11,-101.195285618305,19.6955986727227
51377,51383,2024,,2024/12/23,12:30:00,COLISIÓN POR CORTE DE CIRCULACIÓN,CONCRETO,Bueno,Bueno,2,NISSAN,DORADO,2,,,MASCULINO,SIN DATOS,0,0,Morelia,Santa Maria,diciembre,lunes,13,-101.201397031546,19.6778540533286
51378,51384,2024,,2024/12/23,13:50:00,COLISIÓN POR INVASIÓN DE CARRIL,CONCRETO,Bueno,Bueno,2,TOYOTA,BLANCO Y MORADO,2,,44,MASCULINO,SIN DATOS,0,0,Morelia,Primo Tapia Oriente,diciembre,lunes,14,-101.161718443036,19.712042833364
51379,51385,2024,,2024/12/23,17:00:00,COLISIÓN POR CORTE DE CIRCULACIÓN,CONCRETO,Bueno,Bueno,3,HYUNDAI,GRIS,2,,,FEMENINO,SIN DATOS,0,0,Morelia,Felix Ireta,diciembre,lunes,17,-101.190792918205,19.6878063844068
51380,51386,2024,,2024/12/23,21:20:00,COLISIÓN POR ALCANCE,ASFALTO,Bueno,Bueno,2,RENAULT,ROJO,2,,60,MASCULINO,SIN DATOS,0,0,Morelia,La Colina,diciembre,lunes,21,-101.215617097914,19.7092813728407
51381,51387,2024,,2024/12/24,"09:25:00",COLISIÓN POR CAMBIO DE CARRIL,CONCRETO,Bueno,Bueno,2,SUZUKI,NEGRO,2,,34,MASCULINO,SIN DATOS,0,0,Morelia,Rafael Carrillo,diciembre,martes,9,-101.236635223031,19.7076460632475
51382,51388,2024,,2024/12/24,12:47:00,COLISIÓN POR CAMBIO DE CARRIL,ASFALTO,Bueno,Bueno,2,VENTO,ROJO,2,,34,MASCULINO,SIN DATOS,0,0,Morelia,Cuauhtemoc,diciembre,martes,13,-101.183746755123,19.6945680353293
51383,51389,2024,LEG54966,2024/12/24,13:20:00,COLISIÓN POR ALCANCE,ASFALTO,Bueno,Bueno,3,NISSAN,BLANCO,3,,23,MASCULINO,SIN DATOS,0,0,Morelia,Cosmos,diciembre,martes,13,-101.216445565224,19.6834338875256
51384,51390,2024,,2024/12/24,13:33:00,COLISIÓN POR INVASIÓN DE CARRIL,ASFALTO,Bueno,Bueno,2,FORD,BLANCO,2,MINISTERIO PÚBLICO,,,SIN DATOS,0,1,Charo,Sin datos,diciembre,martes,14,-100.935335308313,19.6537598825307
51385,51391,2024,MOR240066714,2024/12/24,14:40:00,COLISIÓN POR CORTE DE CIRCULACIÓN,CONCRETO,Bueno,Bueno,3,HONDA,BLANCO,3,,32,MASCULINO,SIN DATOS,0,0,Morelia,Infonavit Colonial Universidad,diciembre,martes,15,-101.207224801183,19.6865825013831
51386,51392,2024,,2024/12/24,23:00:00,COLISIÓN POR ALCANCE,ASFALTO,Bueno,Bueno,2,MAZDA,PLATA,1,MINISTERIO PÚBLICO,32,MASCULINO,SIN DATOS,0,0,Morelia,Ciudad Industrial,diciembre,martes,23,-101.141537167132,19.725871512704
51387,51393,2024,,2024/12/25,"02:30:00",COLISIÓN CONTRA OBJETO FIJO,ASFALTO,Bueno,Bueno,1,CHEVROLET,BLANCO,0,,,,,0,0,Huandacareo,Sin datos,diciembre,miércoles,3,-101.254727393389,19.9807360473352
51388,51394,2024,LEG54968,2024/12/25,"04:00:00",COLISIÓN CONTRA OBJETO FIJO,ASFALTO,Bueno,Bueno,2,VOLKSWAGEN,NEGRO,2,,0,,SIN DATOS,0,0,Morelia,Tenencia Morelos,diciembre,miércoles,4,-101.248024888337,19.6479835631788
51389,51395,2024,,2024/12/25,"06:13:00",COLISIÓN POR CORTE DE CIRCULACIÓN,ASFALTO,Bueno,Bueno,2,Nissan,Azul,2,MINISTERIO PÚBLICO,40,MASCULINO,SIN DATOS,0,0,Morelia,Lomas del Tecnologico,diciembre,miércoles,6,-101.193134486675,19.7233324782061
51390,51396,2024,,2024/12/25,"09:25:00",SALIDA DE SUPERFICIE DE RODAMIENTO,ASFALTO,Bueno,Bueno,1,NISSAN,PLATA,1,,40,MASCULINO,SIN DATOS,0,0,Morelia,Sin datos,diciembre,miércoles,9,-101.354728192091,19.6784594090462
51391,51397,2024,,2024/12/25,11:35:00,COLISIÓN POR ALCANCE,CONCRETO,Bueno,Bueno,2,Honda,Plata,1,,54,MASCULINO,SIN DATOS,0,0,Morelia,Jacarandas,diciembre,miércoles,12,-101.211575344205,19.7089736291162
51392,51398,2024,,2024/12/25,13:00:00,COLISIÓN POR CORTE DE CIRCULACIÓN,ASFALTO,Bueno,Bueno,2,NISSAN,ROJO,2,,49,,SIN DATOS,0,0,Morelia,Sin datos,diciembre,miércoles,13,-101.41735073179,19.6327359737985
51393,51399,2024,",M",2024/12/25,14:30:00,COLISIÓN CON PEATÓN,ASFALTO,Bueno,Bueno,1,RENAULT,BEIGE,1,MINISTERIO PÚBLICO,70,MASCULINO,ALIENTO ETÍLICO,0,0,Morelia,Villa Magna,diciembre,miércoles,15,-101.325496137142,19.6791010486975
51394,51400,2024,,2024/12/25,14:52:00,COLISIÓN POR ALCANCE,CONCRETO,Bueno,Bueno,3,RENAULT,AZUL,3,MINISTERIO PÚBLICO,26,MASCULINO,SIN DATOS,0,0,Morelia,Cuauhtemoc,diciembre,miércoles,15,-101.184345558286,19.6947476476526
51395,51401,2024,,2024/12/25,15:29:00,COLISIÓN POR CORTE DE CIRCULACIÓN,ASFALTO,Bueno,Bueno,1,Nissan,Azul,1,MINISTERIO PÚBLICO,68,MASCULINO,SIN DATOS,0,0,Morelia,Buenavista,diciembre,miércoles,15,-101.167414734303,19.7081852501461
51396,51402,2024,,2024/12/25,16:50:00,COLISIÓN POR ALCANCE,ASFALTO,Bueno,Bueno,2,Dodge,Blanco,2,,21,MASCULINO,SIN DATOS,0,0,Morelia,La Manga,diciembre,miércoles,17,-101.215650290251,19.7508358520485
51397,51403,2024,,2024/12/25,20:40:00,COLISIÓN CONTRA OBJETO FIJO,ASFALTO,Bueno,Bueno,1,VOLKSWAGEN,BEIGE,1,,27,MASCULINO,SIN DATOS,0,0,Morelia,Alberto Oviedo Mota,diciembre,miércoles,21,-101.19949400425,19.6810517088207
51398,51404,2024,LEG54979,2024/12/26,"01:20:00",COLISIÓN CONTRA OBJETO FIJO,CONCRETO,Bueno,Bueno,1,CHEVROLET,BLANCO,1,,55,FEMENINO,SIN DATOS,0,0,Morelia,Ventura Puente,diciembre,jueves,1,-101.194464527071,19.6920285038454
51399,51405,2024,LEG54980,2024/12/26,"06:10:00",VOLCADURA,CONCRETO,Bueno,Bueno,1,JEEP,GRIS,1,,,MASCULINO,SIN DATOS,0,0,Morelia,Tres Puentes,diciembre,jueves,6,-101.215750873089,19.7037586244068
51400,51406,2024,,2024/12/26,12:05:00,COLISIÓN CONTRA OBJETO FIJO,CONCRETO,Bueno,Bueno,2,Nissan,Negro,2,,0,,SIN DATOS,0,0,Morelia,De Las Aves,diciembre,jueves,12,-101.161985993385,19.6472582721353
51401,51407,2024,,2024/12/26,15:00:00,COLISIÓN POR ALCANCE,ASFALTO,Bueno,Bueno,2,KENWORTH,VERDE,1,,36,MASCULINO,SIN DATOS,0,0,Morelia,Primo Tapia Oriente,diciembre,jueves,15,-101.157539896667,19.7140970904449
51402,51408,2024,LEG54987,2024/12/26,16:23:00,COLISIÓN POR CORTE DE CIRCULACIÓN,ASFALTO,Bueno,Bueno,2,NISSAN,NARANJA,2,MINISTERIO PÚBLICO,35,MASCULINO,SIN DATOS,0,0,Morelia,La Calera,diciembre,jueves,16,-101.232962608337,19.6778079616682
51403,51409,2024,,2024/12/26,18:15:00,COLISIÓN POR ALCANCE,ASFALTO,Bueno,Bueno,2,VOLKSWAGEN,AZUL,2,,38,MASCULINO,SIN DATOS,0,0,Morelia,Sentimientos de La Nacion,diciembre,jueves,18,-101.233192943037,19.678198161881
51404,51410,2024,,2024/12/26,19:18:00,COLISIÓN POR ALCANCE,ASFALTO,Bueno,Bueno,2,KENWORTH,GRIS,2,,37,MASCULINO,SIN DATOS,0,0,Morelia,Arcos del Valle,diciembre,jueves,19,-101.236247643828,19.707623337345
51405,51411,2024,LEG54986,2024/12/26,20:49:00,COLISIÓN POR ALCANCE,CONCRETO,Nublado,Bueno,2,DODGE,PLATA,2,,49,MASCULINO,SIN DATOS,0,0,Morelia,Loma Real,diciembre,jueves,21,-101.195186376572,19.7313063942552
51406,51412,2024,,2024/12/27,"08:25:00",COLISIÓN POR CORTE DE CIRCULACIÓN,ASFALTO,Bueno,Bueno,2,NISSAN,BLANCO/ROJO,2,,46,MASCULINO,SIN DATOS,0,0,Morelia,La Quemada,diciembre,viernes,8,-101.240710169077,19.7058260869963
51407,51413,2024,,2024/12/27,10:25:00,COLISIÓN POR CAMBIO DE CARRIL,ASFALTO,Bueno,Bueno,2,MG,BLANCO,2,,,MASCULINO,SIN DATOS,0,0,Morelia,Vista Bella,diciembre,viernes,10,-101.197385787964,19.6795455449533
51408,51414,2024,,2024/12/27,15:00:00,COLISIÓN POR CAMBIO DE CARRIL,ASFALTO,Bueno,Bueno,2,CHEVROLET,GRIS,2,,,FEMENINO,SIN DATOS,0,0,Morelia,Bosques de Oriente,diciembre,viernes,15,-101.157088279724,19.7151012475317
51409,51415,2024,,2024/12/27,15:35:00,COLISIÓN POR ALCANCE,ASFALTO,Bueno,Bueno,2,VOLKSWAGEN,PLATA,2,,24,FEMENINO,SIN DATOS,0,0,Morelia,Sin datos,diciembre,viernes,16,-101.164612211287,19.6650043847533
51410,51416,2024,LEG54994,2024/12/27,19:10:00,COLISIÓN POR ALCANCE,ASFALTO,Bueno,Bueno,2,NISSAN,BLANCO,2,,43,MASCULINO,SIN DATOS,0,0,Morelia,Ferrocarrilero,diciembre,viernes,19,-101.212776973844,19.7018615856105
51411,51417,2024,,2024/12/27,19:25:00,COLISIÓN POR CORTE DE CIRCULACIÓN,CONCRETO,Bueno,Bueno,2,KIA,PLATA,2,,27,FEMENINO,SIN DATOS,0,0,Morelia,Industrial,diciembre,viernes,19,-101.199172139168,19.7108074573302
51412,51418,2024,,2024/12/27,21:28:00,SALIDA DE SUPERFICIE DE RODAMIENTO,ASFALTO,Bueno,Bueno,1,CHEVROLET,PLATA,1,,68,MASCULINO,SIN DATOS,0,0,Charo,Sin datos,diciembre,viernes,21,-101.037287414074,19.6861465480132
51413,51419,2024,MOR240069751,2024/12/27,21:29:00,COLISIÓN POR CAMBIO DE CARRIL,ASFALTO,Bueno,Bueno,2,MAZDA,AZUL,2,MINISTERIO PÚBLICO,28,MASCULINO,SIN DATOS,0,0,Morelia,Enrique Arreguin Robles,diciembre,viernes,21,-101.188116073608,19.7214817507008
51414,51420,2024,,2024/12/27,23:20:00,COLISIÓN POR CORTE DE CIRCULACIÓN,ASFALTO,Bueno,Bueno,2,NISSAN,NEGRO,2,MINISTERIO PÚBLICO,31,MASCULINO,SIN DATOS,0,0,Morelia,Jardines del Rincon,diciembre,viernes,23,-101.150371357799,19.69067143999
51415,51421,2024,,2024/12/28,"00:28:00",COLISIÓN POR NO RESPETAR SEMÁFORO,ASFALTO,Bueno,Bueno,2,BAJAJ,NEGRO,2,,20,MASCULINO,SIN DATOS,0,0,Morelia,Felix Ireta,diciembre,sábado,0,-101.192007958889,19.6822743713595
51416,51422,2024,,2024/12/28,"09:30:00",COLISIÓN CONTRA OBJETO FIJO,ASFALTO,Bueno,Bueno,1,FREIGHTLINER,BLANCO,1,,27,MASCULINO,SIN DATOS,0,0,Morelia,Los Manantiales de Morelia,diciembre,sábado,10,-101.240273304284,19.6927393873217
51417,51423,2024,,2024/12/28,10:17:00,COLISIÓN POR ALCANCE,ASFALTO,Bueno,Bueno,2,FORD,BLANCO,2,,48,MASCULINO,SIN DATOS,0,0,Morelia,Lomas de Guayangareo,diciembre,sábado,10,-101.160209365189,19.7045278498685
51418,51424,2024,,2024/12/28,11:40:00,COLISIÓN POR CORTE DE CIRCULACIÓN,CONCRETO,Bueno,Bueno,2,CARABELA,BLANCO/ROJO,2,,25,FEMENINO,SIN DATOS,0,0,Morelia,Ilustres Novohispanos,diciembre,sábado,12,-101.150118559599,19.7090916765226
51419,51425,2024,,2024/12/28,11:45:00,COLISIÓN POR NO RESPETAR SEMÁFORO,ASFALTO,Bueno,Bueno,2,VELOCI,ROJO,2,,33,MASCULINO,SIN DATOS,0,0,Morelia,Campestre Los Manantiales,diciembre,sábado,12,-101.238160729408,19.6877722913256
51420,51426,2024,,2024/12/28,12:58:00,COLISIÓN POR ALCANCE,ASFALTO,Bueno,Bueno,2,NISSAN,ROJO,2,,50,MASCULINO,SIN DATOS,0,0,Morelia,Sentimientos de La Nacion,diciembre,sábado,13,-101.235563009977,19.6818646083984
51421,51427,2024,,2024/12/28,15:30:00,COLISIÓN POR CAMBIO DE CARRIL,ASFALTO,Bueno,Bueno,2,YUKARI,NEGRO/ROJO,2,,17,MASCULINO,SIN DATOS,0,0,Morelia,Vasco de Quiroga,diciembre,sábado,16,-101.173201650381,19.6977432610831
51422,51428,2024,,2024/12/28,16:08:00,COLISIÓN POR ALCANCE,ASFALTO,Bueno,Bueno,2,NISSAN,BLANCO,2,,29,MASCULINO,SIN DATOS,0,0,Morelia,Justo Mendoza,diciembre,sábado,16,-101.231142729521,19.7144889381301
51423,51429,2024,,2024/12/28,20:10:00,COLISIÓN CONTRA OBJETO FIJO,ASFALTO,Bueno,Bueno,3,FORD,BLANCO,1,,30,MASCULINO,SIN DATOS,0,0,Morelia,Prados Verdes,diciembre,sábado,20,-101.201002076268,19.7165701492886
51424,51430,2024,,2024/12/28,20:45:00,COLISIÓN POR CORTE DE CIRCULACIÓN,ASFALTO,Bueno,Bueno,2,DODGE,ROJO,2,,48,MASCULINO,SIN DATOS,0,0,Morelia,Centro,diciembre,sábado,21,-101.178055778146,19.699405818125
51425,51431,2024,MOR/240075149,2024/12/29,"02:00:00",COLISIÓN POR CORTE DE CIRCULACIÓN,ASFALTO,Bueno,Regular,2,FORD,VERDW,2,,,,SIN DATOS,0,0,Morelia,El Realito,diciembre,domingo,2,-101.205200403929,19.7258775091329
51426,51432,2024,MOR/240075178,2024/12/29,"04:30:00",COLISIÓN POR ALCANCE,ASFALTO,Bueno,Bueno,2,VOLKSWAGEN,ROJO,2,,54,MASCULINO,SIN DATOS,0,0,Morelia,Torreon Nuevo,diciembre,domingo,5,-101.199052780867,19.7360862609429
51427,51433,2024,,2024/12/29,"08:10:00",COLISIÓN CONTRA OBJETO FIJO,CONCRETO,Bueno,Bueno,1,Chrysler,Blanco,0,,,,,0,0,Morelia,La Colina,diciembre,domingo,8,-101.217947602272,19.7109400224102
51428,51434,2024,,2024/12/29,11:50:00,COLISIÓN POR ALCANCE,ASFALTO,Bueno,Bueno,2,NISSAN,ROJO,2,,58,MASCULINO,SIN DATOS,0,0,Morelia,Tzindurio Norte,diciembre,domingo,12,-101.243830919266,19.7003748722644
51429,51435,2024,,2024/12/29,12:00:00,COLISIÓN POR MANIOBRA DE REVERSA,ASFALTO,Bueno,Bueno,2,Nissan,Blanco,2,,,,SIN DATOS,0,0,Morelia,Melchor Ocampo,diciembre,domingo,12,-101.204258278012,19.7067490189214
51430,51436,2024,,2024/12/29,13:00:00,COLISIÓN CONTRA OBJETO FIJO,CONCRETO,Bueno,Bueno,1,Mercedes benz,Blanco,1,,,,SIN DATOS,0,0,Morelia,Irrigacion,diciembre,domingo,13,-101.22295897454,19.7051790214248
51431,51437,2024,LEG55018,2024/12/29,15:23:00,COLISIÓN CON PEATÓN,ASFALTO,Bueno,Bueno,2,Toyota,Verde,4,,67,MASCULINO,SIN DATOS,2,0,Morelia,Central de Abastos,diciembre,domingo,15,-101.168611049652,19.7157375418275
51432,51438,2024,,2024/12/29,17:00:00,COLISIÓN POR ALCANCE,ASFALTO,Bueno,Bueno,2,VOLKSWAGEN,ROJO,2,,24,MASCULINO,SIN DATOS,0,0,Morelia,Sentimientos de La Nacion,diciembre,domingo,17,-101.23528406024,19.6811906123418
51433,51439,2024,LEG55020,2024/12/29,19:00:00,COLISIÓN CONTRA OBJETO FIJO,ASFALTO,Bueno,Bueno,1,FORD,Azul,1,,29,MASCULINO,ALIENTO ETÍLICO,0,0,Morelia,Lomas de Huerta,diciembre,domingo,19,-101.214307844639,19.6743437881767
51434,51440,2024,,2024/12/30,"08:25:00",COLISIÓN POR CORTE DE CIRCULACIÓN,CONCRETO,Bueno,Bueno,2,BAJAJ,NEGRO,2,,21,MASCULINO,SIN DATOS,0,0,Morelia,Arcos del Valle,diciembre,lunes,8,-101.235370226204,19.7051951191854
51435,51441,2024,,2024/12/30,13:30:00,COLISIÓN CON PEATÓN,SIN_DATOS,Bueno,Bueno,2,GML,Negro,2,,51,MASCULINO,SIN DATOS,0,0,Morelia,Alberto Oviedo Mota,diciembre,lunes,14,-101.201929114759,19.677816169773
51436,51442,2024,MOR240075650,2024/12/30,14:20:00,COLISIÓN POR CORTE DE CIRCULACIÓN,ASFALTO,Bueno,Bueno,2,TOYOTA,BLANCO/AZUL,2,,35,MASCULINO,SIN DATOS,0,0,Morelia,Agustin Arriaga Rivera,diciembre,lunes,14,-101.224505268037,19.6910723416516
51437,51443,2024,,2024/12/30,14:28:00,SALIDA DE SUPERFICIE DE RODAMIENTO,ASFALTO,Bueno,Bueno,1,DINA,BLANCO/AZUL,0,,,,,0,0,Huandacareo,Sin datos,diciembre,lunes,14,-101.298599950969,19.9875580223432
51438,51444,2024,,2024/12/30,14:39:00,COLISIÓN POR ALCANCE,CONCRETO,Bueno,Bueno,2,CHEVROLET,BLANCO,2,,25,MASCULINO,SIN DATOS,0,0,Morelia,Cinco de Diciembre,diciembre,lunes,15,-101.162181794643,19.6881094336977
51439,51445,2024,,2024/12/30,15:25:00,COLISIÓN CONTRA OBJETO FIJO,ASFALTO,Bueno,Bueno,2,SEAT,PLATA,2,MINISTERIO PÚBLICO,33,MASCULINO,SIN DATOS,0,0,Morelia,Central de Abastos,diciembre,lunes,15,-101.16986900568,19.7159357520333
51440,51446,2024,LEG55027,2024/12/30,17:20:00,COLISIÓN POR CORTE DE CIRCULACIÓN,ASFALTO,Bueno,Bueno,2,VOLKSWAGEN,BLANCO,2,,30,FEMENINO,SIN DATOS,0,0,Morelia,Nicolaitas Ilustres,diciembre,lunes,17,-101.228359937668,19.719504756173
51441,51447,2024,LEG55028,2024/12/30,19:00:00,COLISIÓN POR ALCANCE,ASFALTO,Bueno,Bueno,2,VOLKSWAGEN,NEGRO,2,MINISTERIO PÚBLICO,22,MASCULINO,SIN DATOS,0,0,Morelia,Morelia 450,diciembre,lunes,19,-101.214740686119,19.674362414663
51442,51448,2024,,2024/12/31,"07:50:00",VOLCADURA,ASFALTO,Bueno,Bueno,1,CHEVROLET,ROJO,1,,53,FEMENINO,SIN DATOS,0,0,Morelia,Lomas del Tecnologico,diciembre,martes,8,-101.188282370567,19.7212481989811
51443,51449,2024,,2024/12/31,"09:22:00",COLISIÓN POR ALCANCE,ASFALTO,Bueno,Bueno,2,NISSAN,ROJO,2,,,MASCULINO,SIN DATOS,0,0,Morelia,Ciudad Industrial,diciembre,martes,9,-101.14275790751,19.7250878721779
51444,51450,2024,,2024/12/31,12:19:00,COLISIÓN POR NO RESPETAR SEMÁFORO,ASFALTO,Bueno,Bueno,2,HERO,BLANCO,3,,,MASCULINO,SIN DATOS,1,0,Morelia,Rinconada del Valle,diciembre,martes,12,-101.217837631702,19.6805102996288
51445,51451,2024,,2024/12/31,13:45:00,COLISIÓN POR CORTE DE CIRCULACIÓN,ASFALTO,Bueno,Bueno,2,FORD,AZUL,2,,44,MASCULINO,SIN DATOS,0,0,Morelia,El Eden,diciembre,martes,14,-101.251679062843,19.6437697564011
51446,51452,2024,,2024/12/31,16:30:00,COLISIÓN POR INVASIÓN DE CARRIL,ASFALTO,Bueno,Bueno,2,FORD,NEGRO,2,,,MASCULINO,SIN DATOS,0,0,Morelia,Ciudad Industrial,diciembre,martes,17,-101.1378903687,19.730639233918
51447,51453,2024,,2024/12/31,19:40:00,COLISIÓN POR MANIOBRA DE REVERSA,ASFALTO,Bueno,Bueno,2,MERCEDES,AZUL,2,,,MASCULINO,SIN DATOS,0,0,Morelia,Puerto de Buenavista,diciembre,martes,20,-101.127412319183,19.686253247789
51448,51454,2024,,2024/12/31,20:15:00,COLISIÓN POR CAMBIO DE CARRIL,ASFALTO,Bueno,Bueno,2,NISSAN,NEGRO,2,,68,MASCULINO,SIN DATOS,0,0,Morelia,Heroes de Bajan,diciembre,martes,20,-101.226074695587,19.6913431864578