fid,id_accidente,anio_origen,folio_c5i,dia_incidente,hora_ocurrencia,tipo_incidente_vial,superficie_ocurrencia,condiciones_climaticas,condiciones_via,numero_vehiculos_involucrados,marca_vehiculo_ocasiona_siniestro,color_vehiculo_ocasiona_siniestro,numero_personas_involucradas,lugar_remite_presunto_responsable,edad_presunto_responsable,sexo_presunto_responsable,resultados_toxicologia,numero_personas_lesionadas,numero_personas_fallecidas,municipio,colonia,mes,dia_semana,hora_redondeada,lon,lat
51449,51455,2024,,2024/12/31,22:00:00,COLISIÓN POR CORTE DE CIRCULACIÓN,CONCRETO,Bueno,Bueno,2,ITALIKA,NEGRO/AMARILLO,3,MINISTERIO PÚBLICO,19,MASCULINO,SIN DATOS,1,0,Erongarícuaro,Santo Santiago,diciembre,martes,22,-101.72194339335,19.5921145663997
51450,51456,2024,,2024/12/31,22:54:00,COLISIÓN POR CORTE DE CIRCULACIÓN,ASFALTO,Bueno,Bueno,2,GML,BLANCO,2,,,FEMENINO,SIN DATOS,0,0,Morelia,Isaac Arriaga,diciembre,martes,23,-101.172405704856,19.7072635101248
51451,51457,2025,,2025/01/01,"00:00:00",COLISIÓN POR CORTE DE CIRCULACIÓN,ASFALTO,Bueno,Bueno,2,TOYOTA,BLANCO,1,,36,MASCULINO,ALIENTO ETÍLICO,0,0,Morelia,Jardines de Guadalupe,enero,miércoles,0,-101.222858391702,19.7146754718095
51452,51458,2025,MPR2257890,2025/01/01,"00:00:00",COLISIÓN POR INVASIÓN DE CARRIL,ASFALTO,Bueno,Bueno,2,NISSAN,AZUL,2,MINISTERIO PÚBLICO,,MASCULINO,SIN DATOS,0,0,Morelia,Francisco J Mujica,enero,miércoles,0,-101.189048292965,19.7235853119171
51453,51459,2025,LEG55039,2025/01/01,"04:30:00",SALIDA DE SUPERFICIE DE RODAMIENTO,ASFALTO,Bueno,Bueno,1,VOLKSWAGEN,NEGRO,0,,,,,0,0,Morelia,La Quemada,enero,miércoles,5,-101.240628361702,19.6855865308639
51454,51460,2025,,2025/01/01,"06:50:00",VOLCADURA,ASFALTO,Bueno,Bueno,1,RENAULT,BLANCO,0,MINISTERIO PÚBLICO,,,,0,0,Morelia,Sin datos,enero,miércoles,7,-101.282077878714,19.6177446416471
51455,51461,2025,LEG55040,2025/01/01,"09:30:00",COLISIÓN CONTRA OBJETO FIJO,ASFALTO,Bueno,Bueno,1,CHEVROLET,NEGRO,1,,,,SIN DATOS,0,0,Morelia,El Eden,enero,miércoles,10,-101.251703202724,19.643757125866
51456,51462,2025,,2025/01/01,12:14:00,COLISIÓN CONTRA OBJETO FIJO,CONCRETO,Bueno,Bueno,2,FORD,BLANCO,2,,26,MASCULINO,SIN DATOS,0,0,Charo,De Santiago,enero,miércoles,12,-101.042197197676,19.7442899030458
51457,51463,2025,,2025/01/02,"08:05:00",COLISIÓN POR ALCANCE,ASFALTO,Bueno,Bueno,2,YAMAHA/FZ 2.0,NEGRO,2,MINISTERIO PÚBLICO,23,FEMENINO,SIN DATOS,0,0,Morelia,Loma Bonita,enero,jueves,8,-101.196886897087,19.7245393530835
51458,51464,2025,,2025/01/02,"09:10:00",COLISIÓN CONTRA OBJETO FIJO,ASFALTO,Bueno,Bueno,1,ISUZU,BLANCO,1,,36,MASCULINO,SIN DATOS,0,0,Huandacareo,Sin datos,enero,jueves,9,-101.256024912,19.9835113799999
51459,51465,2025,,2025/01/02,10:25:00,VOLCADURA,ASFALTO,Bueno,Bueno,1,BMW,ROJO,1,MINISTERIO PÚBLICO,,,,0,1,Tzitzio,Tzitzio,enero,jueves,10,-100.923660993576,19.5840414901657
51460,51466,2025,MOR25,2025/01/02,11:14:00,COLISIÓN POR MANIOBRA DE REVERSA,CONCRETO,Bueno,Bueno,2,GENERAL MOTOR,BLANCO Y AZUL,2,MINISTERIO PÚBLICO,45,MASCULINO,SIN DATOS,0,0,Morelia,Indeco Santiaguito,enero,jueves,11,-101.174785494804,19.724122755045
51461,51467,2025,,2025/01/02,12:19:00,COLISIÓN POR CORTE DE CIRCULACIÓN,CONCRETO,Bueno,Bueno,2,MAZDA,GRIS,2,,37,FEMENINO,SIN DATOS,0,0,Cuitzeo,Sin datos,enero,jueves,12,-101.131469830871,19.9196131005435
51462,51468,2025,,2025/01/02,15:40:00,SALIDA DE SUPERFICIE DE RODAMIENTO,ASFALTO,Bueno,Bueno,1,NISSAN,BLANCO,1,,28,MASCULINO,SIN DATOS,0,0,Morelia,Montaña Monarca,enero,jueves,16,-101.165408492088,19.6716707071015
51463,51469,2025,LEG55049,2025/01/02,17:20:00,COLISIÓN POR CAMBIO DE CARRIL,ASFALTO,Bueno,Bueno,2,KENWORTH,BLANCO,2,,65,MASCULINO,SIN DATOS,0,0,Morelia,Rafael Carrillo,enero,jueves,17,-101.236643269658,19.7076384879471
51464,51470,2025,LEG55052,2025/01/02,18:10:00,COLISIÓN POR CAMBIO DE CARRIL,ASFALTO,Bueno,Bueno,2,KENWORTH,AMARILLO,2,,,MASCULINO,SIN DATOS,0,0,Morelia,Arcos del Valle,enero,jueves,18,-101.234851554036,19.7094041545306
51465,51471,2025,,2025/01/02,18:10:00,COLISIÓN POR CAMBIO DE CARRIL,ASFALTO,Bueno,Bueno,2,ITALIKA,NEGRO,2,,22,MASCULINO,SIN DATOS,0,0,Morelia,Arcos del Valle,enero,jueves,18,-101.236254349351,19.7076277562707
51466,51472,2025,,2025/01/02,18:50:00,COLISIÓN POR ALCANCE,ASFALTO,Bueno,Bueno,2,KEENWORTH,BLANCO,2,,20,MASCULINO,SIN DATOS,0,0,Morelia,Matamoros,enero,jueves,19,-101.164024968088,19.6966557723212
51467,51473,2025,LEG55055,2025/01/03,10:20:00,SALIDA DE SUPERFICIE DE RODAMIENTO,ASFALTO,Bueno,Bueno,1,NISSAN,BLANCO/ROJO,1,,49,MASCULINO,SIN DATOS,0,0,Morelia,Sin datos,enero,viernes,10,-101.276988722384,19.6276763858299
51468,51474,2025,,2025/01/03,15:00:00,COLISIÓN CONTRA OBJETO FIJO,ASFALTO,Bueno,Bueno,1,CHEVROLET,NEGRO,6,,35,MASCULINO,SIN DATOS,5,0,Morelia,La Soledad,enero,viernes,15,-101.183196231723,19.7290805168598
51469,51475,2025,,2025/01/03,15:15:00,COLISIÓN POR CORTE DE CIRCULACIÓN,ASFALTO,Bueno,Bueno,2,NISSAN,BLANCO,5,MINISTERIO PÚBLICO,57,MASCULINO,SIN DATOS,3,0,Morelia,Lomas del Tecnologico,enero,viernes,15,-101.188352108002,19.7212873346985
51470,51476,2025,,2025/01/03,15:25:00,COLISIÓN POR ALCANCE,ASFALTO,Bueno,Bueno,2,FORD,VERDE,2,,36,MASCULINO,SIN DATOS,0,0,Morelia,Lomas de Guayangareo,enero,viernes,15,-101.161249727011,19.7053393676737
51471,51477,2025,,2025/01/03,15:30:00,COLISIÓN POR CAMBIO DE CARRIL,ASFALTO,Bueno,Bueno,2,FREIGHTLINER,BLANCO,2,,25,MASCULINO,SIN DATOS,0,0,Morelia,Justo Mendoza,enero,viernes,16,-101.231141723692,19.714487675634
51472,51478,2025,LEG55060,2025/01/03,16:30:00,COLISIÓN POR INVASIÓN DE CARRIL,ASFALTO,Bueno,Bueno,2,ITALIKA,NEGRO,3,MINISTERIO PÚBLICO,,MASCULINO,SIN DATOS,1,0,Morelia,Sin datos,enero,viernes,17,-101.097541898489,19.7382331464532
51473,51479,2025,LEG55061,2025/01/03,19:45:00,COLISIÓN POR CORTE DE CIRCULACIÓN,ASFALTO,Bueno,Regular,2,FORD,BLANCO,2,,35,MASCULINO,SIN DATOS,0,0,Morelia,Centro,enero,viernes,20,-101.201671622694,19.7028697651024
51474,51480,2025,,2025/01/04,"07:20:00",COLISIÓN POR INVASIÓN DE CARRIL,ASFALTO,Bueno,Bueno,2,VOLKSWAGEN,GRIS,2,,28,MASCULINO,SIN DATOS,0,0,Morelia,Sentimientos de La Nacion,enero,sábado,7,-101.235381960869,19.6809522664533
51475,51481,2025,,2025/01/04,"08:00:00",COLISIÓN CONTRA OBJETO FIJO,CONCRETO,Bueno,Bueno,1,SUZUKI,NEGRO,1,,32,MASCULINO,SIN DATOS,0,0,Morelia,3 de Agosto,enero,sábado,8,-101.173138618469,19.7301772063941
51476,51482,2025,,2025/01/04,"08:30:00",COLISIÓN POR CORTE DE CIRCULACIÓN,CONCRETO,Bueno,Bueno,2,VOLKSWAGEN,BLANCO,2,,,MASCULINO,SIN DATOS,0,0,Morelia,Unidos Santa Cruz,enero,sábado,9,-101.213264465332,19.7201953183431
51477,51483,2025,LEG55065,2025/01/04,10:43:00,COLISIÓN POR INVASIÓN DE CARRIL,CONCRETO,Bueno,Bueno,2,ITALIKA,AZUL,2,,,MASCULINO,SIN DATOS,0,0,Morelia,Gertrudis Bocanegra,enero,sábado,11,-101.210740506649,19.703161422606
51478,51484,2025,,2025/01/04,14:35:00,COLISIÓN POR ALCANCE,ASFALTO,Bueno,Bueno,2,CHEVROLET,NEGRO,2,,49,MASCULINO,SIN DATOS,0,0,Morelia,Irrigacion,enero,sábado,15,-101.222959980369,19.7050742281201
51479,51485,2025,,2025/01/04,15:10:00,COLISIÓN POR ALCANCE,ASFALTO,Bueno,Bueno,2,CHEVROLET,PLATA,2,,57,MASCULINO,SIN DATOS,0,0,Morelia,Elias Perez Avalos,enero,sábado,15,-101.17076318711,19.7141935137863
51480,51486,2025,,2025/01/04,22:24:00,COLISIÓN CONTRA OBJETO FIJO,ASFALTO,Bueno,Bueno,1,FORD,VERDE,1,,42,MASCULINO,SIN DATOS,0,0,Morelia,Sin datos,enero,sábado,22,-101.173449754715,19.6592502558911
51481,51487,2025,MOR 25,2025/01/04,22:40:00,COLISIÓN POR CORTE DE CIRCULACIÓN,ASFALTO,Bueno,Bueno,2,NISSAN,S/D,2,,23,MASCULINO,SIN DATOS,0,0,Morelia,Isaac Arriaga,enero,sábado,23,-101.172356419265,19.7072859204402
51482,51488,2025,,2025/01/05,"00:00:00",COLISIÓN CON PEATÓN,SIN_DATOS,Bueno,Bueno,2,TOYOTA,BLANCO,2,,49,MASCULINO,SIN DATOS,0,0,Morelia,Lomas de Morelia (Dr Ignacio Chavez),enero,domingo,0,-101.175698786974,19.7176363097518
51483,51489,2025,,2025/01/05,"02:15:00",COLISIÓN CONTRA OBJETO FIJO,ASFALTO,Bueno,Bueno,2,DODGE,GRIS,2,,30,MASCULINO,SIN DATOS,0,0,Morelia,El Porvenir,enero,domingo,2,-101.204688102007,19.712493235078
51484,51490,2025,,2025/01/05,"04:00:00",COLISIÓN CONTRA OBJETO FIJO,CONCRETO,Bueno,Bueno,1,NISSAN,BLANCO,0,,,,,0,0,Morelia,Ignacio Zaragoza,enero,domingo,4,-101.202761605382,19.7229720551234
51485,51491,2025,,2025/01/05,"09:50:00",COLISIÓN POR CORTE DE CIRCULACIÓN,ASFALTO,Bueno,Bueno,2,NISSAN,BLANCO Y CAFE,2,,36,MASCULINO,SIN DATOS,0,0,Morelia,Lindavista,enero,domingo,10,-101.216177344322,19.7038343792328
51486,51492,2025,,2025/01/05,16:00:00,COLISIÓN POR CORTE DE CIRCULACIÓN,CONCRETO,Lluvioso,Malo,2,ITALIKA,NEGRO,2,,21,MASCULINO,SIN DATOS,0,0,Morelia,El Porvenir,enero,domingo,16,-101.20546862483,19.7086927138149
51487,51493,2025,,2025/01/05,19:00:00,COLISIÓN POR ALCANCE,ASFALTO,Lluvioso,Regular,2,VOLKSWAGEN,NEGRO,2,,33,MASCULINO,SIN DATOS,0,0,Morelia,Tinijaro,enero,domingo,19,-101.264494657516,19.6962359915758
51488,51494,2025,,2025/01/05,19:45:00,COLISIÓN POR ALCANCE,ASFALTO,Bueno,Bueno,2,VOLKSWAGEN,BLANCO,2,,20,MASCULINO,SIN DATOS,0,0,Morelia,Felix Ireta,enero,domingo,20,-101.180677637458,19.6861692769655
51489,51495,2025,,2025/01/05,20:03:00,COLISIÓN POR INVASIÓN DE CARRIL,ASFALTO,Bueno,Bueno,2,FORD,GRIS,2,,63,MASCULINO,SIN DATOS,0,0,Morelia,Mirador Poniente,enero,domingo,20,-101.247868984938,19.711260703197
51490,51496,2025,,2025/01/06,"09:10:00",COLISIÓN POR ALCANCE,ASFALTO,Bueno,Bueno,2,KENWORTH,NARANJA,2,,37,MASCULINO,SIN DATOS,0,0,Morelia,Tzindurio de Morelos,enero,lunes,9,-101.24365054071,19.6999739939021
51491,51497,2025,,2025/01/06,11:00:00,COLISIÓN POR CAMBIO DE CARRIL,ASFALTO,Bueno,Bueno,2,CHEVROLE,AZUL,2,,26,MASCULINO,SIN DATOS,0,0,Morelia,Jardines del Toreo,enero,lunes,11,-101.215398162603,19.6854249021004
51492,51498,2025,,2025/01/06,13:05:00,COLISIÓN POR ALCANCE,ASFALTO,Bueno,Bueno,2,NISSAN,PLATA,2,,56,FEMENINO,SIN DATOS,0,0,Morelia,Xangari,enero,lunes,13,-101.22069183737,19.6741180602477
51493,51499,2025,,2025/01/06,17:09:00,COLISIÓN POR CAMBIO DE CARRIL,ASFALTO,Bueno,Bueno,1,FORD,VERDE Y BEIGE,2,MINISTERIO PÚBLICO,,,SIN DATOS,0,0,Morelia,Emiliano Zapata,enero,lunes,17,-101.230481564999,19.6543777917752
51494,51500,2025,,2025/01/06,18:20:00,COLISIÓN POR INVASIÓN DE CARRIL,ASFALTO,Bueno,Bueno,2,NISSAN,BLANCO,2,,65,MASCULINO,SIN DATOS,0,0,Morelia,Sin datos,enero,lunes,18,-101.348269768059,19.5447724210652
51495,51501,2025,,2025/01/06,19:20:00,COLISIÓN POR CORTE DE CIRCULACIÓN,CONCRETO,Bueno,Bueno,2,NISSAN,BLANCO,2,,,MASCULINO,SIN DATOS,0,0,Morelia,Industrial,enero,lunes,19,-101.197613440454,19.7113055227045
51496,51502,2025,LEG55086,2025/01/06,20:55:00,COLISIÓN POR CORTE DE CIRCULACIÓN,ASFALTO,Bueno,Bueno,2,ITALIKA,NEGRO,2,,,MASCULINO,SIN DATOS,0,0,Morelia,Vasco de Quiroga,enero,lunes,21,-101.170974075794,19.7024821501947
51497,51503,2025,,2025/01/07,"09:00:00",COLISIÓN CONTRA OBJETO FIJO,ASFALTO,Bueno,Bueno,1,FORD,AMARILLO,1,,,MASCULINO,SIN DATOS,0,0,Morelia,Loma de Los Piñones,enero,martes,9,-101.203745305538,19.6749995023294
51498,51504,2025,,2025/01/07,11:40:00,COLISIÓN CON PEATÓN,SIN_DATOS,Bueno,Bueno,2,CHEVROLET,PLATA,2,,,MASCULINO,SIN DATOS,0,0,Morelia,Paraiso del Sur,enero,martes,12,-101.195712089539,19.6578092444631
51499,51505,2025,MOR 2025000044,2025/01/07,14:00:00,COLISIÓN POR CORTE DE CIRCULACIÓN,ASFALTO,Bueno,Bueno,2,NISSAN,BLANCO,2,,22,MASCULINO,SIN DATOS,0,0,Morelia,Isaac Arriaga,enero,martes,14,-101.168673746288,19.7113796958057
51500,51506,2025,,2025/01/07,18:20:00,COLISIÓN POR CORTE DE CIRCULACIÓN,CONCRETO,Bueno,Bueno,2,MAZDA,BLANCO,2,,44,MASCULINO,SIN DATOS,0,0,Morelia,Sentimientos de La Nacion,enero,martes,18,-101.23397267,19.6796657999992
51501,51507,2025,,2025/01/07,20:18:00,COLISIÓN CONTRA OBJETO FIJO,CONCRETO,Bueno,Bueno,1,NISSAN,TURQUESA,0,,,,,0,0,Morelia,Rafael Carrillo,enero,martes,20,-101.2369906,19.7104659799992
51502,51508,2025,,2025/01/07,21:10:00,COLISIÓN POR ALCANCE,ASFALTO,Bueno,Bueno,2,BDS,NEGRO/GRIS,3,MINISTERIO PÚBLICO,19,MASCULINO,SIN DATOS,1,0,Pátzcuaro,Centro,enero,martes,21,-101.616725027561,19.5191313710283
51503,51509,2025,MOR20250000,2025/01/07,22:18:00,COLISIÓN CONTRA OBJETO FIJO,ASFALTO,Bueno,Bueno,1,CHEVROLET,VERDE,1,,64,MASCULINO,SIN DATOS,0,0,Morelia,Victor Manuel Tinoco Rubi,enero,martes,22,-101.243133875626,19.7028547379854
51504,51510,2025,MOR202500001,2025/01/07,23:18:00,COLISIÓN CONTRA OBJETO FIJO,ASFALTO,Bueno,Bueno,2,VOLKSWAGEN,ROJO,2,,32,MASCULINO,SIN DATOS,0,0,Morelia,Cuauhtemoc,enero,martes,23,-101.18412231,19.6981354549992
51505,51511,2025,,2025/01/08,"09:15:00",COLISIÓN CON PEATÓN,ASFALTO,Bueno,Bueno,1,VOLKSWAGEN,GRIS,1,,37,MASCULINO,SIN DATOS,0,0,Morelia,Central de Abastos,enero,miércoles,9,-101.16849568,19.7166130399991
51506,51512,2025,,2025/01/08,16:15:00,COLISIÓN POR ALCANCE,CONCRETO,Bueno,Bueno,2,ITALIKA FT125,AZUL,2,,23,MASCULINO,SIN DATOS,0,0,Morelia,Rafael Carrillo,enero,miércoles,16,-101.233375668526,19.7120346270141
51507,51513,2025,,2025/01/08,18:45:00,COLISIÓN CON PEATÓN,SIN_DATOS,Bueno,Bueno,2,INTERNATIONAL/7600,BLANCO,2,,41,MASCULINO,SIN DATOS,0,0,Morelia,Jardines de Sindurio,enero,miércoles,19,-101.25724950047,19.6993034103532
51508,51514,2025,LEG55097,2025/01/09,"06:20:00",COLISIÓN POR NO RESPETAR SEMÁFORO,ASFALTO,Bueno,Bueno,2,VOLKSWAGEN,ROJO,2,MINISTERIO PÚBLICO,,MASCULINO,SIN DATOS,0,0,Morelia,Ferrocarrilero,enero,jueves,6,-101.223609235,19.6918737849991
51509,51515,2025,LEG55100,2025/01/09,"08:10:00",COLISIÓN POR ALCANCE,ASFALTO,Bueno,Bueno,3,FORD,BLANCO,4,MINISTERIO PÚBLICO,41,MASCULINO,SIN DATOS,1,0,Morelia,Enrique Arreguin Robles,enero,jueves,8,-101.188191175461,19.7214034793516
51510,51516,2025,,2025/01/09,"09:50:00",COLISIÓN CON PEATÓN,ASFALTO,Bueno,Bueno,2,HONDA,BLANCO,2,MINISTERIO PÚBLICO,68,MASCULINO,SIN DATOS,0,0,Morelia,Primo Tapia,enero,jueves,10,-101.211788435,19.7093359899992
51511,51517,2025,MOR2025000025,2025/01/09,10:18:00,COLISIÓN CONTRA OBJETO FIJO,CONCRETO,Bueno,Bueno,1,JEEP,NEGRO,1,,62,MASCULINO,SIN DATOS,0,0,Morelia,Agustin Arriaga Rivera,enero,jueves,10,-101.222027912736,19.6931535417816
51512,51518,2025,,2025/01/09,10:38:00,COLISIÓN POR CORTE DE CIRCULACIÓN,ASFALTO,Bueno,Bueno,2,JEEP,GRIS,2,,60,MASCULINO,SIN DATOS,0,0,Morelia,Chapultepec Norte,enero,jueves,11,-101.17645483464,19.6955683692371
51513,51519,2025,,2025/01/09,14:10:00,VOLCADURA,ASFALTO,Bueno,Bueno,1,HONDA,BLANCO,1,,18,FEMENINO,SIN DATOS,0,0,Morelia,Bosques Tres Marias,enero,jueves,14,-101.103959083557,19.7244181610389
51514,51520,2025,MOR240075688,2025/01/09,14:45:00,COLISIÓN CONTRA OBJETO FIJO,ASFALTO,Bueno,Bueno,3,MAZDA,ROJO,3,MINISTERIO PÚBLICO,38,MASCULINO,ALIENTO ETÍLICO,0,0,Morelia,Vasco de Quiroga,enero,jueves,15,-101.175795700459,19.6999749496554
51515,51521,2025,,2025/01/09,15:54:00,COLISIÓN CON PEATÓN,SIN_DATOS,Bueno,Bueno,2,SUZUKI,BLANCO,2,,34,FEMENINO,SIN DATOS,0,0,Morelia,Jardines del Rincon,enero,jueves,16,-101.153414994478,19.6873451801665
51516,51522,2025,,2025/01/09,16:34:00,COLISIÓN POR CAMBIO DE CARRIL,ASFALTO,Bueno,Bueno,2,FORD,BLANCO Y ROJO,2,,30,MASCULINO,SIN DATOS,0,0,Morelia,Dr Miguel Silva,enero,jueves,17,-101.188268959522,19.7212418867677
51517,51523,2025,LEG55108,2025/01/09,18:53:00,COLISIÓN POR INVASIÓN DE CARRIL,ASFALTO,Bueno,Bueno,2,ITALIKA,ROJO,2,MINISTERIO PÚBLICO,61,FEMENINO,SIN DATOS,0,1,Morelia,Vista Bella,enero,jueves,19,-101.194830983877,19.68113157836
51518,51524,2025,,2025/01/09,19:20:00,COLISIÓN POR CAMBIO DE CARRIL,ASFALTO,Bueno,Regular,2,FREIGHTLINER,BLANCO,2,,62,MASCULINO,SIN DATOS,0,0,Morelia,Rafael Carrillo,enero,jueves,19,-101.234470680356,19.7104457434815
51519,51525,2025,,2025/01/09,19:30:00,COLISIÓN POR ALCANCE,ASFALTO,Bueno,Bueno,2,NISSAN,ROJO,2,,27,FEMENINO,SIN DATOS,0,0,Morelia,Rafael Carrillo,enero,jueves,20,-101.234450228512,19.7104795161006
51520,51526,2025,,2025/01/10,"07:30:00",SALIDA DE SUPERFICIE DE RODAMIENTO,ASFALTO,Bueno,Bueno,1,NISSAN,BLANCO,1,,37,MASCULINO,SIN DATOS,0,0,Cuitzeo,Sin datos,enero,viernes,8,-101.112350709736,19.95545299986
51521,51527,2025,,2025/01/10,"09:20:00",COLISIÓN POR CORTE DE CIRCULACIÓN,CONCRETO,Nublado,Bueno,2,HONDA,BLANCO,3,MINISTERIO PÚBLICO,34,MASCULINO,SIN DATOS,1,0,Pátzcuaro,Centro,enero,viernes,9,-101.607237048447,19.5236998312319
51522,51528,2025,,2025/01/10,11:50:00,COLISIÓN POR CORTE DE CIRCULACIÓN,ASFALTO,Bueno,Bueno,3,AUDI,PLATA,3,,40,FEMENINO,SIN DATOS,0,0,Morelia,Vasco de Quiroga,enero,viernes,12,-101.175886876881,19.6981207864686
51523,51529,2025,,2025/01/10,15:00:00,COLISIÓN CON PEATÓN,SIN_DATOS,Bueno,Bueno,4,CHEVROLET,NEGRO,4,,,MASCULINO,SIN DATOS,0,0,Morelia,Ejidal Ocolusen,enero,viernes,15,-101.152224764228,19.6841268151777
51524,51530,2025,LEG55113,2025/01/10,16:26:00,COLISIÓN POR ALCANCE,ASFALTO,Bueno,Bueno,2,NISSAN,GRIS,2,,,MASCULINO,SIN DATOS,0,0,Morelia,Centro,enero,viernes,16,-101.196762253256,19.7042535552882
51525,51531,2025,LEG55114,2025/01/10,17:55:00,COLISIÓN CONTRA OBJETO FIJO,SIN_DATOS,Bueno,Bueno,2,VOLKSWAGEN,ROJO,2,,70,MASCULINO,SIN DATOS,0,0,Morelia,Villas de La Loma,enero,viernes,18,-101.298833303154,19.6920288195138
51526,51532,2025,LEG55115,2025/01/10,18:57:00,COLISIÓN POR CAMBIO DE CARRIL,ASFALTO,Bueno,Bueno,2,KENWORTH,BLANCO,2,,,MASCULINO,SIN DATOS,0,0,Morelia,Rafael Carrillo,enero,viernes,19,-101.234210170805,19.7108279733617
51527,51533,2025,,2025/01/10,21:00:00,COLISIÓN POR ALCANCE,ASFALTO,Lluvioso,Bueno,2,NISSAN,BLANCO,2,,,MASCULINO,SIN DATOS,0,0,Morelia,Avicola Benito Juarez,enero,viernes,21,-101.279538162053,19.6913472901635
51528,51534,2025,,2025/01/10,22:20:00,COLISIÓN POR CORTE DE CIRCULACIÓN,CONCRETO,Lluvioso,Bueno,2,TOYOTA,BLANCO,2,,69,MASCULINO,SIN DATOS,0,0,Morelia,Ampliacion La Soledad,enero,viernes,22,-101.182907223701,19.7338860125974
51529,51535,2025,,2025/01/11,"00:00:00",COLISIÓN POR CAMBIO DE CARRIL,ASFALTO,Bueno,Bueno,2,INTERNACIONAL,AMARILLO,2,,52,MASCULINO,SIN DATOS,0,0,Morelia,Justo Mendoza,enero,sábado,0,-101.231139712036,19.71448578189
51530,51536,2025,,2025/01/11,"00:00:00",COLISIÓN POR ALCANCE,ASFALTO,Bueno,Bueno,2,HONDA,GRIS,2,,42,FEMENINO,SIN DATOS,0,0,Morelia,San Rafael,enero,sábado,0,-101.154865399003,19.7005664728277
51531,51537,2025,,2025/01/11,"02:05:00",COLISIÓN POR NO RESPETAR SEMÁFORO,ASFALTO,Lluvioso,Bueno,2,JEEP,BLANCO,2,,63,MASCULINO,SIN DATOS,0,0,Morelia,Felix Ireta,enero,sábado,2,-101.192003265023,19.6822677419209
51532,51538,2025,,2025/01/11,"04:00:00",SALIDA DE SUPERFICIE DE RODAMIENTO,ASFALTO,Nublado,Regular,1,NISSAN,BLANCO,1,,28,MASCULINO,SIN DATOS,0,0,Morelia,Cumbres de Morelia,enero,sábado,4,-101.140804588795,19.6915060719249
51533,51539,2025,,2025/01/11,"04:20:00",SUBIDA AL CAMELLÓN,ASFALTO,Bueno,Bueno,1,BYD,BLANCO,1,,,FEMENINO,SIN DATOS,0,0,Morelia,Reforma,enero,sábado,4,-101.237632334232,19.7069863794859
51534,51540,2025,LEG55121,2025/01/11,"05:25:00",COLISIÓN CONTRA OBJETO FIJO,CONCRETO,Bueno,Bueno,1,DODGE,BLANCO,1,MINISTERIO PÚBLICO,,,SIN DATOS,0,0,Morelia,Niños Heroes,enero,sábado,5,-101.237826794386,19.7167563649205
51535,51541,2025,,2025/01/11,"07:29:00",COLISIÓN POR ALCANCE,ASFALTO,Bueno,Bueno,1,NISSAN,ROJO,1,,,,SIN DATOS,0,0,Morelia,El Eden,enero,sábado,7,-101.251700520515,19.6438000696812
51536,51542,2025,,2025/01/11,10:20:00,COLISIÓN POR CORTE DE CIRCULACIÓN,ASFALTO,Bueno,Bueno,1,KENWORTH,BLANCO,1,,,MASCULINO,SIN DATOS,0,0,Morelia,Las Americas,enero,sábado,10,-101.15108281374,19.6897458899578
51537,51543,2025,,2025/01/11,11:30:00,COLISIÓN POR INVASIÓN DE CARRIL,ASFALTO,Lluvioso,Bueno,2,NISSAN,BLANCO/ROJO,2,MINISTERIO PÚBLICO,54,MASCULINO,SIN DATOS,0,0,Morelia,Montaña Monarca,enero,sábado,12,-101.160843372345,19.6717717337707
51538,51544,2025,,2025/01/11,12:50:00,VOLCADURA,CONCRETO,Bueno,Bueno,1,FORD,BLANCO,1,,30,MASCULINO,SIN DATOS,0,0,Morelia,Mirador Poniente,enero,sábado,13,-101.247868984938,19.7112430278948
51539,51545,2025,,2025/01/11,14:50:00,COLISIÓN POR CAMBIO DE CARRIL,ASFALTO,Bueno,Bueno,2,HYUNDAI,BLANCO,2,,,MASCULINO,SIN DATOS,0,0,Morelia,Solidaridad,enero,sábado,15,-101.207622438669,19.7260643451238
51540,51546,2025,,2025/01/11,15:15:00,COLISIÓN POR NO RESPETAR SEMÁFORO,ASFALTO,Bueno,Bueno,2,VOLKSWAGEN,BLANCO,1,MINISTERIO PÚBLICO,,MASCULINO,SIN DATOS,0,0,Morelia,Bosques de Oriente,enero,sábado,15,-101.155477613211,19.7155948808267
51541,51547,2025,,2025/01/11,21:00:00,COLISIÓN POR CORTE DE CIRCULACIÓN,ASFALTO,Lluvioso,Regular,2,DAIMIERCHRYSLER,BLANCO Y ROSA,2,MINISTERIO PÚBLICO,24,MASCULINO,SIN DATOS,0,0,Morelia,Gertrudis Sanchez,enero,sábado,21,-101.203335598111,19.7399034873598
51542,51548,2025,LEG55135,2025/01/12,"00:00:00",COLISIÓN CONTRA OBJETO FIJO,ASFALTO,Lluvioso,Bueno,1,RENAULT,AZUL,1,,64,MASCULINO,SIN DATOS,0,0,Morelia,Montaña Monarca,enero,domingo,0,-101.161790192127,19.6724587134324
51543,51549,2025,,2025/01/12,"00:30:00",COLISIÓN POR CORTE DE CIRCULACIÓN,ASFALTO,Lluvioso,Malo,1,CHEVROLET,GRIS,1,,63,MASCULINO,SIN DATOS,0,0,Morelia,Ciudad Industrial,enero,domingo,1,-101.134288161993,19.7330869476062
51544,51550,2025,,2025/01/12,"00:30:00",COLISIÓN CONTRA OBJETO FIJO,ASFALTO,Lluvioso,Bueno,1,SEAT,AMARILLO,1,,,,SIN DATOS,0,0,Morelia,Montaña Monarca,enero,domingo,1,-101.161790192127,19.6724561877773
51545,51551,2025,,2025/01/12,"02:05:00",COLISIÓN POR CORTE DE CIRCULACIÓN,ASFALTO,Bueno,Regular,2,CHEVROLET,ROJO,2,,32,FEMENINO,SIN DATOS,0,0,Morelia,Matamoros,enero,domingo,2,-101.16516508162,19.7004417904443