fid,id_accidente,anio_origen,folio_c5i,dia_incidente,hora_ocurrencia,tipo_incidente_vial,superficie_ocurrencia,condiciones_climaticas,condiciones_via,numero_vehiculos_involucrados,marca_vehiculo_ocasiona_siniestro,color_vehiculo_ocasiona_siniestro,numero_personas_involucradas,lugar_remite_presunto_responsable,edad_presunto_responsable,sexo_presunto_responsable,resultados_toxicologia,numero_personas_lesionadas,numero_personas_fallecidas,municipio,colonia,mes,dia_semana,hora_redondeada,lon,lat
51546,51552,2025,,2025/01/12,"02:15:00",SUBIDA AL CAMELLÓN,CONCRETO,Nublado,Regular,1,HONDA,GUINDA,1,,,,SIN DATOS,0,0,Morelia,Ocolusen Iii,enero,domingo,2,-101.148017719388,19.6858100328697
51547,51553,2025,,2025/01/12,11:20:00,COLISIÓN POR CAMBIO DE CARRIL,ASFALTO,Bueno,Bueno,2,PEUGEOT,AMARILLO,2,,,,SIN DATOS,0,0,Morelia,Lic Daniel Espinoza Galindo,enero,domingo,11,-101.225531548262,19.7062301070989
51548,51554,2025,,2025/01/12,17:30:00,COLISIÓN POR ALCANCE,CONCRETO,Bueno,Bueno,4,HONDA,GRIS,4,,72,MASCULINO,SIN DATOS,0,0,Morelia,Juarez,enero,domingo,18,-101.195308752358,19.6962928103697
51549,51555,2025,LEG55142,2025/01/12,18:35:00,COLISIÓN POR INVASIÓN DE CARRIL,ASFALTO,Bueno,Bueno,2,CHRYSLER,AZUL,2,,,FEMENINO,SIN DATOS,0,0,Morelia,Gertrudis Sanchez,enero,domingo,19,-101.2015625,19.73855
51550,51556,2025,,2025/01/12,19:30:00,COLISIÓN POR ALCANCE,ASFALTO,Nublado,Bueno,2,NISSAN/TIIDA,BLANCO ROJO,2,,,MASCULINO,SIN DATOS,0,0,Morelia,Dr Miguel Silva,enero,domingo,20,-101.185227946917,19.717204814836
51551,51557,2025,,2025/01/12,20:34:00,COLISIÓN POR INVASIÓN DE CARRIL,ASFALTO,Bueno,Bueno,2,JEEP,NEGRO,2,,44,MASCULINO,CON CERTIFICADO,0,0,Morelia,Felix Ireta,enero,domingo,21,-101.190105135,19.6853188699992
51552,51558,2025,,2025/01/12,21:05:00,COLISIÓN POR INVASIÓN DE CARRIL,CONCRETO,Bueno,Bueno,2,NISSAN/DATSUN,BLANCO,1,,45,MASCULINO,SIN DATOS,0,0,Morelia,Ilustres Novohispanos,enero,domingo,21,-101.152673110067,19.7108147396326
51553,51559,2025,,2025/01/12,22:20:00,COLISIÓN POR CORTE DE CIRCULACIÓN,CONCRETO,Lluvioso,Regular,1,DODGE,NEGRO,1,,,,SIN DATOS,0,0,Morelia,La Colina,enero,domingo,22,-101.217934526503,19.7108822619246
51554,51560,2025,,2025/01/12,23:05:00,COLISIÓN POR CORTE DE CIRCULACIÓN,ASFALTO,Lluvioso,Regular,2,CHEVROLET,BLANCO,2,,57,FEMENINO,SIN DATOS,0,0,Morelia,La Luz,enero,domingo,23,-101.296766996384,19.68683914825
51555,51561,2025,,2025/01/13,"02:45:00",COLISIÓN CONTRA OBJETO FIJO,CONCRETO,Bueno,Bueno,1,NISSAN PLATINA,ROJO,1,,25,MASCULINO,SIN DATOS,0,0,Morelia,Industrial,enero,lunes,3,-101.196189005906,19.710209818625
51556,51562,2025,,2025/01/13,"07:00:00",COLISIÓN POR CORTE DE CIRCULACIÓN,ASFALTO,Bueno,Bueno,1,MAZDA,BLANCO,1,,28,MASCULINO,SIN DATOS,0,0,Morelia,Ciudad Industrial,enero,lunes,7,-101.14554366932,19.7284851395985
51557,51563,2025,,2025/01/13,"08:26:00",COLISIÓN POR CORTE DE CIRCULACIÓN,ASFALTO,Bueno,Bueno,2,NISSAN,BLANCO,2,,59,MASCULINO,SIN DATOS,0,0,Morelia,Ventura Puente,enero,lunes,8,-101.187886795,19.6936008749991
51558,51564,2025,,2025/01/13,"08:53:00",COLISIÓN POR CAMBIO DE CARRIL,ASFALTO,Bueno,Bueno,2,CHEVROLET,GRIS,2,,33,FEMENINO,SIN DATOS,0,0,Morelia,El Lago 1,enero,lunes,9,-101.21218085289,19.7267611909466
51559,51565,2025,,2025/01/13,10:00:00,COLISIÓN POR CORTE DE CIRCULACIÓN,ASFALTO,Bueno,Bueno,2,TOYOTA,BLANCO CON ROSA,2,,27,FEMENINO,SIN DATOS,0,0,Morelia,Prados Verdes,enero,lunes,10,-101.198913305998,19.7157021922109
51560,51566,2025,,2025/01/13,10:20:00,COLISIÓN POR ALCANCE,ASFALTO,Bueno,Bueno,2,CHEVROLET,ARENA,2,,21,MASCULINO,SIN DATOS,0,0,Morelia,Tenencia Morelos,enero,lunes,10,-101.243929623155,19.6466055443724
51561,51567,2025,,2025/01/13,10:40:00,COLISIÓN POR ALCANCE,ASFALTO,Bueno,Bueno,2,CHEVROLET,GRIS,2,,55,,SIN DATOS,0,0,Morelia,Rinconada del Valle,enero,lunes,11,-101.2175989151,19.6806517291453
51562,51568,2025,,2025/01/13,11:40:00,COLISIÓN POR ALCANCE,ASFALTO,Bueno,Bueno,2,HONDA,BLANCO,2,,28,,SIN DATOS,0,0,Morelia,Ventura Puente,enero,lunes,12,-101.193225725,19.6917077449992
51563,51569,2025,,2025/01/13,11:40:00,COLISIÓN POR ALCANCE,CONCRETO,Bueno,Bueno,2,NISSAN,ROJO,2,,43,,SIN DATOS,0,0,Morelia,Las Americas,enero,lunes,12,-101.156535744667,19.6876876899448
51564,51570,2025,NF,2025/01/13,11:40:00,COLISIÓN POR CORTE DE CIRCULACIÓN,ASFALTO,Bueno,Bueno,2,YAMAHA,GRIS,2,,29,MASCULINO,SIN DATOS,0,0,Morelia,Villas del Pedregal,enero,lunes,12,-101.298645883799,19.6778505806697
51565,51571,2025,,2025/01/13,17:53:00,COLISIÓN POR CAMBIO DE CARRIL,ASFALTO,Bueno,Bueno,2,KENWORTH,BLANCO,2,,27,MASCULINO,SIN DATOS,0,0,Morelia,Rafael Carrillo,enero,lunes,18,-101.235129833221,19.7095966911811
51566,51572,2025,,2025/01/14,10:54:00,COLISIÓN POR CAMBIO DE CARRIL,ASFALTO,Bueno,Bueno,2,SEAT,NEGRO,2,,,MASCULINO,SIN DATOS,0,0,Morelia,Sentimientos de La Nacion,enero,martes,11,-101.236870251596,19.6848033243396
51567,51573,2025,,2025/01/14,12:00:00,COLISIÓN POR CORTE DE CIRCULACIÓN,ASFALTO,Bueno,Bueno,2,TOYOTA,BLANCO,2,,0,MASCULINO,SIN DATOS,0,0,Morelia,Industrial,enero,martes,12,-101.188498288393,19.7107954633413
51568,51574,2025,,2025/01/14,12:40:00,COLISIÓN POR CORTE DE CIRCULACIÓN,ASFALTO,Bueno,Bueno,2,TOYOTA/HIACE,BLANCO GRIS,2,,27,MASCULINO,SIN DATOS,0,0,Morelia,La Esperanza,enero,martes,13,-101.154655516148,19.7001122497027
51569,51575,2025,,2025/01/14,13:35:00,COLISIÓN POR ALCANCE,ASFALTO,Bueno,Bueno,2,TOYOTA HlLUX,BLANCO,2,,50,MASCULINO,SIN DATOS,0,0,Morelia,Sin datos,enero,martes,14,-101.302281618118,19.5882856071563
51570,51576,2025,,2025/01/14,14:00:00,VOLCADURA,ASFALTO,Bueno,Bueno,1,KENWORTH,BLANCO,1,,,,SIN DATOS,0,0,Charo,Sin datos,enero,martes,14,-101.006669998169,19.6736962796569
51571,51577,2025,,2025/01/14,15:30:00,COLISIÓN POR ALCANCE,CONCRETO,Bueno,Bueno,2,ITALIKA,ROJO y NEGRO,2,MINISTERIO PÚBLICO,16,MASCULINO,SIN DATOS,0,0,Morelia,Eva Samano,enero,martes,16,-101.198590435088,19.7290593719804
51572,51578,2025,,2025/01/14,17:00:00,COLISIÓN POR ALCANCE,ASFALTO,Bueno,Bueno,2,CHEVROLET,ROJO,2,,24,MASCULINO,SIN DATOS,0,0,Morelia,Vista Bella,enero,martes,17,-101.192189007998,19.6822339633483
51574,51580,2025,,2025/01/15,"02:00:00",COLISIÓN POR NO RESPETAR SEMÁFORO,ASFALTO,Bueno,Bueno,2,KENWORTH,BLANCO,2,,24,MASCULINO,SIN DATOS,0,0,Morelia,Jardines de Sindurio,enero,miércoles,2,-101.25724950047,19.6993034103532
51575,51581,2025,,2025/01/15,"07:25:00",COLISIÓN POR CORTE DE CIRCULACIÓN,ASFALTO,Bueno,Bueno,2,VOLKSWAGEN,AZUL,2,MINISTERIO PÚBLICO,40,FEMENINO,SIN DATOS,0,0,Morelia,Ventura Puente,enero,miércoles,7,-101.19070507586,19.6923697409347
51576,51582,2025,,2025/01/15,"08:35:00",VOLCADURA,ASFALTO,Bueno,Bueno,2,NISSAN,GRIS,2,,24,MASCULINO,SIN DATOS,0,0,Morelia,Felix Ireta,enero,miércoles,9,-101.190105135,19.6853188699992
51577,51583,2025,,2025/01/15,12:25:00,COLISIÓN POR ALCANCE,ASFALTO,Bueno,Bueno,2,LINCOL,GRIS,2,,40,FEMENINO,SIN DATOS,0,0,Morelia,Montaña Monarca,enero,miércoles,12,-101.161787509918,19.6724738673624
51578,51584,2025,,2025/01/15,14:51:00,COLISIÓN POR CORTE DE CIRCULACIÓN,ASFALTO,Bueno,Bueno,2,NISSAN,ROJO,2,MINISTERIO PÚBLICO,47,MASCULINO,SIN DATOS,0,0,Morelia,Centro,enero,miércoles,15,-101.177783533931,19.7025421232467
51579,51585,2025,,2025/01/15,15:00:00,COLISIÓN CONTRA OBJETO FIJO,CONCRETO,Bueno,Bueno,1,GMC,VERDE,1,,46,MASCULINO,SIN DATOS,0,0,Morelia,Ocolusen Iii,enero,miércoles,15,-101.152426600456,19.6848743529005
51580,51586,2025,,2025/01/15,19:00:00,COLISIÓN POR ALCANCE,CONCRETO,Bueno,Bueno,2,NISSAN,GRIS,2,MINISTERIO PÚBLICO,0,MASCULINO,SIN DATOS,0,0,Lagunillas,Centro,enero,miércoles,19,-101.41165137291,19.5659999021391
51581,51587,2025,,2025/01/15,19:30:00,COLISIÓN POR MANIOBRA DE REVERSA,ASFALTO,Bueno,Bueno,2,INTERNATIONAL,BLANCO Y GUINDA,2,,30,MASCULINO,SIN DATOS,0,0,Morelia,Martires de Uruapan,enero,miércoles,20,-101.197319408167,19.725017061641
51583,51589,2025,,2025/01/15,21:35:00,COLISIÓN CONTRA OBJETO FIJO,ASFALTO,Bueno,Bueno,1,CHRYSLER,GRIS,1,,67,MASCULINO,SIN DATOS,0,0,Morelia,Union Popular Solidaria,enero,miércoles,22,-101.218907787635,19.7064465030293
51585,51591,2025,,2025/01/16,11:35:00,COLISIÓN POR MANIOBRA DE REVERSA,ASFALTO,Bueno,Bueno,2,CHEVROLET,BLANCO,2,,0,MASCULINO,SIN DATOS,0,0,Morelia,Cuauhtemoc,enero,jueves,12,-101.187085935,19.6963068799991
51586,51592,2025,,2025/01/16,13:20:00,COLISIÓN POR CORTE DE CIRCULACIÓN,ASFALTO,Bueno,Bueno,2,ITALIKA,VERDE,2,,17,MASCULINO,SIN DATOS,0,0,Morelia,Isaac Arriaga,enero,jueves,13,-101.171412616968,19.7077025623523
51587,51593,2025,,2025/01/16,14:40:00,COLISIÓN POR CORTE DE CIRCULACIÓN,CONCRETO,Bueno,Bueno,3,VOLKSWAGEN,AZUL,2,,,,SIN DATOS,0,0,Morelia,Cuauhtemoc,enero,jueves,15,-101.181507781148,19.6966652886299
51588,51594,2025,,2025/01/16,19:05:00,COLISIÓN POR MANIOBRA DE REVERSA,ASFALTO,Bueno,Bueno,2,TOYOTA,PLATA,2,,62,MASCULINO,SIN DATOS,0,0,Morelia,Alberto Oviedo Mota,enero,jueves,19,-101.202032715082,19.6775238347017
51589,51595,2025,,2025/01/16,20:20:00,COLISIÓN POR CORTE DE CIRCULACIÓN,ASFALTO,Bueno,Bueno,2,FORD,BLANCO,2,,36,MASCULINO,SIN DATOS,0,0,Morelia,Ignacio Zaragoza,enero,jueves,20,-101.20536737144,19.7223963864472
51590,51596,2025,MOR5,2025/01/16,20:36:00,COLISIÓN POR INVASIÓN DE CARRIL,CONCRETO,Bueno,Bueno,2,MITSUBISHI,GUINDA,2,,36,MASCULINO,SIN DATOS,0,0,Morelia,Centro,enero,jueves,21,-101.198778189719,19.7011580026086
51591,51597,2025,,2025/01/17,"03:00:00",COLISIÓN CONTRA OBJETO FIJO,CONCRETO,Bueno,Bueno,2,MAZDA,GRIS,2,,,MASCULINO,CON CERTIFICADO,0,0,Morelia,Primo Tapia,enero,viernes,3,-101.212642192841,19.7158764152459
51593,51599,2025,LEG55185,2025/01/17,"07:30:00",COLISIÓN POR CORTE DE CIRCULACIÓN,ASFALTO,Bueno,Bueno,2,VOLKSWAGEN,BLANCO,2,,43,FEMENINO,SIN DATOS,0,0,Morelia,San Pascual,enero,viernes,8,-101.267332434654,19.6952738569372
51594,51600,2025,LEG55184,2025/01/17,"08:50:00",COLISIÓN CONTRA OBJETO FIJO,CONCRETO,Bueno,Bueno,2,FORD,NEGRO,2,MINISTERIO PÚBLICO,51,MASCULINO,ALIENTO ETÍLICO,0,0,Morelia,Ejidal Tres Puentes,enero,viernes,9,-101.226982288063,19.6931248161638
51595,51601,2025,LEG55186,2025/01/17,11:30:00,COLISIÓN POR CORTE DE CIRCULACIÓN,ASFALTO,Bueno,Bueno,2,HONDA,AZUL,2,MINISTERIO PÚBLICO,67,MASCULINO,SIN DATOS,0,0,Morelia,Margarita Maza de Juarez,enero,viernes,12,-101.254982203245,19.693601787017
51596,51602,2025,,2025/01/17,11:40:00,CAIDA DE MOTOCICLETA,ASFALTO,Bueno,Bueno,1,VENTO,NEGRO,2,MINISTERIO PÚBLICO,,,,1,1,Charo,Sin datos,enero,viernes,12,-100.979869030416,19.6508468046442
51597,51603,2025,,2025/01/17,12:30:00,COLISIÓN POR CORTE DE CIRCULACIÓN,ASFALTO,Bueno,Bueno,1,FORD,BLANCO,1,,34,MASCULINO,SIN DATOS,0,0,Morelia,Buenos Aires (Lomas de La Aldea),enero,viernes,13,-101.144814491272,19.7400360283045
51598,51604,2025,,2025/01/17,14:21:00,SUBIDA AL CAMELLÓN,ASFALTO,Bueno,Bueno,2,FORD,BLANCO,2,,29,FEMENINO,SIN DATOS,0,0,Morelia,Bosques de Oriente,enero,viernes,14,-101.15545347333,19.7155992995322
51599,51605,2025,,2025/01/17,15:01:00,COLISIÓN CONTRA OBJETO FIJO,ASFALTO,Bueno,Bueno,1,FORD,ROJO,1,,,,SIN DATOS,0,0,Morelia,El Lago 1,enero,viernes,15,-101.219374537468,19.727559025186
51600,51606,2025,,2025/01/17,15:40:00,COLISIÓN POR CORTE DE CIRCULACIÓN,ASFALTO,Bueno,Bueno,2,FREIGHTLINER,ROJO,2,,39,MASCULINO,SIN DATOS,0,0,Morelia,Enrique Ramirez,enero,viernes,16,-101.165973097086,19.7098567731081
51601,51607,2025,MOR/20250003538,2025/01/17,19:56:00,COLISIÓN CONTRA OBJETO FIJO,CONCRETO,Bueno,Bueno,2,RENAULT,AZUL,2,,37,MASCULINO,SIN DATOS,0,0,Morelia,Isaac Arriaga,enero,viernes,20,-101.171586960554,19.7087785666335
51602,51608,2025,,2025/01/17,20:10:00,COLISIÓN POR ALCANCE,ASFALTO,Bueno,Bueno,2,VENTO,AMARILLO/NEGRO,2,,38,MASCULINO,SIN DATOS,0,0,Morelia,Hermanos Lopez Rayon,enero,viernes,20,-101.220248937607,19.675332883171
51603,51609,2025,,2025/01/17,20:50:00,COLISIÓN CONTRA OBJETO FIJO,ASFALTO,Bueno,Bueno,1,VOLKSWAGEN,ROJO,1,,64,MASCULINO,SIN DATOS,0,0,Morelia,Felipe Carrillo Puerto,enero,viernes,21,-101.175735332072,19.7305360352632
51604,51610,2025,,2025/01/17,21:40:00,COLISIÓN CON PEATÓN,SIN_DATOS,Bueno,Bueno,2,ITALIKA,BLANCO,0,MINISTERIO PÚBLICO,,,,0,0,Lázaro Cárdenas,Del Carmen,enero,viernes,22,-102.207980453968,17.9723115081283
51605,51611,2025,,2025/01/18,"00:00:00",COLISIÓN POR ALCANCE,ASFALTO,Bueno,Bueno,3,DODGE,GRIS,3,MINISTERIO PÚBLICO,33,MASCULINO,SIN DATOS,0,0,Morelia,Ricardo Flores Magon,enero,sábado,0,-101.243243515491,19.7054151217512
51606,51612,2025,,2025/01/18,10:54:00,COLISIÓN POR CORTE DE CIRCULACIÓN,CONCRETO,Bueno,Bueno,2,ITALIKA,NEGRO,2,,,MASCULINO,SIN DATOS,0,0,Morelia,Ferrocarrilero,enero,sábado,11,-101.216028481722,19.6988531074195
51607,51613,2025,,2025/01/18,13:59:00,COLISIÓN POR CORTE DE CIRCULACIÓN,ASFALTO,Bueno,Bueno,2,ITALIKA,BLANCO/AZUL,2,,32,MASCULINO,SIN DATOS,0,0,Morelia,Avicola Benito Juarez,enero,sábado,14,-101.279538162053,19.6913491841815
51608,51614,2025,,2025/01/18,14:50:00,COLISIÓN POR CORTE DE CIRCULACIÓN,ASFALTO,Bueno,Bueno,2,FORD,GRIS,2,,22,MASCULINO,SIN DATOS,0,0,Morelia,Centro,enero,sábado,15,-101.198128759861,19.7056297581092
51609,51615,2025,,2025/01/18,15:30:00,COLISIÓN POR ALCANCE,ASFALTO,Bueno,Bueno,2,CHEVROLET,GRIS,2,MINISTERIO PÚBLICO,0,MASCULINO,SIN DATOS,0,0,Morelia,Las Cruces,enero,sábado,16,-101.2670525,19.698329
51610,51616,2025,,2025/01/18,17:30:00,COLISIÓN POR ALCANCE,ASFALTO,Bueno,Bueno,2,ITALIKA,NEGRO/ROJA,0,MINISTERIO PÚBLICO,,,,0,0,Lázaro Cárdenas,Bassols,enero,sábado,18,-102.229850515723,17.9740534218775
51611,51617,2025,,2025/01/18,20:00:00,COLISIÓN POR CORTE DE CIRCULACIÓN,ADOQUIN_EMPEDRADO,Bueno,Bueno,2,CHEVROLET,BLANCO,2,MINISTERIO PÚBLICO,36,MASCULINO,SIN DATOS,0,0,Pátzcuaro,Las Palmas,enero,sábado,20,-101.618540212512,19.5114326056595
51612,51618,2025,,2025/01/19,"00:00:00",SALIDA DE SUPERFICIE DE RODAMIENTO,ASFALTO,Bueno,Bueno,1,SEAT,GRIS,1,,0,,SIN DATOS,0,0,Morelia,Nicolaitas Ilustres,enero,domingo,0,-101.227421164513,19.7206864110145
51613,51619,2025,,2025/01/19,"00:00:00",COLISIÓN POR ALCANCE,CONCRETO,Bueno,Bueno,2,ITALIKA,VERDE,2,MINISTERIO PÚBLICO,36,,SIN DATOS,0,0,Morelia,Centro,enero,domingo,0,-101.190466023982,19.7078300798115
51614,51620,2025,,2025/01/19,"08:54:00",COLISIÓN CONTRA OBJETO FIJO,TERRACERIA,Bueno,Bueno,1,TOYOTA,GRIS,1,,,MASCULINO,SIN DATOS,0,0,Morelia,Los Olivos,enero,domingo,9,-101.160956025124,19.6461139664966
51615,51621,2025,,2025/01/19,10:20:00,COLISIÓN POR MANIOBRA DE REVERSA,CONCRETO,Bueno,Bueno,2,SEAT,ROJO,2,,42,FEMENINO,SIN DATOS,0,0,Morelia,Primo Tapia,enero,domingo,10,-101.21267169714,19.7156870423727
51616,51622,2025,,2025/01/19,14:10:00,COLISIÓN POR ALCANCE,ASFALTO,Bueno,Bueno,2,NISSAN,PLATA,2,,76,MASCULINO,SIN DATOS,0,0,Morelia,La Esperanza,enero,domingo,14,-101.153317093849,19.6993496317441
51617,51623,2025,,2025/01/19,16:40:00,CAIDA DE MOTOCICLETA,ASFALTO,Bueno,Bueno,1,HONDA,NEGRO /AZUL,1,,27,MASCULINO,SIN DATOS,0,0,Morelia,Sin datos,enero,domingo,17,-101.107880473137,19.7376527990934
51618,51624,2025,,2025/01/19,20:00:00,COLISIÓN POR CORTE DE CIRCULACIÓN,TERRACERIA,Bueno,Bueno,2,ITALIKA,BLANCO,2,MINISTERIO PÚBLICO,0,MASCULINO,SIN DATOS,0,0,Morelia,Villas del Pedregal,enero,domingo,20,-101.300864,19.679039
51619,51625,2025,LEG55209,2025/01/20,"08:34:00",COLISIÓN POR CORTE DE CIRCULACIÓN,ASFALTO,Bueno,Bueno,2,VOLKSWAGEN,BLANCO,2,,37,MASCULINO,SIN DATOS,0,0,Morelia,Felix Ireta,enero,lunes,9,-101.1919749,19.6869904499991
51620,51626,2025,LEG55213,2025/01/20,12:34:00,COLISIÓN POR ALCANCE,ASFALTO,Bueno,Bueno,2,NISSAN,BLANCO,2,,30,MASCULINO,SIN DATOS,0,0,Tarímbaro,Sin datos,enero,lunes,13,-101.168088689446,19.7575266805286
51621,51627,2025,LEG55211,2025/01/20,16:38:00,COLISIÓN POR CORTE DE CIRCULACIÓN,ASFALTO,Bueno,Bueno,2,TOYOTA,BLANCO,2,,65,,SIN DATOS,0,0,Morelia,Cuauhtemoc,enero,lunes,17,-101.179031766951,19.694779845271
51622,51628,2025,,2025/01/20,18:00:00,COLISIÓN POR ALCANCE,ASFALTO,Bueno,Bueno,2,ITALIKA,NEGRO,2,,23,MASCULINO,SIN DATOS,0,0,Morelia,Camelinas,enero,lunes,18,-101.17262119,19.6818144849991
51623,51629,2025,,2025/01/20,18:17:00,COLISIÓN POR NO RESPETAR SEMÁFORO,ASFALTO,Bueno,Bueno,2,VENTO,BLANCO,2,,18,MASCULINO,SIN DATOS,0,0,Morelia,Primo Tapia Oriente,enero,lunes,18,-101.160671657864,19.7148130515494
51624,51630,2025,,2025/01/20,22:00:00,COLISIÓN POR CORTE DE CIRCULACIÓN,CONCRETO,Bueno,Bueno,2,TOYOTA COROLLA,BLANCO,2,,32,FEMENINO,SIN DATOS,0,0,Morelia,Ventura Puente,enero,lunes,22,-101.187182954235,19.6926426896116
51625,51631,2025,,2025/01/20,22:20:00,COLISIÓN CONTRA OBJETO FIJO,ASFALTO,Bueno,Bueno,1,NISSAN,BLANCO,0,,,,,0,0,Morelia,Eduardo Ruiz,enero,lunes,22,-101.221859682349,19.7216992118204
51626,51632,2025,,2025/01/21,"08:03:00",COLISIÓN POR CAMBIO DE CARRIL,ASFALTO,Bueno,Bueno,2,VOLKSWAGEN,GRIS,2,,19,FEMENINO,SIN DATOS,0,0,Morelia,Martires de Uruapan,enero,martes,8,-101.197319408167,19.725017061641
51627,51633,2025,,2025/01/21,"09:40:00",COLISIÓN POR ALCANCE,CONCRETO,Bueno,Bueno,2,HONDA,GUINDA,2,,72,MASCULINO,SIN DATOS,0,0,Morelia,Alberto Oviedo Mota,enero,martes,10,-101.196140686849,19.6817272495021
51628,51634,2025,,2025/01/21,10:00:00,COLISIÓN POR ALCANCE,ASFALTO,Bueno,Bueno,2,MERCEDES BENZ,BLANCO/ROJO,2,,31,MASCULINO,SIN DATOS,0,0,Morelia,Elias Perez Avalos,enero,martes,10,-101.17092807,19.7143453899991
51629,51635,2025,,2025/01/21,10:29:00,COLISIÓN POR ALCANCE,ASFALTO,Bueno,Bueno,2,MINICOPPER,PLATA,2,,17,FEMENINO,SIN DATOS,0,0,Morelia,Morelos,enero,martes,10,-101.20619815,19.7022964949991
51630,51636,2025,,2025/01/21,13:00:00,COLISIÓN POR ALCANCE,ASFALTO,Bueno,Bueno,2,NISSAN,BLANCO,2,,30,FEMENINO,SIN DATOS,0,0,Morelia,El Lago 1,enero,martes,13,-101.215809211135,19.7270780528066
51631,51637,2025,,2025/01/21,13:30:00,COLISIÓN POR CORTE DE CIRCULACIÓN,ASFALTO,Bueno,Bueno,2,NISSAN,BLANCO,2,,41,MASCULINO,SIN DATOS,0,0,Morelia,Morelos,enero,martes,14,-101.212057471275,19.6922838793119
51632,51638,2025,,2025/01/21,14:04:00,COLISIÓN POR CAMBIO DE CARRIL,ASFALTO,Bueno,Bueno,2,KENWORTH,AZUL CON BLANCO,2,MINISTERIO PÚBLICO,59,MASCULINO,SIN DATOS,0,0,Morelia,Arcos del Valle,enero,martes,14,-101.236259043217,19.7076321751964
51633,51639,2025,,2025/01/21,14:27:00,COLISIÓN CON PEATÓN,SIN_DATOS,Bueno,Bueno,2,FREIGHTLINER,BLANCO,2,,36,MASCULINO,SIN DATOS,0,0,Morelia,Rafael Carrillo,enero,martes,14,-101.234470009804,19.7104804629963
51634,51640,2025,,2025/01/21,18:50:00,COLISIÓN POR CAMBIO DE CARRIL,ASFALTO,Bueno,Bueno,2,TOYOTA,BLANCO Y GRIS,2,,30,MASCULINO,SIN DATOS,0,0,Morelia,Morelos,enero,martes,19,-101.205986958486,19.6985267542913
51635,51641,2025,,2025/01/21,21:48:00,COLISIÓN POR CORTE DE CIRCULACIÓN,ASFALTO,Bueno,Bueno,2,VOLKSWAGEN,PLATA,2,,37,FEMENINO,SIN DATOS,0,0,Morelia,Leandro Valle,enero,martes,22,-101.234236672612,19.7167704154002
51637,51643,2025,,2025/01/22,"07:30:00",COLISIÓN POR ALCANCE,ASFALTO,Bueno,Bueno,1,SEAT,GRIS,1,,,,SIN DATOS,0,0,Morelia,Lomas de San Juan,enero,miércoles,8,-101.183039681886,19.7298664251429
51638,51644,2025,,2025/01/22,"09:00:00",COLISIÓN POR CORTE DE CIRCULACIÓN,CONCRETO,Bueno,Bueno,2,CHEVROLET,BLANCO,2,,61,FEMENINO,SIN DATOS,0,0,Morelia,Fidel Velazquez,enero,miércoles,9,-101.235323515,19.7049865749991
51639,51645,2025,,2025/01/22,11:40:00,COLISIÓN POR CORTE DE CIRCULACIÓN,CONCRETO,Bueno,Bueno,2,CHEVROLET,BLANCO,2,,51,MASCULINO,SIN DATOS,0,0,Morelia,El Porvenir,enero,miércoles,12,-101.20237481,19.7103342799991
51640,51646,2025,,2025/01/22,13:00:00,VOLCADURA,ASFALTO,Bueno,Bueno,1,DODGE,BLANCO,1,MINISTERIO PÚBLICO,,,,1,0,Morelia,Los Angeles,enero,miércoles,13,-101.167963479351,19.7444751194994
51641,51647,2025,,2025/01/22,13:01:00,COLISIÓN POR CORTE DE CIRCULACIÓN,ASFALTO,Bueno,Bueno,2,GMC,GRIS,2,,,FEMENINO,SIN DATOS,0,0,Morelia,Vasco de Quiroga,enero,miércoles,13,-101.170088611543,19.7036513050086
51642,51648,2025,,2025/01/22,18:10:00,COLISIÓN POR CAMBIO DE CARRIL,ASFALTO,Bueno,Bueno,3,FRIGHTLINER,GRIS,3,,,,SIN DATOS,0,0,Morelia,Santillan La Huerta,enero,miércoles,18,-101.219553885717,19.6760966650679
51643,51649,2025,,2025/01/22,19:05:00,COLISIÓN POR CAMBIO DE CARRIL,ASFALTO,Bueno,Bueno,2,VOLKSWAGEN,GRIS,2,MINISTERIO PÚBLICO,,MASCULINO,SIN DATOS,0,0,Morelia,Ciudad Industrial,enero,miércoles,19,-101.14554366932,19.7284851395985
51644,51650,2025,,2025/01/22,20:25:00,COLISIÓN POR ALCANCE,ASFALTO,Bueno,Bueno,3,HONDA,BLANCO,3,MINISTERIO PÚBLICO,36,MASCULINO,SIN DATOS,0,0,Morelia,Mariano Michelena,enero,miércoles,20,-101.231337504797,19.6758071810468
51645,51651,2025,,2025/01/23,"00:00:00",COLISIÓN POR CORTE DE CIRCULACIÓN,CONCRETO,Bueno,Bueno,2,JEEP/PATRIOT,NEGRO,2,MINISTERIO PÚBLICO,20,MASCULINO,SIN DATOS,0,0,Morelia,Centro,enero,jueves,0,-101.19118388321,19.702768457823
51646,51652,2025,,2025/01/23,"00:00:00",COLISIÓN POR MANIOBRA DE REVERSA,TERRACERIA,Bueno,Bueno,2,FREINGHTLINR,BLANCO,2,,,MASCULINO,SIN DATOS,0,0,Morelia,Sin datos,enero,jueves,0,-101.2840077281,19.6904378432833
51647,51653,2025,,2025/01/23,"08:05:00",COLISIÓN POR CORTE DE CIRCULACIÓN,ASFALTO,Bueno,Bueno,2,NISSAN,BLANCO Y ROJO,2,,40,FEMENINO,SIN DATOS,0,0,Morelia,Defensores De Puebla,enero,jueves,8,-101.237630553,19.7132539883326
51648,51654,2025,,2025/01/23,"09:00:00",COLISIÓN POR ALCANCE,ASFALTO,Bueno,Bueno,2,CHRYSLER,AZUL,2,,33,,SIN DATOS,0,0,Morelia,Ferrocarrilero,enero,jueves,9,-101.223609235,19.6918737849991