fid,id_accidente,anio_origen,folio_c5i,dia_incidente,hora_ocurrencia,tipo_incidente_vial,superficie_ocurrencia,condiciones_climaticas,condiciones_via,numero_vehiculos_involucrados,marca_vehiculo_ocasiona_siniestro,color_vehiculo_ocasiona_siniestro,numero_personas_involucradas,lugar_remite_presunto_responsable,edad_presunto_responsable,sexo_presunto_responsable,resultados_toxicologia,numero_personas_lesionadas,numero_personas_fallecidas,municipio,colonia,mes,dia_semana,hora_redondeada,lon,lat
51649,51655,2025,,2025/01/23,10:12:00,COLISIÓN POR CORTE DE CIRCULACIÓN,CONCRETO,Bueno,Bueno,2,VOLKSWAGEN,BLANCO,2,,30,FEMENINO,SIN DATOS,0,0,Morelia,Obrera,enero,jueves,10,-101.180215626955,19.7124282157078
51650,51656,2025,,2025/01/23,12:15:00,COLISIÓN POR ALCANCE,SIN_DATOS,Bueno,Bueno,2,FORD,VERDE,2,,34,FEMENINO,SIN DATOS,0,0,Morelia,La Huerta,enero,jueves,12,-101.217583827674,19.6738026720214
51651,51657,2025,,2025/01/23,13:40:00,COLISIÓN POR ALCANCE,ASFALTO,Bueno,Bueno,2,FORD,ROJO,2,,21,MASCULINO,SIN DATOS,0,0,Morelia,Santillan La Huerta,enero,jueves,14,-101.220294870436,19.6749622495028
51652,51658,2025,,2025/01/23,13:45:00,COLISIÓN POR CORTE DE CIRCULACIÓN,CONCRETO,Bueno,Bueno,2,NISSAN,BLANCO Y NEGRO,3,,51,MASCULINO,SIN DATOS,1,0,Morelia,Gertrudis Sanchez,enero,jueves,14,-101.211888492107,19.7429335983186
51653,51659,2025,,2025/01/23,14:00:00,COLISIÓN POR CORTE DE CIRCULACIÓN,ASFALTO,Bueno,Bueno,2,CHEVROLET,BLANCO,2,,24,MASCULINO,SIN DATOS,0,0,Morelia,Alberto Oviedo Mota,enero,jueves,14,-101.195738241076,19.6815230332337
51654,51660,2025,MOR20250005617,2025/01/23,15:00:00,COLISIÓN POR ALCANCE,CONCRETO,Bueno,Bueno,2,KENWORTH,BLANCO,2,,37,MASCULINO,SIN DATOS,0,0,Morelia,Alberto Oviedo Mota,enero,jueves,15,-101.19785785675,19.6811820887201
51655,51661,2025,MOR20250005668,2025/01/23,16:10:00,COLISIÓN CONTRA OBJETO FIJO,CONCRETO,Bueno,Bueno,1,KEENWORTH,BLANCO,1,MINISTERIO PÚBLICO,32,MASCULINO,SIN DATOS,0,0,Morelia,Ana Maria Gallaga (Riviera Norte),enero,jueves,16,-101.221216544509,19.676940425751
51656,51662,2025,MOR/20250005775,2025/01/23,18:00:00,COLISIÓN POR CAMBIO DE CARRIL,ASFALTO,Bueno,Regular,2,MAZDA,ROJO,2,,37,,SIN DATOS,0,0,Morelia,Leandro Valle,enero,jueves,18,-101.229372471571,19.7177726565807
51657,51663,2025,MOR20250005775,2025/01/23,20:45:00,SUBIDA AL CAMELLÓN,CONCRETO,Bueno,Bueno,1,RENAULT,PLATA,1,,45,MASCULINO,SIN DATOS,0,0,Morelia,Campestre Los Manantiales,enero,jueves,21,-101.238365918398,19.688254644613
51658,51664,2025,,2025/01/24,"08:00:00",COLISIÓN POR CAMBIO DE CARRIL,CONCRETO,Bueno,Bueno,2,NISSAN,BLANCO/GRIS,2,,22,MASCULINO,SIN DATOS,0,0,Morelia,Ferrocarrilero,enero,viernes,8,-101.217478215694,19.6975731218431
51659,51665,2025,,2025/01/24,"09:00:00",COLISIÓN POR ALCANCE,CONCRETO,Bueno,Bueno,2,TOYOTA,GRIS,2,,46,MASCULINO,SIN DATOS,0,0,Morelia,Barrio Alto,enero,viernes,9,-101.197021007538,19.7249231272852
51660,51666,2025,,2025/01/24,12:00:00,COLISIÓN POR CORTE DE CIRCULACIÓN,ASFALTO,Bueno,Bueno,2,ITALIKA,GRIS,2,,,FEMENINO,SIN DATOS,0,0,Morelia,Santa Maria de Guido,enero,viernes,12,-101.192933320999,19.676776894073
51661,51667,2025,,2025/01/24,17:25:00,COLISIÓN POR INVASIÓN DE CARRIL,CONCRETO,Bueno,Bueno,2,DINA,ROJO,2,,61,MASCULINO,SIN DATOS,0,0,Morelia,Elias Perez Avalos,enero,viernes,17,-101.166449189186,19.7109172969757
51662,51668,2025,,2025/01/24,18:20:00,COLISIÓN CON PEATÓN,SIN_DATOS,Bueno,Bueno,2,NISSAN,GRIS,2,MINISTERIO PÚBLICO,0,MASCULINO,SIN DATOS,0,0,Morelia,Elias Perez Avalos,enero,viernes,18,-101.170982122421,19.7143942508998
51663,51669,2025,,2025/01/24,18:50:00,COLISIÓN POR CAMBIO DE CARRIL,ASFALTO,Bueno,Bueno,2,FREIGHTLINER,BLANCO,2,,53,MASCULINO,SIN DATOS,0,0,Morelia,Primo Tapia Oriente,enero,viernes,19,-101.157538890839,19.7142124512607
51664,51670,2025,,2025/01/24,20:26:00,COLISIÓN POR CORTE DE CIRCULACIÓN,CONCRETO,Bueno,Bueno,2,VENTO,NEGRO,2,,17,MASCULINO,SIN DATOS,0,0,Morelia,El Lago 1,enero,viernes,20,-101.212932541966,19.728350543509
51665,51671,2025,,2025/01/25,"07:10:00",COLISIÓN CONTRA OBJETO FIJO,ASFALTO,Bueno,Bueno,1,CHEVROLET,NEGRO,1,,,MASCULINO,SIN DATOS,0,0,Morelia,Ciudad Industrial,enero,sábado,7,-101.137952059507,19.7286232187695
51666,51672,2025,,2025/01/25,"09:09:00",COLISIÓN POR ALCANCE,ASFALTO,Bueno,Bueno,2,NISSAN,GRIS,2,,26,MASCULINO,SIN DATOS,0,0,Morelia,Las Americas,enero,sábado,9,-101.159054338932,19.6879730615877
51667,51673,2025,,2025/01/25,"09:50:00",COLISIÓN POR CORTE DE CIRCULACIÓN,ASFALTO,Bueno,Bueno,2,TOYOTA,BLANCO/MORADO,2,,37,MASCULINO,SIN DATOS,0,0,Morelia,Centro,enero,sábado,10,-101.190472394228,19.7053633564688
51668,51674,2025,LEG55266,2025/01/25,10:30:00,COLISIÓN POR CORTE DE CIRCULACIÓN,ASFALTO,Bueno,Bueno,2,CHRYSLER,GRIS,2,MINISTERIO PÚBLICO,53,MASCULINO,SIN DATOS,0,0,Morelia,El Eden,enero,sábado,11,-101.251688450575,19.6437508105981
51669,51675,2025,,2025/01/25,12:15:00,SUBIDA AL CAMELLÓN,ASFALTO,Bueno,Bueno,1,NISSAN,VERDE,1,,81,MASCULINO,SIN DATOS,0,0,Morelia,Felix Ireta,enero,sábado,12,-101.188430562615,19.6816985562374
51670,51676,2025,,2025/01/25,16:40:00,COLISIÓN POR CORTE DE CIRCULACIÓN,ASFALTO,Bueno,Bueno,2,ITALIKA,AZUL/NARANJA,2,,17,MASCULINO,SIN DATOS,0,0,Morelia,Villas del Real,enero,sábado,17,-101.198733597994,19.7348214058734
51671,51677,2025,,2025/01/25,16:40:00,COLISIÓN POR CAMBIO DE CARRIL,ASFALTO,Bueno,Bueno,2,S/D,S/D,3,MINISTERIO PÚBLICO,22,MASCULINO,SIN DATOS,2,0,Morelia,Leandro Valle,enero,sábado,17,-101.230106055737,19.7165783554058
51673,51679,2025,,2025/01/25,23:10:00,COLISIÓN CONTRA OBJETO FIJO,ASFALTO,Bueno,Bueno,1,VOLKSWAGEN,BLANCO,1,,18,MASCULINO,SIN DATOS,0,0,Morelia,Americas Britania,enero,sábado,23,-101.143713444471,19.6921285706713
51674,51680,2025,,2025/01/25,23:42:00,COLISIÓN CONTRA OBJETO FIJO,ASFALTO,Bueno,Bueno,2,CAN-AM,NEGRA,0,MINISTERIO PÚBLICO,,,,0,0,Lázaro Cárdenas,Pescadores,enero,sábado,0,-102.217407748103,17.9758010588313
51675,51681,2025,,2025/01/25,23:51:00,COLISIÓN POR NO RESPETAR SEMÁFORO,ASFALTO,Bueno,Bueno,2,CHEVROLET,BLANCO,2,,,MASCULINO,SIN DATOS,0,0,Morelia,Ventura Puente,enero,sábado,0,-101.17972008884,19.6907591965025
51676,51682,2025,,2025/01/26,"00:00:00",CAIDA ACUATICA DE VEHÍCULO,CONCRETO,Bueno,Bueno,1,HONDA,GRIS,1,,13,FEMENINO,SIN DATOS,0,0,Tarímbaro,Sin datos,enero,domingo,0,-101.179525963962,19.7522097603964
51677,51683,2025,,2025/01/26,"00:50:00",COLISIÓN CONTRA OBJETO FIJO,ASFALTO,Bueno,Bueno,1,JEEP,ROJO,1,,24,MASCULINO,SIN DATOS,0,0,Morelia,Industrial,enero,domingo,1,-101.188298463821,19.7125522574931
51678,51684,2025,,2025/01/26,12:05:00,SUBIDA AL CAMELLÓN,ASFALTO,Bueno,Bueno,1,CHEVROLET,AZUL,1,,26,FEMENINO,SIN DATOS,0,0,Morelia,Ignacio Zaragoza,enero,domingo,12,-101.205284893513,19.7255265598569
51679,51685,2025,,2025/01/26,12:48:00,COLISIÓN POR CORTE DE CIRCULACIÓN,ASFALTO,Bueno,Bueno,2,NISSAN,BLANCO,2,,,FEMENINO,SIN DATOS,0,0,Morelia,Nueva Chapultepec,enero,domingo,13,-101.174324154854,19.6880169405895
51681,51687,2025,,2025/01/26,19:40:00,COLISIÓN POR CORTE DE CIRCULACIÓN,ASFALTO,Bueno,Bueno,2,HYUNDAI,BLANCO,2,,,MASCULINO,SIN DATOS,0,0,Morelia,Sentimientos de La Nacion,enero,domingo,20,-101.233194944297,19.682432823539
51682,51688,2025,LEG55270,2025/01/26,21:00:00,COLISIÓN POR CORTE DE CIRCULACIÓN,ASFALTO,Bueno,Bueno,2,VENTO,ROJO,2,,17,MASCULINO,SIN DATOS,0,0,Morelia,Sin datos,enero,domingo,21,-101.28041356802,19.5948474058814
51683,51689,2025,,2025/01/26,22:00:00,COLISIÓN POR NO RESPETAR SEMÁFORO,ASFALTO,Bueno,Bueno,2,DODGE/NEON,PLATA,2,,33,MASCULINO,SIN DATOS,0,0,Morelia,Las Cruces,enero,domingo,22,-101.2670525,19.698329
51684,51690,2025,,2025/01/27,"00:10:00",COLISIÓN CONTRA OBJETO FIJO,ASFALTO,Bueno,Bueno,1,FORD MUSTANG,AZUL,1,MINISTERIO PÚBLICO,,,,0,1,Morelia,Chapultepec Sur,enero,lunes,0,-101.171449125214,19.6920309500482
51685,51691,2025,,2025/01/27,"09:15:00",COLISIÓN POR NO RESPETAR SEMÁFORO,ASFALTO,Bueno,Bueno,2,NISSAN,BLANCO,2,,50,MASCULINO,SIN DATOS,0,0,Morelia,Josefa Ortiz de Dominguez,enero,lunes,9,-101.209874153137,19.6720558709364
51686,51692,2025,,2025/01/27,"09:44:00",COLISIÓN CONTRA OBJETO FIJO,ASFALTO,Bueno,Bueno,2,VOLKSWAGEN,ARENA,2,,27,FEMENINO,SIN DATOS,0,0,Morelia,Ejidal Tres Puentes,enero,lunes,10,-101.224984377623,19.692705610958
51687,51693,2025,,2025/01/27,12:40:00,COLISIÓN POR CORTE DE CIRCULACIÓN,ASFALTO,Bueno,Bueno,2,NISSAN,BLANCO,2,MINISTERIO PÚBLICO,50,MASCULINO,SIN DATOS,0,0,Morelia,Ciudad Jardin,enero,lunes,13,-101.251031309366,19.7011532678538
51688,51694,2025,,2025/01/27,16:45:00,COLISIÓN POR INVASIÓN DE CARRIL,CONCRETO,Bueno,Bueno,2,FORD,BLANCO Y AZUL,2,,31,MASCULINO,SIN DATOS,0,0,Morelia,Mirador del Punhuato,enero,lunes,17,-101.15459382534,19.702908274024
51690,51696,2025,,2025/01/28,"05:00:00",COLISIÓN CONTRA OBJETO FIJO,ASFALTO,Bueno,Bueno,1,CHEVROLET,AZUL,1,,26,MASCULINO,SIN DATOS,0,0,Morelia,Eduardo Ruiz,enero,martes,5,-101.218978555514,19.7196729565452
51691,51697,2025,,2025/01/28,"08:28:00",COLISIÓN POR INVASIÓN DE CARRIL,CONCRETO,Bueno,Bueno,2,VENTO,GRIS Y NEGRO,2,,34,MASCULINO,SIN DATOS,0,0,Morelia,La Loma,enero,martes,8,-101.187099520515,19.6798254260923
51692,51698,2025,LEG55293,2025/01/28,"08:39:00",COLISIÓN POR ALCANCE,ASFALTO,Bueno,Bueno,2,SEAT,AZUL,2,,34,MASCULINO,SIN DATOS,0,0,Morelia,Camelinas,enero,martes,9,-101.17262119,19.6818144849991
51693,51699,2025,,2025/01/28,"08:55:00",CAIDA DE MOTOCICLETA,ASFALTO,Bueno,Bueno,1,ITALIKA 250Z,NEGRO,1,,28,MASCULINO,SIN DATOS,0,0,Morelia,Pascual Ortiz de Ayala,enero,martes,9,-101.151504422657,19.696032531912
51694,51700,2025,,2025/01/28,"09:25:00",COLISIÓN POR NO RESPETAR SEMÁFORO,ASFALTO,Bueno,Bueno,2,HONDA,NEGRO,2,,20,MASCULINO,SIN DATOS,0,0,Morelia,Alberto Oviedo Mota,enero,martes,9,-101.201933473349,19.6778142755951
51696,51702,2025,,2025/01/28,12:20:00,COLISIÓN POR CAMBIO DE CARRIL,ASFALTO,Bueno,Bueno,2,DATSUN,NEGRO,2,,70,MASCULINO,SIN DATOS,0,0,Morelia,Ventura Puente,enero,martes,12,-101.180171370506,19.6882631678583
51697,51703,2025,,2025/01/28,13:50:00,COLISIÓN POR ALCANCE,ASFALTO,Bueno,Bueno,2,NISSAN,BLANCO,2,MINISTERIO PÚBLICO,17,FEMENINO,SIN DATOS,0,0,Morelia,Las Americas,enero,martes,14,-101.150248646736,19.6915464775965
51698,51704,2025,,2025/01/28,15:10:00,COLISIÓN CONTRA OBJETO FIJO,ASFALTO,Bueno,Bueno,1,MITSUBISHI,BLANCO,1,,71,MASCULINO,SIN DATOS,0,0,Morelia,Morelia 450,enero,martes,15,-101.217478215694,19.6758304275311
51699,51705,2025,LEG55299,2025/01/28,15:15:00,COLISIÓN POR CORTE DE CIRCULACIÓN,ASFALTO,Bueno,Bueno,2,NISSAN,ROJO,2,,24,,SIN DATOS,0,0,Morelia,Chapultepec Sur,enero,martes,15,-101.174219548702,19.6914505141098
51700,51706,2025,,2025/01/28,17:10:00,COLISIÓN POR ALCANCE,ASFALTO,Bueno,Bueno,2,MITSUBISHI/OUTLANDER,BLANCO,2,,55,FEMENINO,SIN DATOS,0,0,Morelia,Lomas de Guayangareo,enero,martes,17,-101.161367073655,19.7040035648813
51701,51707,2025,LEG55303,2025/01/28,20:08:00,COLISIÓN POR INVASIÓN DE CARRIL,ASFALTO,Bueno,Bueno,2,BAJAJ,NEGRO,3,MINISTERIO PÚBLICO,47,MASCULINO,SIN DATOS,2,0,Charo,De Santiago,enero,martes,20,-101.044372,19.745476
51702,51708,2025,,2025/01/28,23:50:00,COLISIÓN POR CORTE DE CIRCULACIÓN,ASFALTO,Bueno,Bueno,2,VENTO,NEGRO NARANJA,3,MINISTERIO PÚBLICO,19,MASCULINO,SIN DATOS,2,0,Morelia,Villas de La Esperanza,enero,martes,0,-101.275,19.6947
51703,51709,2025,,2025/01/29,"00:00:00",COLISIÓN POR CORTE DE CIRCULACIÓN,ASFALTO,Bueno,Bueno,2,NISSAN,ROJO,2,,21,MASCULINO,SIN DATOS,0,0,Morelia,San Pascual,enero,miércoles,0,-101.267328076065,19.6952486039817
51704,51710,2025,,2025/01/29,"07:45:00",COLISIÓN POR CORTE DE CIRCULACIÓN,ASFALTO,Bueno,Bueno,2,TOYOTA,BLANCO/NARANJA,2,,31,MASCULINO,SIN DATOS,0,0,Morelia,Ventura Puente,enero,miércoles,8,-101.187886795,19.6936008749991
51705,51711,2025,,2025/01/29,"08:08:00",COLISIÓN POR NO RESPETAR SEMÁFORO,ASFALTO,Bueno,Bueno,2,CHEVROLET,BLANCO,2,,25,MASCULINO,SIN DATOS,0,0,Morelia,Libertad,enero,miércoles,8,-101.235485247231,19.6875403386505
51706,51712,2025,,2025/01/29,"08:30:00",COLISIÓN POR CORTE DE CIRCULACIÓN,ASFALTO,Bueno,Bueno,2,KENWHORT,BLANCO,2,,22,MASCULINO,SIN DATOS,0,0,Morelia,Campestre Los Manantiales,enero,miércoles,9,-101.238259971142,19.6877078932637
51707,51713,2025,,2025/01/29,"08:35:00",COLISIÓN POR ALCANCE,ASFALTO,Bueno,Bueno,2,FORD,ROJO,2,,40,FEMENINO,SIN DATOS,0,0,Morelia,Ejidal Ocolusen,enero,miércoles,9,-101.158209443092,19.6877154695076
51708,51714,2025,,2025/01/29,"09:40:00",COLISIÓN POR CORTE DE CIRCULACIÓN,CONCRETO,Bueno,Bueno,2,MITSUBISHI,COLOR BLANCO,2,MINISTERIO PÚBLICO,,MASCULINO,SIN DATOS,0,0,Morelia,Primaveras,enero,miércoles,10,-101.2270604074,19.6797362233669
51709,51715,2025,,2025/01/29,11:10:00,COLISIÓN POR ALCANCE,ASFALTO,Bueno,Bueno,2,TOYOTA,AZUL,2,,42,FEMENINO,SIN DATOS,0,0,Morelia,Vista Bella,enero,miércoles,11,-101.195925675947,19.6790442736003
51710,51716,2025,,2025/01/29,12:00:00,COLISIÓN POR NO RESPETAR SEMÁFORO,ASFALTO,Bueno,Bueno,2,VOLKSWAGEN,ROJO,2,,,MASCULINO,SIN DATOS,0,0,Morelia,Vicente Lombardo Toledano (Ejidal Isacc Arriaga) (Etnias de Mexico),enero,miércoles,12,-101.155425310135,19.7156062432119
51711,51717,2025,,2025/01/29,15:51:00,COLISIÓN POR CORTE DE CIRCULACIÓN,ASFALTO,Bueno,Bueno,2,S/D,S/D,1,,25,MASCULINO,SIN DATOS,0,0,Morelia,Dr Miguel Silva,enero,miércoles,16,-101.186600625515,19.7203947854713
51712,51718,2025,,2025/01/29,19:05:00,COLISIÓN POR CORTE DE CIRCULACIÓN,CONCRETO,Bueno,Bueno,2,CHEVROLET,BLANCO,2,,30,FEMENINO,SIN DATOS,0,0,Morelia,Eduardo Ruiz,enero,miércoles,19,-101.22322338,19.7220409149991
51713,51719,2025,MOR20250008067,2025/01/29,20:30:00,COLISIÓN POR CAMBIO DE CARRIL,CONCRETO,Bueno,Bueno,2,HONDA,AZUL,2,,21,MASCULINO,SIN DATOS,0,0,Morelia,Ventura Puente,enero,miércoles,21,-101.187182954235,19.6926426896116
51714,51720,2025,,2025/01/29,20:37:00,COLISIÓN POR ALCANCE,ASFALTO,Bueno,Bueno,3,CHEVROLET,BLANCO,3,,,MASCULINO,CON CERTIFICADO,0,0,Morelia,Elias Perez Avalos,enero,miércoles,21,-101.17092807,19.7143453899991
51715,51721,2025,,2025/01/30,11:00:00,COLISIÓN POR ALCANCE,ASFALTO,Bueno,Bueno,2,SEAT,NEGRO,2,,41,MASCULINO,SIN DATOS,0,0,Morelia,Vicente Lombardo Toledano (Ejidal Isacc Arriaga) (Etnias de Mexico),enero,jueves,11,-101.142894975,19.7122317999991
51716,51722,2025,,2025/01/30,11:00:00,COLISIÓN POR CORTE DE CIRCULACIÓN,ASFALTO,Bueno,Bueno,2,HONDA,ROJO,2,,,,SIN DATOS,0,0,Morelia,Vasco de Quiroga,enero,jueves,11,-101.171918213367,19.7025793696572
51717,51723,2025,,2025/01/30,11:10:00,COLISIÓN POR CORTE DE CIRCULACIÓN,ASFALTO,Bueno,Bueno,2,NISSAN,BLANCO,2,,62,MASCULINO,SIN DATOS,0,0,Morelia,Primo Tapia,enero,jueves,11,-101.211837530136,19.7091194523702
51718,51724,2025,LEG55319,2025/01/30,11:15:00,COLISIÓN CONTRA OBJETO FIJO,CONCRETO,Bueno,Bueno,2,VOLKSWAGEN,ROJO,2,,43,,SIN DATOS,0,0,Morelia,Villa Universidad,enero,jueves,11,-101.202040091157,19.6856720803973
51719,51725,2025,,2025/01/30,15:20:00,COLISIÓN POR ALCANCE,ASFALTO,Bueno,Bueno,3,MAZDA/3,GRIS,3,,40,MASCULINO,SIN DATOS,0,0,Morelia,Felix Ireta,enero,jueves,15,-101.18852108717,19.6817604312073
51720,51726,2025,,2025/01/30,15:40:00,COLISIÓN POR CORTE DE CIRCULACIÓN,ASFALTO,Bueno,Bueno,2,JEEP GRAND CHEROKEE,ARENA,2,,33,MASCULINO,SIN DATOS,0,0,Morelia,Hacienda San Jose,enero,jueves,16,-101.2147128582,19.6948243537328
51721,51727,2025,,2025/01/30,20:50:00,COLISIÓN POR ALCANCE,ASFALTO,Bueno,Bueno,2,DODGE,BLANCO/AZUL,2,,24,MASCULINO,SIN DATOS,0,0,Morelia,Hacienda Real,enero,jueves,21,-101.207427978516,19.727917544338
51722,51728,2025,,2025/01/31,"02:32:00",VOLCADURA,ASFALTO,Bueno,Bueno,1,MAZDA,GRIS,1,,,,SIN DATOS,0,0,Morelia,Alberto Oviedo Mota,enero,viernes,3,-101.202131286263,19.677217608407
51723,51729,2025,,2025/01/31,"09:45:00",COLISIÓN POR ALCANCE,ASFALTO,Bueno,Bueno,2,FORD,BLANCO,2,,29,MASCULINO,SIN DATOS,0,0,Morelia,Sentimientos de La Nacion,enero,viernes,10,-101.233225464821,19.6782272058718
51724,51730,2025,,2025/01/31,10:10:00,COLISIÓN POR ALCANCE,ASFALTO,Bueno,Bueno,2,CHEVROLET,ROJO/BLANCO,2,,23,MASCULINO,SIN DATOS,0,0,Morelia,Las Americas,enero,viernes,10,-101.153510212898,19.6873593856557
51725,51731,2025,,2025/01/31,12:31:00,COLISIÓN POR CAMBIO DE CARRIL,ASFALTO,Bueno,Bueno,2,VENTO,NEGRO,2,,24,MASCULINO,SIN DATOS,0,0,Morelia,Union Antorchista,enero,viernes,13,-101.268306076527,19.6976539301132
51726,51732,2025,,2025/01/31,14:26:00,VOLCADURA,ASFALTO,Bueno,Bueno,1,GML,BLANCO,1,,63,MASCULINO,SIN DATOS,0,0,Huaniqueo,Sin datos,enero,viernes,14,-101.469623632729,19.8279286906354
51727,51733,2025,MOR202500089,2025/01/31,16:10:00,COLISIÓN POR MANIOBRA DE REVERSA,ASFALTO,Bueno,Bueno,2,BOMAN,AMARILLO,2,MINISTERIO PÚBLICO,20,MASCULINO,SIN DATOS,0,0,Morelia,La Camelina,enero,viernes,16,-101.223484352231,19.6684706544009
51728,51734,2025,,2025/01/31,16:18:00,COLISIÓN POR INVASIÓN DE CARRIL,ASFALTO,Bueno,Bueno,2,MITSUBISHI,BLANCO,2,MINISTERIO PÚBLICO,32,MASCULINO,SIN DATOS,0,0,Morelia,Jesus del Monte,enero,viernes,16,-101.154941171408,19.6483646791004
51729,51735,2025,,2025/01/31,16:18:00,COLISIÓN CONTRA OBJETO FIJO,ASFALTO,Bueno,Bueno,1,VOLKSWAGEN,AZUL,1,,44,MASCULINO,SIN DATOS,0,0,Morelia,Las Americas,enero,viernes,16,-101.156804636121,19.6885621125078
51730,51736,2025,,2025/01/31,16:50:00,COLISIÓN CON PEATÓN,ASFALTO,Bueno,Bueno,1,ITALIKA,GRIS/NEGRO,1,,18,MASCULINO,SIN DATOS,0,0,Morelia,Ana Maria Gallaga (Riviera Norte),enero,viernes,17,-101.224335283041,19.6767977301648
51731,51737,2025,,2025/01/31,20:00:00,COLISIÓN POR ALCANCE,ASFALTO,Bueno,Bueno,3,BYD,GRIS,5,MINISTERIO PÚBLICO,28,MASCULINO,SIN DATOS,2,0,Morelia,El Realito,enero,viernes,20,-101.205215156078,19.7258169136295
51732,51738,2025,,2025/01/31,20:00:00,COLISIÓN CONTRA OBJETO FIJO,ASFALTO,Bueno,Bueno,1,MERCEDES BENZ,GRIS,1,,51,FEMENINO,SIN DATOS,0,0,Morelia,Cumbres de Altozano,enero,viernes,20,-101.167731285095,19.6543942103839
51733,51739,2025,,2025/01/31,21:30:00,COLISIÓN POR CORTE DE CIRCULACIÓN,ASFALTO,Bueno,Bueno,2,VENTO,ROJO/NEGRO,2,,21,FEMENINO,SIN DATOS,0,0,Morelia,Ciudad Industrial,enero,viernes,22,-101.140080392361,19.7271171870963
51734,51740,2025,MOR20250092H,2025/02/01,"00:00:00",COLISIÓN CONTRA OBJETO FIJO,CONCRETO,Bueno,Bueno,2,NISSAN,BLANCO,2,,50,,SIN DATOS,0,0,Morelia,Agustin Arriaga Rivera,febrero,sábado,0,-101.223680488765,19.6906805944486
51735,51741,2025,MOR/20250008927,2025/02/01,"02:14:00",CAIDA DE MOTOCICLETA,ASFALTO,Bueno,Bueno,1,BMW,BLANCO,1,,20,MASCULINO,SIN DATOS,0,0,Morelia,El Realito,febrero,sábado,2,-101.202798485756,19.7254937372233
51736,51742,2025,,2025/02/01,"03:35:00",COLISIÓN CONTRA OBJETO FIJO,CONCRETO,Bueno,Bueno,2,ITALIKA,BLANCO/NEGRO,2,MINISTERIO PÚBLICO,19,FEMENINO,SIN DATOS,0,0,Morelia,Centro,febrero,sábado,4,-101.19814593,19.7060302899991
51737,51743,2025,,2025/02/01,"07:55:00",COLISIÓN CONTRA OBJETO FIJO,ASFALTO,Bueno,Bueno,1,HONDA,GRIS,1,,34,FEMENINO,SIN DATOS,0,0,Morelia,Arcos del Valle,febrero,sábado,8,-101.236249655485,19.7076217591572
51738,51744,2025,,2025/02/01,"09:15:00",COLISIÓN CONTRA OBJETO FIJO,CONCRETO,Bueno,Bueno,2,FREIGHTLINER,BLANCO,1,MINISTERIO PÚBLICO,0,,SIN DATOS,0,0,Morelia,Niño Artillero,febrero,sábado,9,-101.25620339,19.6966912149991
51739,51745,2025,,2025/02/01,10:04:00,COLISIÓN POR CAMBIO DE CARRIL,ASFALTO,Bueno,Bueno,2,INTERNATIONAL,BLANCO,2,MINISTERIO PÚBLICO,39,MASCULINO,SIN DATOS,0,0,Morelia,Tinijaro,febrero,sábado,10,-101.26316,19.6963297049991
51740,51746,2025,LEG55341,2025/02/01,10:30:00,SUBIDA AL CAMELLÓN,CONCRETO,Bueno,Bueno,1,NISSAN,BLANCO,1,,30,MASCULINO,SIN DATOS,0,0,Morelia,Peña Blanca,febrero,sábado,11,-101.194665357471,19.6680614875706
51741,51747,2025,,2025/02/01,13:45:00,COLISIÓN POR ALCANCE,ASFALTO,Bueno,Bueno,2,CHEVROLET,GRIS,2,,31,MASCULINO,SIN DATOS,0,0,Morelia,Loma de Los Piñones,febrero,sábado,14,-101.203533411026,19.6749363619403
51742,51748,2025,MO2025,2025/02/01,15:40:00,COLISIÓN POR ALCANCE,ASFALTO,Bueno,Bueno,2,DODGE,VERDE/NEGRO,2,,65,MASCULINO,SIN DATOS,0,0,Morelia,Alberto Oviedo Mota,febrero,sábado,16,-101.202149391174,19.6772018235305
51743,51749,2025,,2025/02/01,16:31:00,COLISIÓN CONTRA OBJETO FIJO,CONCRETO,Bueno,Bueno,1,MAZDA,ROJO,1,,,FEMENINO,SIN DATOS,0,0,Morelia,Chapultepec Norte,febrero,sábado,17,-101.166216172278,19.6954648322845
51744,51750,2025,,2025/02/01,21:35:00,COLISIÓN POR ALCANCE,ASFALTO,Bueno,Bueno,2,FORD FIESTA,NEGRO,2,,38,MASCULINO,SIN DATOS,0,0,Morelia,La Esperanza,febrero,sábado,22,-101.250600814819,19.6986299392778
51745,51751,2025,,2025/02/02,"04:13:00",COLISIÓN CONTRA OBJETO FIJO,ASFALTO,Bueno,Bueno,1,FORD,VERDE,1,,24,MASCULINO,SIN DATOS,0,0,Morelia,Centro,febrero,domingo,4,-101.197124607861,19.6988793067707
51746,51752,2025,,2025/02/02,"09:00:00",COLISIÓN POR ALCANCE,ASFALTO,Bueno,Bueno,3,KIA,BLANCO,3,,21,MASCULINO,SIN DATOS,0,0,Morelia,Sentimientos de La Nacion,febrero,domingo,9,-101.236874610186,19.684808690943
51747,51753,2025,,2025/02/02,13:30:00,COLISIÓN POR NO RESPETAR SEMÁFORO,ASFALTO,Bueno,Bueno,2,SEAT,ROJO,2,,30,MASCULINO,SIN DATOS,0,0,Morelia,Sentimientos de La Nacion,febrero,domingo,14,-101.235403418541,19.6809598430168
51748,51754,2025,,2025/02/02,14:40:00,COLISIÓN CONTRA OBJETO FIJO,CONCRETO,Bueno,Bueno,1,NISSAN,BLANCO,1,,0,MASCULINO,SIN DATOS,0,0,Morelia,Ciudad Industrial,febrero,domingo,15,-101.142947673798,19.7253018509229