fid,id_accidente,anio_origen,folio_c5i,dia_incidente,hora_ocurrencia,tipo_incidente_vial,superficie_ocurrencia,condiciones_climaticas,condiciones_via,numero_vehiculos_involucrados,marca_vehiculo_ocasiona_siniestro,color_vehiculo_ocasiona_siniestro,numero_personas_involucradas,lugar_remite_presunto_responsable,edad_presunto_responsable,sexo_presunto_responsable,resultados_toxicologia,numero_personas_lesionadas,numero_personas_fallecidas,municipio,colonia,mes,dia_semana,hora_redondeada,lon,lat
51749,51755,2025,,2025/02/02,16:30:00,COLISIÓN POR CAMBIO DE CARRIL,ASFALTO,Bueno,Bueno,2,HONDA,GRIS,2,,46,MASCULINO,SIN DATOS,0,0,Morelia,Isaac Arriaga,febrero,domingo,17,-101.166317760944,19.7101383176301
51750,51756,2025,,2025/02/02,17:00:00,COLISIÓN POR CORTE DE CIRCULACIÓN,ASFALTO,Bueno,Bueno,2,CHEVROLET,BLANCO,2,,48,MASCULINO,SIN DATOS,0,0,Morelia,Vasco de Quiroga,febrero,domingo,17,-101.170858740807,19.7037220095614
51752,51758,2025,,2025/02/03,"00:00:00",COLISIÓN POR CORTE DE CIRCULACIÓN,ASFALTO,Bueno,Bueno,2,NISSAN,NEGRO,2,,27,MASCULINO,SIN DATOS,0,0,Morelia,Vasco de Quiroga,febrero,lunes,0,-101.167347729206,19.6987940799498
51753,51759,2025,,2025/02/03,"01:10:00",COLISIÓN CONTRA OBJETO FIJO,CONCRETO,Bueno,Bueno,1,TOYOTA,BLANCO,1,MINISTERIO PÚBLICO,,,SIN DATOS,0,0,Morelia,Ciudad Industrial,febrero,lunes,1,-101.13509953022,19.7323661446349
51754,51760,2025,,2025/02/03,11:50:00,COLISIÓN POR CORTE DE CIRCULACIÓN,ASFALTO,Bueno,Bueno,2,YAMAHA,NEGRO,2,,24,MASCULINO,SIN DATOS,0,0,Morelia,Eduardo Ruiz,febrero,lunes,12,-101.219206899405,19.7210815564644
51755,51761,2025,,2025/02/03,12:25:00,COLISIÓN POR CORTE DE CIRCULACIÓN,ASFALTO,Bueno,Bueno,2,RAM,BLANCO,2,,37,MASCULINO,SIN DATOS,0,0,Morelia,El Lago 3,febrero,lunes,12,-101.219307482243,19.7272506854479
51756,51762,2025,,2025/02/03,12:50:00,COLISIÓN POR ALCANCE,ASFALTO,Bueno,Bueno,3,VENTO,NEGRO/ROJO,3,,35,MASCULINO,ALIENTO ETÍLICO,0,0,Morelia,Del Empleado,febrero,lunes,13,-101.17985419929,19.6899911675508
51757,51763,2025,,2025/02/03,13:00:00,COLISIÓN POR CORTE DE CIRCULACIÓN,CONCRETO,Bueno,Bueno,2,ITALIKA,NEGRO,2,,,,SIN DATOS,0,0,Morelia,Adolfo Lopez Mateos,febrero,lunes,13,-101.230059117079,19.700960721041
51758,51764,2025,,2025/02/03,13:30:00,COLISIÓN CONTRA OBJETO FIJO,CONCRETO,Bueno,Bueno,3,FORD,ROJO,3,,65,MASCULINO,SIN DATOS,0,0,Morelia,Jesus del Monte,febrero,lunes,14,-101.157273677262,19.6582133856967
51759,51765,2025,,2025/02/03,15:50:00,COLISIÓN POR ALCANCE,ASFALTO,Bueno,Bueno,2,KENWORTH,BLANCO,2,,36,MASCULINO,SIN DATOS,0,0,Morelia,Obrera,febrero,lunes,16,-101.188386976719,19.7107531687419
51760,51766,2025,,2025/02/03,21:25:00,COLISIÓN POR ALCANCE,ASFALTO,Bueno,Bueno,2,HONDA,BLANCO,2,MINISTERIO PÚBLICO,,FEMENINO,SIN DATOS,0,0,Morelia,Villas Lomas del Paraiso,febrero,lunes,21,-101.183243326701,19.6753951296653
51761,51767,2025,,2025/02/03,22:30:00,COLISIÓN POR ALCANCE,ASFALTO,Bueno,Bueno,2,CHEVROLET,GRIS,2,,,,SIN DATOS,0,0,Morelia,Lomas del Valle,febrero,lunes,23,-101.230037015,19.6880963799991
51762,51768,2025,,2025/02/04,"02:05:00",SALIDA DE SUPERFICIE DE RODAMIENTO,ASFALTO,Bueno,Bueno,1,MG 5,BLANCO,0,MINISTERIO PÚBLICO,,,,0,0,Morelia,Barrio Alto,febrero,martes,2,-101.1882827,19.7276714
51763,51769,2025,LEG55370,2025/02/04,"07:30:00",COLISIÓN POR CORTE DE CIRCULACIÓN,ASFALTO,Bueno,Bueno,1,NISSAN,VERDE,1,,51,MASCULINO,SIN DATOS,0,0,Morelia,Lomas de San Juan,febrero,martes,8,-101.183039681886,19.7298664251429
51764,51770,2025,,2025/02/04,"07:50:00",COLISIÓN POR ALCANCE,ASFALTO,Bueno,Bueno,2,DODGE,BLANCO/AZUL,2,,52,MASCULINO,SIN DATOS,0,0,Morelia,Jardines de Sindurio,febrero,martes,8,-101.25724950047,19.6993034103532
51765,51771,2025,,2025/02/04,"08:15:00",COLISIÓN POR CORTE DE CIRCULACIÓN,ASFALTO,Bueno,Bueno,4,S/D,S/D,3,MINISTERIO PÚBLICO,42,MASCULINO,SIN DATOS,0,0,Morelia,Emiliano Zapata,febrero,martes,8,-101.230494976044,19.654469988556
51766,51772,2025,,2025/02/04,"08:44:00",COLISIÓN POR MANIOBRA DE REVERSA,ASFALTO,Bueno,Bueno,2,Nissan,Rojo,2,,33,MASCULINO,SIN DATOS,0,0,Morelia,Nicolas Bravo(Los Ejidos),febrero,martes,9,-101.213720440865,19.7023445277378
51767,51773,2025,,2025/02/04,12:20:00,COLISIÓN POR CORTE DE CIRCULACIÓN,ASFALTO,Bueno,Bueno,2,DODGE,AZUL,2,,36,MASCULINO,SIN DATOS,0,0,Morelia,Vasco de Quiroga,febrero,martes,12,-101.17811948061,19.6991330930355
51768,51774,2025,,2025/02/04,14:00:00,COLISIÓN POR CORTE DE CIRCULACIÓN,CONCRETO,Bueno,Bueno,2,MB,NEGRO,2,,47,MASCULINO,SIN DATOS,0,0,Morelia,Felix Ireta,febrero,martes,14,-101.180642098188,19.6861604379288
51769,51775,2025,,2025/02/04,15:30:00,COLISIÓN POR CORTE DE CIRCULACIÓN,CONCRETO,Bueno,Bueno,2,TOYOTA,BLANCO Y GRIS,2,,42,MASCULINO,SIN DATOS,0,0,Morelia,Lomas de Las Americas Norte,febrero,martes,16,-101.148620545864,19.6947763729791
51770,51776,2025,MOR/20250010400,2025/02/04,20:35:00,COLISIÓN POR CORTE DE CIRCULACIÓN,ASFALTO,Bueno,Bueno,2,SUZUKI,AZUL,1,MINISTERIO PÚBLICO,,,,1,0,Charo,Sin datos,febrero,martes,21,-100.989651,19.675751
51771,51777,2025,,2025/02/04,21:05:00,COLISIÓN POR INVASIÓN DE CARRIL,CONCRETO,Bueno,Bueno,2,CHEVROLET,AZUL,2,MINISTERIO PÚBLICO,20,MASCULINO,SIN DATOS,0,0,Morelia,Centro,febrero,martes,21,-101.17789641,19.7013360799991
51772,51778,2025,,2025/02/04,23:30:00,COLISIÓN POR ALCANCE,ASFALTO,Bueno,Bueno,2,YAMAHA/FZBH,NEGRO,2,MINISTERIO PÚBLICO,0,MASCULINO,SIN DATOS,0,0,Morelia,Tzindurio de Morelos,febrero,martes,0,-101.244048914656,19.6997484196341
51773,51779,2025,,2025/02/05,"07:50:00",COLISIÓN POR CORTE DE CIRCULACIÓN,ASFALTO,Bueno,Bueno,2,TOYOTA,BLANCO Y VERDE,2,,57,MASCULINO,SIN DATOS,0,0,Morelia,Elias Perez Avalos,febrero,miércoles,8,-101.167813022979,19.7136335493406
51774,51780,2025,,2025/02/05,"09:11:00",COLISIÓN POR CORTE DE CIRCULACIÓN,ASFALTO,Bueno,Bueno,2,SEAT,GUINDA,2,,28,FEMENINO,SIN DATOS,0,0,Morelia,Chapultepec Norte,febrero,miércoles,9,-101.176202945,19.6965285599991
51775,51781,2025,,2025/02/05,"09:15:00",COLISIÓN POR INVASIÓN DE CARRIL,ASFALTO,Bueno,Bueno,2,BAJAJ,NEGRO,2,,21,MASCULINO,SIN DATOS,0,0,Morelia,La Morita,febrero,miércoles,9,-101.204731017351,19.6521644216465
51776,51782,2025,,2025/02/05,"09:45:00",COLISIÓN POR ALCANCE,ASFALTO,Bueno,Bueno,2,ITALIKA,AZUL,2,,46,MASCULINO,SIN DATOS,0,0,Morelia,Centro,febrero,miércoles,10,-101.17789641,19.7013360799991
51777,51783,2025,,2025/02/05,13:20:00,COLISIÓN POR ALCANCE,ASFALTO,Bueno,Bueno,2,HONDA,BLANCO,2,,24,FEMENINO,SIN DATOS,0,0,Morelia,Centro,febrero,miércoles,13,-101.181835010648,19.7022959179426
51778,51784,2025,MOR22590,2025/02/05,14:33:00,COLISIÓN CONTRA OBJETO FIJO,ASFALTO,Bueno,Bueno,1,INTERNACIONAL,BLANCO,1,,,MASCULINO,SIN DATOS,0,0,Morelia,Eduardo Ruiz,febrero,miércoles,15,-101.221397593617,19.7225693397542
51779,51785,2025,,2025/02/05,14:35:00,COLISIÓN POR INVASIÓN DE CARRIL,CONCRETO,Bueno,Bueno,2,INTERNATIONAL,BLANCO,2,,,MASCULINO,SIN DATOS,0,0,Morelia,Nueva Valladolid,febrero,miércoles,15,-101.211838200688,19.6987492569368
51780,51786,2025,,2025/02/05,16:30:00,COLISIÓN POR ALCANCE,ASFALTO,Bueno,Bueno,2,ITALIKA,ROJO,2,,22,MASCULINO,SIN DATOS,0,0,Morelia,Los Pinos de Michoacan,febrero,miércoles,17,-101.215328425169,19.6823668677843
51781,51787,2025,,2025/02/05,18:00:00,COLISIÓN POR CORTE DE CIRCULACIÓN,CONCRETO,Bueno,Bueno,2,Italika,Negro,2,,,,SIN DATOS,0,0,Morelia,Jacarandas,febrero,miércoles,18,-101.210115551949,19.708505857521
51782,51788,2025,,2025/02/05,18:05:00,SUBIDA AL CAMELLÓN,SIN_DATOS,Bueno,Bueno,1,MITSUBISHI,GRIS,1,,37,,SIN DATOS,0,0,Morelia,Santillan La Huerta,febrero,miércoles,18,-101.219553885717,19.6760966650679
51783,51789,2025,,2025/02/05,20:46:00,COLISIÓN POR CORTE DE CIRCULACIÓN,ASFALTO,Bueno,Bueno,2,HONDA,PLATA,3,,85,MASCULINO,SIN DATOS,1,0,Morelia,Villas Lomas del Paraiso,febrero,miércoles,21,-101.183243326701,19.6753951296653
51784,51790,2025,,2025/02/05,21:40:00,COLISIÓN POR INVASIÓN DE CARRIL,ASFALTO,Bueno,Bueno,2,ITALIKA,NEGRO,2,,19,MASCULINO,SIN DATOS,0,0,Morelia,Gertrudis Bocanegra,febrero,miércoles,22,-101.211337854334,19.7046384255397
51785,51791,2025,,2025/02/06,"00:00:00",COLISIÓN POR ALCANCE,ASFALTO,Bueno,Bueno,2,CHEVROLET,ROJO,2,,42,MASCULINO,SIN DATOS,0,0,Morelia,Enrique Arreguin Robles,febrero,jueves,0,-101.184264421463,19.7196714003336
51787,51793,2025,,2025/02/06,"09:30:00",COLISIÓN POR CORTE DE CIRCULACIÓN,ASFALTO,Bueno,Bueno,3,BMW,BLANCO Y AZUL,3,,34,MASCULINO,SIN DATOS,0,0,Morelia,Diego Rivera,febrero,jueves,10,-101.174121648073,19.7167664647452
51788,51794,2025,,2025/02/06,10:10:00,COLISIÓN POR CORTE DE CIRCULACIÓN,ASFALTO,Bueno,Bueno,3,ITALIKA,GRIS,3,MINISTERIO PÚBLICO,36,MASCULINO,SIN DATOS,0,0,Morelia,Alberto Oviedo Mota,febrero,jueves,10,-101.197611093521,19.6811820887201
51789,51795,2025,,2025/02/06,11:00:00,COLISIÓN POR MANIOBRA DE REVERSA,ASFALTO,Bueno,Bueno,2,TOYOTA,BLANCO Y VERDE,2,,58,MASCULINO,SIN DATOS,0,0,Morelia,Felix Ireta,febrero,jueves,11,-101.195771098137,19.6815760689818
51790,51796,2025,,2025/02/06,13:55:00,COLISIÓN POR ALCANCE,CONCRETO,Bueno,Bueno,3,VOLKSWAGEN,BEIGE,3,MINISTERIO PÚBLICO,32,MASCULINO,SIN DATOS,0,0,Morelia,Montaña Monarca,febrero,jueves,14,-101.161792874336,19.6724435595011
51791,51797,2025,,2025/02/06,19:15:00,COLISIÓN POR CORTE DE CIRCULACIÓN,ASFALTO,Bueno,Bueno,2,CHEVROLET,BLANCO,2,,35,FEMENINO,SIN DATOS,0,0,Tarímbaro,Sin datos,febrero,jueves,19,-101.144843995571,19.7722717656646
51792,51798,2025,MOR20220011151,2025/02/06,20:10:00,COLISIÓN POR CORTE DE CIRCULACIÓN,CONCRETO,Bueno,Bueno,1,CHEVROLET,BLANCO,1,,50,MASCULINO,SIN DATOS,0,0,Morelia,Colinas del Sur,febrero,jueves,20,-101.199555695057,19.660355317233
51793,51799,2025,FOLIO MOR/20250,2025/02/06,20:11:00,COLISIÓN CONTRA OBJETO FIJO,ASFALTO,Bueno,Bueno,1,NISSAN,BLANCO,1,,37,MASCULINO,SIN DATOS,0,0,Charo,San Pedro Y San Pablo,febrero,jueves,20,-101.046821326017,19.7521870408322
51794,51800,2025,LEG55402,2025/02/06,21:00:00,COLISIÓN POR CORTE DE CIRCULACIÓN,ASFALTO,Bueno,Bueno,2,SEAT,BLANCO,2,,50,MASCULINO,SIN DATOS,0,0,Morelia,Granjas del Maestro,febrero,jueves,21,-101.188423186541,19.7128956602034
51795,51801,2025,,2025/02/06,22:45:00,COLISIÓN POR NO RESPETAR SEMÁFORO,CONCRETO,Bueno,Bueno,2,Honda,Blanco,2,MINISTERIO PÚBLICO,33,MASCULINO,SIN DATOS,0,0,Morelia,Ventura Puente,febrero,jueves,23,-101.18410885334,19.6893595059602
51796,51802,2025,,2025/02/07,13:30:00,COLISIÓN POR INVASIÓN DE CARRIL,CONCRETO,Bueno,Bueno,2,Mazda,Rojo,2,,,,SIN DATOS,0,0,Morelia,Independencia,febrero,viernes,14,-101.17648600607,19.7081668730038
51797,51803,2025,,2025/02/07,17:10:00,COLISIÓN POR CORTE DE CIRCULACIÓN,ASFALTO,Bueno,Bueno,3,CHRYSLER/PACIFICA,GRIS,2,MINISTERIO PÚBLICO,0,,SIN DATOS,0,0,Morelia,Chapultepec Oriente,febrero,viernes,17,-101.159388273954,19.6899302427783
51798,51804,2025,MOR 2025,2025/02/07,18:05:00,COLISIÓN POR ALCANCE,ASFALTO,Bueno,Bueno,2,Kia,AZUL,2,,29,MASCULINO,SIN DATOS,0,0,Morelia,Infonavit  Las  Camelinas,febrero,viernes,18,-101.174353659153,19.6818437729656
51799,51805,2025,,2025/02/07,18:21:00,COLISIÓN POR ALCANCE,ASFALTO,Bueno,Bueno,3,Volkswagen,Azul,3,,32,FEMENINO,SIN DATOS,0,0,Morelia,Loma de Los Piñones,febrero,viernes,18,-101.206094250083,19.6734080412344
51800,51806,2025,,2025/02/07,21:00:00,COLISIÓN POR ALCANCE,SIN_DATOS,Bueno,Bueno,2,CHEVROLET,BLANCO,2,,0,MASCULINO,SIN DATOS,0,0,Morelia,San Pascual,febrero,viernes,21,-101.267323717475,19.6952536545731
51801,51807,2025,,2025/02/07,21:15:00,COLISIÓN POR ALCANCE,CONCRETO,Bueno,Bueno,2,Volkswagen,Gris,2,,35,FEMENINO,SIN DATOS,0,0,Morelia,Villa Universidad,febrero,viernes,21,-101.202798485756,19.6854343725402
51802,51808,2025,,2025/02/07,21:15:00,COLISIÓN POR CAMBIO DE CARRIL,ASFALTO,Bueno,Bueno,3,CHEVROLET/MALIBU,NEGRO,3,,18,MASCULINO,SIN DATOS,0,0,Morelia,Ventura Puente,febrero,viernes,21,-101.183711886406,19.6892471261257
51803,51809,2025,,2025/02/07,22:40:00,COLISIÓN POR ALCANCE,CONCRETO,Bueno,Bueno,2,AUDI,ROJO,2,,25,MASCULINO,SIN DATOS,0,0,Morelia,Jose Maria Morelos,febrero,viernes,23,-101.2185510993,19.7172234811443
51804,51810,2025,,2025/02/08,"00:00:00",COLISIÓN POR INVASIÓN DE CARRIL,ASFALTO,Bueno,Bueno,2,RENAULT,BLANCO,5,MINISTERIO PÚBLICO,68,,SIN DATOS,4,0,Morelia,Jardines del Rincon,febrero,sábado,0,-101.153393536806,19.6872457417065
51805,51811,2025,,2025/02/08,10:00:00,COLISIÓN POR CORTE DE CIRCULACIÓN,CONCRETO,Bueno,Bueno,2,BMW,Negro,2,MINISTERIO PÚBLICO,32,FEMENINO,SIN DATOS,0,0,Morelia,Poblado de Ocolusen,febrero,sábado,10,-101.1495834589,19.6945920257391
51806,51812,2025,,2025/02/08,10:55:00,COLISIÓN POR ALCANCE,ASFALTO,Bueno,Bueno,2,KIA,ROJO,2,,41,MASCULINO,SIN DATOS,0,0,Morelia,Sin datos,febrero,sábado,11,-101.116946004331,19.6883888067547
51807,51813,2025,,2025/02/08,11:50:00,COLISIÓN POR CORTE DE CIRCULACIÓN,ASFALTO,Bueno,Bueno,2,Kenworth,Blanco,2,,55,MASCULINO,SIN DATOS,0,0,Morelia,Ana Maria Gallaga (Riviera Norte),febrero,sábado,12,-101.222603917122,19.6768267744095
51808,51814,2025,,2025/02/08,13:15:00,CAIDA DE MOTOCICLETA,ASFALTO,Bueno,Bueno,1,Italika,Negro,1,,26,MASCULINO,SIN DATOS,0,0,Morelia,Eduardo Ruiz,febrero,sábado,13,-101.224030852318,19.7251049147433
51809,51815,2025,,2025/02/08,14:00:00,COLISIÓN POR CORTE DE CIRCULACIÓN,ASFALTO,Bueno,Bueno,2,Ford,Amarillo,2,MINISTERIO PÚBLICO,67,MASCULINO,SIN DATOS,0,0,Morelia,Nueva Chapultepec,febrero,sábado,14,-101.170110404491,19.6855789545192
51810,51816,2025,,2025/02/08,15:00:00,SALIDA DE SUPERFICIE DE RODAMIENTO,ASFALTO,Bueno,Bueno,2,JEEP,NEGRO,2,MINISTERIO PÚBLICO,,FEMENINO,SIN DATOS,0,0,Morelia,Tzindurio de Morelos,febrero,sábado,15,-101.250101923943,19.6985276669278
51811,51817,2025,,2025/02/08,17:15:00,COLISIÓN POR ALCANCE,ASFALTO,Bueno,Bueno,2,Suzuki,Blanco,2,,43,MASCULINO,SIN DATOS,0,0,Morelia,Lomas de Huerta,febrero,sábado,17,-101.214340031147,19.6743807254439
51812,51818,2025,,2025/02/08,18:10:00,COLISIÓN POR MANIOBRA DE REVERSA,ASFALTO,Bueno,Bueno,2,ITALIKA,NEGRO Y VERDE,2,,16,MASCULINO,SIN DATOS,0,0,Morelia,La Manga,febrero,sábado,18,-101.215651631355,19.7508358520485
51813,51819,2025,,2025/02/08,18:16:00,COLISIÓN POR NO RESPETAR SEMÁFORO,ASFALTO,Bueno,Bueno,2,VENTO,ROJO,2,MINISTERIO PÚBLICO,35,MASCULINO,SIN DATOS,0,0,Morelia,Centro,febrero,sábado,18,-101.18754847,19.7028479949991
51814,51820,2025,,2025/02/08,19:22:00,SALIDA DE SUPERFICIE DE RODAMIENTO,ASFALTO,Bueno,Bueno,1,Chevrolet,Gris,1,,0,,SIN DATOS,0,0,Morelia,Sin datos,febrero,sábado,19,-101.373483203351,19.7679993904028
51815,51821,2025,,2025/02/08,20:25:00,COLISIÓN CONTRA OBJETO FIJO,ASFALTO,Bueno,Bueno,1,HONDA,BLANCO,2,,19,MASCULINO,SIN DATOS,1,0,Morelia,Eduardo Ruiz,febrero,sábado,20,-101.215593963861,19.7152830461604
51816,51822,2025,,2025/02/08,22:00:00,COLISIÓN CONTRA OBJETO FIJO,CONCRETO,Bueno,Bueno,1,VOLKSWAGEN,AZUL,1,,45,MASCULINO,SIN DATOS,0,0,Morelia,Nueva Chapultepec,febrero,sábado,22,-101.173770278692,19.6903835477838
51817,51823,2025,,2025/02/09,"05:25:00",CAIDA DE MOTOCICLETA,CONCRETO,Bueno,Bueno,1,ITALIKA,NEGRO,1,MINISTERIO PÚBLICO,0,MASCULINO,SIN DATOS,0,0,Morelia,La Colina,febrero,domingo,5,-101.213933676481,19.7066518019928
51818,51824,2025,,2025/02/09,"08:45:00",COLISIÓN POR ALCANCE,ASFALTO,Bueno,Bueno,2,MAZDA/CX7,GRIS,2,,54,MASCULINO,SIN DATOS,0,0,Morelia,Jardines de Torremolinos,febrero,domingo,9,-101.225691139698,19.6768507674772
51819,51825,2025,MOR2258790,2025/02/09,12:07:00,COLISIÓN CONTRA OBJETO FIJO,ASFALTO,Bueno,Bueno,1,VOLKSWAGEN,ARENA,1,,,FEMENINO,SIN DATOS,0,0,Morelia,San Isidro Itzicuaro,febrero,domingo,12,-101.279131457037,19.6878568311624
51820,51826,2025,,2025/02/09,12:50:00,COLISIÓN POR ALCANCE,ASFALTO,Bueno,Bueno,2,JAC,BLANCO,2,,47,MASCULINO,SIN DATOS,0,0,Morelia,Isaac Arriaga,febrero,domingo,13,-101.168432682753,19.7089944610178
51821,51827,2025,,2025/02/09,19:15:00,COLISIÓN POR CORTE DE CIRCULACIÓN,ASFALTO,Bueno,Bueno,2,S/D,NEGRO,1,,23,FEMENINO,SIN DATOS,0,0,Morelia,Sentimientos de La Nacion,febrero,domingo,19,-101.236872263253,19.6848011145616
51822,51828,2025,,2025/02/09,19:25:00,COLISIÓN POR MANIOBRA DE REVERSA,CONCRETO,Bueno,Bueno,2,CHEVROLET,NEGRO,2,,,MASCULINO,SIN DATOS,0,0,Morelia,Vicente Lombardo Toledano (Ejidal Isacc Arriaga) (Etnias de Mexico),febrero,domingo,19,-101.149387992918,19.7200289903418
51823,51829,2025,,2025/02/09,20:25:00,COLISIÓN POR CORTE DE CIRCULACIÓN,ASFALTO,Bueno,Bueno,2,CHEVROLET,ROJO,2,,50,MASCULINO,SIN DATOS,0,0,Morelia,Virrey Antonio de Mendoza,febrero,domingo,20,-101.162366867065,19.7064958760164
51824,51830,2025,,2025/02/09,20:25:00,COLISIÓN CONTRA OBJETO FIJO,CONCRETO,Bueno,Bueno,1,VOLKSWAGEN /SEAT,GRIS,1,,49,MASCULINO,SIN DATOS,0,0,Morelia,Tenencia Morelos,febrero,domingo,20,-101.239115595818,19.6460432365205
51825,51831,2025,,2025/02/09,20:50:00,COLISIÓN POR ALCANCE,ASFALTO,Bueno,Bueno,2,S/D,S/D,1,,,,SIN DATOS,0,0,Morelia,Lomas de Guayangareo,febrero,domingo,21,-101.158365011215,19.7030616783247
51826,51832,2025,,2025/02/09,22:10:00,SALIDA DE SUPERFICIE DE RODAMIENTO,ASFALTO,Bueno,Bueno,1,CHEVROLET,ROJO,1,,41,MASCULINO,SIN DATOS,0,0,Morelia,Consuelo Alfaro de Vazquez,febrero,domingo,22,-101.137210428715,19.7289072550045
51827,51833,2025,,2025/02/09,23:55:00,COLISIÓN POR CAMBIO DE CARRIL,ASFALTO,Bueno,Bueno,2,VOLVO,BLANCO,2,,33,FEMENINO,SIN DATOS,0,0,Morelia,Sentimientos de La Nacion,febrero,domingo,0,-101.235609948635,19.6819536324899
51828,51834,2025,,2025/02/10,"09:15:00",COLISIÓN POR CORTE DE CIRCULACIÓN,ASFALTO,Bueno,Bueno,2,TOYOTA,GRIS,2,,43,FEMENINO,SIN DATOS,0,0,Morelia,Chapultepec Norte,febrero,lunes,9,-101.173778799073,19.6957366970635
51829,51835,2025,,2025/02/10,"09:28:00",COLISIÓN POR ALCANCE,ASFALTO,Bueno,Bueno,2,ITALIKA,NEGRO VERDE,2,,29,MASCULINO,SIN DATOS,0,0,Morelia,Isaac Arriaga,febrero,lunes,9,-101.171413958073,19.7077559050642
51830,51836,2025,,2025/02/10,12:00:00,COLISIÓN POR CORTE DE CIRCULACIÓN,ASFALTO,Bueno,Bueno,2,VOLKSWAGEN,AZUL,2,,52,FEMENINO,SIN DATOS,0,0,Morelia,Elias Perez Avalos,febrero,lunes,12,-101.165067851543,19.7105915653932
51831,51837,2025,,2025/02/10,12:50:00,COLISIÓN CON PEATÓN,ASFALTO,Bueno,Bueno,1,INTERNACIONAL,BLANCO Y AZUL,2,,24,MASCULINO,SIN DATOS,1,0,Morelia,Juarez,febrero,lunes,13,-101.19740858674,19.6976526674843
51832,51838,2025,,2025/02/10,13:11:00,COLISIÓN POR CAMBIO DE CARRIL,CONCRETO,Bueno,Bueno,2,TOYOTA,BLANCO Y MORADO,2,,29,MASCULINO,SIN DATOS,0,0,Morelia,Industrial,febrero,lunes,13,-101.188679337502,19.7108768961953
51833,51839,2025,,2025/02/10,14:45:00,COLISIÓN POR CAMBIO DE CARRIL,ASFALTO,Bueno,Bueno,2,FORD,GRIS,2,,42,MASCULINO,SIN DATOS,0,0,Morelia,Los Angeles,febrero,lunes,15,-101.174511909485,19.7454852593149
51834,51840,2025,,2025/02/10,15:06:00,COLISIÓN POR CAMBIO DE CARRIL,ASFALTO,Bueno,Bueno,2,VOLKSWAGEN,BLANCO,2,,62,MASCULINO,SIN DATOS,0,0,Morelia,Alberto Oviedo Mota,febrero,lunes,15,-101.202172860503,19.6774625894896
51835,51841,2025,LEG55438,2025/02/10,18:05:00,COLISIÓN POR INVASIÓN DE CARRIL,ASFALTO,Bueno,Bueno,2,GENERAL MOTORS,ROJO,1,MINISTERIO PÚBLICO,,FEMENINO,SIN DATOS,0,0,Indaparapeo,El Castillo,febrero,lunes,18,-100.960703641176,19.7915091289588
51836,51842,2025,,2025/02/10,20:24:00,COLISIÓN POR CAMBIO DE CARRIL,ASFALTO,Bueno,Bueno,2,KENWORTH,AMARILLO,2,,54,MASCULINO,SIN DATOS,0,0,Morelia,Lomas de San Juan,febrero,lunes,20,-101.183039681886,19.7298664251429
51837,51843,2025,LEG55447,2025/02/10,20:45:00,COLISIÓN POR CORTE DE CIRCULACIÓN,ASFALTO,Bueno,Bueno,2,FORD,NEGRO,2,,19,FEMENINO,SIN DATOS,0,0,Morelia,Camelinas,febrero,lunes,21,-101.174,19.6806
51838,51844,2025,LEG55449,2025/02/11,"06:45:00",COLISIÓN POR CORTE DE CIRCULACIÓN,ASFALTO,Bueno,Bueno,3,NISSAN,BLANCO,3,,84,,SIN DATOS,0,0,Morelia,Elias Perez Avalos,febrero,martes,7,-101.17092807,19.7143453899991
51839,51845,2025,MOR2259801,2025/02/11,"08:32:00",COLISIÓN POR CAMBIO DE CARRIL,ASFALTO,Bueno,Bueno,2,FREIGHTLINER,BLANCO,2,,,MASCULINO,SIN DATOS,0,0,Morelia,Praderas del Indio,febrero,martes,9,-101.223494028547,19.6450845894654
51840,51846,2025,,2025/02/11,14:33:00,COLISIÓN POR CAMBIO DE CARRIL,ASFALTO,Bueno,Bueno,2,INTERNATIONAL,VERDE,2,,33,MASCULINO,SIN DATOS,0,0,Morelia,Los Angeles,febrero,martes,15,-101.172693695,19.7488773499992
51841,51847,2025,LEG55451,2025/02/11,17:07:00,COLISIÓN POR CAMBIO DE CARRIL,ASFALTO,Bueno,Bueno,2,KENWORTH,BLANCO,2,,,MASCULINO,SIN DATOS,0,0,Morelia,Praderas del Indio,febrero,martes,17,-101.223494028547,19.6450845894654
51843,51849,2025,,2025/02/11,19:00:00,COLISIÓN CONTRA OBJETO FIJO,ASFALTO,Bueno,Bueno,2,CHRYSLER,GRIS,2,,,,SIN DATOS,0,0,Morelia,Jardines de La Loma,febrero,martes,19,-101.225021701604,19.6768245660415
51844,51850,2025,,2025/02/11,21:05:00,COLISIÓN POR CORTE DE CIRCULACIÓN,CONCRETO,Bueno,Bueno,2,MITSUBISHI,BLANCO,2,,35,MASCULINO,SIN DATOS,0,0,Morelia,Fidel Velazquez,febrero,martes,21,-101.236643529545,19.7030707982529
51845,51851,2025,,2025/02/12,"07:35:00",COLISIÓN POR CORTE DE CIRCULACIÓN,ASFALTO,Bueno,Bueno,2,HONDA,BLANCO,2,,19,MASCULINO,SIN DATOS,0,0,Morelia,Centro,febrero,miércoles,8,-101.18754847,19.7028479949991
51846,51852,2025,,2025/02/12,"08:00:00",COLISIÓN POR CORTE DE CIRCULACIÓN,CONCRETO,Bueno,Bueno,2,NISSAN,BLANCO,2,,61,FEMENINO,SIN DATOS,0,0,Morelia,Isaac Arriaga,febrero,miércoles,8,-101.171413958073,19.7077060343637
51847,51853,2025,,2025/02/12,"08:30:00",COLISIÓN CONTRA OBJETO FIJO,ASFALTO,Bueno,Bueno,1,DODGE,PLATA,1,,,MASCULINO,SIN DATOS,0,0,Morelia,Jardines de Sindurio,febrero,miércoles,9,-101.256293803453,19.69744812147