fid,id_accidente,anio_origen,folio_c5i,dia_incidente,hora_ocurrencia,tipo_incidente_vial,superficie_ocurrencia,condiciones_climaticas,condiciones_via,numero_vehiculos_involucrados,marca_vehiculo_ocasiona_siniestro,color_vehiculo_ocasiona_siniestro,numero_personas_involucradas,lugar_remite_presunto_responsable,edad_presunto_responsable,sexo_presunto_responsable,resultados_toxicologia,numero_personas_lesionadas,numero_personas_fallecidas,municipio,colonia,mes,dia_semana,hora_redondeada,lon,lat
51848,51854,2025,,2025/02/12,"09:30:00",COLISIÓN POR CORTE DE CIRCULACIÓN,ASFALTO,Bueno,Bueno,2,VOLKSWAGEN,BLANCO,2,MINISTERIO PÚBLICO,25,MASCULINO,SIN DATOS,0,0,Morelia,Adolfo Lopez Mateos,febrero,miércoles,10,-101.225599944592,19.694556040123
51849,51855,2025,,2025/02/12,10:15:00,COLISIÓN POR CORTE DE CIRCULACIÓN,CONCRETO,Bueno,Bueno,2,FORD,NEGRO,2,,59,MASCULINO,SIN DATOS,0,0,Morelia,Centro,febrero,miércoles,10,-101.182008683682,19.7029695095033
51850,51856,2025,,2025/02/12,10:30:00,COLISIÓN POR CORTE DE CIRCULACIÓN,ASFALTO,Bueno,Bueno,4,ITALIKA,NEGRO,3,,23,MASCULINO,SIN DATOS,1,0,Morelia,Union Antorchista,febrero,miércoles,11,-101.268968582153,19.6996791740563
51851,51857,2025,,2025/02/12,15:07:00,COLISIÓN POR ALCANCE,ASFALTO,Bueno,Bueno,2,KENWORTH,AZUL,2,,36,MASCULINO,SIN DATOS,0,0,Morelia,Indeco El Vivero,febrero,miércoles,15,-101.230111420155,19.6769694699698
51852,51858,2025,,2025/02/12,17:45:00,COLISIÓN POR CAMBIO DE CARRIL,ASFALTO,Bueno,Bueno,2,CHEVROLET,ARENA,2,MINISTERIO PÚBLICO,53,MASCULINO,SIN DATOS,0,0,Morelia,Sin datos,febrero,miércoles,18,-101.117663159966,19.688345559206
51853,51859,2025,,2025/02/13,"06:08:00",COLISIÓN POR CORTE DE CIRCULACIÓN,CONCRETO,Bueno,Bueno,1,NISSAN,BLANCO,1,,55,MASCULINO,SIN DATOS,0,0,Morelia,Comision Federal de Electricidad,febrero,jueves,6,-101.177051961422,19.6816556225708
51854,51860,2025,,2025/02/13,"07:10:00",COLISIÓN POR CAMBIO DE CARRIL,ASFALTO,Bueno,Bueno,2,HONDA,GRIS,2,MINISTERIO PÚBLICO,,MASCULINO,SIN DATOS,0,0,Morelia,Los Manantiales de Morelia,febrero,jueves,7,-101.241392791271,19.6953597169563
51855,51861,2025,,2025/02/13,"07:20:00",COLISIÓN POR ALCANCE,ASFALTO,Bueno,Bueno,2,S/D,S/D,1,,0,MASCULINO,SIN DATOS,0,0,Morelia,Nueva Valladolid,febrero,jueves,7,-101.209329664707,19.7020509748538
51856,51862,2025,LEG55471,2025/02/13,"09:25:00",COLISIÓN POR CAMBIO DE CARRIL,ASFALTO,Bueno,Bueno,2,NISSAN,BlANCO/GUINDA,2,,,MASCULINO,SIN DATOS,0,0,Morelia,La Colina,febrero,jueves,9,-101.215518191457,19.7058535477699
51857,51863,2025,,2025/02/13,10:00:00,COLISIÓN POR CORTE DE CIRCULACIÓN,ASFALTO,Bueno,Bueno,1,NISSAN,GRIS,1,,33,MASCULINO,SIN DATOS,0,0,Morelia,Arcos del Valle,febrero,jueves,10,-101.236253678799,19.7076321751964
51858,51864,2025,,2025/02/13,11:20:00,COLISIÓN POR CAMBIO DE CARRIL,ASFALTO,Bueno,Bueno,2,NISSAN,BLANCO,2,,46,MASCULINO,SIN DATOS,0,0,Morelia,Primo Tapia Oriente,febrero,jueves,11,-101.158665753901,19.7134843037589
51859,51865,2025,,2025/02/13,11:25:00,COLISIÓN POR NO RESPETAR SEMÁFORO,ASFALTO,Bueno,Bueno,2,NISSAN,BLANCO,2,,,MASCULINO,SIN DATOS,0,0,Morelia,Tres Puentes,febrero,jueves,11,-101.215714327991,19.7037232721424
51860,51866,2025,LEG55469,2025/02/13,12:13:00,COLISIÓN POR CORTE DE CIRCULACIÓN,ASFALTO,Bueno,Bueno,2,FORD,NEGRO,2,,,FEMENINO,SIN DATOS,0,0,Morelia,Rinconada del Valle,febrero,jueves,12,-101.218734830618,19.6786540256509
51861,51867,2025,,2025/02/13,14:40:00,COLISIÓN CON PEATÓN,SIN_DATOS,Bueno,Bueno,2,KENWORTH,AZUL,2,,59,MASCULINO,SIN DATOS,0,0,Morelia,El Eden,febrero,jueves,15,-101.251681745052,19.6437596519731
51862,51868,2025,,2025/02/13,15:40:00,COLISIÓN POR NO RESPETAR SEMÁFORO,ASFALTO,Bueno,Bueno,2,MAZDA 3,NEGRO,2,,,MASCULINO,SIN DATOS,0,0,Morelia,Camelinas,febrero,jueves,16,-101.172578036785,19.6858668553638
51863,51869,2025,,2025/02/13,17:40:00,COLISIÓN POR CORTE DE CIRCULACIÓN,ASFALTO,Bueno,Bueno,2,TOYOTA,ROJO,2,,21,FEMENINO,SIN DATOS,0,0,Morelia,Villas Lomas del Paraiso,febrero,jueves,18,-101.171824671328,19.6709073222737
51864,51870,2025,,2025/02/13,18:10:00,COLISIÓN POR ALCANCE,ASFALTO,Bueno,Bueno,2,Nissan,Blanco,2,,,,SIN DATOS,0,0,Morelia,Lindavista,febrero,jueves,18,-101.216159909964,19.7038773069516
51865,51871,2025,,2025/02/13,18:15:00,COLISIÓN POR CAMBIO DE CARRIL,ASFALTO,Bueno,Bueno,2,VOLKSWAGEN SAVEIRO,BLANCO,2,,50,MASCULINO,SIN DATOS,0,0,Morelia,Felix Ireta,febrero,jueves,18,-101.188668608665,19.6818210433994
51866,51872,2025,,2025/02/13,19:40:00,COLISIÓN POR ALCANCE,ASFALTO,Bueno,Bueno,2,HONDA/ACCORD,BLANCO,2,,27,FEMENINO,SIN DATOS,0,0,Morelia,Centro,febrero,jueves,20,-101.182279586792,19.7028798658041
51867,51873,2025,,2025/02/13,21:30:00,CAIDA DE MOTOCICLETA,ASFALTO,Bueno,Bueno,1,ITALIKA/FT150,AZUL NEGRO,0,,,,,0,0,Morelia,Centro,febrero,jueves,22,-101.181477606297,19.7020112031313
51868,51874,2025,,2025/02/14,"01:45:00",COLISIÓN POR CORTE DE CIRCULACIÓN,CONCRETO,Bueno,Bueno,2,Chirey,Plata,2,,42,FEMENINO,SIN DATOS,0,0,Morelia,Obrera,febrero,viernes,2,-101.185381561518,19.7107620064203
51869,51875,2025,,2025/02/14,"08:14:00",COLISIÓN POR CAMBIO DE CARRIL,ASFALTO,Bueno,Bueno,2,MERCEDES BENZ,BLANCO CON ANARANJADO,2,,54,MASCULINO,SIN DATOS,0,0,Morelia,Fovissste La Huerta,febrero,viernes,8,-101.212137937546,19.6923053447219
51870,51876,2025,LEG55481,2025/02/14,"09:00:00",COLISIÓN POR ALCANCE,ASFALTO,Bueno,Bueno,2,MINI,NEGRO,2,,21,MASCULINO,SIN DATOS,0,0,Morelia,Las Americas,febrero,viernes,9,-101.158945709467,19.6879629599453
51871,51877,2025,,2025/02/14,"09:00:00",COLISIÓN POR CORTE DE CIRCULACIÓN,ASFALTO,Bueno,Bueno,2,NISSAN,AZUL,2,,38,MASCULINO,SIN DATOS,0,0,Morelia,Obrera,febrero,viernes,9,-101.188388988376,19.7107503280595
51872,51878,2025,,2025/02/14,"09:10:00",COLISIÓN POR CAMBIO DE CARRIL,ASFALTO,Bueno,Bueno,2,CHEVROLET,GRIS,2,,,MASCULINO,SIN DATOS,0,0,Morelia,Los Angeles,febrero,viernes,9,-101.176359951496,19.7416959365325
51873,51879,2025,,2025/02/14,11:10:00,COLISIÓN POR CORTE DE CIRCULACIÓN,ASFALTO,Bueno,Bueno,1,VOLKSWAGEN,BLANCO,1,,66,MASCULINO,SIN DATOS,0,0,Morelia,Indeco El Vivero,febrero,viernes,11,-101.231734156609,19.6776867342241
51874,51880,2025,,2025/02/14,11:27:00,COLISIÓN POR NO RESPETAR SEMÁFORO,ASFALTO,Bueno,Bueno,2,NISSAN,BLANCO,2,,76,,SIN DATOS,0,0,Morelia,Fovissste La Huerta,febrero,viernes,11,-101.212137937546,19.692296506024
51875,51881,2025,,2025/02/14,11:55:00,COLISIÓN POR ALCANCE,ASFALTO,Bueno,Bueno,2,NISSAN,GRIS,2,,,MASCULINO,SIN DATOS,0,0,Morelia,El Eden,febrero,viernes,12,-101.251695156097,19.6437432322763
51876,51882,2025,,2025/02/14,12:00:00,COLISIÓN POR ALCANCE,CONCRETO,Bueno,Bueno,2,VOLKSWAGEN,AZUL,2,MINISTERIO PÚBLICO,30,MASCULINO,SIN DATOS,0,0,Morelia,El Parian,febrero,viernes,12,-101.269916323849,19.6880710777962
51877,51883,2025,,2025/02/14,12:25:00,COLISIÓN POR ALCANCE,ASFALTO,Bueno,Bueno,3,VOLKSWAGEN,AZUL,3,,46,MASCULINO,SIN DATOS,0,0,Morelia,Bosques de Oriente,febrero,viernes,12,-101.155489683151,19.7155961433139
51878,51884,2025,LEG55493,2025/02/14,14:30:00,COLISIÓN POR ALCANCE,ASFALTO,Bueno,Bueno,2,KENWORTH,NEGRO,1,MINISTERIO PÚBLICO,48,MASCULINO,SIN DATOS,0,0,Morelia,Primo Tapia Oriente,febrero,viernes,15,-101.157876849175,19.713985201421
51879,51885,2025,,2025/02/14,15:15:00,COLISIÓN POR ALCANCE,CONCRETO,Bueno,Bueno,2,DODGE,AZUL,2,,34,MASCULINO,SIN DATOS,0,0,Morelia,Balcones de Morelia,febrero,viernes,15,-101.201070472598,19.6716492389261
51880,51886,2025,,2025/02/14,15:20:00,COLISIÓN POR CORTE DE CIRCULACIÓN,ASFALTO,Bueno,Bueno,2,TOYOTA,BLANCO,2,,17,FEMENINO,SIN DATOS,0,0,Morelia,Lomas del Tecnologico,febrero,viernes,15,-101.194757223129,19.7230686309153
51881,51887,2025,LEG55492,2025/02/14,18:15:00,COLISIÓN POR ALCANCE,ASFALTO,Bueno,Bueno,2,HERO,AZUL/NEGRO,2,MINISTERIO PÚBLICO,41,MASCULINO,SIN DATOS,0,0,Morelia,San Rafael,febrero,viernes,18,-101.15354642272,19.6995162969063
51882,51888,2025,,2025/02/14,19:00:00,COLISIÓN POR CORTE DE CIRCULACIÓN,ASFALTO,Bueno,Regular,2,HONDA,PLATA,2,,45,MASCULINO,SIN DATOS,0,0,Morelia,San Juanito Itzicuaro,febrero,viernes,19,-101.25076174736,19.6823896184422
51883,51889,2025,,2025/02/15,"00:10:00",COLISIÓN CONTRA OBJETO FIJO,ASFALTO,Bueno,Bueno,1,HONDA,NEGRO,1,,46,MASCULINO,SIN DATOS,0,0,Morelia,Enrique Arreguin Robles,febrero,sábado,0,-101.188106685877,19.7213555065704
51884,51890,2025,MOR20250014374,2025/02/15,"00:50:00",COLISIÓN POR CORTE DE CIRCULACIÓN,ASFALTO,Bueno,Bueno,2,KAWASAKI,GRIS/NEGRO,2,MINISTERIO PÚBLICO,31,MASCULINO,SIN DATOS,0,0,Morelia,Centro,febrero,sábado,1,-101.191547960043,19.7029455203492
51885,51891,2025,MOR/20250014394,2025/02/15,"01:30:00",COLISIÓN CONTRA OBJETO FIJO,CONCRETO,Bueno,Bueno,1,JAC,GRIS,1,,32,MASCULINO,SIN DATOS,0,0,Morelia,Valle Quieto,febrero,sábado,2,-101.202241592109,19.6809560547351
51886,51892,2025,LEG55498,2025/02/15,"01:50:00",VOLCADURA,ASFALTO,Bueno,Regular,1,SEAT,VERDE,1,MINISTERIO PÚBLICO,,,,0,1,Morelia,Nicolas Bravo(Los Ejidos),febrero,sábado,2,-101.214922070503,19.7029505706978
51887,51893,2025,,2025/02/15,"02:20:00",COLISIÓN POR ALCANCE,ASFALTO,Bueno,Bueno,1,TOYOTA,BLANCO,1,,,,SIN DATOS,0,0,Morelia,Sin datos,febrero,sábado,2,-101.2820738554,19.6177588533002
51888,51894,2025,,2025/02/15,12:00:00,COLISIÓN CONTRA OBJETO FIJO,ASFALTO,Bueno,Bueno,1,Honda,Negro,1,,,,SIN DATOS,0,0,Charo,La Goleta,febrero,sábado,12,-101.076200567186,19.7423422231293
51889,51895,2025,,2025/02/15,12:30:00,COLISIÓN POR ALCANCE,ASFALTO,Bueno,Bueno,2,MAZDA/M2H,ROJO,2,,30,FEMENINO,SIN DATOS,0,0,Morelia,Ventura Puente,febrero,sábado,13,-101.181107461452,19.6885513795522
51890,51896,2025,LEG55503,2025/02/15,15:00:00,COLISIÓN CONTRA OBJETO FIJO,CONCRETO,Bueno,Bueno,2,FORD,BLANCO,2,,27,MASCULINO,SIN DATOS,0,0,Morelia,Centro,febrero,sábado,15,-101.189918518066,19.7014203078041
51891,51897,2025,,2025/02/15,15:15:00,COLISIÓN POR CORTE DE CIRCULACIÓN,ASFALTO,Bueno,Bueno,2,HONDA,ROJO,2,,17,MASCULINO,SIN DATOS,0,0,Morelia,La Colina,febrero,sábado,15,-101.2156650424,19.7104451122175
51892,51898,2025,,2025/02/15,16:40:00,COLISIÓN POR MANIOBRA DE REVERSA,ASFALTO,Bueno,Bueno,2,NISSAN/VERSA,AZUL,2,,30,MASCULINO,SIN DATOS,0,0,Morelia,Josefa Ortiz de Dominguez,febrero,sábado,17,-101.209986805916,19.6719687355925
51893,51899,2025,,2025/02/15,18:10:00,COLISIÓN POR CORTE DE CIRCULACIÓN,ASFALTO,Bueno,Bueno,2,CHEVROLET,ROJO,2,MINISTERIO PÚBLICO,39,MASCULINO,SIN DATOS,0,0,Morelia,Lomas de La Maestranza,febrero,sábado,18,-101.330836415291,19.6845523565052
51894,51900,2025,,2025/02/15,19:35:00,COLISIÓN CON PEATÓN,ASFALTO,Bueno,Bueno,1,S/D,S/D,1,,,,,1,0,Morelia,San Juanito Itzicuaro,febrero,sábado,20,-101.257265433669,19.6726891792953
51895,51901,2025,LEG55505,2025/02/15,20:43:00,COLISIÓN POR CAMBIO DE CARRIL,ASFALTO,Bueno,Bueno,2,FORD,GRIS,2,,30,MASCULINO,SIN DATOS,0,0,Morelia,Indeco El Vivero,febrero,sábado,21,-101.229947805405,19.6769265350358
51896,51902,2025,,2025/02/16,"00:00:00",CAIDA DE MOTOCICLETA,ASFALTO,Bueno,Bueno,1,ITALIKA,ROJO Y NEGRO,0,,,,,0,0,Charo,Sin datos,febrero,domingo,0,-101.001061163843,19.6595382040372
51897,51903,2025,,2025/02/16,"00:00:00",COLISIÓN POR CORTE DE CIRCULACIÓN,ASFALTO,Bueno,Bueno,2,NAVISTAR,BLANCO Y AZUL,2,,34,MASCULINO,SIN DATOS,0,0,Morelia,Santillan La Huerta,febrero,domingo,0,-101.22014567256,19.6753227807315
51898,51904,2025,,2025/02/16,"00:00:00",CAIDA DE MOTOCICLETA,ASFALTO,Bueno,Bueno,1,VENTO,ARENA,0,,,,,0,0,Morelia,Sin datos,febrero,domingo,0,-101.290673017502,19.5998499106886
51899,51905,2025,,2025/02/16,"00:40:00",SUBIDA AL CAMELLÓN,ASFALTO,Bueno,Bueno,1,NISSAN MARCH,GRIS,1,,45,,SIN DATOS,0,0,Morelia,Rafael Carrillo,febrero,domingo,1,-101.237618923187,19.7070615015061
51900,51906,2025,LEG55509,2025/02/16,"01:41:00",COLISIÓN CONTRA OBJETO FIJO,CONCRETO,Bueno,Bueno,1,CHEVROLET,GRIS,0,,,,,0,0,Morelia,Industrial,febrero,domingo,2,-101.188631057739,19.7108743711462
51901,51907,2025,,2025/02/16,"05:30:00",COLISIÓN POR ALCANCE,ASFALTO,Bueno,Bueno,2,VOLKSWAGEN,ROJO,2,,32,MASCULINO,SIN DATOS,0,0,Morelia,Sin datos,febrero,domingo,6,-101.290743090212,19.6487044303933
51902,51908,2025,LEG55512,2025/02/16,"06:15:00",COLISIÓN CONTRA OBJETO FIJO,ASFALTO,Bueno,Bueno,1,VOLKSWAGEN,AZUL,1,,40,MASCULINO,SIN DATOS,0,0,Morelia,Sentimientos de La Nacion,febrero,domingo,6,-101.236869245768,19.6848112164034
51903,51909,2025,,2025/02/16,11:58:00,COLISIÓN POR ALCANCE,CONCRETO,Bueno,Bueno,3,VOLKSWAGEN,BLANCO,3,,43,MASCULINO,SIN DATOS,0,0,Morelia,Tinijaro,febrero,domingo,12,-101.257436424494,19.697267565203
51904,51910,2025,,2025/02/16,13:20:00,COLISIÓN POR CORTE DE CIRCULACIÓN,ASFALTO,Bueno,Bueno,2,NISSAN,BLANCO,2,,45,MASCULINO,SIN DATOS,0,0,Morelia,Jardines del Rincon,febrero,domingo,13,-101.153416335583,19.6873543348153
51905,51911,2025,,2025/02/16,16:00:00,COLISIÓN POR CAMBIO DE CARRIL,ASFALTO,Bueno,Bueno,2,ITALIKA,NEGRO Y GRIS,2,,19,MASCULINO,SIN DATOS,0,0,Morelia,Nueva Valladolid,febrero,domingo,16,-101.210649646819,19.7020594973644
51907,51913,2025,,2025/02/16,18:15:00,COLISIÓN CONTRA OBJETO FIJO,ASFALTO,Bueno,Bueno,2,FORD,NARANJA,2,MINISTERIO PÚBLICO,22,MASCULINO,SIN DATOS,0,0,Morelia,Tenencia Morelos,febrero,domingo,18,-101.243929623155,19.6466055443724
51909,51915,2025,,2025/02/16,20:10:00,COLISIÓN POR MANIOBRA DE REVERSA,ASFALTO,Bueno,Bueno,2,HONDA,NEGRO,2,,31,MASCULINO,SIN DATOS,0,0,Morelia,Ferrocarrilero,febrero,domingo,20,-101.223609235,19.6918737849991
51910,51916,2025,MOR22589001,2025/02/16,22:40:00,COLISIÓN CONTRA OBJETO FIJO,ASFALTO,Bueno,Bueno,1,MERCEDES BENZ,ROJO,1,,,MASCULINO,SIN DATOS,0,0,Morelia,Jardines de Guadalupe,febrero,domingo,23,-101.232898235321,19.7099744413497
51911,51917,2025,,2025/02/17,"00:00:00",COLISIÓN POR INVASIÓN DE CARRIL,ASFALTO,Bueno,Bueno,2,FREIGHTLINER,BLANCO,2,,21,MASCULINO,SIN DATOS,0,0,Morelia,Centro,febrero,lunes,0,-101.19118388321,19.702768457823
51913,51919,2025,,2025/02/17,"06:30:00",COLISIÓN POR ALCANCE,ASFALTO,Bueno,Bueno,2,MAZDA,BLANCO,2,,23,MASCULINO,SIN DATOS,0,0,Morelia,Eduardo Ruiz,febrero,lunes,7,-101.224099248648,19.7248511696926
51914,51920,2025,,2025/02/17,"07:09:00",COLISIÓN POR CORTE DE CIRCULACIÓN,CONCRETO,Bueno,Bueno,2,ITALIKA,NEGRO,2,MINISTERIO PÚBLICO,0,,SIN DATOS,0,0,Morelia,Ventura Puente,febrero,lunes,7,-101.193205035,19.6924290599991
51915,51921,2025,,2025/02/17,"08:05:00",COLISIÓN POR CORTE DE CIRCULACIÓN,ASFALTO,Bueno,Bueno,2,RENAULT,ROJO,2,,46,FEMENINO,SIN DATOS,0,0,Morelia,Adolfo Lopez Mateos,febrero,lunes,8,-101.223653566477,19.6936604782947
51916,51922,2025,,2025/02/17,15:05:00,COLISIÓN POR CORTE DE CIRCULACIÓN,ASFALTO,Bueno,Bueno,2,S/D,S/D,1,,2,MASCULINO,SIN DATOS,0,0,Morelia,Colinas del Sur,febrero,lunes,15,-101.199102401733,19.6685015944428
51917,51923,2025,LEG55528,2025/02/17,16:24:00,COLISIÓN POR ALCANCE,ASFALTO,Bueno,Bueno,2,ITALIKA,ROJO,2,,20,,SIN DATOS,0,0,Morelia,Vista Bella,febrero,lunes,16,-101.192218512297,19.6822339633483
51918,51924,2025,,2025/02/17,18:50:00,COLISIÓN CONTRA OBJETO FIJO,ASFALTO,Lluvioso,Regular,1,HONDA,BLANCO,1,,45,MASCULINO,SIN DATOS,0,0,Morelia,Centenario (Los Alamos Ii),febrero,lunes,19,-101.178838312626,19.7383773651273
51919,51925,2025,,2025/02/17,21:35:00,COLISIÓN POR ALCANCE,ASFALTO,Bueno,Regular,2,PULSAR 250,BLANCO,3,,21,MASCULINO,SIN DATOS,1,0,Morelia,Torreon Nuevo,febrero,lunes,22,-101.210090741515,19.7477617129434
51920,51926,2025,,2025/02/18,"07:10:00",COLISIÓN POR CORTE DE CIRCULACIÓN,ASFALTO,Bueno,Bueno,2,VOLKSWAGEN,BLANCO,2,,50,FEMENINO,SIN DATOS,0,0,Morelia,Ventura Puente,febrero,martes,7,-101.181924194098,19.6897395765012
51921,51927,2025,,2025/02/18,"08:00:00",COLISIÓN POR CORTE DE CIRCULACIÓN,ASFALTO,Bueno,Bueno,2,DODGE,BLANCO,2,,56,MASCULINO,SIN DATOS,0,0,Morelia,Arcos del Valle,febrero,martes,8,-101.236247643828,19.7076258624455
51922,51928,2025,,2025/02/18,"08:40:00",COLISIÓN POR CORTE DE CIRCULACIÓN,ASFALTO,Bueno,Bueno,2,ITALIKA,NEGRO Y GRIS,2,,54,MASCULINO,SIN DATOS,0,0,Morelia,Ventura Puente,febrero,martes,9,-101.179449856281,19.6923618492434
51923,51929,2025,LEG55542,2025/02/18,"09:00:00",COLISIÓN POR MANIOBRA DE REVERSA,ASFALTO,Bueno,Bueno,2,BMW,GRIS,2,,44,MASCULINO,SIN DATOS,0,0,Morelia,Infonavit Jose Sixtos Verduzco,febrero,martes,9,-101.23712271452,19.6938129669077
51924,51930,2025,,2025/02/18,"09:32:00",COLISIÓN POR ALCANCE,ASFALTO,Bueno,Bueno,2,VOLKSWAGEN,BLANCO,2,,30,FEMENINO,SIN DATOS,0,0,Morelia,Alberto Oviedo Mota,febrero,martes,10,-101.202125251293,19.6772245537521
51925,51931,2025,,2025/02/18,12:10:00,COLISIÓN CON PEATÓN,SIN_DATOS,Bueno,Bueno,1,NISSAN,PLATA,1,,25,MASCULINO,SIN DATOS,0,0,Morelia,Isaac Arriaga,febrero,martes,12,-101.167751401663,19.7113086790074
51926,51932,2025,,2025/02/18,12:30:00,COLISIÓN POR ALCANCE,ASFALTO,Bueno,Bueno,3,PEUGEOT,BLANCO,3,,37,MASCULINO,SIN DATOS,0,0,Morelia,Bosques de Oriente,febrero,martes,13,-101.155464872718,19.7155904621211
51927,51933,2025,LEG55541,2025/02/18,13:25:00,COLISIÓN POR ALCANCE,CONCRETO,Nublado,Bueno,0,,,0,,,,,0,0,Morelia,Enrique Arreguin Robles,febrero,martes,13,-101.184135340154,19.7195663009117
51928,51934,2025,,2025/02/18,13:25:00,COLISIÓN POR ALCANCE,CONCRETO,Bueno,Bueno,2,NISSAN,BLANCO,1,,30,MASCULINO,SIN DATOS,0,0,Morelia,Enrique Arreguin Robles,febrero,martes,13,-101.18413567543,19.7196108024771
51929,51935,2025,,2025/02/18,13:45:00,VOLCADURA,ASFALTO,Bueno,Bueno,1,CHEVROLET,GRIS,1,,,MASCULINO,SIN DATOS,0,0,Morelia,Cumbres de Morelia,febrero,martes,14,-101.140667796135,19.6913520252084
51930,51936,2025,LEG55546,2025/02/18,14:40:00,COLISIÓN POR CORTE DE CIRCULACIÓN,ASFALTO,Bueno,Bueno,2,CHEVROLET,NEGRO,4,,47,FEMENINO,SIN DATOS,2,0,Morelia,Fuentes de Valladolid,febrero,martes,15,-101.221074387431,19.6734942286812
51931,51937,2025,,2025/02/18,14:58:00,COLISIÓN POR ALCANCE,ASFALTO,Lluvioso,Regular,2,NISSAN,BLANCO,2,,19,FEMENINO,SIN DATOS,0,0,Morelia,Chapultepec Norte,febrero,martes,15,-101.176207065582,19.6968521587525
51932,51938,2025,,2025/02/18,16:15:00,SALIDA DE SUPERFICIE DE RODAMIENTO,ASFALTO,Lluvioso,Bueno,1,TOYOTA,VERDE,1,,20,MASCULINO,SIN DATOS,0,0,Morelia,Centenario (Los Alamos Ii),febrero,martes,16,-101.178896650672,19.7383230859042
51933,51939,2025,,2025/02/18,17:30:00,SUBIDA AL CAMELLÓN,ASFALTO,Bueno,Bueno,1,SUZUKI,NEGRO,1,,39,MASCULINO,SIN DATOS,0,0,Morelia,Lomas de Guayangareo,febrero,martes,18,-101.16084203124,19.7041885325684
51934,51940,2025,,2025/02/18,20:50:00,COLISIÓN POR CORTE DE CIRCULACIÓN,ASFALTO,Bueno,Bueno,2,TOYOTA,GRIS,2,,20,MASCULINO,SIN DATOS,0,0,Morelia,Sin datos,febrero,martes,21,-101.164617240429,19.6650056476396
51935,51941,2025,MOR20250016004,2025/02/19,"00:00:00",COLISIÓN POR CAMBIO DE CARRIL,ASFALTO,Bueno,Bueno,2,MAZDA,NEGRO,2,,38,,SIN DATOS,0,0,Morelia,Isaac Arriaga,febrero,miércoles,0,-101.172378212214,19.7072963365013
51936,51942,2025,MOR20250016012,2025/02/19,"08:43:00",VOLCADURA,ASFALTO,Bueno,Bueno,1,CHEVROLET,ARENA,1,,23,MASCULINO,SIN DATOS,0,0,Morelia,Sin datos,febrero,miércoles,9,-101.127224564552,19.7134953506681
51937,51943,2025,,2025/02/19,"09:29:00",COLISIÓN POR INVASIÓN DE CARRIL,ASFALTO,Bueno,Bueno,2,MAZDA,CAFÉ,3,MINISTERIO PÚBLICO,,MASCULINO,SIN DATOS,1,0,Queréndaro,Sin datos,febrero,miércoles,9,-100.830116271973,19.8012707855421
51938,51944,2025,LEG55550,2025/02/19,"09:40:00",COLISIÓN CONTRA OBJETO FIJO,ASFALTO,Bueno,Bueno,1,CHEVROLET,GRIS,1,,,MASCULINO,SIN DATOS,0,0,Morelia,Montaña Monarca,febrero,miércoles,10,-101.161785498261,19.6724331411724
51939,51945,2025,"20250016012",2025/02/19,10:02:00,COLISIÓN POR ALCANCE,ASFALTO,Bueno,Bueno,2,VOLKSWAGEN,BLANCO,2,,28,MASCULINO,SIN DATOS,0,0,Morelia,La Soledad,febrero,miércoles,10,-101.185166715661,19.7274533823308
51940,51946,2025,,2025/02/19,11:50:00,COLISIÓN CON PEATÓN,ASFALTO,Bueno,Bueno,2,TOYOTA,BLANCO/GRIS,3,,28,,SIN DATOS,1,0,Morelia,Elias Perez Avalos,febrero,miércoles,12,-101.171243302524,19.7145627941307
51941,51947,2025,,2025/02/19,12:50:00,COLISIÓN CON PEATÓN,ASFALTO,Bueno,Bueno,2,MERCEDES BENZ,BLANCO,2,,34,MASCULINO,SIN DATOS,0,0,Morelia,Colinas del Sur,febrero,miércoles,13,-101.199805140495,19.6645532179946
51942,51948,2025,MOR202500016080,2025/02/19,16:00:00,COLISIÓN POR CAMBIO DE CARRIL,ASFALTO,Bueno,Bueno,2,CHEVROLET,BLANCO,2,,64,MASCULINO,SIN DATOS,0,0,Morelia,Vista Bella,febrero,miércoles,16,-101.194037050009,19.6784772365312
51943,51949,2025,MOR20250016083,2025/02/19,16:45:00,COLISIÓN CON PEATÓN,SIN_DATOS,Bueno,Bueno,2,MAZDA,AZUL,2,,39,,SIN DATOS,0,0,Morelia,Ventura Puente,febrero,miércoles,17,-101.18018142879,19.6882710597517
51944,51950,2025,LEG55567,2025/02/20,"01:25:00",COLISIÓN CON PEATÓN,ASFALTO,Bueno,Bueno,1,NISSAN,NEGRO,0,,,,,0,0,Morelia,Real Santa Rita,febrero,jueves,1,-101.220326721668,19.6751712440617
51945,51951,2025,MOR20250016183,2025/02/20,"02:50:00",SALIDA DE SUPERFICIE DE RODAMIENTO,ASFALTO,Bueno,Bueno,1,NISSAN,BLANCO,1,,35,MASCULINO,SIN DATOS,0,0,Morelia,Sin datos,febrero,jueves,3,-101.117316484451,19.6884554142703
51946,51952,2025,,2025/02/20,"07:34:00",COLISIÓN POR CAMBIO DE CARRIL,ASFALTO,Bueno,Bueno,2,NISSAN,ROJO,2,,36,FEMENINO,SIN DATOS,0,0,Morelia,Vista Bella,febrero,jueves,8,-101.195925675947,19.6790442736003