fid,id_accidente,anio_origen,folio_c5i,dia_incidente,hora_ocurrencia,tipo_incidente_vial,superficie_ocurrencia,condiciones_climaticas,condiciones_via,numero_vehiculos_involucrados,marca_vehiculo_ocasiona_siniestro,color_vehiculo_ocasiona_siniestro,numero_personas_involucradas,lugar_remite_presunto_responsable,edad_presunto_responsable,sexo_presunto_responsable,resultados_toxicologia,numero_personas_lesionadas,numero_personas_fallecidas,municipio,colonia,mes,dia_semana,hora_redondeada,lon,lat
51950,51956,2025,,2025/02/20,18:05:00,COLISIÓN POR CAMBIO DE CARRIL,ASFALTO,Bueno,Bueno,2,FREIGHTLINER,VERDE,2,,41,MASCULINO,SIN DATOS,0,0,Morelia,Jardines de Torremolinos,febrero,jueves,18,-101.225734055042,19.6768659209918
51951,51957,2025,LEG55563,2025/02/20,20:45:00,COLISIÓN POR ALCANCE,ASFALTO,Bueno,Bueno,2,VOLKSWAGEN,BLANCO,2,,39,MASCULINO,SIN DATOS,0,0,Morelia,Buenavista,febrero,jueves,21,-101.161953806877,19.7058519695647
51952,51958,2025,MOR/20250016465,2025/02/20,23:05:00,COLISIÓN CONTRA OBJETO FIJO,CONCRETO,Bueno,Bueno,2,RENAULT,NEGRO,2,,40,MASCULINO,SIN DATOS,0,0,Morelia,Alberto Oviedo Mota,febrero,jueves,23,-101.199487298727,19.6810570755499
51953,51959,2025,MOR20250016618,2025/02/21,"00:00:00",COLISIÓN POR CAMBIO DE CARRIL,ASFALTO,Bueno,Bueno,2,SEAT,NEGRO,2,,36,,SIN DATOS,0,0,Morelia,Lomas de Morelia (Dr Ignacio Chavez),febrero,viernes,0,-101.17564111948,19.7176034854979
51954,51960,2025,"2025001672728",2025/02/21,"00:50:00",COLISIÓN CON PEATÓN,SIN_DATOS,Bueno,Bueno,2,HONDA,ROJO,2,,,MASCULINO,SIN DATOS,0,0,Morelia,Enrique Ramirez,febrero,viernes,1,-101.166016211543,19.7096478904883
51955,51961,2025,,2025/02/21,"02:10:00",COLISIÓN POR CORTE DE CIRCULACIÓN,ASFALTO,Bueno,Bueno,1,VOLKSWAGEN,CAFÉ,1,,20,MASCULINO,SIN DATOS,0,0,Morelia,Lomas de Santa Maria,febrero,viernes,2,-101.177564263344,19.6746509670715
51956,51962,2025,MOR20250016748,2025/02/21,"02:45:00",COLISIÓN CON PEATÓN,ASFALTO,Bueno,Bueno,2,JEEP,GRIS,2,,44,MASCULINO,SIN DATOS,0,0,Morelia,Ventura Puente,febrero,viernes,3,-101.179734170437,19.6907004817189
51957,51963,2025,MOR2050016623,2025/02/21,15:25:00,COLISIÓN POR CORTE DE CIRCULACIÓN,ASFALTO,Bueno,Bueno,2,MAZDA,GRIS,2,,21,MASCULINO,SIN DATOS,0,0,Morelia,El Lago 3,febrero,viernes,15,-101.21740986212,19.7263653946244
51958,51964,2025,MOR20250000000,2025/02/21,17:49:00,COLISIÓN POR CORTE DE CIRCULACIÓN,SIN_DATOS,Bueno,Bueno,2,FORD,GRIS,2,,35,,SIN DATOS,0,0,Morelia,Martires de Uruapan,febrero,viernes,18,-101.197319408167,19.725017061641
51959,51965,2025,MOR2025001655,2025/02/21,19:40:00,COLISIÓN POR CORTE DE CIRCULACIÓN,ASFALTO,Bueno,Bueno,2,ITALIKA,NEGRO Y VERDE,1,,43,MASCULINO,SIN DATOS,0,0,Morelia,Ciudad Industrial,febrero,viernes,20,-101.142812557518,19.7250487373912
51960,51966,2025,MOR20250016675,2025/02/21,21:00:00,COLISIÓN POR ALCANCE,SIN_DATOS,Bueno,Bueno,2,NISSAN,BLANCO,2,,51,,SIN DATOS,0,0,Morelia,Canteras de Morelia,febrero,viernes,21,-101.174010336399,19.7166995533948
51961,51967,2025,MOR20250016686,2025/02/21,21:17:00,COLISIÓN POR CORTE DE CIRCULACIÓN,ASFALTO,Bueno,Bueno,2,JEEP,NEGRO,2,,67,FEMENINO,SIN DATOS,0,0,Morelia,Periodistas,febrero,viernes,21,-101.143777575,19.6861377649991
51962,51968,2025,MOR20250016716,2025/02/21,23:30:00,COLISIÓN POR ALCANCE,ASFALTO,Nublado,Regular,2,CHEVROLET,AZUL,2,,24,MASCULINO,SIN DATOS,0,0,Morelia,Vasco de Quiroga,febrero,viernes,0,-101.173390746117,19.6977385262272
51963,51969,2025,,2025/02/22,"00:00:00",COLISIÓN CONTRA OBJETO FIJO,ASFALTO,Bueno,Bueno,1,CHEVROLET,ROJO,1,,58,FEMENINO,SIN DATOS,0,0,Morelia,Las Americas,febrero,sábado,0,-101.15894973278,19.6879604345346
51964,51970,2025,MOR/20250016558,2025/02/22,"09:20:00",COLISIÓN CON PEATÓN,SIN_DATOS,Bueno,Bueno,2,CHEVROLET,BEIGE,2,,,,SIN DATOS,0,0,Morelia,Lomas de Morelia (Dr Ignacio Chavez),febrero,sábado,9,-101.175522767007,19.7175012252789
51965,51971,2025,,2025/02/22,13:37:00,COLISIÓN POR CORTE DE CIRCULACIÓN,ASFALTO,Bueno,Bueno,2,FREIGHTLINER,BLANCO CON AMARILLO,2,,33,MASCULINO,SIN DATOS,0,0,Morelia,Irrigacion,febrero,sábado,14,-101.225101388991,19.7045777215598
51966,51972,2025,,2025/02/22,14:00:00,COLISIÓN POR ALCANCE,ASFALTO,Bueno,Bueno,3,MITSUBISHI,ROJO,3,,66,MASCULINO,SIN DATOS,0,0,Morelia,Residencial Alborada,febrero,sábado,14,-101.234630942345,19.7024657365134
51967,51973,2025,,2025/02/22,14:05:00,COLISIÓN POR CAMBIO DE CARRIL,CONCRETO,Bueno,Bueno,2,NISSAN,ROJO,2,,30,MASCULINO,SIN DATOS,0,0,Morelia,Elias Perez Avalos,febrero,sábado,14,-101.16548627615,19.7104387995776
51968,51974,2025,,2025/02/22,14:55:00,COLISIÓN POR CORTE DE CIRCULACIÓN,CONCRETO,Bueno,Bueno,2,ITALIKA,BLANCO/ROJO,2,,,MASCULINO,SIN DATOS,0,0,Morelia,Adolfo Lopez Mateos,febrero,sábado,15,-101.229090839624,19.7008925404747
51969,51975,2025,,2025/02/22,15:40:00,COLISIÓN POR ALCANCE,ASFALTO,Bueno,Bueno,2,NISSAN,BLANCO,2,,25,MASCULINO,SIN DATOS,0,0,Morelia,Ferrocarrilero,febrero,sábado,16,-101.212792396545,19.7018925192022
51970,51976,2025,,2025/02/22,16:00:00,COLISIÓN POR CORTE DE CIRCULACIÓN,ASFALTO,Bueno,Bueno,2,BAJAJ,NEGRO,2,,24,MASCULINO,SIN DATOS,0,0,Morelia,Articulo Constitucional,febrero,sábado,16,-101.170142591,19.713432225462
51971,51977,2025,MOR/20250016646,2025/02/22,16:35:00,COLISIÓN CON PEATÓN,SIN_DATOS,Bueno,Bueno,2,NISSAN,BLANCO Y CREMA,2,,39,,SIN DATOS,0,0,Morelia,Ciudad Industrial,febrero,sábado,17,-101.164335608482,19.7250645175483
51972,51978,2025,,2025/02/22,20:06:00,COLISIÓN POR CAMBIO DE CARRIL,ASFALTO,Bueno,Bueno,2,FREIGHTLINER,ROJO,2,,29,MASCULINO,SIN DATOS,0,0,Morelia,Nicolaitas Ilustres,febrero,sábado,20,-101.22471883893,19.7246946302564
51973,51979,2025,,2025/02/22,21:55:00,COLISIÓN POR CORTE DE CIRCULACIÓN,ASFALTO,Bueno,Bueno,1,DODGE,GRIS,1,,,MASCULINO,SIN DATOS,0,0,Morelia,Sin datos,febrero,sábado,22,-101.377555131912,19.5076023449237
51974,51980,2025,,2025/02/22,22:00:00,COLISIÓN POR ALCANCE,ASFALTO,Bueno,Bueno,2,ITALIKA,NEGRO Y DORADO,2,,25,MASCULINO,SIN DATOS,0,0,Morelia,Lomas de Guayangareo,febrero,sábado,22,-101.161296665669,19.7053848201245
51975,51981,2025,"5848",2025/02/22,22:10:00,COLISIÓN CONTRA OBJETO FIJO,TERRACERIA,Bueno,Bueno,1,ITALIKA,ROJO,1,,,,SIN DATOS,0,0,Morelia,Vicente Lombardo Toledano (Ejidal Isacc Arriaga) (Etnias de Mexico),febrero,sábado,22,-101.149389334023,19.720029937181
51976,51982,2025,,2025/02/22,23:39:00,COLISIÓN POR CORTE DE CIRCULACIÓN,ASFALTO,Bueno,Bueno,2,CHEVROLET,NEGRO,1,MINISTERIO PÚBLICO,,,SIN DATOS,0,0,Morelia,Sin datos,febrero,sábado,0,-101.17487937212,19.7448579192845
51977,51983,2025,,2025/02/23,"00:00:00",SALIDA DE SUPERFICIE DE RODAMIENTO,ASFALTO,Bueno,Bueno,1,NISSAN,ROJO,1,,24,MASCULINO,SIN DATOS,0,0,Morelia,Felix Ireta,febrero,domingo,0,-101.195734888315,19.6815274528801
51978,51984,2025,,2025/02/23,"07:00:00",VOLCADURA,ASFALTO,Bueno,Bueno,1,NISSAN,ROJO,0,,,,,0,0,Morelia,La Soledad,febrero,domingo,7,-101.183784306049,19.7261047420661
51979,51985,2025,,2025/02/23,"09:51:00",COLISIÓN POR ALCANCE,ASFALTO,Bueno,Bueno,2,KENWORTH,VERDE,2,,38,MASCULINO,SIN DATOS,0,0,Morelia,Sentimientos de La Nacion,febrero,domingo,10,-101.235390007496,19.6809304838312
51980,51986,2025,MOR20250017298,2025/02/23,12:15:00,COLISIÓN POR CORTE DE CIRCULACIÓN,ASFALTO,Bueno,Bueno,2,CHEVROLET,GRIS,2,,26,FEMENINO,SIN DATOS,0,0,Morelia,Ana Maria Gallaga (Riviera Norte),febrero,domingo,12,-101.223518550396,19.6767828923422
51981,51987,2025,LEG55594,2025/02/23,12:15:00,COLISIÓN POR CORTE DE CIRCULACIÓN,ASFALTO,Bueno,Bueno,2,CHEVROLET,GRIS,2,,26,FEMENINO,SIN DATOS,0,0,Morelia,Ana Maria Gallaga (Riviera Norte),febrero,domingo,12,-101.223333477974,19.6767926789913
51982,51988,2025,MOR20250017311,2025/02/23,13:15:00,COLISIÓN POR CAMBIO DE CARRIL,CONCRETO,Bueno,Bueno,2,VENTO,GRIS/AMARILLO,1,MINISTERIO PÚBLICO,48,MASCULINO,SIN DATOS,0,0,Morelia,Primo Tapia,febrero,domingo,13,-101.21197398752,19.710553373953
51983,51989,2025,LEG55593,2025/02/23,13:15:00,COLISIÓN POR CAMBIO DE CARRIL,ASFALTO,Bueno,Bueno,2,VENTO,GRIS Y AMARILLO,1,MINISTERIO PÚBLICO,48,MASCULINO,SIN DATOS,0,0,Morelia,Primo Tapia,febrero,domingo,13,-101.212128707591,19.7118016927519
51984,51990,2025,,2025/02/23,15:13:00,SALIDA DE SUPERFICIE DE RODAMIENTO,ASFALTO,Bueno,Bueno,1,ITALIKA,NEGRO Y NARANJA,3,MINISTERIO PÚBLICO,50,MASCULINO,SIN DATOS,2,0,Morelia,El Eden,febrero,domingo,15,-101.249675452709,19.6460053454491
51985,51991,2025,,2025/02/23,17:25:00,COLISIÓN CONTRA OBJETO FIJO,CONCRETO,Bueno,Bueno,1,VOLKSWAGEN,NEGRO,0,,,,,0,0,Morelia,Agustin Arriaga Rivera,febrero,domingo,17,-101.221349649131,19.6930395862786
51986,51992,2025,,2025/02/23,18:45:00,COLISIÓN POR NO RESPETAR SEMÁFORO,ASFALTO,Bueno,Bueno,3,ITALIKA/150Z,NEGRO/AMARILLO,3,,24,FEMENINO,SIN DATOS,0,0,Morelia,Del Empleado,febrero,domingo,19,-101.18002517,19.6886070099991
51987,51993,2025,,2025/02/23,21:50:00,COLISIÓN POR MANIOBRA DE REVERSA,CONCRETO,Bueno,Bueno,2,FIAT,PLATA,2,,42,FEMENINO,SIN DATOS,0,0,Morelia,Las Americas,febrero,domingo,22,-101.15527803761,19.6905832056681
51988,51994,2025,,2025/02/23,23:05:00,COLISIÓN CONTRA OBJETO FIJO,ASFALTO,Bueno,Bueno,1,CHEVROLET,VERDE,1,,44,MASCULINO,SIN DATOS,0,0,Morelia,Avicola Benito Juarez,febrero,domingo,23,-101.279547214508,19.6913558132442
51989,51995,2025,MOR/20250017766,2025/02/24,"00:00:00",COLISIÓN POR CORTE DE CIRCULACIÓN,CONCRETO,Bueno,Bueno,2,NISSAN,BLANCO/MORADO,2,,65,MASCULINO,SIN DATOS,0,0,Morelia,San Jose del Cerrito,febrero,lunes,0,-101.22315376997,19.6610120357947
51991,51997,2025,,2025/02/24,13:30:00,COLISIÓN POR CAMBIO DE CARRIL,ASFALTO,Bueno,Bueno,2,HYUNDAI,PLATA,2,,23,FEMENINO,SIN DATOS,0,0,Morelia,Sentimientos de La Nacion,febrero,lunes,14,-101.235212981701,19.681038134152
51992,51998,2025,MOR20250017690,2025/02/24,16:40:00,COLISIÓN POR ALCANCE,ASFALTO,Bueno,Bueno,2,NISSAN,ROJO,1,,36,FEMENINO,SIN DATOS,0,0,Morelia,Vasco de Quiroga,febrero,lunes,17,-101.178151667118,19.6990264018439
51993,51999,2025,LEG55618,2025/02/24,16:40:00,COLISIÓN POR ALCANCE,ASFALTO,Bueno,Bueno,2,AUDI,ROJO,2,,30,MASCULINO,SIN DATOS,0,0,Morelia,Vista Bella,febrero,lunes,17,-101.192193031311,19.6822352260989
51994,52000,2025,,2025/02/24,17:15:00,COLISIÓN POR NO RESPETAR SEMÁFORO,ASFALTO,Bueno,Bueno,2,NISSAN,BLANCO,2,,40,MASCULINO,SIN DATOS,0,0,Morelia,Industrial,febrero,lunes,17,-101.188338696957,19.7125408948908
51995,52001,2025,,2025/02/24,17:29:00,SALIDA DE SUPERFICIE DE RODAMIENTO,ASFALTO,Bueno,Bueno,1,AIDI,NEGRO,1,,51,,SIN DATOS,0,0,Morelia,Sin datos,febrero,lunes,17,-101.097364202142,19.7381918058464
51996,52002,2025,,2025/02/24,19:40:00,COLISIÓN POR INVASIÓN DE CARRIL,ASFALTO,Bueno,Bueno,2,VOLKSWAGEN,BLANCO,2,,54,MASCULINO,SIN DATOS,0,0,Morelia,Ciudad Industrial,febrero,lunes,20,-101.145611107349,19.7283265581628
51997,52003,2025,LEG55591,2025/02/24,22:10:00,COLISIÓN POR INVASIÓN DE CARRIL,ASFALTO,Bueno,Bueno,2,VOLKSWAGEN,BLANCO,1,MINISTERIO PÚBLICO,0,,SIN DATOS,0,0,Charo,De Santiago,febrero,lunes,22,-101.040471763016,19.7405004371477
51998,52004,2025,"581000",2025/02/25,"06:30:00",COLISIÓN CON PEATÓN,SIN_DATOS,Bueno,Bueno,1,TOYOTA,BLANCO,1,,45,,SIN DATOS,0,0,Morelia,Centro,febrero,martes,7,-101.195202469826,19.7029594088073
51999,52005,2025,LEG55623,2025/02/25,"06:30:00",COLISIÓN CON PEATÓN,SIN_DATOS,Bueno,Bueno,2,TOYOTA,BLANCO,2,,45,,SIN DATOS,0,0,Morelia,Centro,febrero,martes,7,-101.195190399885,19.702974559851
52000,52006,2025,MOR20250018056,2025/02/25,"08:10:00",COLISIÓN CON PEATÓN,ASFALTO,Bueno,Bueno,2,CHEVROLET,AZUL,2,,34,MASCULINO,SIN DATOS,0,0,Morelia,Rinconada del Valle,febrero,martes,8,-101.218685209751,19.6782562498573
52001,52007,2025,MOR20250018178,2025/02/25,"08:22:00",COLISIÓN POR CORTE DE CIRCULACIÓN,ASFALTO,Bueno,Bueno,1,MG,ROJO,1,,50,,SIN DATOS,0,0,Morelia,Real Universidad,febrero,martes,8,-101.210378408432,19.6871699790289
52002,52008,2025,MOR202500,2025/02/25,"08:35:00",COLISIÓN POR CORTE DE CIRCULACIÓN,ASFALTO,Bueno,Bueno,2,KENWORTH,BLANCO,2,,31,MASCULINO,SIN DATOS,0,0,Morelia,Dr Miguel Silva,febrero,martes,9,-101.185058355331,19.7198178450586
52003,52009,2025,MOR20250018057,2025/02/25,"09:28:00",COLISIÓN POR ALCANCE,ASFALTO,Bueno,Bueno,2,CHEVROLET,AZUL,2,,68,MASCULINO,SIN DATOS,0,0,Morelia,Josefa Ortiz de Dominguez,febrero,martes,9,-101.209773570299,19.6721771026405
52004,52010,2025,MOR20250018058,2025/02/25,10:00:00,COLISIÓN POR NO RESPETAR SEMÁFORO,ASFALTO,Bueno,Bueno,2,VOLKSWAGEN,GRIS,2,,27,FEMENINO,SIN DATOS,0,0,Morelia,Vasco de Quiroga,febrero,martes,10,-101.173262000084,19.6977511525091
52005,52011,2025,MOR20234,2025/02/25,15:15:00,COLISIÓN CON PEATÓN,SIN_DATOS,Bueno,Bueno,2,VOLKSWAGEN,GRIS,2,,31,,SIN DATOS,0,0,Morelia,5 de Mayo,febrero,martes,15,-101.175687265717,19.7032683994983
52006,52012,2025,MOR/202500180,2025/02/25,15:20:00,COLISIÓN CON PEATÓN,SIN_DATOS,Bueno,Bueno,4,FORD,BLANCO Y AZUL,4,,30,,SIN DATOS,0,0,Morelia,Loma de Los Piñones,febrero,martes,15,-101.204753816128,19.6742367647647
52007,52013,2025,MOR20250018176,2025/02/25,15:25:00,COLISIÓN CON PEATÓN,ASFALTO,Bueno,Bueno,1,VENTO,BLANCO Y ROJ,1,,21,MASCULINO,SIN DATOS,0,0,Morelia,Diego Rivera,febrero,martes,15,-101.176360286772,19.7184474454246
52008,52014,2025,MOR2256791,2025/02/25,15:57:00,COLISIÓN POR NO RESPETAR SEMÁFORO,ASFALTO,Bueno,Bueno,2,NISSAN,BLANCO,2,,24,MASCULINO,SIN DATOS,0,0,Morelia,Poblado de Ocolusen,febrero,martes,16,-101.150082349777,19.6946400065481
52009,52015,2025,LEG55633,2025/02/25,16:35:00,COLISIÓN CON PEATÓN,SIN_DATOS,Bueno,Bueno,2,VENTO,BLANCO,2,,50,,SIN DATOS,0,0,Morelia,Alberto Oviedo Mota,febrero,martes,17,-101.195811331272,19.6815205077215
52010,52016,2025,MOR/20250018198,2025/02/25,16:50:00,COLISIÓN CON PEATÓN,SIN_DATOS,Bueno,Bueno,2,KTM,NARANJA,2,,29,,SIN DATOS,0,0,Morelia,La Quemada,febrero,martes,17,-101.241213083267,19.7057358136151
52011,52017,2025,MOR20250018225,2025/02/25,18:30:00,COLISIÓN POR CORTE DE CIRCULACIÓN,ASFALTO,Bueno,Bueno,2,MERCEDES BENZ,BLANCO/NARANJA,2,,59,MASCULINO,SIN DATOS,0,0,Morelia,Villa Magna,febrero,martes,19,-101.326206922531,19.674130688392
52012,52018,2025,MOR2025001864,2025/02/25,19:31:00,COLISIÓN POR INVASIÓN DE CARRIL,ASFALTO,Nublado,Regular,2,NISSAN,GRIS,2,,35,,SIN DATOS,0,0,Morelia,Indeco Expropiacion Petrolera,febrero,martes,20,-101.228743493557,19.6847506053428
52013,52019,2025,,2025/02/26,"00:00:00",COLISIÓN POR ALCANCE,CONCRETO,Bueno,Bueno,2,NISSAN,AMARILLO,2,,42,MASCULINO,SIN DATOS,0,0,Morelia,Centro,febrero,miércoles,0,-101.179713383317,19.7040698502545
52014,52020,2025,,2025/02/26,"06:30:00",COLISIÓN POR CORTE DE CIRCULACIÓN,ASFALTO,Bueno,Bueno,2,TOYOTA,BLANCO,2,MINISTERIO PÚBLICO,45,MASCULINO,SIN DATOS,0,0,Morelia,Centro,febrero,miércoles,7,-101.195295006037,19.6968925630747
52015,52021,2025,,2025/02/26,10:25:00,COLISIÓN POR ALCANCE,ASFALTO,Bueno,Bueno,2,CHEVROLET,ARENA,2,,32,MASCULINO,SIN DATOS,0,0,Morelia,Xangari,febrero,miércoles,10,-101.220694854856,19.674118691655
52016,52022,2025,,2025/02/26,10:57:00,COLISIÓN POR CORTE DE CIRCULACIÓN,CONCRETO,Bueno,Bueno,2,HYUNDAI,NEGRO,2,,49,FEMENINO,SIN DATOS,0,0,Morelia,Los Pinos de Michoacan,febrero,miércoles,11,-101.215235888958,19.6853668167236
52017,52023,2025,,2025/02/26,11:19:00,COLISIÓN POR ALCANCE,ASFALTO,Bueno,Bueno,2,NISSAN,BLANCO,2,,50,MASCULINO,SIN DATOS,0,0,Morelia,Sentimientos de La Nacion,febrero,miércoles,11,-101.234260797501,19.6788030334717
52018,52024,2025,,2025/02/26,11:25:00,COLISIÓN POR ALCANCE,ASFALTO,Bueno,Bueno,2,ITALIKA,ROJO,2,,34,MASCULINO,SIN DATOS,0,0,Morelia,Lomas de Morelia (Dr Ignacio Chavez),febrero,miércoles,11,-101.17577791214,19.7177095330633
52019,52025,2025,,2025/02/26,11:45:00,COLISIÓN POR CORTE DE CIRCULACIÓN,TERRACERIA,Bueno,Bueno,2,NISSAN,BLANCO,2,,39,MASCULINO,SIN DATOS,0,0,Morelia,Ciudad Jardin,febrero,miércoles,12,-101.255147829652,19.7106635294046
52020,52026,2025,,2025/02/26,12:25:00,COLISIÓN POR CAMBIO DE CARRIL,ASFALTO,Bueno,Bueno,2,FORD,BLANCO,2,,,MASCULINO,SIN DATOS,0,0,Morelia,Los Manantiales de Morelia,febrero,miércoles,12,-101.240268945694,19.6927636936725
52021,52027,2025,,2025/02/26,12:40:00,COLISIÓN POR CORTE DE CIRCULACIÓN,ASFALTO,Bueno,Regular,2,ITALIKA,AZUL/BLANCO,2,,67,MASCULINO,SIN DATOS,0,0,Morelia,Las Margaritas,febrero,miércoles,13,-101.207747161388,19.7081750708439
52022,52028,2025,,2025/02/26,15:13:00,COLISIÓN POR ALCANCE,CONCRETO,Bueno,Bueno,2,PULSAR,GRIS,2,,27,MASCULINO,SIN DATOS,0,0,Morelia,Agustin Arriaga Rivera,febrero,miércoles,15,-101.224500238895,19.6911007519674
52023,52029,2025,,2025/02/26,15:50:00,COLISIÓN CON PEATÓN,SIN_DATOS,Bueno,Bueno,2,SEAT,ROJO,2,,27,FEMENINO,SIN DATOS,0,0,Morelia,La Loma,febrero,miércoles,16,-101.181306615472,19.6813696082924
52024,52030,2025,,2025/02/26,17:23:00,COLISIÓN POR CORTE DE CIRCULACIÓN,ASFALTO,Bueno,Bueno,2,CHEVROLET,BLANCO CON AZUL,2,,24,FEMENINO,SIN DATOS,0,0,Morelia,Villas Lomas del Paraiso,febrero,miércoles,17,-101.178148984909,19.6748227091773
52025,52031,2025,MOR202501,2025/02/26,18:50:00,COLISIÓN CON PEATÓN,ASFALTO,Bueno,Bueno,2,MASA,BLANCO Y CAFE,2,,46,MASCULINO,SIN DATOS,0,0,Morelia,Ciudad Industrial,febrero,miércoles,19,-101.162323615077,19.7230636472625
52026,52032,2025,MOR20250018253,2025/02/26,20:10:00,COLISIÓN POR ALCANCE,ASFALTO,Bueno,Bueno,2,VOLKSWAGEN,NEGRO,2,,42,MASCULINO,SIN DATOS,0,0,Morelia,Sin datos,febrero,miércoles,20,-101.280015930533,19.6700536403103
52027,52033,2025,MOR20250018285,2025/02/26,20:32:00,COLISIÓN POR CORTE DE CIRCULACIÓN,ASFALTO,Bueno,Bueno,2,SCANIA,GRIS,2,,40,,SIN DATOS,0,0,Morelia,Felix Arreguin,febrero,miércoles,21,-101.226939707994,19.7208997644299
52028,52034,2025,,2025/02/26,20:56:00,COLISIÓN POR CORTE DE CIRCULACIÓN,ADOQUIN_EMPEDRADO,Bueno,Bueno,1,SUZUKI,NEGRO,2,,35,FEMENINO,SIN DATOS,0,0,Morelia,Chapultepec Oriente,febrero,miércoles,21,-101.162588149309,19.6904583619266
52029,52035,2025,,2025/02/27,"00:00:00",COLISIÓN POR CORTE DE CIRCULACIÓN,ASFALTO,Bueno,Bueno,1,FORD,BLANCO,1,,38,MASCULINO,SIN DATOS,0,0,Morelia,Bosques de Oriente,febrero,jueves,0,-101.155454814434,19.7156194993271
52030,52036,2025,,2025/02/27,"00:00:00",COLISIÓN POR CAMBIO DE CARRIL,ASFALTO,Bueno,Regular,2,DINA,BLANCO,2,,23,MASCULINO,SIN DATOS,0,0,Morelia,Ana Maria Gallaga (Riviera Norte),febrero,jueves,0,-101.221812665462,19.6768255116164
52031,52037,2025,LEG55706,2025/02/27,10:25:00,COLISIÓN POR ALCANCE,ASFALTO,Bueno,Bueno,3,FORD,GRIS,3,,25,FEMENINO,SIN DATOS,0,0,Morelia,Xangari,febrero,jueves,10,-101.220691502094,19.6741205858767
52032,52038,2025,LEG55664,2025/02/27,11:55:00,COLISIÓN POR CAMBIO DE CARRIL,ASFALTO,Bueno,Bueno,2,DODGE,BLANCO,2,MINISTERIO PÚBLICO,24,MASCULINO,SIN DATOS,0,0,Morelia,San Pascual,febrero,jueves,12,-101.264465153217,19.6961375056187
52033,52039,2025,MOR/20250018856,2025/02/27,12:04:00,COLISIÓN POR CORTE DE CIRCULACIÓN,ASFALTO,Bueno,Bueno,2,NISSAN,GRIS,2,,60,MASCULINO,SIN DATOS,0,0,Morelia,Industrial,febrero,jueves,12,-101.18827432394,19.7121469908458
52034,52040,2025,MOR/2025001//73,2025/02/27,12:55:00,COLISIÓN CON PEATÓN,SIN_DATOS,Bueno,Bueno,2,HONDA,ROJO,2,,59,MASCULINO,SIN DATOS,0,0,Morelia,Felix Ireta,febrero,jueves,13,-101.180713176727,19.6857734139183
52035,52041,2025,MOR/2025000,2025/02/27,14:35:00,COLISIÓN POR CORTE DE CIRCULACIÓN,ASFALTO,Bueno,Bueno,2,TOYOTA,BLANCO Y MORADO,2,,23,MASCULINO,SIN DATOS,0,0,Morelia,Industrial,febrero,jueves,15,-101.196258589625,19.7073746147564
52036,52042,2025,"20250019730",2025/02/27,14:40:00,COLISIÓN POR CORTE DE CIRCULACIÓN,ASFALTO,Bueno,Bueno,1,BMW,BLANCO,1,,21,MASCULINO,SIN DATOS,0,0,Morelia,Lomas de Las Americas Sur,febrero,jueves,15,-101.144135221839,19.692323337784
52037,52043,2025,MOR/20250018950,2025/02/27,15:25:00,COLISIÓN POR NO RESPETAR SEMÁFORO,ASFALTO,Bueno,Bueno,2,TOYOTA,BLANCO,2,,39,FEMENINO,SIN DATOS,0,0,Morelia,Vasco de Quiroga,febrero,jueves,15,-101.173267364502,19.6977738798139
52038,52044,2025,MOR/20250018937,2025/02/27,15:40:00,COLISIÓN CON PEATÓN,SIN_DATOS,Bueno,Bueno,2,DINA,BLANCO,2,,19,,SIN DATOS,0,0,Morelia,Villas del Pedregal,febrero,jueves,16,-101.304534673691,19.6876472832994
52039,52045,2025,,2025/02/27,19:30:00,COLISIÓN POR CORTE DE CIRCULACIÓN,ASFALTO,Bueno,Bueno,2,SEAT,AZUL,2,,37,FEMENINO,SIN DATOS,0,0,Morelia,Villas de La Esperanza,febrero,jueves,20,-101.273949444294,19.693175322741
52040,52046,2025,,2025/02/27,19:50:00,COLISIÓN POR ALCANCE,ASFALTO,Bueno,Bueno,2,SEAT,ROJO,2,,36,FEMENINO,SIN DATOS,0,0,Morelia,El Lago 1,febrero,jueves,20,-101.218972206116,19.7275034798933
52041,52047,2025,,2025/02/27,20:55:00,COLISIÓN POR CORTE DE CIRCULACIÓN,CONCRETO,Bueno,Bueno,2,NISSAN,AZUL,2,MINISTERIO PÚBLICO,30,MASCULINO,SIN DATOS,0,0,Morelia,Gertrudis Sanchez,febrero,jueves,21,-101.199778653681,19.7417565260121
52042,52048,2025,,2025/02/27,21:10:00,COLISIÓN POR NO RESPETAR SEMÁFORO,ASFALTO,Bueno,Bueno,2,VOLVO,GRIS,2,,32,MASCULINO,SIN DATOS,0,0,Morelia,Camelinas,febrero,jueves,21,-101.172164976597,19.6819523697372
52043,52049,2025,"20250019926",2025/02/27,22:30:00,COLISIÓN POR INVASIÓN DE CARRIL,ASFALTO,Bueno,Bueno,1,CHEVROLET,AMARILLO,1,,,,SIN DATOS,0,0,Charo,La Goleta,febrero,jueves,23,-101.083603128791,19.7370229036504
52044,52050,2025,LEG55680,2025/02/28,"00:00:00",COLISIÓN POR CAMBIO DE CARRIL,ASFALTO,Bueno,Bueno,2,INTERNATIONAL,BLANCO,2,,44,MASCULINO,SIN DATOS,0,0,Morelia,Rafael Carrillo,febrero,viernes,0,-101.23507887125,19.7095941661117