fid,id_accidente,anio_origen,folio_c5i,dia_incidente,hora_ocurrencia,tipo_incidente_vial,superficie_ocurrencia,condiciones_climaticas,condiciones_via,numero_vehiculos_involucrados,marca_vehiculo_ocasiona_siniestro,color_vehiculo_ocasiona_siniestro,numero_personas_involucradas,lugar_remite_presunto_responsable,edad_presunto_responsable,sexo_presunto_responsable,resultados_toxicologia,numero_personas_lesionadas,numero_personas_fallecidas,municipio,colonia,mes,dia_semana,hora_redondeada,lon,lat
52045,52051,2025,,2025/02/28,"04:06:00",COLISIÓN CONTRA OBJETO FIJO,ASFALTO,Bueno,Bueno,1,SUZUKI,AZUL,0,,,,,0,0,Morelia,Lomas de Hidalgo,febrero,viernes,4,-101.159417107701,19.6956684338501
52046,52052,2025,,2025/02/28,"08:50:00",COLISIÓN POR ALCANCE,ASFALTO,Bueno,Bueno,2,Nissan,Blanco,2,,26,MASCULINO,SIN DATOS,0,0,Morelia,El Lago 2,febrero,viernes,9,-101.212036013603,19.7263193506507
52047,52053,2025,,2025/02/28,"09:00:00",COLISIÓN POR ALCANCE,ASFALTO,Bueno,Bueno,3,SEAT,BLANCO,3,,31,FEMENINO,SIN DATOS,0,0,Morelia,El Realito,febrero,viernes,9,-101.203906908631,19.7256105100236
52048,52054,2025,,2025/02/28,"09:45:00",COLISIÓN CON PEATÓN,SIN_DATOS,Bueno,Bueno,4,NISSAN,ROJO,4,MINISTERIO PÚBLICO,28,MASCULINO,SIN DATOS,0,0,Charo,La Goleta,febrero,viernes,10,-101.078720837831,19.7395500443027
52049,52055,2025,,2025/02/28,"09:58:00",COLISIÓN POR ALCANCE,ASFALTO,Bueno,Bueno,2,TOYOTA,BLANCO,2,,44,FEMENINO,SIN DATOS,0,0,Morelia,Sentimientos de La Nacion,febrero,viernes,10,-101.235267966986,19.6811533609547
52050,52056,2025,,2025/02/28,12:00:00,COLISIÓN POR MANIOBRA DE REVERSA,CONCRETO,Bueno,Regular,2,Mercedes benz,Blanco/rojo,2,,29,MASCULINO,SIN DATOS,0,0,Morelia,Constituyentes de Queretaro,febrero,viernes,12,-101.164138801396,19.7166512635821
52051,52057,2025,,2025/02/28,12:00:00,COLISIÓN POR CAMBIO DE CARRIL,ASFALTO,Bueno,Bueno,2,VOLKSWAGEN,PLATA,2,,65,MASCULINO,SIN DATOS,0,0,Morelia,Los Manantiales de Morelia,febrero,viernes,12,-101.242402642965,19.6976302558196
52052,52058,2025,LEG55674,2025/02/28,12:55:00,COLISIÓN POR ALCANCE,ASFALTO,Bueno,Bueno,3,RENAULT,BLANCO,3,MINISTERIO PÚBLICO,26,MASCULINO,SIN DATOS,0,0,Morelia,Diego Rivera,febrero,viernes,13,-101.177709102631,19.7194997063473
52053,52059,2025,,2025/02/28,15:21:00,COLISIÓN POR CORTE DE CIRCULACIÓN,ASFALTO,Bueno,Bueno,2,SUZUKI,NEGRO,2,,49,MASCULINO,SIN DATOS,0,0,Morelia,Los Manantiales de Morelia,febrero,viernes,15,-101.239289604127,19.6987571483133
52054,52060,2025,LEG55682,2025/02/28,15:40:00,COLISIÓN POR CORTE DE CIRCULACIÓN,ASFALTO,Bueno,Bueno,2,NISSAN,BLANCO,2,,43,MASCULINO,SIN DATOS,0,0,Morelia,Granjas del Maestro,febrero,viernes,16,-101.188585460186,19.7133312250803
52055,52061,2025,,2025/02/28,18:03:00,COLISIÓN POR INVASIÓN DE CARRIL,ASFALTO,Bueno,Bueno,2,ITALIKA,NEGRO,2,MINISTERIO PÚBLICO,37,MASCULINO,SIN DATOS,0,0,Morelia,Dr Miguel Silva,febrero,viernes,18,-101.18605589,19.7163613549992
52056,52062,2025,,2025/02/28,18:35:00,COLISIÓN POR CORTE DE CIRCULACIÓN,SIN_DATOS,Bueno,Bueno,0,,,0,,,,,0,0,Morelia,Indeco El Vivero,febrero,viernes,19,-101.22973524034,19.677000092673
52057,52063,2025,,2025/02/28,19:28:00,COLISIÓN POR CAMBIO DE CARRIL,CONCRETO,Bueno,Bueno,2,FREIGHTLINER,BLANCO,2,,,MASCULINO,SIN DATOS,0,0,Morelia,Loma de Los Piñones,febrero,viernes,19,-101.205066293478,19.6740189292805
52058,52064,2025,MOR/2257124,2025/02/28,19:36:00,COLISIÓN CON PEATÓN,SIN_DATOS,Bueno,Bueno,1,DODGE,BLANCO,0,MINISTERIO PÚBLICO,,,,0,0,Morelia,Loma de Los Piñones,febrero,viernes,20,-101.205017007887,19.6740539724001
52059,52065,2025,,2025/02/28,20:20:00,COLISIÓN POR CAMBIO DE CARRIL,ASFALTO,Bueno,Bueno,4,ITLIKA,BLANCO,4,,36,MASCULINO,SIN DATOS,0,0,Morelia,El Lago 1,febrero,viernes,20,-101.219311505556,19.7276095208899
52060,52066,2025,,2025/02/28,20:22:00,COLISIÓN POR INVASIÓN DE CARRIL,ASFALTO,Bueno,Bueno,2,NISSAN,BLANCO CON MORADO,2,,45,MASCULINO,SIN DATOS,0,0,Morelia,Jose Maria Cabrera,febrero,viernes,20,-101.224341988564,19.7255694817522
52061,52067,2025,,2025/02/28,20:40:00,COLISIÓN POR ALCANCE,ASFALTO,Bueno,Bueno,1,VOLWAGEN,ARENA,1,,37,MASCULINO,SIN DATOS,0,0,Morelia,Indeco Santiaguito,febrero,viernes,21,-101.178615689278,19.7201451359094
52062,52068,2025,,2025/02/28,22:05:00,COLISIÓN POR INVASIÓN DE CARRIL,CONCRETO,Bueno,Bueno,2,Chevrolet,Gris,2,MINISTERIO PÚBLICO,,MASCULINO,SIN DATOS,0,0,Morelia,El Realito,febrero,viernes,22,-101.202705614269,19.7278414853246
52063,52069,2025,,2025/03/01,"00:00:00",COLISIÓN POR CORTE DE CIRCULACIÓN,ASFALTO,Bueno,Bueno,2,ITALIKA,NEGRO AZUL,2,,50,,SIN DATOS,0,0,Morelia,Santillan La Huerta,marzo,sábado,0,-101.219553885717,19.6760966650679
52064,52070,2025,MOR20250019631,2025/03/01,"00:00:00",COLISIÓN POR ALCANCE,CONCRETO,Bueno,Bueno,2,NISSAN,GRIS,4,MINISTERIO PÚBLICO,,,,4,0,Morelia,Tzindurio de Morelos,marzo,sábado,0,-101.245796978474,19.6996122555574
52065,52071,2025,,2025/03/01,"02:45:00",VOLCADURA,ASFALTO,Bueno,Bueno,1,NISSAN,BLANCO,1,MINISTERIO PÚBLICO,25,MASCULINO,SIN DATOS,0,0,Morelia,Ciudad Industrial,marzo,sábado,3,-101.130662996164,19.736373286063
52066,52072,2025,,2025/03/01,"09:00:00",COLISIÓN CON PEATÓN,SIN_DATOS,Bueno,Bueno,2,CHEVROLET,NEGRO,1,MINISTERIO PÚBLICO,,,SIN DATOS,0,0,Morelia,Sin datos,marzo,sábado,9,-101.112345010042,19.73682598192
52067,52073,2025,MOR20250019614,2025/03/01,12:20:00,COLISIÓN CONTRA OBJETO FIJO,CONCRETO,Bueno,Bueno,1,FORD,VERDE,1,,64,MASCULINO,SIN DATOS,0,0,Morelia,Los Manantiales de Morelia,marzo,sábado,12,-101.23774766922,19.7015011141315
52068,52074,2025,MOR20250019,2025/03/01,13:45:00,COLISIÓN POR ALCANCE,ASFALTO,Bueno,Bueno,2,NISSAN,BLANCO,2,,33,MASCULINO,SIN DATOS,0,0,Morelia,Primo Tapia Oriente,marzo,sábado,14,-101.158048510551,19.7138504294885
52069,52075,2025,MOR/20259142,2025/03/01,14:00:00,COLISIÓN CON PEATÓN,ASFALTO,Bueno,Bueno,2,VOLKWAGEN,GRIS,2,,34,MASCULINO,SIN DATOS,0,0,Morelia,Reforma,marzo,sábado,14,-101.240447312593,19.7096295170787
52070,52076,2025,MOR20250019830,2025/03/01,17:15:00,COLISIÓN POR ALCANCE,ASFALTO,Bueno,Bueno,1,NISSAN,PLATA,1,MINISTERIO PÚBLICO,25,,SIN DATOS,0,0,Morelia,Santillan La Huerta,marzo,sábado,17,-101.2175989151,19.6756485840863
52071,52077,2025,,2025/03/02,"00:00:00",CAIDA DE MOTOCICLETA,ASFALTO,Bueno,Bueno,1,ITALIKA,BLANCO,1,,,MASCULINO,SIN DATOS,0,0,Morelia,Jardines del Rincon,marzo,domingo,0,-101.149283382681,19.68870732649
52072,52078,2025,,2025/03/02,"00:00:00",COLISIÓN POR ALCANCE,ASFALTO,Bueno,Bueno,2,NISSAN,BLANCO,2,,52,,SIN DATOS,0,0,Morelia,Camelinas,marzo,domingo,0,-101.17262119,19.6818144849991
52073,52079,2025,,2025/03/02,"00:00:00",COLISIÓN CONTRA OBJETO FIJO,CONCRETO,Bueno,Bueno,1,CHEVROLET,DORADO,1,,37,MASCULINO,SIN DATOS,0,0,Morelia,Centro,marzo,domingo,0,-101.196055985,19.7004583099992
52074,52080,2025,,2025/03/02,"01:25:00",SALIDA DE SUPERFICIE DE RODAMIENTO,ASFALTO,Bueno,Bueno,1,CHEVROLET,ROJO,1,,28,MASCULINO,SIN DATOS,0,0,Morelia,Sin datos,marzo,domingo,1,-101.279694736004,19.6528710615336
52075,52081,2025,,2025/03/02,10:00:00,COLISIÓN CON PEATÓN,SIN_DATOS,Bueno,Bueno,2,VOLKSWAGEN,AZUL,2,MINISTERIO PÚBLICO,46,,SIN DATOS,0,0,Morelia,Bosques de Oriente,marzo,domingo,10,-101.155455820262,19.7156015088848
52076,52082,2025,,2025/03/02,13:50:00,COLISIÓN CON PEATÓN,SIN_DATOS,Bueno,Bueno,1,BAJAJ,BLANCO,1,,24,,SIN DATOS,0,0,Charo,Sin datos,marzo,domingo,14,-100.989376455545,19.6488105235865
52077,52083,2025,,2025/03/02,17:50:00,COLISIÓN CONTRA OBJETO FIJO,CONCRETO,Bueno,Bueno,1,CHEVROLET,DORADO,1,,37,MASCULINO,SIN DATOS,0,0,Morelia,Juarez,marzo,domingo,18,-101.196323633194,19.6971539282872
52078,52084,2025,MOR20250019815,2025/03/02,18:30:00,COLISIÓN CON PEATÓN,SIN_DATOS,Bueno,Bueno,2,FORD,AZUL,2,MINISTERIO PÚBLICO,0,,SIN DATOS,0,0,Morelia,Infonavit Cepamisa,marzo,domingo,19,-101.216794252396,19.6969809474938
52079,52085,2025,MOR202500019817,2025/03/02,18:43:00,CAIDA DE MOTOCICLETA,CONCRETO,Bueno,Bueno,1,ITALIKA,BLANCO,1,MINISTERIO PÚBLICO,22,MASCULINO,SIN DATOS,0,0,Morelia,Alberto Oviedo Mota,marzo,domingo,19,-101.195677220821,19.6830332824265
52081,52087,2025,,2025/03/02,23:05:00,SUBIDA AL CAMELLÓN,ASFALTO,Bueno,Bueno,1,TOYOTA,VERDE,1,,43,MASCULINO,SIN DATOS,0,0,Morelia,Progreso del Sur,marzo,domingo,23,-101.19784196,19.6584584849991
52082,52088,2025,LEG55691,2025/03/03,"00:40:00",COLISIÓN CONTRA OBJETO FIJO,ASFALTO,Bueno,Bueno,1,MERCURY,BLANCO,1,,23,,SIN DATOS,0,0,Charo,De Santiago,marzo,lunes,1,-101.044372,19.745476
52083,52089,2025,LEG55692,2025/03/03,"00:40:00",COLISIÓN CONTRA OBJETO FIJO,CONCRETO,Bueno,Bueno,1,CHEVROLET,BLANCO,1,,20,,SIN DATOS,0,0,Morelia,Villas del Pedregal,marzo,lunes,1,-101.302209,19.685042
52084,52090,2025,,2025/03/03,"08:07:00",COLISIÓN POR CAMBIO DE CARRIL,ASFALTO,Bueno,Bueno,2,INTERNATIONAL,AMARILLO Y GUINDA,2,,,MASCULINO,SIN DATOS,0,0,Morelia,Isaac Arriaga,marzo,lunes,8,-101.17242783308,19.7073203250029
52085,52091,2025,,2025/03/03,"08:50:00",VOLCADURA,ASFALTO,Bueno,Bueno,1,CHEVROLET,BLANCO,1,,38,FEMENINO,SIN DATOS,0,0,Charo,San Pedro Y San Pablo,marzo,lunes,9,-101.048796772957,19.7511337330438
52086,52092,2025,MOR/20250020625,2025/03/03,"09:25:00",COLISIÓN CON PEATÓN,SIN_DATOS,Bueno,Bueno,2,BUICK/ENCORE,AZUL,2,,31,,SIN DATOS,0,0,Morelia,Vasco de Quiroga,marzo,lunes,9,-101.169072389603,19.7025919955571
52087,52093,2025,MOR/20250020643,2025/03/03,10:20:00,COLISIÓN POR CAMBIO DE CARRIL,ASFALTO,Bueno,Bueno,2,DODGE,AMARILLO,2,,38,MASCULINO,SIN DATOS,0,0,Morelia,Dr Miguel Silva,marzo,lunes,10,-101.184060573578,19.7190300718543
52088,52094,2025,MOR/20250000007,2025/03/03,10:44:00,COLISIÓN POR CORTE DE CIRCULACIÓN,ASFALTO,Bueno,Bueno,2,VENTO,NEGRO,2,,19,MASCULINO,SIN DATOS,0,0,Morelia,Vasco de Quiroga,marzo,lunes,11,-101.167122423649,19.6998370005938
52089,52095,2025,MOR20250020683,2025/03/03,13:15:00,COLISIÓN POR ALCANCE,ASFALTO,Bueno,Bueno,4,KENWORTH,ROJO,4,MINISTERIO PÚBLICO,58,MASCULINO,SIN DATOS,2,0,Morelia,El Eden,marzo,lunes,13,-101.247666478157,19.6487764222106
52090,52096,2025,MOR/20250020762,2025/03/03,15:35:00,COLISIÓN CON PEATÓN,SIN_DATOS,Bueno,Bueno,1,SUZUKI,ROJO,1,,17,,SIN DATOS,0,0,Morelia,La Loma,marzo,lunes,16,-101.179068982601,19.679113676449
52091,52097,2025,MOR/20250020774,2025/03/03,17:00:00,COLISIÓN CON PEATÓN,SIN_DATOS,Bueno,Bueno,2,CHEVROLET,BLANCO,2,,32,,SIN DATOS,0,0,Morelia,Felix Ireta,marzo,lunes,17,-101.184613108635,19.6868088431063
52092,52098,2025,,2025/03/03,18:10:00,COLISIÓN CON PEATÓN,SIN_DATOS,Bueno,Bueno,2,AUDID,GRIS,2,,0,,SIN DATOS,0,0,Morelia,Centro,marzo,lunes,18,-101.177891492844,19.7048116132719
52093,52099,2025,,2025/03/03,19:00:00,COLISIÓN POR INVASIÓN DE CARRIL,ASFALTO,Bueno,Bueno,2,S/D,S/D,1,MINISTERIO PÚBLICO,0,,SIN DATOS,0,0,Morelia,Jardines del Rincon,marzo,lunes,19,-101.150162816048,19.6915085972797
52094,52100,2025,,2025/03/03,19:41:00,COLISIÓN CON PEATÓN,ASFALTO,Bueno,Bueno,2,MITSUBISHI,GRIS,2,,23,MASCULINO,SIN DATOS,0,0,Morelia,Jardines del Rincon,marzo,lunes,20,-101.150345206261,19.6907800307754
52095,52101,2025,,2025/03/03,20:35:00,COLISIÓN POR ALCANCE,ASFALTO,Nublado,Bueno,2,MAZDA,NEGRO,2,,68,MASCULINO,SIN DATOS,0,0,Morelia,Molino de Parras,marzo,lunes,21,-101.20025139302,19.6937605665422
52096,52102,2025,,2025/03/03,20:43:00,COLISIÓN POR CORTE DE CIRCULACIÓN,ASFALTO,Bueno,Bueno,2,ITALIKA,BLANCO,2,,0,MASCULINO,SIN DATOS,0,0,Morelia,La Nueva Aldea,marzo,lunes,21,-101.145265437663,19.749059914406
52097,52103,2025,,2025/03/03,21:35:00,COLISIÓN POR CORTE DE CIRCULACIÓN,ASFALTO,Bueno,Bueno,2,S/D,S/D,1,,,MASCULINO,SIN DATOS,0,0,Morelia,Industrial,marzo,lunes,22,-101.188652515411,19.7108415455041
52098,52104,2025,LEG55722,2025/03/03,22:10:00,COLISIÓN CON PEATÓN,SIN_DATOS,Bueno,Bueno,1,SEAT,BLANCO,1,,0,MASCULINO,SIN DATOS,0,0,Morelia,Centro,marzo,lunes,22,-101.197970509529,19.7065059764891
52099,52105,2025,,2025/03/04,"00:30:00",COLISIÓN CON PEATÓN,ASFALTO,Bueno,Bueno,2,CHEVROLET,ROJO,2,,26,MASCULINO,SIN DATOS,0,0,Morelia,Felix Ireta,marzo,martes,1,-101.188293099403,19.6851521531921
52100,52106,2025,,2025/03/04,"06:30:00",COLISIÓN POR INVASIÓN DE CARRIL,ASFALTO,Bueno,Bueno,2,CHEVROLET,GRIS,0,MINISTERIO PÚBLICO,,,,0,0,Charo,San Pedro Y San Pablo,marzo,martes,7,-101.047421470284,19.7517421153827
52102,52108,2025,,2025/03/04,"08:20:00",COLISIÓN POR CORTE DE CIRCULACIÓN,ASFALTO,Bueno,Bueno,2,CHEVROLET,ROJO,3,MINISTERIO PÚBLICO,27,FEMENINO,SIN DATOS,1,0,Morelia,La Quemada,marzo,martes,8,-101.236999332905,19.7017836853212
52104,52110,2025,,2025/03/04,12:10:00,COLISIÓN POR MANIOBRA DE REVERSA,TERRACERIA,Bueno,Bueno,2,DODGE,VERDE,1,,53,MASCULINO,SIN DATOS,0,0,Morelia,Los Angeles,marzo,martes,12,-101.168980523944,19.7476626276144
52105,52111,2025,,2025/03/04,16:15:00,SUBIDA AL CAMELLÓN,ASFALTO,Bueno,Bueno,1,RENAULT,ROJO,1,,52,FEMENINO,SIN DATOS,0,0,Morelia,Los Manantiales de Morelia,marzo,martes,16,-101.240136176348,19.7009985991209
52106,52112,2025,,2025/03/04,16:57:00,COLISIÓN POR CAMBIO DE CARRIL,ASFALTO,Bueno,Bueno,2,CHEVROLET,MORADO,2,,35,FEMENINO,SIN DATOS,0,0,Morelia,Tzindurio Norte,marzo,martes,17,-101.246039047837,19.6996621287809
52107,52113,2025,MOR20250021196,2025/03/04,18:05:00,COLISIÓN POR CORTE DE CIRCULACIÓN,ASFALTO,Bueno,Bueno,2,CHEVROLET,ROJO,2,,18,MASCULINO,SIN DATOS,0,0,Morelia,Centro,marzo,martes,18,-101.18754847,19.7028479949991
52108,52114,2025,,2025/03/04,18:15:00,COLISIÓN POR CORTE DE CIRCULACIÓN,ASFALTO,Bueno,Bueno,2,VOLKSWAGEN,ROJO,2,,30,FEMENINO,SIN DATOS,0,0,Morelia,Prados Verdes,marzo,martes,18,-101.19563574,19.7138735849991
52109,52115,2025,,2025/03/04,18:50:00,COLISIÓN POR CAMBIO DE CARRIL,ASFALTO,Bueno,Bueno,2,ITALIKA,ROJO,2,MINISTERIO PÚBLICO,20,MASCULINO,SIN DATOS,0,0,Morelia,Camelinas,marzo,martes,19,-101.17262119,19.6818144849991
52110,52116,2025,,2025/03/04,20:00:00,COLISIÓN CONTRA OBJETO FIJO,ASFALTO,Bueno,Bueno,1,TOYOTA,GRIS,1,,60,MASCULINO,SIN DATOS,0,0,Morelia,Martires de Uruapan,marzo,martes,20,-101.197319408167,19.725017061641
52112,52118,2025,MOR/20250021249,2025/03/04,20:50:00,COLISIÓN POR CAMBIO DE CARRIL,ASFALTO,Bueno,Bueno,3,VOLKSWAGEN,BLANCO,3,,29,,SIN DATOS,0,0,Morelia,Lomas del Durazno,marzo,martes,21,-101.19300729,19.6648474299992
52113,52119,2025,,2025/03/05,12:08:00,COLISIÓN POR NO RESPETAR SEMÁFORO,ASFALTO,Bueno,Bueno,2,FORD,NEGRO,2,MINISTERIO PÚBLICO,28,MASCULINO,SIN DATOS,0,0,Morelia,Fidel Velazquez,marzo,miércoles,12,-101.236352920532,19.7020692824687
52114,52120,2025,,2025/03/05,14:00:00,COLISIÓN POR CORTE DE CIRCULACIÓN,ASFALTO,Bueno,Bueno,1,TOYOTA,BLANCO Y MORADO,2,,36,MASCULINO,SIN DATOS,0,0,Morelia,Isaac Arriaga,marzo,miércoles,14,-101.172398328781,19.7072912862899
52115,52121,2025,,2025/03/05,14:40:00,COLISIÓN CONTRA OBJETO FIJO,ASFALTO,Bueno,Bueno,1,FREIGHTLINER,BLANCO,1,,,,SIN DATOS,0,0,Morelia,Centro,marzo,miércoles,15,-101.18874438107,19.7090923077919
52116,52122,2025,,2025/03/05,15:30:00,COLISIÓN POR CORTE DE CIRCULACIÓN,ASFALTO,Bueno,Bueno,2,SINOTRUK,BLANCO,2,,36,MASCULINO,SIN DATOS,0,0,Morelia,Elias Perez Avalos,marzo,miércoles,16,-101.171479672194,19.7147515370885
52117,52123,2025,,2025/03/05,15:40:00,COLISIÓN POR INVASIÓN DE CARRIL,ASFALTO,Bueno,Bueno,2,CHEVROLET,BLANCO,2,,32,FEMENINO,SIN DATOS,0,0,Morelia,El Porvenir,marzo,miércoles,16,-101.204602271318,19.7109318160037
52118,52124,2025,,2025/03/05,15:50:00,COLISIÓN CONTRA OBJETO FIJO,ASFALTO,Bueno,Bueno,2,FORD,VERDE,2,,46,MASCULINO,SIN DATOS,0,0,Morelia,Elias Perez Avalos,marzo,miércoles,16,-101.16924405098,19.7130610487456
52119,52125,2025,,2025/03/05,17:05:00,COLISIÓN POR CAMBIO DE CARRIL,ASFALTO,Bueno,Bueno,2,FORD/,AZUL,2,,38,MASCULINO,SIN DATOS,0,0,Morelia,Alberto Oviedo Mota,marzo,miércoles,17,-101.202170178294,19.6774613267015
52120,52126,2025,,2025/03/06,"00:00:00",COLISIÓN CON PEATÓN,SIN_DATOS,Bueno,Bueno,2,S/D,S/D,2,,51,,CON CERTIFICADO,0,0,Morelia,Mariano Escobedo,marzo,jueves,0,-101.213554143906,19.7227309309961
52121,52127,2025,,2025/03/06,"06:16:00",COLISIÓN POR CORTE DE CIRCULACIÓN,ASFALTO,Bueno,Bueno,1,NISSAN,BLANCO Y AZUL,2,,56,,CON CERTIFICADO,1,0,Morelia,Camelinas,marzo,jueves,6,-101.17262119,19.6818144849991
52122,52128,2025,,2025/03/06,"07:10:00",COLISIÓN POR CORTE DE CIRCULACIÓN,ASFALTO,Bueno,Bueno,2,NISSAN,BLANCO,2,MINISTERIO PÚBLICO,47,MASCULINO,SIN DATOS,0,0,Morelia,Loma Bonita,marzo,jueves,7,-101.196556985378,19.7228401312349
52123,52129,2025,,2025/03/06,11:09:00,COLISIÓN POR ALCANCE,ASFALTO,Bueno,Bueno,3,MERCEDES  BENZ,ROJO,3,,,MASCULINO,SIN DATOS,0,0,Morelia,Bosques de Oriente,marzo,jueves,11,-101.155449450016,19.7156018245066
52124,52130,2025,,2025/03/06,11:35:00,COLISIÓN POR CORTE DE CIRCULACIÓN,CONCRETO,Bueno,Bueno,2,NISSAN,ARENA,2,,67,MASCULINO,SIN DATOS,0,0,Morelia,Vasco de Quiroga,marzo,jueves,12,-101.175941191614,19.6982545504137
52125,52131,2025,,2025/03/06,12:30:00,COLISIÓN POR CORTE DE CIRCULACIÓN,ASFALTO,Bueno,Bueno,2,CHEVROLET,BLANCO/ VERDE,2,,20,MASCULINO,SIN DATOS,0,0,Morelia,Erendira,marzo,jueves,13,-101.163410916924,19.7017886706921
52126,52132,2025,,2025/03/06,12:30:00,COLISIÓN POR CAMBIO DE CARRIL,ASFALTO,Bueno,Bueno,2,MERCEDEZ BENZ,VERDD,2,,4,MASCULINO,SIN DATOS,0,0,Morelia,Santiaguito,marzo,jueves,13,-101.189058870077,19.7155980370449
52127,52133,2025,,2025/03/06,14:20:00,COLISIÓN POR ALCANCE,CONCRETO,Bueno,Bueno,3,TACOMA,ROJO,3,,43,FEMENINO,SIN DATOS,0,0,Morelia,Indeco El Vivero,marzo,jueves,14,-101.229730211198,19.6770026182566
52128,52134,2025,,2025/03/06,16:25:00,COLISIÓN POR INVASIÓN DE CARRIL,CONCRETO,Bueno,Bueno,2,CHEVROLET,PLATA,2,,44,MASCULINO,SIN DATOS,0,0,Morelia,Lomas de Hidalgo,marzo,jueves,16,-101.160257309675,19.6995093525281
52129,52135,2025,,2025/03/06,17:10:00,VOLCADURA,ASFALTO,Bueno,Bueno,1,NISSAN,AZUL,0,MINISTERIO PÚBLICO,,,,0,0,Tarímbaro,Sin datos,marzo,jueves,17,-101.170955300331,19.7524363247617
52130,52136,2025,,2025/03/06,18:10:00,COLISIÓN CONTRA OBJETO FIJO,ASFALTO,Bueno,Bueno,2,KENWORTH,BLANCO,1,,38,MASCULINO,SIN DATOS,0,0,Morelia,Centro,marzo,jueves,18,-101.190224289894,19.7083190010088
52131,52137,2025,MOR20256741,2025/03/06,19:20:00,COLISIÓN POR ALCANCE,ASFALTO,Bueno,Bueno,2,CHRYSLER,ROJO CON BLANCO,2,,,MASCULINO,SIN DATOS,0,0,Morelia,Isaac Arriaga,marzo,jueves,19,-101.173878539064,19.7098514781792
52132,52138,2025,LEG55772,2025/03/06,19:40:00,COLISIÓN POR CAMBIO DE CARRIL,ASFALTO,Bueno,Bueno,2,TOYOTA,BLANCO/MORADO,2,,53,MASCULINO,SIN DATOS,0,0,Morelia,Fuentes de Valladolid,marzo,jueves,20,-101.221686601639,19.6723968348703
52133,52139,2025,LEG55771,2025/03/06,20:20:00,SALIDA DE SUPERFICIE DE RODAMIENTO,ASFALTO,Bueno,Bueno,1,FORD,GRIS,1,,70,MASCULINO,SIN DATOS,0,0,Morelia,El Eden,marzo,jueves,20,-101.249651312828,19.6460331322357
52134,52140,2025,LEG55770,2025/03/06,21:40:00,COLISIÓN POR ALCANCE,ASFALTO,Bueno,Bueno,2,HONDA,BLANCO,2,,20,MASCULINO,SIN DATOS,0,0,Morelia,Jardines de Torremolinos,marzo,jueves,22,-101.229721158743,19.6769480025043
52135,52141,2025,,2025/03/07,"05:00:00",COLISIÓN POR CAMBIO DE CARRIL,ASFALTO,Bueno,Bueno,2,VOLKSWAGEN,BLANCO,2,MINISTERIO PÚBLICO,,MASCULINO,SIN DATOS,0,0,Morelia,Los Manantiales de Morelia,marzo,viernes,5,-101.237730234861,19.7014780717064
52136,52142,2025,LEG55776,2025/03/07,"07:37:00",COLISIÓN POR CORTE DE CIRCULACIÓN,ASFALTO,Bueno,Bueno,2,FIAT,BLANCO,2,,39,FEMENINO,SIN DATOS,0,0,Morelia,Primaveras,marzo,viernes,8,-101.225736737251,19.6791389319492
52137,52143,2025,,2025/03/07,"08:10:00",COLISIÓN POR CORTE DE CIRCULACIÓN,ASFALTO,Bueno,Bueno,2,VOLKSWAGEN,BLANCO,2,,29,FEMENINO,SIN DATOS,0,0,Morelia,Ejidal Tres Puentes,marzo,viernes,8,-101.232903599739,19.6920666997075
52138,52144,2025,,2025/03/07,10:00:00,COLISIÓN POR CORTE DE CIRCULACIÓN,ASFALTO,Bueno,Bueno,1,NISSAN,BLANCO,1,,,MASCULINO,SIN DATOS,0,0,Morelia,Sin datos,marzo,viernes,10,-101.238061487675,19.6600774739551
52139,52145,2025,,2025/03/07,10:01:00,COLISIÓN POR CORTE DE CIRCULACIÓN,CONCRETO,Bueno,Bueno,2,HONDA,NARANJA,2,,25,MASCULINO,SIN DATOS,0,0,Morelia,Lomas de Hidalgo,marzo,viernes,10,-101.160433664918,19.6977606222198
52140,52146,2025,,2025/03/07,11:03:00,COLISIÓN POR CAMBIO DE CARRIL,ASFALTO,Bueno,Bueno,2,CFMOTO,AZUL,2,,24,MASCULINO,SIN DATOS,0,0,Morelia,Xangari,marzo,viernes,11,-101.220694184303,19.6741256371344
52141,52147,2025,,2025/03/07,12:00:00,COLISIÓN POR CORTE DE CIRCULACIÓN,ASFALTO,Bueno,Bueno,2,FORD,BLANCO,2,,32,MASCULINO,SIN DATOS,0,0,Morelia,Sin datos,marzo,viernes,12,-101.118507385254,19.6883089408345
52142,52148,2025,LEG55781,2025/03/07,14:40:00,COLISIÓN POR CORTE DE CIRCULACIÓN,ASFALTO,Bueno,Bueno,2,MERCEDES BENZ,BLANCO/VERDE,2,,44,MASCULINO,SIN DATOS,0,0,Morelia,Avicola Benito Juarez,marzo,viernes,15,-101.27954185009,19.6913621266369
52143,52149,2025,,2025/03/07,15:15:00,COLISIÓN POR CORTE DE CIRCULACIÓN,ASFALTO,Bueno,Bueno,2,KIA,AZUL,2,,24,MASCULINO,SIN DATOS,0,0,Morelia,Cuauhtemoc,marzo,viernes,15,-101.179056242108,19.6947675344177
52144,52150,2025,,2025/03/07,17:22:00,COLISIÓN POR CORTE DE CIRCULACIÓN,ASFALTO,Bueno,Bueno,2,VENTO,GRIS/NARANJA,2,,23,MASCULINO,SIN DATOS,0,0,Morelia,El Lago 3,marzo,viernes,17,-101.219287365675,19.7272061860097
52145,52151,2025,,2025/03/07,18:20:00,COLISIÓN POR CAMBIO DE CARRIL,ASFALTO,Bueno,Bueno,2,CHRYSLER,BLANCO,2,,46,MASCULINO,SIN DATOS,0,0,Morelia,Rafael Carrillo,marzo,viernes,18,-101.234474033117,19.7104590000244