fid,id_accidente,anio_origen,folio_c5i,dia_incidente,hora_ocurrencia,tipo_incidente_vial,superficie_ocurrencia,condiciones_climaticas,condiciones_via,numero_vehiculos_involucrados,marca_vehiculo_ocasiona_siniestro,color_vehiculo_ocasiona_siniestro,numero_personas_involucradas,lugar_remite_presunto_responsable,edad_presunto_responsable,sexo_presunto_responsable,resultados_toxicologia,numero_personas_lesionadas,numero_personas_fallecidas,municipio,colonia,mes,dia_semana,hora_redondeada,lon,lat
52146,52152,2025,,2025/03/07,18:30:00,COLISIÓN POR ALCANCE,ASFALTO,Bueno,Bueno,2,FORD,BLANCO,2,,29,MASCULINO,SIN DATOS,0,0,Morelia,Rafael Carrillo,marzo,viernes,19,-101.234244704247,19.7108693210479
52148,52154,2025,,2025/03/07,21:00:00,COLISIÓN POR ALCANCE,SIN_DATOS,Bueno,Bueno,3,GMC,BLANCO,3,,52,MASCULINO,SIN DATOS,0,0,Morelia,Ejidal Ocolusen,marzo,viernes,21,-101.159056350589,19.6877634523775
52149,52155,2025,,2025/03/07,22:20:00,VOLCADURA,ASFALTO,Bueno,Bueno,1,KIA,NEGRO,1,,33,MASCULINO,SIN DATOS,0,0,Morelia,Colinas del Sol,marzo,viernes,22,-101.133077144623,19.7296293359591
52150,52156,2025,,2025/03/08,"05:10:00",COLISIÓN POR ALCANCE,ASFALTO,Bueno,Bueno,2,NISSAN,ROJO,2,,28,MASCULINO,SIN DATOS,0,0,Charo,La Goleta,marzo,sábado,5,-101.080527305603,19.7394427489342
52151,52157,2025,,2025/03/08,"08:11:00",COLISIÓN CON PEATÓN,SIN_DATOS,Bueno,Bueno,1,HONDA,AZUL,2,MINISTERIO PÚBLICO,0,MASCULINO,SIN DATOS,1,0,Morelia,Infonavit Cepamisa,marzo,sábado,8,-101.214637756348,19.6948331922912
52152,52158,2025,,2025/03/08,12:25:00,COLISIÓN POR CAMBIO DE CARRIL,CONCRETO,Bueno,Bueno,2,CHEVROLET,PLATA,2,,41,MASCULINO,SIN DATOS,0,0,Morelia,Nicolas Bravo(Los Ejidos),marzo,sábado,12,-101.21372345835,19.7023322174663
52153,52159,2025,,2025/03/08,12:25:00,COLISIÓN CONTRA OBJETO FIJO,ASFALTO,Bueno,Bueno,2,CHEVROLET,ROJO,2,,79,MASCULINO,SIN DATOS,0,0,Morelia,Jesus del Monte,marzo,sábado,12,-101.157214678824,19.6582310668524
52154,52160,2025,,2025/03/08,12:50:00,COLISIÓN POR INVASIÓN DE CARRIL,ASFALTO,Bueno,Bueno,2,STRELING,BLANCO,2,,43,MASCULINO,SIN DATOS,0,0,Morelia,Bosques de Oriente,marzo,sábado,13,-101.155448108912,19.715601193263
52155,52161,2025,,2025/03/08,12:50:00,COLISIÓN POR CORTE DE CIRCULACIÓN,ASFALTO,Bueno,Bueno,2,CHEVROLET,BLANCO,2,,35,MASCULINO,SIN DATOS,0,0,Morelia,Sin datos,marzo,sábado,13,-101.28471583128,19.6902989477827
52156,52162,2025,,2025/03/08,15:00:00,COLISIÓN POR ALCANCE,ASFALTO,Bueno,Bueno,2,ITALIKA,NEGRO,2,,31,MASCULINO,SIN DATOS,0,0,Morelia,Elias Perez Avalos,marzo,sábado,15,-101.169219911098,19.7130307485675
52157,52163,2025,,2025/03/08,15:10:00,COLISIÓN POR CAMBIO DE CARRIL,ASFALTO,Bueno,Bueno,2,AUDI,BLANCO,2,,36,FEMENINO,SIN DATOS,0,0,Morelia,Nicolas Bravo(Los Ejidos),marzo,sábado,15,-101.21382907033,19.7023887184478
52158,52164,2025,,2025/03/08,16:30:00,COLISIÓN CONTRA OBJETO FIJO,SIN_DATOS,Bueno,Bueno,1,NISSAN,BLANCO,1,MINISTERIO PÚBLICO,38,FEMENINO,SIN DATOS,0,0,Charo,San Pedro Y San Pablo,marzo,sábado,17,-101.048057153821,19.7469892244173
52159,52165,2025,,2025/03/08,18:00:00,COLISIÓN POR CORTE DE CIRCULACIÓN,CONCRETO,Bueno,Bueno,2,TOYOTA,GRIS,2,MINISTERIO PÚBLICO,39,FEMENINO,SIN DATOS,0,0,Morelia,Nicolas Romero,marzo,sábado,18,-101.150574535131,19.703762412149
52160,52166,2025,LEG55803,2025/03/08,18:25:00,COLISIÓN POR ALCANCE,ASFALTO,Bueno,Bueno,2,NISSAN,BLANCO,2,,49,FEMENINO,SIN DATOS,0,0,Morelia,San Isidro Itzicuaro Norte,marzo,sábado,18,-101.273766383529,19.6994601105642
52161,52167,2025,LEG55802,2025/03/08,19:48:00,COLISIÓN POR CAMBIO DE CARRIL,ASFALTO,Bueno,Bueno,2,HARLEY,NEGRO,2,,35,MASCULINO,SIN DATOS,0,0,Morelia,Sentimientos de La Nacion,marzo,sábado,20,-101.233192570508,19.6781994246634
52162,52168,2025,,2025/03/08,20:50:00,COLISIÓN CONTRA OBJETO FIJO,ASFALTO,Bueno,Bueno,2,MAZDA,NEGRO,2,,,FEMENINO,SIN DATOS,0,0,Morelia,Plan de La Garita,marzo,sábado,21,-101.186325699091,19.7115876959355
52163,52169,2025,LEG55801,2025/03/08,22:16:00,COLISIÓN POR CAMBIO DE CARRIL,CONCRETO,Bueno,Regular,2,CHEVROLET,AZUL,2,,18,MASCULINO,SIN DATOS,0,0,Morelia,Arko San Antonio,marzo,sábado,22,-101.273860931396,19.6654801764537
52164,52170,2025,,2025/03/08,22:35:00,COLISIÓN CON PEATÓN,SIN_DATOS,Bueno,Bueno,1,MINI,ROJO,1,,44,MASCULINO,SIN DATOS,0,0,Morelia,Zimpanio Norte,marzo,sábado,23,-101.209265912068,19.6507069642733
52165,52171,2025,,2025/03/09,"05:50:00",SALIDA DE SUPERFICIE DE RODAMIENTO,ASFALTO,Bueno,Bueno,1,NISSAN,GRIS,0,,,,,0,0,Morelia,San Isidro Itzicuaro Norte,marzo,domingo,6,-101.277374625206,19.7014506101817
52166,52172,2025,,2025/03/09,"09:20:00",CAIDA DE MOTOCICLETA,ASFALTO,Bueno,Bueno,1,VELOCI,ROJO,1,,18,MASCULINO,SIN DATOS,0,0,Morelia,Indeco La Huerta,marzo,domingo,9,-101.231128312647,19.6517744738167
52167,52173,2025,,2025/03/09,12:10:00,COLISIÓN POR ALCANCE,ASFALTO,Bueno,Bueno,2,CHEVROLET,BLANCO,2,,29,MASCULINO,SIN DATOS,0,0,Morelia,La Esperanza,marzo,domingo,12,-101.153321117163,19.6993344803571
52168,52174,2025,,2025/03/09,12:40:00,COLISIÓN CONTRA OBJETO FIJO,ASFALTO,Bueno,Bueno,2,VOLKSWAGEN,BLANCO,1,MINISTERIO PÚBLICO,0,MASCULINO,SIN DATOS,0,0,Morelia,Indeco La Huerta,marzo,domingo,13,-101.231138035655,19.6518644618616
52169,52175,2025,,2025/03/09,14:40:00,COLISIÓN POR CORTE DE CIRCULACIÓN,ASFALTO,Bueno,Bueno,2,VOLKSWAGEN,AZUL,2,,50,MASCULINO,SIN DATOS,0,0,Morelia,Hacienda Corralejo,marzo,domingo,15,-101.221917271614,19.6959279070979
52170,52176,2025,,2025/03/09,17:00:00,COLISIÓN POR ALCANCE,ASFALTO,Bueno,Bueno,2,ITALIKA,GRIS,2,,,MASCULINO,SIN DATOS,0,0,Morelia,Sin datos,marzo,domingo,17,-101.278891079128,19.6720047262837
52172,52178,2025,,2025/03/10,"00:00:00",COLISIÓN POR CORTE DE CIRCULACIÓN,ASFALTO,Bueno,Bueno,2,MAZDA,ROJO,2,,49,MASCULINO,SIN DATOS,0,0,Morelia,Ejidal Ocolusen,marzo,lunes,0,-101.155585494629,19.6843663227041
52174,52180,2025,,2025/03/10,"07:30:00",VOLCADURA,ASFALTO,Bueno,Bueno,1,JETTA,NEGRO,1,,27,FEMENINO,SIN DATOS,0,0,Morelia,Ciudad Industrial,marzo,lunes,8,-101.14554366932,19.7284851395985
52175,52181,2025,,2025/03/10,"07:50:00",COLISIÓN POR CAMBIO DE CARRIL,ASFALTO,Bueno,Bueno,2,HONDA,NEGRO,2,,36,MASCULINO,SIN DATOS,0,0,Morelia,Lomas de San Juan,marzo,lunes,8,-101.183039681886,19.7298664251429
52176,52182,2025,,2025/03/10,"09:30:00",COLISIÓN POR INVASIÓN DE CARRIL,CONCRETO,Bueno,Bueno,2,VENTO,ROJO,2,MINISTERIO PÚBLICO,16,MASCULINO,SIN DATOS,0,0,Morelia,Ignacio Zaragoza,marzo,lunes,10,-101.205296963453,19.7255013116778
52177,52183,2025,,2025/03/10,14:10:00,COLISIÓN POR INVASIÓN DE CARRIL,ASFALTO,Bueno,Bueno,2,BAJAJ,BLANCO Y  PERLA,2,,49,MASCULINO,SIN DATOS,0,0,Morelia,Campestre Los Manantiales,marzo,lunes,14,-101.239649355412,19.6909877420144
52178,52184,2025,,2025/03/10,18:10:00,COLISIÓN POR CORTE DE CIRCULACIÓN,ASFALTO,Bueno,Bueno,2,GENERAL MOTORQ,BLANCO Y AZUL,2,,51,MASCULINO,SIN DATOS,0,0,Morelia,Presa de Los Reyes,marzo,lunes,18,-101.21320953,19.7342015699991
52179,52185,2025,,2025/03/10,18:20:00,COLISIÓN POR CORTE DE CIRCULACIÓN,ASFALTO,Bueno,Bueno,2,MG,GRIS,2,,24,MASCULINO,SIN DATOS,0,0,Morelia,Felicitas del Rio,marzo,lunes,18,-101.200257123757,19.6935246012511
52181,52187,2025,,2025/03/10,18:50:00,COLISIÓN POR CAMBIO DE CARRIL,ASFALTO,Bueno,Bueno,2,FORD,AZUL,2,,32,MASCULINO,SIN DATOS,0,0,Morelia,Martires de Uruapan,marzo,lunes,19,-101.197319408167,19.725017061641
52182,52188,2025,,2025/03/10,19:30:00,COLISIÓN CONTRA OBJETO FIJO,ASFALTO,Bueno,Bueno,1,KAWASAKI,BLANCO,1,,41,MASCULINO,SIN DATOS,0,0,Morelia,Arboledas de Valladolid,marzo,lunes,20,-101.249727513545,19.6942937106911
52183,52189,2025,,2025/03/10,20:55:00,COLISIÓN CONTRA OBJETO FIJO,ASFALTO,Bueno,Bueno,2,NISSAN,BLANCO,1,,,MASCULINO,SIN DATOS,0,0,Morelia,Union,marzo,lunes,21,-101.15784392,19.7118910899991
52185,52191,2025,,2025/03/11,"08:00:00",COLISIÓN POR ALCANCE,ASFALTO,Bueno,Bueno,2,FORD,BLANCO,2,,42,MASCULINO,SIN DATOS,0,0,Morelia,Gertrudis Sanchez,marzo,martes,8,-101.205776745,19.7441101549991
52186,52192,2025,MOR/20253873828,2025/03/11,10:05:00,COLISIÓN POR NO RESPETAR SEMÁFORO,ASFALTO,Bueno,Bueno,2,ZEAT,NEGRO,2,,30,MASCULINO,SIN DATOS,0,0,Morelia,Morelos,marzo,martes,10,-101.20619815,19.7022964949991
52187,52193,2025,,2025/03/11,12:05:00,COLISIÓN POR CORTE DE CIRCULACIÓN,ASFALTO,Bueno,Bueno,2,ITALIKA,AMARILLO,3,,39,MASCULINO,SIN DATOS,1,0,Morelia,Mariano Escobedo,marzo,martes,12,-101.209676345,19.7198595799991
52189,52195,2025,,2025/03/11,16:40:00,COLISIÓN POR CORTE DE CIRCULACIÓN,ASFALTO,Bueno,Bueno,2,FORD,ROJO,2,,38,FEMENINO,SIN DATOS,0,0,Morelia,Cundagua,marzo,martes,17,-101.168274784242,19.6817269157008
52190,52196,2025,,2025/03/11,18:05:00,COLISIÓN POR CORTE DE CIRCULACIÓN,CONCRETO,Bueno,Bueno,1,NISSAN,PLATA,1,,0,MASCULINO,SIN DATOS,0,0,Morelia,Margarita Maza de Juarez,marzo,martes,18,-101.254840335609,19.6932223891268
52191,52197,2025,,2025/03/11,18:10:00,COLISIÓN POR CORTE DE CIRCULACIÓN,ASFALTO,Bueno,Bueno,1,YAMAHA,ROJO,1,,,,SIN DATOS,0,0,Morelia,Vistas de Altozano,marzo,martes,18,-101.167,19.6551
52192,52198,2025,,2025/03/11,18:10:00,COLISIÓN POR CORTE DE CIRCULACIÓN,CONCRETO,Bueno,Bueno,2,KTM DUKE 200,NEGRO/ANARANJADO,2,,19,MASCULINO,SIN DATOS,0,0,Morelia,Ciudad Jardin,marzo,martes,18,-101.256150298214,19.7084792473219
52193,52199,2025,,2025/03/11,19:50:00,COLISIÓN POR CORTE DE CIRCULACIÓN,ASFALTO,Bueno,Bueno,2,ITALIKA,NEGRO,2,,,MASCULINO,SIN DATOS,0,0,Morelia,Popular Pogreso,marzo,martes,20,-101.200145965135,19.7202451059807
52194,52200,2025,,2025/03/11,20:10:00,COLISIÓN POR CORTE DE CIRCULACIÓN,ASFALTO,Bueno,Bueno,2,VOLKSWAGEN,VERDE,1,,,MASCULINO,SIN DATOS,0,0,Morelia,Camponubes,marzo,martes,20,-101.2902890993,19.6979150011112
52195,52201,2025,,2025/03/11,20:20:00,COLISIÓN POR CORTE DE CIRCULACIÓN,ASFALTO,Bueno,Bueno,2,ITALIKA,VERDE/NEGRO,3,MINISTERIO PÚBLICO,32,MASCULINO,SIN DATOS,1,0,Morelia,Centro,marzo,martes,20,-101.18754847,19.7028479949991
52196,52202,2025,,2025/03/11,23:10:00,COLISIÓN POR INVASIÓN DE CARRIL,ASFALTO,Bueno,Malo,2,VOLKSWAGEN,BLANCO,2,,32,MASCULINO,SIN DATOS,0,0,Morelia,Sin datos,marzo,martes,23,-101.336985020264,19.6895878765073
52197,52203,2025,,2025/03/12,"00:00:00",COLISIÓN POR CAMBIO DE CARRIL,ASFALTO,Bueno,Bueno,2,ITALIKA,GRIS,2,,59,MASCULINO,SIN DATOS,0,0,Morelia,Morelos,marzo,miércoles,0,-101.183176785707,19.7280248474489
52198,52204,2025,,2025/03/12,"09:20:00",COLISIÓN POR ALCANCE,CONCRETO,Bueno,Bueno,3,RENAULT,NEGRO,3,,47,FEMENINO,SIN DATOS,0,0,Morelia,Santa Cruz,marzo,miércoles,9,-101.187910549343,19.6722111990407
52199,52205,2025,,2025/03/12,10:50:00,COLISIÓN POR CAMBIO DE CARRIL,ASFALTO,Bueno,Bueno,2,CHEVROLET,BLANCO,2,,30,MASCULINO,SIN DATOS,0,0,Morelia,Lomas de Santa Maria,marzo,miércoles,11,-101.188576743007,19.6763519634886
52200,52206,2025,,2025/03/12,14:25:00,COLISIÓN POR CORTE DE CIRCULACIÓN,CONCRETO,Bueno,Bueno,1,STERLING,BLANCO,1,,24,MASCULINO,SIN DATOS,0,0,Morelia,Jose Ma Pino Suarez,marzo,miércoles,14,-101.163804195821,19.7195764005588
52201,52207,2025,,2025/03/12,15:00:00,COLISIÓN POR CORTE DE CIRCULACIÓN,ASFALTO,Bueno,Bueno,1,HECHIZO,NEGRO,1,,36,MASCULINO,SIN DATOS,0,0,Morelia,Granjas del Maestro,marzo,miércoles,15,-101.188590154052,19.7133261750595
52202,52208,2025,,2025/03/12,17:00:00,COLISIÓN POR CORTE DE CIRCULACIÓN,ASFALTO,Bueno,Bueno,2,KIA,PLATA,2,MINISTERIO PÚBLICO,49,MASCULINO,SIN DATOS,0,0,Morelia,El Eden,marzo,miércoles,17,-101.249640583992,19.6460129236641
52203,52209,2025,,2025/03/12,18:10:00,COLISIÓN POR CAMBIO DE CARRIL,CONCRETO,Bueno,Bueno,2,CHEVROLET,NARANJA,2,,74,MASCULINO,SIN DATOS,0,0,Morelia,Industrial,marzo,miércoles,18,-101.189716681838,19.7107582188439
52204,52210,2025,,2025/03/12,20:00:00,COLISIÓN POR CAMBIO DE CARRIL,ASFALTO,Bueno,Bueno,2,CHEVROLET,PLATA,2,,53,MASCULINO,SIN DATOS,0,0,Morelia,Lomas de Hidalgo,marzo,miércoles,20,-101.160867959682,19.697918934297
52205,52211,2025,MOR2025781,2025/03/12,20:03:00,COLISIÓN CONTRA OBJETO FIJO,ASFALTO,Bueno,Bueno,1,NISSAN,NEGRO,1,,,MASCULINO,SIN DATOS,0,0,Morelia,Felipe Carrillo Puerto,marzo,miércoles,20,-101.177865888138,19.7301982584421
52206,52212,2025,,2025/03/12,21:05:00,COLISIÓN POR INVASIÓN DE CARRIL,ASFALTO,Bueno,Bueno,2,NISSAN,BLANCO,2,,19,FEMENINO,SIN DATOS,0,0,Morelia,Adolfo Lopez Mateos,marzo,miércoles,21,-101.225165915,19.6972738249991
52207,52213,2025,MOR/20250024742,2025/03/13,"01:45:00",COLISIÓN CONTRA OBJETO FIJO,ASFALTO,Bueno,Bueno,1,FORD,BLANCO,1,,,,SIN DATOS,0,0,Morelia,Montaña Monarca,marzo,jueves,2,-101.161786168814,19.6724448223287
52208,52214,2025,MOR 2025000000,2025/03/13,10:37:00,COLISIÓN POR CORTE DE CIRCULACIÓN,ASFALTO,Bueno,Bueno,2,Polar,Rojo,2,,0,MASCULINO,SIN DATOS,0,0,Morelia,Alfonso Espinoza Guerrero (Barranca Seca),marzo,jueves,11,-101.17553383112,19.6732896518088
52209,52215,2025,,2025/03/13,11:35:00,SUBIDA AL CAMELLÓN,ASFALTO,Bueno,Bueno,1,INTERNATIONAL,AZUL,1,,48,MASCULINO,SIN DATOS,0,0,Morelia,Trabajadores del Cbta No 7,marzo,jueves,12,-101.23111858964,19.662959443102
52210,52216,2025,,2025/03/13,12:50:00,COLISIÓN POR INVASIÓN DE CARRIL,ASFALTO,Bueno,Bueno,2,CHEVROLET,VERDE,2,,,MASCULINO,SIN DATOS,0,0,Morelia,Mirador del Punhuato,marzo,jueves,13,-101.157286763191,19.7052762392485
52211,52217,2025,,2025/03/13,14:20:00,COLISIÓN POR ALCANCE,ASFALTO,Bueno,Bueno,2,CHEVROLET,BLANCO,2,,22,MASCULINO,SIN DATOS,0,0,Morelia,Santillan La Huerta,marzo,jueves,14,-101.219553885717,19.6760966650679
52212,52218,2025,,2025/03/13,16:00:00,COLISIÓN POR CORTE DE CIRCULACIÓN,ASFALTO,Bueno,Bueno,2,FORD,VERDE,2,,59,MASCULINO,SIN DATOS,0,0,Morelia,Centro,marzo,jueves,16,-101.18875609,19.7086253949991
52213,52219,2025,,2025/03/13,16:50:00,COLISIÓN CONTRA OBJETO FIJO,ASFALTO,Bueno,Bueno,1,NISSAN VERSA,ROJO,1,MINISTERIO PÚBLICO,,MASCULINO,SIN DATOS,0,0,Morelia,Los Laureles,marzo,jueves,17,-101.230808794498,19.7157779413799
52214,52220,2025,MOR250,2025/03/14,"07:10:00",COLISIÓN POR CORTE DE CIRCULACIÓN,ASFALTO,Bueno,Bueno,2,DINA,ROJO,2,,24,MASCULINO,SIN DATOS,0,0,Morelia,Sin datos,marzo,viernes,7,-101.309290230274,19.6872893052299
52216,52222,2025,LEG55904,2025/03/14,14:52:00,CAIDA DE MOTOCICLETA,ASFALTO,Bueno,Bueno,1,VESPA,GRIS,1,,34,MASCULINO,SIN DATOS,0,0,Morelia,Los Pirules,marzo,viernes,15,-101.118486,19.687152
52217,52223,2025,,2025/03/14,15:15:00,COLISIÓN POR CAMBIO DE CARRIL,ASFALTO,Bueno,Bueno,2,NISSAN,GRIS,2,MINISTERIO PÚBLICO,,,SIN DATOS,0,0,Morelia,Clara Cordova Moran,marzo,viernes,15,-101.179554462433,19.7363728085539
52218,52224,2025,LEG55870,2025/03/14,15:30:00,COLISIÓN POR ALCANCE,ASFALTO,Bueno,Bueno,3,MERCEDES BENZ,BLANCO,3,,33,MASCULINO,SIN DATOS,0,0,Morelia,Martires de Uruapan,marzo,viernes,16,-101.202637553215,19.7254596521736
52219,52225,2025,LEG55871,2025/03/14,17:25:00,COLISIÓN POR MANIOBRA DE REVERSA,ASFALTO,Bueno,Bueno,2,PETERBILT,ROJO,2,,39,MASCULINO,SIN DATOS,0,0,Morelia,Ciudad Industrial,marzo,viernes,17,-101.134356558323,19.7330149936904
52220,52226,2025,LEG55861,2025/03/14,18:00:00,COLISIÓN POR CORTE DE CIRCULACIÓN,ASFALTO,Bueno,Bueno,2,TOYOTA,BLANCO/GRIS,2,,30,MASCULINO,SIN DATOS,0,0,Morelia,Felix Ireta,marzo,viernes,18,-101.195818036795,19.6823993835797
52221,52227,2025,LEG55872,2025/03/14,18:59:00,COLISIÓN POR CORTE DE CIRCULACIÓN,ASFALTO,Bueno,Bueno,2,NISSAN,BLANCO,2,,32,FEMENINO,SIN DATOS,0,0,Morelia,La Calera,marzo,viernes,19,-101.233724355698,19.6778180639511
52222,52228,2025,LEG55873,2025/03/14,20:45:00,COLISIÓN POR ALCANCE,ASFALTO,Bueno,Bueno,2,BENELLI,NEGRO,3,,27,MASCULINO,SIN DATOS,1,0,Morelia,Vista Bella,marzo,viernes,21,-101.19218967855,19.6822327005978
52223,52229,2025,,2025/03/14,20:50:00,COLISIÓN POR ALCANCE,ASFALTO,Bueno,Bueno,2,VOLKSWAGEN,GRIS,2,,25,MASCULINO,SIN DATOS,0,0,Morelia,La Colina,marzo,viernes,21,-101.216169968247,19.7038179656902
52224,52230,2025,,2025/03/14,23:05:00,COLISIÓN CONTRA OBJETO FIJO,ASFALTO,Bueno,Bueno,2,CHEVROLET,BLANCO,2,,,,SIN DATOS,0,0,Morelia,Jardines de Guadalupe,marzo,viernes,23,-101.223934628069,19.713886410765
52225,52231,2025,,2025/03/15,"07:35:00",COLISIÓN POR CAMBIO DE CARRIL,ASFALTO,Bueno,Bueno,2,SEAT,GRIS,2,,53,MASCULINO,SIN DATOS,0,0,Morelia,Francisco J Mujica,marzo,sábado,8,-101.188209950924,19.721532248325
52226,52232,2025,,2025/03/15,10:30:00,COLISIÓN POR ALCANCE,ASFALTO,Bueno,Bueno,2,CHEVROLET,GRIS,2,,,FEMENINO,SIN DATOS,0,0,Morelia,Vicente Guerrero,marzo,sábado,11,-101.228992938995,19.7023647292067
52227,52233,2025,,2025/03/15,12:05:00,COLISIÓN POR CAMBIO DE CARRIL,ASFALTO,Bueno,Bueno,2,BAJAJ,NEGRO,2,MINISTERIO PÚBLICO,21,MASCULINO,SIN DATOS,0,0,Morelia,Prados Verdes,marzo,sábado,12,-101.203073076904,19.7148279179546
52228,52234,2025,LEG55878,2025/03/15,15:20:00,COLISIÓN POR CAMBIO DE CARRIL,ASFALTO,Bueno,Regular,2,SATURN,AZUL,2,,43,FEMENINO,SIN DATOS,0,0,Morelia,Ferrocarrilero,marzo,sábado,15,-101.217413172126,19.6976274149041
52229,52235,2025,,2025/03/15,16:00:00,COLISIÓN CONTRA OBJETO FIJO,ASFALTO,Bueno,Bueno,1,DODGE,GRIS,1,MINISTERIO PÚBLICO,23,MASCULINO,SIN DATOS,0,0,Morelia,Ciudad Industrial,marzo,sábado,16,-101.144184172153,19.7240457474099
52230,52236,2025,,2025/03/15,16:20:00,COLISIÓN CONTRA OBJETO FIJO,ASFALTO,Bueno,Bueno,1,NISSAN,ROJO,1,,,MASCULINO,SIN DATOS,0,0,Morelia,Sin datos,marzo,sábado,16,-101.095481961966,19.7299177887149
52231,52237,2025,LEG55880,2025/03/15,16:30:00,COLISIÓN POR CORTE DE CIRCULACIÓN,ASFALTO,Bueno,Bueno,1,INTERNATIONAL,BLANCO,1,,55,MASCULINO,SIN DATOS,0,0,Morelia,Sin datos,marzo,sábado,17,-101.279501616955,19.6556521234065
52232,52238,2025,,2025/03/15,17:10:00,COLISIÓN POR MANIOBRA DE REVERSA,CONCRETO,Bueno,Bueno,2,PETER BILT,ROJO,2,,,,SIN DATOS,0,0,Morelia,Ciudad Industrial,marzo,sábado,17,-101.145589649677,19.7283417068029
52233,52239,2025,,2025/03/15,19:00:00,COLISIÓN POR CORTE DE CIRCULACIÓN,ASFALTO,Bueno,Bueno,2,ITALIKA,BLANCO,2,,,MASCULINO,SIN DATOS,0,0,Morelia,Sin datos,marzo,sábado,19,-101.119194030762,19.7008395111253
52234,52240,2025,MOR25000067,2025/03/15,19:20:00,COLISIÓN POR INVASIÓN DE CARRIL,ASFALTO,Bueno,Bueno,2,MERCEDEZ BENZ,VERDE,1,MINISTERIO PÚBLICO,,,,0,1,Charo,Sin datos,marzo,sábado,19,-101.055121421814,19.746670508699
52235,52241,2025,,2025/03/15,20:30:00,COLISIÓN POR CORTE DE CIRCULACIÓN,ASFALTO,Bueno,Bueno,2,ITALIKA,BLANCO,2,,25,MASCULINO,SIN DATOS,0,0,Morelia,Villas del Real,marzo,sábado,21,-101.19945846498,19.7348207747057
52236,52242,2025,,2025/03/15,21:40:00,COLISIÓN POR CORTE DE CIRCULACIÓN,ASFALTO,Bueno,Bueno,2,VELOCI,ROJO/NEGRO,2,,29,MASCULINO,SIN DATOS,0,0,Morelia,Real Universidad,marzo,sábado,22,-101.210349239409,19.6871690319952
52237,52243,2025,,2025/03/15,21:50:00,COLISIÓN POR ALCANCE,ASFALTO,Bueno,Bueno,2,RENAULT,GRIS,2,,,MASCULINO,SIN DATOS,0,0,Morelia,Vista Bella,marzo,sábado,22,-101.192150115967,19.6822440653521
52238,52244,2025,,2025/03/15,22:50:00,COLISIÓN CONTRA OBJETO FIJO,CONCRETO,Bueno,Bueno,1,SEAT,BLANCO,1,,38,MASCULINO,SIN DATOS,0,0,Morelia,Agustin Arriaga Rivera,marzo,sábado,23,-101.224477440119,19.691095701245
52239,52245,2025,,2025/03/15,23:00:00,COLISIÓN CONTRA OBJETO FIJO,ASFALTO,Bueno,Bueno,1,HONDA,GRIS,1,,,MASCULINO,SIN DATOS,0,0,Morelia,Ejidal Ocolusen,marzo,sábado,23,-101.158995330334,19.6877760794461
52240,52246,2025,,2025/03/16,"02:45:00",COLISIÓN POR ALCANCE,ASFALTO,Bueno,Bueno,2,BMW,BLANCO,2,MINISTERIO PÚBLICO,0,MASCULINO,SIN DATOS,0,0,Morelia,La Campiña,marzo,domingo,3,-101.244823032864,19.6357487761347
52241,52247,2025,,2025/03/16,"03:50:00",COLISIÓN POR ALCANCE,ASFALTO,Bueno,Bueno,2,TOYOTA,GRIS,2,,28,MASCULINO,SIN DATOS,0,0,Morelia,Jardines de La Loma,marzo,domingo,4,-101.225152686238,19.6768292999957
52242,52248,2025,,2025/03/16,"08:05:00",COLISIÓN POR CAMBIO DE CARRIL,ASFALTO,Bueno,Bueno,2,HONDA,AZUL,2,,34,FEMENINO,SIN DATOS,0,0,Morelia,Santiaguito,marzo,domingo,8,-101.188686043024,19.7185951537344
52244,52250,2025,,2025/03/16,13:48:00,CAIDA DE MOTOCICLETA,ASFALTO,Bueno,Bueno,1,VENTO,ROJO,2,,29,FEMENINO,SIN DATOS,1,0,Morelia,Sin datos,marzo,domingo,14,-101.339446306229,19.6856698706313
52245,52251,2025,,2025/03/16,15:00:00,COLISIÓN POR CORTE DE CIRCULACIÓN,ASFALTO,Bueno,Bueno,2,KIA,BLANCO,2,,45,MASCULINO,SIN DATOS,0,0,Morelia,Centro,marzo,domingo,15,-101.185540482402,19.7029171121359
52246,52252,2025,,2025/03/16,15:10:00,COLISIÓN CON PEATÓN,SIN_DATOS,Bueno,Bueno,2,VOLKSWAGEN,NEGRO,2,,50,MASCULINO,SIN DATOS,0,0,Morelia,Melchor Ocampo,marzo,domingo,15,-101.202398836613,19.7057320259197
52247,52253,2025,,2025/03/16,18:00:00,COLISIÓN POR CORTE DE CIRCULACIÓN,ASFALTO,Bueno,Bueno,2,INTERNATIONAL,BLANCO,2,,40,MASCULINO,SIN DATOS,0,0,Morelia,Primo Tapia Oriente,marzo,domingo,18,-101.158552765846,19.7134612630599
52248,52254,2025,,2025/03/16,21:40:00,COLISIÓN POR CAMBIO DE CARRIL,ASFALTO,Bueno,Bueno,2,MAZDA,BLANCO,2,,64,MASCULINO,SIN DATOS,0,0,Morelia,Lomas de Las Americas Norte,marzo,domingo,22,-101.149191856384,19.6948597079632
52249,52255,2025,MOR20250026347,2025/03/17,10:50:00,COLISIÓN CONTRA OBJETO FIJO,CONCRETO,Bueno,Bueno,2,ITALIKA,NEGRO Y ROJO,2,,15,MASCULINO,SIN DATOS,0,0,Morelia,Villas del Pedregal,marzo,lunes,11,-101.305970996618,19.6832694154194
52250,52256,2025,,2025/03/17,12:00:00,COLISIÓN POR CORTE DE CIRCULACIÓN,CONCRETO,Bueno,Bueno,2,HONDA,GRIS,2,,,,SIN DATOS,0,0,Morelia,Primaveras,marzo,lunes,12,-101.225693151355,19.6833969523456