fid,id_accidente,anio_origen,folio_c5i,dia_incidente,hora_ocurrencia,tipo_incidente_vial,superficie_ocurrencia,condiciones_climaticas,condiciones_via,numero_vehiculos_involucrados,marca_vehiculo_ocasiona_siniestro,color_vehiculo_ocasiona_siniestro,numero_personas_involucradas,lugar_remite_presunto_responsable,edad_presunto_responsable,sexo_presunto_responsable,resultados_toxicologia,numero_personas_lesionadas,numero_personas_fallecidas,municipio,colonia,mes,dia_semana,hora_redondeada,lon,lat
52251,52257,2025,,2025/03/17,12:25:00,COLISIÓN POR CAMBIO DE CARRIL,ASFALTO,Bueno,Bueno,2,HONDA/PILOT,GRIS,2,,19,MASCULINO,SIN DATOS,0,0,Morelia,Industrial,marzo,lunes,12,-101.188303828239,19.711529620054
52252,52258,2025,,2025/03/17,14:00:00,COLISIÓN POR CORTE DE CIRCULACIÓN,ASFALTO,Bueno,Bueno,2,HONDA,BLANCO,2,,,MASCULINO,SIN DATOS,0,0,Morelia,Lomas del Tecnologico,marzo,lunes,14,-101.193155944347,19.7233173290912
52253,52259,2025,,2025/03/17,21:30:00,COLISIÓN CONTRA OBJETO FIJO,CONCRETO,Bueno,Bueno,2,CHEVROLET,GRIS,1,,41,MASCULINO,SIN DATOS,0,0,Morelia,Insurgentes,marzo,lunes,22,-101.155387759209,19.6982006474937
52254,52260,2025,,2025/03/18,"00:00:00",COLISIÓN POR ALCANCE,ASFALTO,Bueno,Bueno,3,GENERAL MOTORS,ROJO,3,,24,FEMENINO,SIN DATOS,0,0,Morelia,Jardines del Toreo,marzo,martes,0,-101.214185804129,19.6879730615877
52255,52261,2025,,2025/03/18,"07:45:00",COLISIÓN POR CORTE DE CIRCULACIÓN,ASFALTO,Bueno,Bueno,2,GMC,PLATA,1,,24,MASCULINO,SIN DATOS,0,0,Morelia,Enrique Arreguin Robles,marzo,martes,8,-101.185329928994,19.7239807327382
52256,52262,2025,,2025/03/18,"08:40:00",COLISIÓN CONTRA OBJETO FIJO,ASFALTO,Bueno,Bueno,1,NISSAN,BLANCO,1,,36,FEMENINO,SIN DATOS,0,0,Morelia,Infonavit Colonial Universidad,marzo,martes,9,-101.204939035,19.6864075999991
52257,52263,2025,LEG55913,2025/03/18,"08:44:00",COLISIÓN POR CORTE DE CIRCULACIÓN,ASFALTO,Bueno,Bueno,2,VENTO,NARANJA,2,,34,MASCULINO,SIN DATOS,0,0,Morelia,Chapultepec Norte,marzo,martes,9,-101.176340505481,19.6931001942017
52258,52264,2025,,2025/03/18,"09:00:00",COLISIÓN POR CORTE DE CIRCULACIÓN,CONCRETO,Bueno,Bueno,2,ITALIKA,NEGRO,2,MINISTERIO PÚBLICO,30,MASCULINO,SIN DATOS,0,0,Morelia,Carlos Salazar,marzo,martes,9,-101.209658559066,19.7124165765648
52259,52265,2025,,2025/03/18,"09:10:00",COLISIÓN POR ALCANCE,CONCRETO,Bueno,Bueno,2,HONDA,AMARILLO NEGRO,2,,30,FEMENINO,SIN DATOS,0,0,Morelia,Villas del Pedregal,marzo,martes,9,-101.29850808531,19.6869382712841
52260,52266,2025,,2025/03/18,14:50:00,COLISIÓN POR CORTE DE CIRCULACIÓN,ASFALTO,Bueno,Bueno,1,CHEVROLET,PLATA,1,,43,MASCULINO,SIN DATOS,0,0,Morelia,Santiaguito,marzo,martes,15,-101.188743039966,19.7173225853568
52261,52267,2025,,2025/03/18,15:00:00,COLISIÓN POR CORTE DE CIRCULACIÓN,ASFALTO,Bueno,Bueno,2,CHRYSLER,PLATA,2,,44,MASCULINO,SIN DATOS,0,0,Charo,San Bartolo,marzo,martes,15,-101.043725721538,19.7538001218463
52262,52268,2025,,2025/03/18,16:00:00,COLISIÓN POR ALCANCE,ASFALTO,Bueno,Bueno,2,VOLKSWAGEN,BLANCO,2,,28,MASCULINO,SIN DATOS,0,0,Morelia,El Eden,marzo,martes,16,-101.255192756653,19.6426683700092
52263,52269,2025,,2025/03/18,16:11:00,COLISIÓN POR CORTE DE CIRCULACIÓN,ASFALTO,Bueno,Bueno,2,TOYOTA,BLANCO CON CAFE,2,,52,MASCULINO,SIN DATOS,0,0,Morelia,La Colina,marzo,martes,16,-101.215623132885,19.7092813728407
52264,52270,2025,MOR20250026933,2025/03/18,22:30:00,COLISIÓN CONTRA OBJETO FIJO,ASFALTO,Bueno,Bueno,1,VOLKSWAGEN,GRIS,1,,19,MASCULINO,SIN DATOS,0,0,Morelia,Santillan La Huerta,marzo,martes,23,-101.220098733902,19.6754288563151
52265,52271,2025,,2025/03/19,"09:25:00",COLISIÓN POR CAMBIO DE CARRIL,CONCRETO,Bueno,Bueno,2,NISSAN,BLANCO,2,,33,FEMENINO,SIN DATOS,0,0,Morelia,Agustin Arriaga Rivera,marzo,miércoles,9,-101.224481463432,19.6911348443398
52266,52272,2025,MOR20257890,2025/03/19,15:00:00,COLISIÓN POR CORTE DE CIRCULACIÓN,ASFALTO,Bueno,Bueno,2,FORD,BLANCO,2,,,MASCULINO,SIN DATOS,0,0,Morelia,Obrera,marzo,miércoles,15,-101.180222667754,19.7124373689217
52267,52273,2025,,2025/03/19,15:00:00,COLISIÓN POR CORTE DE CIRCULACIÓN,CONCRETO,Bueno,Bueno,2,NISSAN,BLANCO,2,,,,SIN DATOS,0,0,Morelia,Chapultepec Norte,marzo,miércoles,15,-101.17644444108,19.6955585837353
52268,52274,2025,,2025/03/19,15:19:00,COLISIÓN POR INVASIÓN DE CARRIL,ASFALTO,Bueno,Bueno,2,ISUZU,BLANCO,5,MINISTERIO PÚBLICO,31,MASCULINO,SIN DATOS,3,0,Charo,San Bartolo,marzo,miércoles,15,-101.045012176037,19.7528547422285
52269,52275,2025,MOR20256789,2025/03/19,18:09:00,COLISIÓN POR CORTE DE CIRCULACIÓN,CONCRETO,Bueno,Bueno,2,VOLKSWAGEN,GRIS,2,MINISTERIO PÚBLICO,,FEMENINO,SIN DATOS,0,0,Morelia,Felix Ireta,marzo,miércoles,18,-101.188582604864,19.6860148664875
52270,52276,2025,MOR20258031,2025/03/19,18:10:00,COLISIÓN POR CORTE DE CIRCULACIÓN,ASFALTO,Bueno,Bueno,0,,,0,,,,,0,0,Morelia,Ventura Puente,marzo,miércoles,18,-101.185568702322,19.6926757933343
52271,52277,2025,,2025/03/19,18:30:00,COLISIÓN POR CORTE DE CIRCULACIÓN,ASFALTO,Bueno,Bueno,2,FORD,BLANCO,2,,28,MASCULINO,SIN DATOS,0,0,Morelia,Isaac Arriaga,marzo,miércoles,19,-101.167694347859,19.709924751906
52272,52278,2025,,2025/03/19,18:50:00,COLISIÓN POR CAMBIO DE CARRIL,ASFALTO,Bueno,Bueno,2,NISSAN/SENTRA,GRIS,2,,18,MASCULINO,SIN DATOS,0,0,Morelia,Tinijaro,marzo,miércoles,19,-101.26316,19.6963297049991
52273,52279,2025,,2025/03/19,21:30:00,COLISIÓN POR ALCANCE,ASFALTO,Bueno,Bueno,2,NISSAN,BLANCO,2,,,MASCULINO,SIN DATOS,0,0,Morelia,Gertrudis Sanchez,marzo,miércoles,22,-101.205776745,19.7441101549991
52274,52280,2025,,2025/03/19,22:00:00,COLISIÓN POR ALCANCE,ASFALTO,Bueno,Bueno,2,NISSAN,GRIS,2,MINISTERIO PÚBLICO,26,MASCULINO,SIN DATOS,0,0,Morelia,Los Manantiales de Morelia,marzo,miércoles,22,-101.240380257368,19.6926929842781
52276,52282,2025,,2025/03/20,"02:00:00",COLISIÓN CONTRA OBJETO FIJO,ASFALTO,Bueno,Bueno,1,CHEVROLET,NEGRO,1,,53,MASCULINO,SIN DATOS,0,0,Morelia,Centro,marzo,jueves,2,-101.18754847,19.7028479949991
52277,52283,2025,,2025/03/20,"08:50:00",COLISIÓN POR ALCANCE,CONCRETO,Bueno,Bueno,2,VOLKSWAGEN,AZUL,2,,44,MASCULINO,SIN DATOS,0,0,Morelia,Ana Maria Gallaga (Riviera Norte),marzo,jueves,9,-101.22460476,19.6777109999991
52278,52284,2025,LEG55939,2025/03/20,"08:50:00",COLISIÓN CON PEATÓN,ASFALTO,Bueno,Bueno,1,BMW,GRIS,2,MINISTERIO PÚBLICO,32,MASCULINO,SIN DATOS,1,0,Morelia,Alberto Oviedo Mota,marzo,jueves,9,-101.201934814453,19.6778332173741
52279,52285,2025,,2025/03/20,"09:00:00",COLISIÓN POR ALCANCE,ASFALTO,Bueno,Bueno,2,SEAT,PLATA,2,,30,MASCULINO,SIN DATOS,0,0,Morelia,Sin datos,marzo,jueves,9,-101.272987,19.6447985
52280,52286,2025,,2025/03/20,10:00:00,COLISIÓN POR CORTE DE CIRCULACIÓN,ASFALTO,Bueno,Bueno,2,VOLKSWAGEN,GRIS,2,,58,FEMENINO,SIN DATOS,0,0,Morelia,Carlos Salazar,marzo,jueves,10,-101.209658559066,19.7124165765648
52281,52287,2025,,2025/03/20,11:00:00,COLISIÓN POR NO RESPETAR SEMÁFORO,ASFALTO,Bueno,Bueno,2,NISSAN,NEGRO,2,,61,MASCULINO,SIN DATOS,0,0,Morelia,Morelos,marzo,jueves,11,-101.209213659167,19.69816624097
52282,52288,2025,,2025/03/20,11:00:00,COLISIÓN POR CAMBIO DE CARRIL,ASFALTO,Bueno,Bueno,2,ITALIKA,ROJO,2,MINISTERIO PÚBLICO,30,MASCULINO,SIN DATOS,0,0,Morelia,Vicente Lombardo Toledano (Ejidal Isacc Arriaga) (Etnias de Mexico),marzo,jueves,11,-101.155399158597,19.7155361751566
52283,52289,2025,LEG55940,2025/03/20,11:11:00,COLISIÓN POR CAMBIO DE CARRIL,ASFALTO,Bueno,Bueno,2,TOYOTA,GRIS,2,,61,MASCULINO,SIN DATOS,0,0,Morelia,Felix Ireta,marzo,jueves,11,-101.191944256425,19.6900445161667
52284,52290,2025,,2025/03/20,14:00:00,COLISIÓN POR ALCANCE,ASFALTO,Bueno,Bueno,2,VOLKSWAGEN,BLANCO,2,,34,FEMENINO,SIN DATOS,0,0,Morelia,Tinijaro,marzo,jueves,14,-101.262402534485,19.6965011457746
52285,52291,2025,,2025/03/20,15:10:00,COLISIÓN POR ALCANCE,ASFALTO,Bueno,Bueno,2,ITALIKA,NARANJA NEGRO,2,MINISTERIO PÚBLICO,24,MASCULINO,SIN DATOS,0,0,Morelia,Loma de Los Piñones,marzo,jueves,15,-101.205067634583,19.6740252433567
52286,52292,2025,,2025/03/20,19:45:00,COLISIÓN POR CAMBIO DE CARRIL,ASFALTO,Bueno,Bueno,2,TOYOTA,GRIS,2,,47,FEMENINO,SIN DATOS,0,0,Morelia,Jardines de Guadalupe,marzo,jueves,20,-101.22663192451,19.710570418068
52287,52293,2025,,2025/03/21,"07:20:00",COLISIÓN POR CORTE DE CIRCULACIÓN,ASFALTO,Bueno,Bueno,2,HONDA,ROJO,1,,,MASCULINO,SIN DATOS,0,0,Morelia,Los Laureles,marzo,viernes,7,-101.232506632805,19.7163700461476
52288,52294,2025,,2025/03/21,"08:48:00",COLISIÓN POR CORTE DE CIRCULACIÓN,ASFALTO,Bueno,Bueno,2,RENAULT,GRIS,2,,,MASCULINO,SIN DATOS,0,0,Morelia,Cuauhtemoc,marzo,viernes,9,-101.179079711437,19.6947788982824
52289,52295,2025,,2025/03/21,"09:40:00",COLISIÓN POR CORTE DE CIRCULACIÓN,ASFALTO,Bueno,Bueno,2,DINA,BLANCO,2,,53,MASCULINO,SIN DATOS,0,0,Morelia,Enrique Arreguin Robles,marzo,viernes,10,-101.185350716114,19.7239744206328
52290,52296,2025,,2025/03/21,12:25:00,COLISIÓN POR CORTE DE CIRCULACIÓN,TERRACERIA,Bueno,Bueno,2,S/D,S/D,1,,,FEMENINO,SIN DATOS,0,0,Morelia,Los Angeles,marzo,viernes,12,-101.170245185494,19.745361558659
52291,52297,2025,,2025/03/21,15:00:00,COLISIÓN POR CORTE DE CIRCULACIÓN,ASFALTO,Bueno,Bueno,2,TRAYLFER,BLANCO,2,,50,MASCULINO,SIN DATOS,0,0,Morelia,Los Angeles,marzo,viernes,15,-101.176645606756,19.7411187574726
52292,52298,2025,,2025/03/21,16:20:00,COLISIÓN POR ALCANCE,CONCRETO,Bueno,Bueno,2,DODGE,GRIS,2,,21,MASCULINO,SIN DATOS,0,0,Morelia,Elias Perez Avalos,marzo,viernes,16,-101.168106794357,19.712192441362
52293,52299,2025,,2025/03/21,17:42:00,COLISIÓN POR ALCANCE,ASFALTO,Bueno,Bueno,2,NISSAN,BLANCO,2,,27,MASCULINO,SIN DATOS,0,0,Morelia,Country Club  Las Huertas,marzo,viernes,18,-101.226562857628,19.6620425733471
52294,52300,2025,MOR259999,2025/03/21,19:30:00,COLISIÓN POR CORTE DE CIRCULACIÓN,ASFALTO,Bueno,Bueno,2,HYUNDAI,BLANCO,2,,24,MASCULINO,SIN DATOS,0,0,Morelia,Jardines de Guadalupe,marzo,viernes,20,-101.223935298622,19.7138728388809
52295,52301,2025,MOR 2025LL,2025/03/21,23:00:00,COLISIÓN POR ALCANCE,ASFALTO,Bueno,Bueno,2,CHEVROLET,GRIS,2,MINISTERIO PÚBLICO,75,MASCULINO,ALIENTO ETÍLICO,0,0,Morelia,Tinijaro,marzo,viernes,23,-101.26448392868,19.6962258904548
52296,52302,2025,,2025/03/22,"05:48:00",COLISIÓN POR ALCANCE,ASFALTO,Bueno,Bueno,2,NISSAN,PLATA,4,MINISTERIO PÚBLICO,33,MASCULINO,SIN DATOS,2,0,Morelia,Tzindurio de Morelos,marzo,sábado,6,-101.243586838245,19.6999885139233
52297,52303,2025,,2025/03/22,"06:10:00",COLISIÓN CON PEATÓN,SIN_DATOS,Bueno,Bueno,1,ITALIKA,NEGRO/ROJO,2,,,MASCULINO,SIN DATOS,1,0,Morelia,Nicolaitas Ilustres,marzo,sábado,6,-101.228365302086,19.7194694073894
52298,52304,2025,MOR20258901,2025/03/22,"07:40:00",COLISIÓN POR CAMBIO DE CARRIL,ASFALTO,Bueno,Bueno,2,VOLKSWAGEN,NEGRO,2,MINISTERIO PÚBLICO,0,MASCULINO,SIN DATOS,0,0,Morelia,Villas Lomas del Paraiso,marzo,sábado,8,-101.171730458736,19.6708675428157
52299,52305,2025,,2025/03/22,"09:20:00",COLISIÓN POR NO RESPETAR SEMÁFORO,CONCRETO,Bueno,Bueno,2,RAM,ROJO,2,MINISTERIO PÚBLICO,56,MASCULINO,SIN DATOS,0,0,Morelia,Nueva Valladolid,marzo,sábado,9,-101.207915470004,19.7010693048459
52300,52306,2025,,2025/03/22,10:36:00,COLISIÓN POR CORTE DE CIRCULACIÓN,ASFALTO,Bueno,Bueno,3,ITALIKA,NEGRO,3,,22,FEMENINO,SIN DATOS,0,0,Morelia,Felix Ireta,marzo,sábado,11,-101.192022711039,19.6870992671642
52301,52307,2025,,2025/03/22,12:00:00,COLISIÓN CONTRA OBJETO FIJO,ASFALTO,Bueno,Bueno,1,CHEVROLET,GRIS,1,MINISTERIO PÚBLICO,,,,0,1,Morelia,Ciudad Industrial,marzo,sábado,12,-101.139113456011,19.7278064539826
52302,52308,2025,,2025/03/22,14:15:00,COLISIÓN POR CORTE DE CIRCULACIÓN,ASFALTO,Bueno,Bueno,2,NISSAN,BLANCO,2,MINISTERIO PÚBLICO,50,FEMENINO,SIN DATOS,0,0,Morelia,Popular Pogreso,marzo,sábado,14,-101.200313083827,19.7195224305619
52303,52309,2025,LEG55959,2025/03/22,14:30:00,COLISIÓN POR ALCANCE,ASFALTO,Bueno,Bueno,3,HONDA,ARENA,3,,30,MASCULINO,SIN DATOS,0,0,Morelia,Ventura Puente,marzo,sábado,15,-101.179260760546,19.6935629601906
52305,52311,2025,,2025/03/22,18:13:00,COLISIÓN POR NO RESPETAR SEMÁFORO,CONCRETO,Bueno,Bueno,2,SUZUKI,AZUL,2,,40,MASCULINO,SIN DATOS,0,0,Morelia,Juarez,marzo,sábado,18,-101.195387542248,19.6922939806817
52306,52312,2025,,2025/03/22,20:39:00,COLISIÓN POR CORTE DE CIRCULACIÓN,ASFALTO,Bueno,Bueno,2,CHEVROLET,VERDE,2,MINISTERIO PÚBLICO,43,FEMENINO,SIN DATOS,0,0,Morelia,Cinco de Diciembre,marzo,sábado,21,-101.160981506109,19.6878354266553
52307,52313,2025,,2025/03/22,23:05:00,COLISIÓN CONTRA OBJETO FIJO,CONCRETO,Bueno,Bueno,2,FORD,BLANCO,1,,0,,SIN DATOS,0,0,Morelia,La Quemada,marzo,sábado,23,-101.247567,19.6871785
52308,52314,2025,LEG55966,2025/03/23,"02:39:00",CAIDA DE MOTOCICLETA,ASFALTO,Bueno,Bueno,1,ITALIKA,NEGRO,2,,,,,2,0,Morelia,Enrique Arreguin Robles,marzo,domingo,3,-101.185323223472,19.7239851512119
52309,52315,2025,,2025/03/23,17:22:00,CAIDA DE MOTOCICLETA,ASFALTO,Bueno,Bueno,1,YAMAHA,NEGRO,1,,,,SIN DATOS,0,0,Morelia,Lomas de La Maestranza,marzo,domingo,17,-101.329288780689,19.6849008702219
52310,52316,2025,,2025/03/23,18:55:00,COLISIÓN CONTRA OBJETO FIJO,ASFALTO,Bueno,Bueno,1,CHEVROLET,ROJO,2,MINISTERIO PÚBLICO,0,MASCULINO,SIN DATOS,1,0,Morelia,Solidaridad,marzo,domingo,19,-101.20584654,19.7357084299991
52311,52317,2025,,2025/03/23,20:15:00,COLISIÓN POR ALCANCE,ASFALTO,Bueno,Bueno,2,NISSAN,AZUL,2,,23,MASCULINO,SIN DATOS,0,0,Morelia,Centro,marzo,domingo,20,-101.18754847,19.7028479949991
52312,52318,2025,,2025/03/23,23:00:00,COLISIÓN POR ALCANCE,ASFALTO,Bueno,Bueno,2,TOYOTA,GRIS,2,,,MASCULINO,SIN DATOS,0,0,Morelia,Ejidal San Isidro,marzo,domingo,23,-101.279508614475,19.6906503850057
52313,52319,2025,,2025/03/24,"00:05:00",COLISIÓN CONTRA OBJETO FIJO,ASFALTO,Bueno,Bueno,1,TOYOTA,GRIS,1,MINISTERIO PÚBLICO,36,MASCULINO,SIN DATOS,0,0,Sin datos,Sin datos,marzo,lunes,0,-0.01583280599508,-0.030976
52314,52320,2025,,2025/03/24,"04:20:00",COLISIÓN CONTRA OBJETO FIJO,ASFALTO,Bueno,Bueno,1,CHEVROLET,ROJO,0,,,,,0,0,Morelia,Tierra Y Libertad,marzo,lunes,4,-101.22977368,19.7151822499992
52315,52321,2025,,2025/03/24,"08:42:00",COLISIÓN POR ALCANCE,ASFALTO,Bueno,Bueno,2,NISSAN,GRIS CLARO,2,,48,MASCULINO,SIN DATOS,0,0,Morelia,Avicola Benito Juarez,marzo,lunes,9,-101.279534474015,19.6913520252084
52316,52322,2025,,2025/03/24,"08:45:00",COLISIÓN POR ALCANCE,ASFALTO,Bueno,Bueno,2,ITALIKA,NEGRO Y NARANJA,2,,34,MASCULINO,SIN DATOS,0,0,Morelia,Isaac Arriaga,marzo,lunes,9,-101.173878539064,19.7098514781792
52317,52323,2025,,2025/03/24,11:00:00,COLISIÓN POR ALCANCE,CONCRETO,Bueno,Bueno,3,NISSAN,BLANCO/ROSA,3,,19,MASCULINO,SIN DATOS,0,0,Morelia,Prados Verdes,marzo,lunes,11,-101.197081357241,19.716674619441
52318,52324,2025,,2025/03/24,11:19:00,COLISIÓN POR CORTE DE CIRCULACIÓN,CONCRETO,Bueno,Bueno,2,VOLKSWAGEN,AZUL,2,,,MASCULINO,SIN DATOS,0,0,Morelia,Vasco de Quiroga,marzo,lunes,11,-101.175846979022,19.6992322084574
52319,52325,2025,,2025/03/24,13:00:00,COLISIÓN POR CORTE DE CIRCULACIÓN,CONCRETO,Bueno,Bueno,2,NISSAN,BLANCO,2,,60,MASCULINO,SIN DATOS,0,0,Morelia,Ventura Puente,marzo,lunes,13,-101.189871579409,19.693580637446
52320,52326,2025,MOR/20250029281,2025/03/24,13:05:00,COLISIÓN POR ALCANCE,CONCRETO,Bueno,Bueno,4,RENAULT,BLANCO,4,,24,MASCULINO,SIN DATOS,0,0,Morelia,El Lago 1,marzo,lunes,13,-101.215758919716,19.727074896815
52321,52327,2025,,2025/03/24,13:50:00,COLISIÓN POR CORTE DE CIRCULACIÓN,CONCRETO,Bueno,Bueno,2,ITALIKA,GRIS Y NEGRO,2,,35,MASCULINO,SIN DATOS,0,0,Morelia,Centro,marzo,lunes,14,-101.18839636445,19.7107569563184
52322,52328,2025,,2025/03/24,17:15:00,COLISIÓN POR CORTE DE CIRCULACIÓN,ASFALTO,Bueno,Bueno,2,JEEP,BLANCO,3,MINISTERIO PÚBLICO,81,MASCULINO,SIN DATOS,1,0,Morelia,Felix Ireta,marzo,lunes,17,-101.188373565674,19.6817579056988
52323,52329,2025,LEG55981,2025/03/24,18:03:00,COLISIÓN POR MANIOBRA DE REVERSA,ASFALTO,Bueno,Bueno,2,NISSAN,BLANCO,2,,40,MASCULINO,SIN DATOS,0,0,Morelia,Loma Bonita,marzo,lunes,18,-101.18914341,19.6575722749991
52324,52330,2025,LEG55982,2025/03/24,22:05:00,CAIDA DE MOTOCICLETA,ASFALTO,Bueno,Bueno,1,ITALIKA,NEGRO,1,,43,MASCULINO,SIN DATOS,0,0,Morelia,Adolfo Lopez Mateos,marzo,lunes,22,-101.22776793,19.6987174149992
52325,52331,2025,,2025/03/25,"07:20:00",COLISIÓN POR CORTE DE CIRCULACIÓN,ASFALTO,Bueno,Bueno,2,KENWORTH,BLANCO,2,,49,,SIN DATOS,0,0,Morelia,Villas del Pedregal,marzo,martes,7,-101.302209,19.685042
52326,52332,2025,,2025/03/25,"07:40:00",SALIDA DE SUPERFICIE DE RODAMIENTO,ASFALTO,Bueno,Bueno,1,NISSAN,PLATA,1,,44,MASCULINO,SIN DATOS,0,0,Morelia,Sin datos,marzo,martes,8,-101.275924408994,19.6208266134515
52327,52333,2025,,2025/03/25,"09:00:00",COLISIÓN POR ALCANCE,ASFALTO,Bueno,Bueno,2,HERO,ROJO Y NEGRO,2,,21,MASCULINO,SIN DATOS,0,0,Morelia,Isaac Arriaga,marzo,martes,9,-101.173878539064,19.7098514781792
52328,52334,2025,,2025/03/25,11:50:00,COLISIÓN POR CORTE DE CIRCULACIÓN,CONCRETO,Bueno,Bueno,2,NISSAN/VERSA,BLANCO,2,,25,MASCULINO,SIN DATOS,0,0,Morelia,Chapultepec Norte,marzo,martes,12,-101.173778799073,19.6957366970635
52330,52336,2025,,2025/03/25,14:30:00,COLISIÓN POR ALCANCE,ASFALTO,Bueno,Bueno,2,FORD,GRIS,2,MINISTERIO PÚBLICO,0,MASCULINO,SIN DATOS,0,0,Morelia,Nueva Valladolid,marzo,martes,15,-101.211171435,19.7020055149992
52331,52337,2025,,2025/03/25,15:40:00,COLISIÓN POR INVASIÓN DE CARRIL,CONCRETO,Bueno,Bueno,2,TOYOTA,BLANCO,2,,,,SIN DATOS,0,0,Morelia,Gertrudis Sanchez,marzo,martes,16,-101.210530635489,19.7418308007097
52332,52338,2025,MOR20258971,2025/03/25,16:15:00,COLISIÓN CONTRA OBJETO FIJO,ASFALTO,Bueno,Bueno,1,VOLKSWAGEN,ROJO,1,,,MASCULINO,SIN DATOS,0,0,Morelia,Mariano Escobedo,marzo,martes,16,-101.209748685,19.7223888749991
52334,52340,2025,,2025/03/26,"00:00:00",COLISIÓN POR CORTE DE CIRCULACIÓN,CONCRETO,Bueno,Bueno,0,,,0,,,,,0,0,Morelia,Arcos del Valle,marzo,miércoles,0,-101.236269772053,19.7076372253969
52335,52341,2025,,2025/03/26,"08:14:00",COLISIÓN POR CORTE DE CIRCULACIÓN,ASFALTO,Bueno,Bueno,2,HERO,NEGRO,2,,,,SIN DATOS,0,0,Morelia,Granjas del Maestro,marzo,miércoles,8,-101.188427209854,19.7128849288799
52336,52342,2025,,2025/03/26,10:30:00,COLISIÓN POR CORTE DE CIRCULACIÓN,ASFALTO,Bueno,Bueno,2,CHEVROLET,NEGRO,2,,56,MASCULINO,SIN DATOS,0,0,Morelia,Francisco J Mujica,marzo,miércoles,11,-101.192976236343,19.7236506092885
52337,52343,2025,,2025/03/26,12:29:00,COLISIÓN POR INVASIÓN DE CARRIL,ASFALTO,Bueno,Bueno,2,ZIGMA,NEGRO Y ROJO,2,,31,MASCULINO,SIN DATOS,0,0,Morelia,El Realito,marzo,miércoles,12,-101.205215156078,19.72580933919
52338,52344,2025,,2025/03/26,14:20:00,COLISIÓN POR CORTE DE CIRCULACIÓN,CONCRETO,Bueno,Bueno,2,NISSAN,GRIS GLACIAL,2,,23,MASCULINO,SIN DATOS,0,0,Morelia,Fidel Velazquez,marzo,miércoles,14,-101.236283183098,19.7076119743925
52339,52345,2025,,2025/03/26,15:30:00,COLISIÓN POR ALCANCE,ASFALTO,Bueno,Bueno,2,HONDA,GRIS,2,,37,MASCULINO,SIN DATOS,0,0,Morelia,Nueva Valladolid,marzo,miércoles,16,-101.207917481661,19.7010756178556
52340,52346,2025,,2025/03/26,16:50:00,COLISIÓN POR CORTE DE CIRCULACIÓN,ASFALTO,Bueno,Bueno,2,MERCEDES BENZ,AZUL,2,,21,MASCULINO,SIN DATOS,0,0,Morelia,Tzindurio Norte,marzo,miércoles,17,-101.243809461594,19.7003268931747
52341,52347,2025,,2025/03/26,19:38:00,COLISIÓN CONTRA OBJETO FIJO,ASFALTO,Bueno,Bueno,1,NISSAN,BLANCO,2,MINISTERIO PÚBLICO,54,FEMENINO,SIN DATOS,1,0,Morelia,Centro,marzo,miércoles,20,-101.18754847,19.7028479949991
52342,52348,2025,,2025/03/26,20:16:00,CAIDA DE MOTOCICLETA,ASFALTO,Bueno,Bueno,1,VENTO,AMARILLO,1,,35,MASCULINO,SIN DATOS,0,0,Morelia,Martires de Uruapan,marzo,miércoles,20,-101.197319408167,19.725017061641
52343,52349,2025,,2025/03/26,20:30:00,COLISIÓN POR CAMBIO DE CARRIL,ASFALTO,Bueno,Bueno,2,DODGE,AZUL,4,MINISTERIO PÚBLICO,38,MASCULINO,SIN DATOS,2,0,Morelia,Monte Rubio,marzo,miércoles,21,-101.25334620815,19.6411620468106
52345,52351,2025,,2025/03/27,10:10:00,COLISIÓN POR CORTE DE CIRCULACIÓN,ASFALTO,Bueno,Bueno,2,YAMAHA/YBR125,BLANCO,3,MINISTERIO PÚBLICO,40,MASCULINO,SIN DATOS,1,0,Morelia,Jardines de Torremolinos,marzo,jueves,10,-101.229658126831,19.6770199816421
52346,52352,2025,,2025/03/27,12:38:00,COLISIÓN POR ALCANCE,ASFALTO,Bueno,Bueno,2,HONDA,ROJO,2,,25,MASCULINO,SIN DATOS,0,0,Morelia,Vasco de Quiroga,marzo,jueves,13,-101.175895929337,19.6981501425022
52347,52353,2025,,2025/03/27,14:40:00,COLISIÓN POR CORTE DE CIRCULACIÓN,ASFALTO,Bueno,Bueno,2,KENWORTH,ROJO,2,,44,MASCULINO,SIN DATOS,0,0,Morelia,Dr Miguel Silva,marzo,jueves,15,-101.178118139505,19.719484556869
52348,52354,2025,,2025/03/27,16:55:00,COLISIÓN POR MANIOBRA DE REVERSA,CONCRETO,Bueno,Bueno,2,GMC,AZUL,2,,27,MASCULINO,SIN DATOS,0,0,Morelia,Villas del Real,marzo,jueves,17,-101.201073825359,19.7348214058734
52349,52355,2025,LEG56004,2025/03/27,17:00:00,COLISIÓN POR CORTE DE CIRCULACIÓN,ASFALTO,Bueno,Bueno,2,NISSAN,BLANCO,2,,68,,SIN DATOS,0,0,Morelia,Felix Ireta,marzo,jueves,17,-101.181437373161,19.6815129311845
52350,52356,2025,MOR2025000,2025/03/27,17:50:00,COLISIÓN POR CORTE DE CIRCULACIÓN,CONCRETO,Bueno,Bueno,2,VOLKSWAGEN,BLANCO,2,,35,MASCULINO,SIN DATOS,0,0,Morelia,Colinas del Sur,marzo,jueves,18,-101.197356283665,19.6633736745502
52351,52357,2025,,2025/03/27,18:20:00,COLISIÓN POR CORTE DE CIRCULACIÓN,ASFALTO,Bueno,Bueno,2,ITALIKA,BLANCO,2,,22,MASCULINO,SIN DATOS,0,0,Morelia,Lic Daniel Espinoza Galindo,marzo,jueves,18,-101.225490644574,19.7062446265524
52352,52358,2025,MOR202567891,2025/03/27,18:30:00,COLISIÓN CONTRA OBJETO FIJO,ASFALTO,Bueno,Bueno,0,,,0,,,,,0,0,Morelia,Vasco de Quiroga,marzo,jueves,19,-101.177501231432,19.7024755215928