fid,id_accidente,anio_origen,folio_c5i,dia_incidente,hora_ocurrencia,tipo_incidente_vial,superficie_ocurrencia,condiciones_climaticas,condiciones_via,numero_vehiculos_involucrados,marca_vehiculo_ocasiona_siniestro,color_vehiculo_ocasiona_siniestro,numero_personas_involucradas,lugar_remite_presunto_responsable,edad_presunto_responsable,sexo_presunto_responsable,resultados_toxicologia,numero_personas_lesionadas,numero_personas_fallecidas,municipio,colonia,mes,dia_semana,hora_redondeada,lon,lat
52353,52359,2025,,2025/03/27,18:39:00,COLISIÓN POR ALCANCE,ASFALTO,Bueno,Bueno,2,ITALIKA,ROJO/NEGRO,2,MINISTERIO PÚBLICO,26,MASCULINO,SIN DATOS,0,0,Morelia,Chapultepec Sur,marzo,jueves,19,-101.174898147583,19.6909201885407
52354,52360,2025,,2025/03/27,21:20:00,COLISIÓN POR INVASIÓN DE CARRIL,CONCRETO,Bueno,Bueno,2,ITALIKA,GRIS,2,,23,MASCULINO,SIN DATOS,0,0,Morelia,Ana Maria Gallaga (Riviera Norte),marzo,jueves,21,-101.222791671753,19.6767169113694
52355,52361,2025,,2025/03/27,22:45:00,COLISIÓN POR CAMBIO DE CARRIL,CONCRETO,Bueno,Bueno,2,NISSAN,AZUL,2,,27,MASCULINO,SIN DATOS,0,0,Morelia,Nueva Valladolid,marzo,jueves,23,-101.213486418128,19.7011217028184
52356,52362,2025,MOR 250000000,2025/03/27,23:21:00,COLISIÓN POR ALCANCE,ASFALTO,Bueno,Bueno,2,MINICOOPER,BLANCO,2,,35,MASCULINO,SIN DATOS,0,0,Morelia,Indeco El Vivero,marzo,jueves,23,-101.229715794325,19.6770086165172
52357,52363,2025,LEG56026,2025/03/28,"07:24:00",COLISIÓN POR CORTE DE CIRCULACIÓN,ASFALTO,Bueno,Bueno,1,NISSAN,BLANCO,2,MINISTERIO PÚBLICO,31,FEMENINO,SIN DATOS,0,0,Morelia,Emiliano Zapata,marzo,viernes,7,-101.230275034904,19.6549650717331
52358,52364,2025,,2025/03/28,"09:10:00",COLISIÓN POR ALCANCE,ASFALTO,Bueno,Bueno,2,TOYOTA,PLATA,2,,49,MASCULINO,SIN DATOS,0,0,Morelia,San Pascual,marzo,viernes,9,-101.267335116863,19.6952713316419
52359,52365,2025,,2025/03/28,"09:30:00",COLISIÓN POR CORTE DE CIRCULACIÓN,ASFALTO,Bueno,Bueno,2,TOYOTA,BLANCO/GUINDA,2,,48,MASCULINO,SIN DATOS,0,0,Morelia,Santiaguito,marzo,viernes,10,-101.191430613399,19.7159041899151
52360,52366,2025,LEG56027,2025/03/28,10:45:00,COLISIÓN POR NO RESPETAR SEMÁFORO,CONCRETO,Bueno,Bueno,2,DODGE,GRIS,2,,38,MASCULINO,SIN DATOS,0,0,Morelia,Ventura Puente,marzo,viernes,11,-101.188038289547,19.6904043821056
52361,52367,2025,,2025/03/28,11:00:00,COLISIÓN POR CORTE DE CIRCULACIÓN,ASFALTO,Bueno,Bueno,2,NISSAN,BLANCO,2,,60,MASCULINO,SIN DATOS,0,0,Morelia,Los Manantiales de Morelia,marzo,viernes,11,-101.237719506025,19.7014872255469
52362,52368,2025,,2025/03/28,12:20:00,COLISIÓN POR CORTE DE CIRCULACIÓN,ASFALTO,Bueno,Bueno,2,NISSAN,GRIS,2,,25,MASCULINO,SIN DATOS,0,0,Morelia,Villas del Real,marzo,viernes,12,-101.19904473424,19.7331614261866
52363,52369,2025,LEG56028,2025/03/28,12:45:00,COLISIÓN CONTRA OBJETO FIJO,ASFALTO,Bueno,Bueno,1,NISSAN,BLANCO,1,,51,MASCULINO,SIN DATOS,0,0,Morelia,Jardines de Sindurio,marzo,viernes,13,-101.256284415722,19.6974632730355
52364,52370,2025,,2025/03/28,12:50:00,COLISIÓN POR CORTE DE CIRCULACIÓN,ASFALTO,Bueno,Bueno,2,NISSAN,ARENA,2,,90,MASCULINO,SIN DATOS,0,0,Morelia,Centro,marzo,viernes,13,-101.186694502831,19.7017820420615
52365,52371,2025,LEG56029,2025/03/28,13:57:00,COLISIÓN POR CAMBIO DE CARRIL,ASFALTO,Bueno,Bueno,2,NISSAN,BLANCO,2,,35,MASCULINO,SIN DATOS,0,0,Morelia,El Eden,marzo,viernes,14,-101.251738071442,19.6437343909004
52366,52372,2025,,2025/03/28,18:05:00,COLISIÓN CONTRA OBJETO FIJO,ASFALTO,Bueno,Bueno,1,NISSAN,BLANCO,1,,79,MASCULINO,SIN DATOS,0,0,Morelia,Nueva Jacarndas,marzo,viernes,18,-101.188584119081,19.6816429950197
52367,52373,2025,MOR20257891,2025/03/28,18:15:00,COLISIÓN CON PEATÓN,SIN_DATOS,Bueno,Bueno,1,FORD,BLANCO,1,,,,SIN DATOS,0,0,Morelia,Centro,marzo,viernes,18,-101.177838519216,19.7014663926677
52368,52374,2025,,2025/03/28,19:00:00,COLISIÓN POR INVASIÓN DE CARRIL,ASFALTO,Bueno,Bueno,3,HONDA,BLANCO,3,MINISTERIO PÚBLICO,41,MASCULINO,SIN DATOS,0,0,Morelia,Sin datos,marzo,viernes,19,-101.278671137989,19.643969634486
52369,52375,2025,,2025/03/28,20:00:00,COLISIÓN CONTRA OBJETO FIJO,ASFALTO,Bueno,Bueno,1,NISSAN,BLANCO,1,,43,MASCULINO,SIN DATOS,0,0,Morelia,Lomas de La Maestranza,marzo,viernes,20,-101.329855397344,19.6847638640143
52370,52376,2025,MOR/20250031019,2025/03/28,20:32:00,COLISIÓN POR ALCANCE,ASFALTO,Bueno,Bueno,3,CHEVROLET,NEGRO,3,,54,MASCULINO,SIN DATOS,0,0,Morelia,Loma de Los Piñones,marzo,viernes,21,-101.205205097795,19.6739387404915
52371,52377,2025,,2025/03/28,20:40:00,COLISIÓN CONTRA OBJETO FIJO,ASFALTO,Bueno,Bueno,1,MINICOOPER,BLANCO,1,,17,MASCULINO,SIN DATOS,0,0,Morelia,Sin datos,marzo,viernes,21,-101.164497211576,19.6585247000463
52372,52378,2025,,2025/03/28,23:20:00,COLISIÓN CONTRA OBJETO FIJO,CONCRETO,Bueno,Bueno,1,CATERPILLAR,AMARILLO,1,,,MASCULINO,SIN DATOS,0,0,Morelia,Villas de La Esperanza,marzo,viernes,23,-101.273977607489,19.6931589081052
52373,52379,2025,,2025/03/29,"03:15:00",SALIDA DE SUPERFICIE DE RODAMIENTO,ASFALTO,Bueno,Regular,1,CHEVROLET,ROJO,2,MINISTERIO PÚBLICO,46,MASCULINO,SIN DATOS,1,0,Morelia,La Campiña,marzo,sábado,3,-101.242337264121,19.6331824932573
52374,52380,2025,LEG56034,2025/03/29,"06:40:00",VOLCADURA,ASFALTO,Bueno,Bueno,1,DODGE,MORADO,1,,,,,1,0,Morelia,Sin datos,marzo,sábado,7,-101.28846321255,19.6882877905643
52375,52381,2025,LEG56035,2025/03/29,"07:30:00",SALIDA DE SUPERFICIE DE RODAMIENTO,ASFALTO,Bueno,Bueno,1,FAW,BLANCO,1,,,MASCULINO,SIN DATOS,0,0,Morelia,Sin datos,marzo,sábado,8,-101.27577804029,19.623324040057
52376,52382,2025,MOR 202512345,2025/03/29,"08:13:00",COLISIÓN POR ALCANCE,ASFALTO,Bueno,Bueno,2,NISSAN,GUINDA,3,,53,MASCULINO,SIN DATOS,1,0,Morelia,Jardines de Guadalupe,marzo,sábado,8,-101.226357668638,19.7099198997256
52377,52383,2025,,2025/03/29,11:39:00,COLISIÓN POR CAMBIO DE CARRIL,ASFALTO,Bueno,Bueno,2,NISSAN,ROJO,2,,37,MASCULINO,SIN DATOS,0,0,Morelia,Cosmos,marzo,sábado,12,-101.215942651033,19.6844955335447
52378,52384,2025,,2025/03/29,12:20:00,COLISIÓN POR ALCANCE,ASFALTO,Bueno,Bueno,2,ITALIKA,AMARILLO/NEGRO,2,,21,MASCULINO,SIN DATOS,0,0,Morelia,Dr Miguel Silva,marzo,sábado,12,-101.18105750531,19.7195028624884
52379,52385,2025,,2025/03/29,12:20:00,COLISIÓN POR CAMBIO DE CARRIL,ASFALTO,Bueno,Bueno,2,INTERNATIONAL,BLANCO,2,,32,MASCULINO,SIN DATOS,0,0,Morelia,Articulo Constitucional,marzo,sábado,12,-101.171515882015,19.7144296008057
52380,52386,2025,MOR202512345,2025/03/29,12:38:00,COLISIÓN CONTRA OBJETO FIJO,CONCRETO,Bueno,Bueno,2,NISSAN,BLANCO,2,,47,MASCULINO,SIN DATOS,0,0,Morelia,Defensores De Puebla,marzo,sábado,13,-101.240013465285,19.7125724576729
52381,52387,2025,,2025/03/29,13:15:00,COLISIÓN POR CAMBIO DE CARRIL,ASFALTO,Bueno,Bueno,2,FREIGHTLINER,ROJO,2,,34,MASCULINO,SIN DATOS,0,0,Morelia,Villas del Pedregal,marzo,sábado,13,-101.296439766884,19.68353989454
52382,52388,2025,,2025/03/29,13:50:00,COLISIÓN POR CORTE DE CIRCULACIÓN,ASFALTO,Bueno,Bueno,2,CHRYSLER,BLANCO,2,,43,MASCULINO,SIN DATOS,0,0,Morelia,Lomas de Hidalgo,marzo,sábado,14,-101.162302494049,19.6979228698432
52383,52389,2025,LEG56044,2025/03/29,14:20:00,COLISIÓN POR ALCANCE,ASFALTO,Bueno,Bueno,2,CHEVROLET,GRIS,2,,,MASCULINO,SIN DATOS,0,0,Morelia,Loma de Los Piñones,marzo,sábado,14,-101.20510417968,19.6740003027544
52384,52390,2025,,2025/03/29,14:40:00,COLISIÓN POR CORTE DE CIRCULACIÓN,ASFALTO,Bueno,Bueno,2,S/D,S/D,1,,38,FEMENINO,SIN DATOS,0,0,Morelia,Enrique Arreguin Robles,marzo,sábado,15,-101.184139363468,19.7195707195074
52385,52391,2025,,2025/03/29,15:08:00,COLISIÓN POR CORTE DE CIRCULACIÓN,ASFALTO,Bueno,Bueno,2,Chevrolet,Blanco,2,,,,SIN DATOS,0,0,Morelia,Campestre del Vergel,marzo,sábado,15,-101.242033839226,19.6770193502463
52386,52392,2025,,2025/03/29,16:00:00,COLISIÓN POR CORTE DE CIRCULACIÓN,ASFALTO,Bueno,Bueno,2,Italika,Negro y Azul,3,MINISTERIO PÚBLICO,,,SIN DATOS,1,0,Charo,Sin datos,marzo,sábado,16,-101.000728905201,19.6592805662466
52387,52393,2025,,2025/03/29,17:00:00,COLISIÓN POR CORTE DE CIRCULACIÓN,CONCRETO,Bueno,Bueno,2,DODGE,GRIS,2,,29,MASCULINO,SIN DATOS,0,0,Morelia,Ilustres Novohispanos,marzo,sábado,17,-101.151436194777,19.7085822413702
52388,52394,2025,,2025/03/29,20:44:00,COLISIÓN POR CAMBIO DE CARRIL,ASFALTO,Bueno,Bueno,2,PETERBILT,BLANCO Y ROJO,2,,28,MASCULINO,SIN DATOS,0,0,Morelia,Sentimientos de La Nacion,marzo,sábado,21,-101.236873269081,19.684800798879
52389,52395,2025,,2025/03/29,20:50:00,COLISIÓN POR CAMBIO DE CARRIL,ASFALTO,Bueno,Bueno,2,FORD,ROJO,2,,56,MASCULINO,SIN DATOS,0,0,Morelia,Niño Artillero,marzo,sábado,21,-101.25019043684,19.6986198383079
52390,52396,2025,,2025/03/29,23:10:00,VOLCADURA,SIN_DATOS,Bueno,Bueno,1,INTERNATIONAL,ROJO,1,,,,SIN DATOS,0,0,Tzitzio,Sin datos,marzo,sábado,23,-100.895537696779,19.3285296064995
52391,52397,2025,,2025/03/30,"03:00:00",COLISIÓN CON PEATÓN,SIN_DATOS,Bueno,Bueno,1,DODGE,ROJO,1,,,,SIN DATOS,0,0,Tzitzio,Sin datos,marzo,domingo,3,-100.895532667637,19.328547640085
52392,52398,2025,,2025/03/30,14:40:00,SUBIDA AL CAMELLÓN,CONCRETO,Bueno,Bueno,1,FORD,GRIS,1,,62,MASCULINO,SIN DATOS,0,0,Morelia,Ciudad Industrial,marzo,domingo,15,-101.142936944962,19.7253018509229
52394,52400,2025,,2025/03/31,"00:10:00",COLISIÓN POR INVASIÓN DE CARRIL,ASFALTO,Bueno,Bueno,2,SUZIKI,AZUL,2,,40,MASCULINO,SIN DATOS,0,0,Morelia,Jacarandas,marzo,lunes,0,-101.210576762774,19.7076974518136
52395,52401,2025,MOR202511111,2025/03/31,"08:50:00",COLISIÓN POR CORTE DE CIRCULACIÓN,ASFALTO,Bueno,Bueno,2,CHEVROLET,VERDE,2,,40,FEMENINO,SIN DATOS,0,0,Morelia,Lomas de Morelia (Dr Ignacio Chavez),marzo,lunes,9,-101.175452644618,19.7162004988672
52396,52402,2025,,2025/03/31,"09:25:00",COLISIÓN POR ALCANCE,ASFALTO,Bueno,Bueno,2,FORD/FIESTA,VERDE,2,,52,FEMENINO,SIN DATOS,0,0,Morelia,Central de Abastos,marzo,lunes,9,-101.169164089063,19.7171265444097
52397,52403,2025,,2025/03/31,10:19:00,COLISIÓN CONTRA OBJETO FIJO,CONCRETO,Bueno,Bueno,2,S/D,S/D,1,,,,SIN DATOS,0,0,Morelia,Irrigacion,marzo,lunes,10,-101.225249245763,19.7057541208084
52398,52404,2025,,2025/03/31,10:50:00,COLISIÓN POR ALCANCE,ASFALTO,Bueno,Bueno,2,NISSAN TSURU,BLANCO/ROJO,2,,77,MASCULINO,SIN DATOS,0,0,Morelia,La Soledad,marzo,lunes,11,-101.18332028389,19.7280311593944
52399,52405,2025,,2025/03/31,14:10:00,COLISIÓN POR CORTE DE CIRCULACIÓN,ASFALTO,Bueno,Bueno,2,CHEVROLET,PLATA,2,,44,FEMENINO,SIN DATOS,0,0,Morelia,Comision Federal de Electricidad,marzo,lunes,14,-101.180030554533,19.6814687347116
52400,52406,2025,LEG56062,2025/03/31,14:15:00,COLISIÓN POR ALCANCE,ASFALTO,Bueno,Bueno,2,MERCEDES BENZ,BLANCO,2,,,MASCULINO,SIN DATOS,0,0,Morelia,Jardines de Torremolinos,marzo,lunes,14,-101.225649565458,19.6768558186489
52401,52407,2025,,2025/03/31,14:20:00,COLISIÓN CON PEATÓN,SIN_DATOS,Bueno,Bueno,2,KIA,BLANCO,2,,54,MASCULINO,SIN DATOS,0,0,Morelia,Ventura Puente,marzo,lunes,14,-101.188075840473,19.6908090724846
52402,52408,2025,,2025/03/31,18:05:00,COLISIÓN CONTRA OBJETO FIJO,CONCRETO,Bueno,Bueno,2,VOLKSWAGEN JETTA,ROJO,2,,64,MASCULINO,SIN DATOS,0,0,Morelia,Huertitas,marzo,lunes,18,-101.212153165,19.7232934949991
52403,52409,2025,MOR20250032256,2025/03/31,18:30:00,COLISIÓN POR CORTE DE CIRCULACIÓN,ASFALTO,Bueno,Bueno,2,HINO,BLANCO,2,,45,MASCULINO,SIN DATOS,0,0,Morelia,Centro,marzo,lunes,19,-101.18754847,19.7028479949991
52404,52410,2025,,2025/03/31,21:00:00,COLISIÓN POR ALCANCE,ASFALTO,Bueno,Bueno,2,FORD,GRIS,2,,,,SIN DATOS,0,0,Morelia,Jardines de La Loma,marzo,lunes,21,-101.225021701604,19.6768245660415
52406,52412,2025,,2025/04/01,"09:00:00",COLISIÓN POR CORTE DE CIRCULACIÓN,SIN_DATOS,Bueno,Bueno,2,VOLKSWAGEN,AMARILLO,2,,43,MASCULINO,SIN DATOS,0,0,Morelia,Morelos,abril,martes,9,-101.182479076087,19.7279244874827
52407,52413,2025,,2025/04/01,11:40:00,SALIDA DE SUPERFICIE DE RODAMIENTO,ASFALTO,Bueno,Bueno,1,HONDA,BLANCO,1,,34,FEMENINO,SIN DATOS,0,0,Morelia,Sin datos,abril,martes,12,-101.114510893822,19.7368550152673
52408,52414,2025,,2025/04/01,11:40:00,COLISIÓN POR CAMBIO DE CARRIL,ASFALTO,Bueno,Bueno,2,ITALIKA,BLANCO,1,MINISTERIO PÚBLICO,25,MASCULINO,SIN DATOS,0,0,Morelia,Lomas del Valle,abril,martes,12,-101.232607886195,19.6868429363926
52409,52415,2025,,2025/04/01,12:12:00,COLISIÓN POR CAMBIO DE CARRIL,ASFALTO,Bueno,Bueno,2,CHEVROLET,ROJO,2,MINISTERIO PÚBLICO,24,MASCULINO,SIN DATOS,0,0,Morelia,Poblado de Ocolusen,abril,martes,12,-101.149578094482,19.6946021269633
52410,52416,2025,,2025/04/01,12:15:00,COLISIÓN POR CAMBIO DE CARRIL,ASFALTO,Bueno,Bueno,2,KENWORTH,AZUL,2,MINISTERIO PÚBLICO,58,MASCULINO,SIN DATOS,0,0,Morelia,Libertad,abril,martes,12,-101.238106749952,19.6873524407501
52411,52417,2025,,2025/04/01,13:00:00,COLISIÓN POR CAMBIO DE CARRIL,ASFALTO,Bueno,Bueno,2,INTERNACIONAL,BLANCO Y NARJA,2,,39,MASCULINO,SIN DATOS,0,0,Morelia,Tzindurio de Morelos,abril,martes,13,-101.243364214897,19.6995844780591
52412,52418,2025,,2025/04/01,13:25:00,COLISIÓN POR CORTE DE CIRCULACIÓN,ASFALTO,Bueno,Bueno,2,ITALIKA,NEGRO,2,,22,MASCULINO,SIN DATOS,0,0,Morelia,Isaac Arriaga,abril,martes,13,-101.171377748251,19.7077344417267
52413,52419,2025,,2025/04/01,14:15:00,COLISIÓN POR CORTE DE CIRCULACIÓN,CONCRETO,Bueno,Bueno,2,RENAULT,GRIS,2,,27,MASCULINO,SIN DATOS,0,0,Morelia,Santa Cecilia,abril,martes,14,-101.190602481365,19.6655269031007
52414,52420,2025,,2025/04/01,15:20:00,COLISIÓN POR CAMBIO DE CARRIL,ASFALTO,Bueno,Bueno,2,ITALIKA,NEGRO Y AMARILLO,2,,35,MASCULINO,SIN DATOS,0,0,Morelia,Villas del Pedregal,abril,martes,15,-101.30451053381,19.6876068766438
52415,52421,2025,,2025/04/01,15:40:00,COLISIÓN POR CORTE DE CIRCULACIÓN,ASFALTO,Bueno,Bueno,2,VENTO,ROJO,2,,22,MASCULINO,SIN DATOS,0,0,Morelia,Hacienda Corralejo,abril,martes,16,-101.221906542778,19.6959455840922
52416,52422,2025,,2025/04/01,15:40:00,COLISIÓN POR ALCANCE,ASFALTO,Bueno,Bueno,0,,,0,,,,,0,0,Morelia,Adolfo Lopez Mateos,abril,martes,16,-101.22554898262,19.6948893802576
52417,52423,2025,,2025/04/01,16:15:00,COLISIÓN CONTRA OBJETO FIJO,ASFALTO,Bueno,Bueno,2,MAN TRUCK,BLANCO,2,,50,MASCULINO,SIN DATOS,0,0,Morelia,Solidaridad,abril,martes,16,-101.205225214362,19.7258087079867
52418,52424,2025,,2025/04/01,16:25:00,COLISIÓN CONTRA OBJETO FIJO,ASFALTO,Bueno,Bueno,1,FORD,NEGRO,1,,47,MASCULINO,SIN DATOS,0,0,Morelia,El Lago 1,abril,martes,16,-101.219336986542,19.7275640747571
52419,52425,2025,,2025/04/01,17:40:00,COLISIÓN POR ALCANCE,ASFALTO,Bueno,Bueno,2,NISSAN,GRIS Y BLANCO,2,,37,MASCULINO,SIN DATOS,0,0,Morelia,La Quemada,abril,martes,18,-101.240052357316,19.7059850437694
52420,52426,2025,,2025/04/01,18:30:00,COLISIÓN POR CORTE DE CIRCULACIÓN,ASFALTO,Bueno,Bueno,2,ITALIKA,NEGRO,2,,20,,SIN DATOS,0,0,Morelia,El Lago 2,abril,martes,19,-101.214435013967,19.7262881110028
52422,52428,2025,MOR/20250032783,2025/04/01,20:28:00,COLISIÓN POR CORTE DE CIRCULACIÓN,CONCRETO,Bueno,Bueno,1,BMW,ROJO,1,MINISTERIO PÚBLICO,,,SIN DATOS,0,0,Morelia,Villas del Pedregal,abril,martes,20,-101.302209,19.685042
52423,52429,2025,LEG56086,2025/04/01,20:30:00,COLISIÓN POR CORTE DE CIRCULACIÓN,CONCRETO,Bueno,Bueno,2,RAM,GRIS,2,,30,FEMENINO,SIN DATOS,0,0,Morelia,Fovissste Acueducto,abril,martes,21,-101.1563397,19.6974513249991
52425,52431,2025,MOR/20250032791,2025/04/01,23:10:00,COLISIÓN POR ALCANCE,ASFALTO,Bueno,Bueno,2,NISSAN,BLANCO,2,,27,MASCULINO,SIN DATOS,0,0,Morelia,Rafael Carrillo,abril,martes,23,-101.235995011903,19.7102850991683
52426,52432,2025,,2025/04/02,"08:10:00",COLISIÓN POR CAMBIO DE CARRIL,SIN_DATOS,Bueno,Bueno,2,CHEVROLET,BLANCO,2,,30,FEMENINO,SIN DATOS,0,0,Morelia,Lomas de San Juan,abril,miércoles,8,-101.183039681886,19.7298664251429
52427,52433,2025,,2025/04/02,10:45:00,COLISIÓN POR CAMBIO DE CARRIL,ASFALTO,Bueno,Bueno,1,FREIGHTLINER,ROJO,2,,41,MASCULINO,SIN DATOS,0,0,Morelia,Santillan La Huerta,abril,miércoles,11,-101.219553885717,19.6760966650679
52428,52434,2025,,2025/04/02,11:20:00,COLISIÓN POR ALCANCE,ASFALTO,Bueno,Bueno,3,STERLING,BLANCO,4,,,MASCULINO,SIN DATOS,1,0,Morelia,Infonavit Cepamisa,abril,miércoles,11,-101.216,19.6974
52429,52435,2025,,2025/04/02,14:10:00,COLISIÓN POR ALCANCE,ASFALTO,Bueno,Bueno,2,MERCEDES BENZ,GRIS,2,,33,MASCULINO,SIN DATOS,0,0,Morelia,Mariano Michelena,abril,miércoles,14,-101.230060458183,19.6769517908807
52430,52436,2025,,2025/04/02,14:20:00,COLISIÓN POR CORTE DE CIRCULACIÓN,ASFALTO,Bueno,Bueno,2,ITALIKA,AMARILLO,1,,27,MASCULINO,SIN DATOS,0,0,Morelia,Hacienda San Jose,abril,miércoles,14,-101.214860379696,19.6949386236278
52431,52437,2025,,2025/04/02,17:20:00,COLISIÓN POR ALCANCE,ASFALTO,Bueno,Bueno,4,NISSAN,BLANCO,4,,36,MASCULINO,SIN DATOS,0,0,Morelia,Jardines de Torremolinos,abril,miércoles,17,-101.227913349867,19.6768002557515
52432,52438,2025,,2025/04/02,21:10:00,COLISIÓN CONTRA OBJETO FIJO,CONCRETO,Bueno,Bueno,1,VOLVO,BLANCO,1,,,MASCULINO,SIN DATOS,0,0,Morelia,Martires de Uruapan,abril,miércoles,21,-101.197319408167,19.725017061641
52433,52439,2025,,2025/04/02,21:30:00,COLISIÓN POR CAMBIO DE CARRIL,CONCRETO,Bueno,Bueno,2,CHEVROLET,ROJO,2,MINISTERIO PÚBLICO,19,MASCULINO,SIN DATOS,0,0,Morelia,Obrera,abril,miércoles,22,-101.182124255,19.7116006999991
52434,52440,2025,,2025/04/03,"00:00:00",COLISIÓN POR ALCANCE,ASFALTO,Bueno,Bueno,2,Ford,Rojo,2,,55,MASCULINO,SIN DATOS,0,0,Morelia,Buenavista,abril,jueves,0,-101.167648381005,19.7070362533738
52435,52441,2025,MOR/20250033200,2025/04/03,"00:30:00",COLISIÓN CON PEATÓN,ASFALTO,Bueno,Bueno,1,VOLKSWAGEN,AZUL,1,,31,FEMENINO,SIN DATOS,0,0,Morelia,Sin datos,abril,jueves,1,-101.302285976708,19.5882846595392
52436,52442,2025,,2025/04/03,"02:00:00",COLISIÓN CONTRA OBJETO FIJO,ASFALTO,Bueno,Bueno,1,SEAT/IBIZA,NEGRO,1,,36,MASCULINO,ALIENTO ETÍLICO,0,0,Morelia,Tinijaro,abril,jueves,2,-101.26316,19.6963297049991
52437,52443,2025,,2025/04/03,"08:05:00",COLISIÓN POR CORTE DE CIRCULACIÓN,CONCRETO,Bueno,Bueno,2,NISSAN,BLANCO,2,,46,MASCULINO,SIN DATOS,0,0,Morelia,Plan de La Garita,abril,jueves,8,-101.182948160872,19.7146239450766
52438,52444,2025,LEG56098,2025/04/03,"08:28:00",COLISIÓN POR ALCANCE,CONCRETO,Bueno,Bueno,5,CHEVROLET,ROJO,4,MINISTERIO PÚBLICO,32,FEMENINO,SIN DATOS,0,0,Morelia,Centro,abril,jueves,8,-101.19433645159,19.697127097337
52439,52445,2025,,2025/04/03,11:00:00,COLISIÓN POR CORTE DE CIRCULACIÓN,CONCRETO,Bueno,Bueno,2,CHEVROLET,BLANCO,2,MINISTERIO PÚBLICO,45,FEMENINO,SIN DATOS,0,0,Morelia,Vasco de Quiroga,abril,jueves,11,-101.171647310257,19.7057926290358
52441,52447,2025,,2025/04/03,13:50:00,COLISIÓN CON PEATÓN,ASFALTO,Bueno,Bueno,1,Dodge,Negro,2,,44,MASCULINO,SIN DATOS,1,0,Morelia,Vasco de Quiroga,abril,jueves,14,-101.171750825,19.6988905399991
52442,52448,2025,,2025/04/03,14:00:00,COLISIÓN POR CORTE DE CIRCULACIÓN,CONCRETO,Bueno,Bueno,2,VOLKSWAGEN,ROJO,2,,33,FEMENINO,SIN DATOS,0,0,Morelia,La Esperanza,abril,jueves,14,-101.251636234764,19.7001163663386
52444,52450,2025,,2025/04/03,16:10:00,COLISIÓN POR ALCANCE,ASFALTO,Bueno,Bueno,2,MG,Gris,2,,0,MASCULINO,SIN DATOS,0,0,Morelia,Centro,abril,jueves,16,-101.18754847,19.7028479949991
52445,52451,2025,,2025/04/03,16:15:00,COLISIÓN POR CORTE DE CIRCULACIÓN,CONCRETO,Bueno,Bueno,2,BAJAJ,BLANCO NEGRO,3,MINISTERIO PÚBLICO,27,FEMENINO,SIN DATOS,1,0,Morelia,Aquiles Serdan,abril,jueves,16,-101.167906969786,19.722769435135
52446,52452,2025,,2025/04/03,17:35:00,COLISIÓN POR MANIOBRA DE REVERSA,ASFALTO,Bueno,Bueno,2,HONDA,VERDE,2,,38,MASCULINO,SIN DATOS,0,0,Morelia,Cumbres de Morelia,abril,jueves,18,-101.136906615417,19.6898799855315
52447,52453,2025,LEG56110,2025/04/03,18:08:00,COLISIÓN CONTRA OBJETO FIJO,ASFALTO,Bueno,Bueno,2,NISSAN,AZUL,2,,24,MASCULINO,SIN DATOS,0,0,Morelia,Ciudad Industrial,abril,jueves,18,-101.126167103648,19.7364397116666
52448,52454,2025,,2025/04/03,21:15:00,COLISIÓN POR CAMBIO DE CARRIL,ASFALTO,Bueno,Bueno,2,HONDA,BEIGE,2,,30,MASCULINO,SIN DATOS,0,0,Morelia,Sentimientos de La Nacion,abril,jueves,21,-101.236870586872,19.6848026929744
52449,52455,2025,LEG56111,2025/04/03,22:08:00,COLISIÓN POR CORTE DE CIRCULACIÓN,ASFALTO,Bueno,Bueno,1,VOLKSWAGEN,ROJO,1,,22,MASCULINO,SIN DATOS,0,0,Morelia,Villa de Santa Maria,abril,jueves,22,-101.16764947772,19.6559703889933
52450,52456,2025,,2025/04/04,"07:25:00",COLISIÓN POR ALCANCE,ASFALTO,Bueno,Bueno,2,FORD,BLANCO,2,,41,MASCULINO,SIN DATOS,0,0,Morelia,Libertad,abril,viernes,7,-101.238106414676,19.6873540191377
52451,52457,2025,,2025/04/04,"08:56:00",COLISIÓN POR CORTE DE CIRCULACIÓN,ASFALTO,Bueno,Bueno,2,VENTO,NEGRO/ROJO,2,,17,MASCULINO,SIN DATOS,0,0,Morelia,Sin datos,abril,viernes,9,-101.176264733076,19.6577249429994
52452,52458,2025,MOR20257880,2025/04/04,10:00:00,COLISIÓN POR ALCANCE,ASFALTO,Bueno,Bueno,2,RENAULT,GRIS,2,,,FEMENINO,SIN DATOS,0,0,Morelia,Valle de Las Flores,abril,viernes,10,-101.127129010856,19.6875516331528
52453,52459,2025,,2025/04/04,11:50:00,COLISIÓN POR CORTE DE CIRCULACIÓN,ASFALTO,Bueno,Bueno,2,DINA,AMARILLO,2,,51,MASCULINO,SIN DATOS,0,0,Morelia,Los Manantiales de Morelia,abril,viernes,12,-101.243018880486,19.7001681201636
52454,52460,2025,,2025/04/04,14:00:00,SALIDA DE SUPERFICIE DE RODAMIENTO,ASFALTO,Bueno,Bueno,1,CHEVROLET,BLANCO,0,MINISTERIO PÚBLICO,,,,0,0,Morelia,Sin datos,abril,viernes,14,-101.302288323641,19.5882843436668
52455,52461,2025,LEG56122,2025/04/04,14:11:00,COLISIÓN POR ALCANCE,ASFALTO,Bueno,Bueno,2,DODGE,ROJO,2,,,MASCULINO,SIN DATOS,0,0,Morelia,Centro,abril,viernes,14,-101.189900748432,19.7079323462153