fid,id_accidente,anio_origen,folio_c5i,dia_incidente,hora_ocurrencia,tipo_incidente_vial,superficie_ocurrencia,condiciones_climaticas,condiciones_via,numero_vehiculos_involucrados,marca_vehiculo_ocasiona_siniestro,color_vehiculo_ocasiona_siniestro,numero_personas_involucradas,lugar_remite_presunto_responsable,edad_presunto_responsable,sexo_presunto_responsable,resultados_toxicologia,numero_personas_lesionadas,numero_personas_fallecidas,municipio,colonia,mes,dia_semana,hora_redondeada,lon,lat
52456,52462,2025,,2025/04/04,15:20:00,COLISIÓN POR CORTE DE CIRCULACIÓN,ASFALTO,Bueno,Bueno,2,CHEVROLET,ROSA,2,,26,MASCULINO,SIN DATOS,0,0,Morelia,Justo Mendoza,abril,viernes,15,-101.231143064797,19.714487675634
52457,52463,2025,LEG56120,2025/04/04,15:30:00,COLISIÓN POR CAMBIO DE CARRIL,ASFALTO,Bueno,Bueno,2,NISSAN,BLANCO/GRIS,2,,30,MASCULINO,SIN DATOS,0,0,Morelia,Santillan La Huerta,abril,viernes,16,-101.22024089098,19.6751005269001
52458,52464,2025,,2025/04/04,15:50:00,VOLCADURA,ASFALTO,Bueno,Bueno,1,AUDI,BLANCO,1,,0,MASCULINO,SIN DATOS,0,0,Morelia,Sin datos,abril,viernes,16,-101.125,19.7143
52459,52465,2025,,2025/04/04,18:10:00,COLISIÓN POR MANIOBRA DE REVERSA,ASFALTO,Bueno,Bueno,2,BUICK,BLANCO,2,,54,MASCULINO,SIN DATOS,0,0,Morelia,La Colina,abril,viernes,18,-101.213906183839,19.708188327575
52460,52466,2025,,2025/04/04,18:15:00,COLISIÓN CONTRA OBJETO FIJO,ASFALTO,Bueno,Bueno,1,MERCEDES BENZ,BLANCO,1,,30,MASCULINO,SIN DATOS,0,0,Charo,San Bartolo,abril,viernes,18,-101.045202612877,19.7526698308739
52461,52467,2025,,2025/04/04,19:02:00,COLISIÓN POR ALCANCE,ASFALTO,Bueno,Bueno,2,VOLKSWAGEN,AZUL,2,,29,MASCULINO,SIN DATOS,0,0,Morelia,Elias Perez Avalos,abril,viernes,19,-101.168531924486,19.712486606891
52462,52468,2025,,2025/04/04,20:40:00,COLISIÓN POR CORTE DE CIRCULACIÓN,ASFALTO,Bueno,Bueno,2,ITALIKA,GRIS,2,,26,MASCULINO,SIN DATOS,0,0,Morelia,Primo Tapia,abril,viernes,21,-101.212556362152,19.7094344553959
52463,52469,2025,LEG56128,2025/04/05,13:20:00,COLISIÓN POR INVASIÓN DE CARRIL,CONCRETO,Bueno,Bueno,2,JEEP,BLANCO,2,,69,MASCULINO,SIN DATOS,0,0,Morelia,Mariano Ontiveros,abril,sábado,13,-101.230132877827,19.6729474269507
52464,52470,2025,,2025/04/05,14:14:00,COLISIÓN POR CAMBIO DE CARRIL,ASFALTO,Bueno,Bueno,2,CHEVROLET,PLATA,2,,39,MASCULINO,SIN DATOS,0,0,Morelia,Lomas del Tecnologico,abril,sábado,14,-101.188279688358,19.7212317872258
52465,52471,2025,,2025/04/05,14:30:00,COLISIÓN POR ALCANCE,ASFALTO,Bueno,Bueno,2,NISSAN,BLANCO,2,,61,MASCULINO,SIN DATOS,0,0,Morelia,Isaac Arriaga,abril,sábado,15,-101.167561635375,19.7114311435109
52466,52472,2025,,2025/04/05,15:52:00,COLISIÓN POR CORTE DE CIRCULACIÓN,ASFALTO,Bueno,Bueno,2,VENTO,NEGRO/ROJO,2,,22,FEMENINO,SIN DATOS,0,0,Morelia,Primo Tapia Oriente,abril,sábado,16,-101.160178184509,19.7126772460649
52467,52473,2025,,2025/04/05,16:00:00,COLISIÓN POR CAMBIO DE CARRIL,ASFALTO,Bueno,Bueno,2,VOLKSWAGEN,BLANCO,2,,41,MASCULINO,SIN DATOS,0,0,Morelia,Sin datos,abril,sábado,16,-101.118072867393,19.737245071465
52468,52474,2025,,2025/04/05,18:10:00,COLISIÓN POR ALCANCE,ASFALTO,Bueno,Bueno,2,VOLKSWAGEN,GRIS,2,,37,MASCULINO,SIN DATOS,0,0,Morelia,El Lago 3,abril,sábado,18,-101.220678091049,19.7274479345813
52469,52475,2025,LEG56132,2025/04/05,21:00:00,COLISIÓN POR CAMBIO DE CARRIL,ASFALTO,Bueno,Bueno,2,ITALIKA,NEGRO Y AMARILLO,2,,29,MASCULINO,SIN DATOS,0,0,Morelia,Villas de La Esperanza,abril,sábado,21,-101.273973584175,19.6931576454408
52470,52476,2025,,2025/04/05,21:00:00,COLISIÓN CONTRA OBJETO FIJO,ASFALTO,Bueno,Bueno,1,KIA,PLATA,1,MINISTERIO PÚBLICO,54,FEMENINO,SIN DATOS,0,0,Morelia,Cinco de Diciembre,abril,sábado,21,-101.160965412855,19.6878284817703
52471,52477,2025,,2025/04/05,21:10:00,COLISIÓN CONTRA OBJETO FIJO,CONCRETO,Bueno,Bueno,2,NISSAN,PLATA,2,,39,FEMENINO,SIN DATOS,0,0,Morelia,Tinijaro,abril,sábado,21,-101.26116335392,19.6960390196009
52472,52478,2025,,2025/04/05,22:00:00,COLISIÓN POR CORTE DE CIRCULACIÓN,ASFALTO,Bueno,Bueno,2,KIA,AZUL,2,,53,FEMENINO,SIN DATOS,0,0,Morelia,Ventura Puente,abril,sábado,22,-101.185110658407,19.6931323921514
52473,52479,2025,,2025/04/05,22:40:00,VOLCADURA,ASFALTO,Bueno,Bueno,1,TOYOTA,Azul,1,,31,MASCULINO,SIN DATOS,0,0,Morelia,El Eden,abril,sábado,23,-101.251748800278,19.6437697564011
52474,52480,2025,,2025/04/06,"01:58:00",COLISIÓN CONTRA OBJETO FIJO,ASFALTO,Bueno,Bueno,1,KIA,GRIS,1,MINISTERIO PÚBLICO,30,MASCULINO,SIN DATOS,0,0,Morelia,Los Manantiales de Morelia,abril,domingo,2,-101.240274310112,19.6927472789945
52475,52481,2025,,2025/04/06,"09:15:00",COLISIÓN POR CORTE DE CIRCULACIÓN,ASFALTO,Bueno,Bueno,2,TOYOTA,BLANCO y MORADO,2,,59,MASCULINO,SIN DATOS,0,0,Morelia,Obrera,abril,domingo,9,-101.18839636445,19.7107550625302
52476,52482,2025,,2025/04/06,13:00:00,COLISIÓN POR ALCANCE,ASFALTO,Bueno,Bueno,2,ITALIKA,ROJO,2,,28,MASCULINO,SIN DATOS,0,0,Charo,La Goleta,abril,domingo,13,-101.083292998373,19.7372712645251
52477,52483,2025,LEG56140,2025/04/06,18:05:00,CAIDA DE MOTOCICLETA,ASFALTO,Bueno,Bueno,1,BAJAJ,NEGRO,1,,,MASCULINO,SIN DATOS,0,0,Charo,De Santiago,abril,domingo,18,-101.044372,19.745476
52478,52484,2025,LEG56149,2025/04/07,"07:45:00",COLISIÓN POR CAMBIO DE CARRIL,ASFALTO,Bueno,Bueno,2,CHEVROLET,ROJO,2,,20,MASCULINO,SIN DATOS,0,0,Morelia,Loma de Los Piñones,abril,lunes,8,-101.205067969859,19.6740192449843
52479,52485,2025,,2025/04/07,"08:09:00",COLISIÓN POR ALCANCE,ASFALTO,Bueno,Bueno,3,KIA,NEGRO,3,,30,FEMENINO,SIN DATOS,0,0,Morelia,Lomas de San Juan,abril,lunes,8,-101.183084249496,19.7300938898131
52480,52486,2025,,2025/04/07,"08:10:00",COLISIÓN POR ALCANCE,ASFALTO,Bueno,Bueno,2,NISSAN,BLANCO Y ROJO,2,,28,MASCULINO,SIN DATOS,0,0,Morelia,Lomas de San Juan,abril,lunes,8,-101.183039681886,19.7298664251429
52481,52487,2025,LEG56144,2025/04/07,"08:20:00",COLISIÓN POR ALCANCE,ASFALTO,Bueno,Bueno,2,NISSAN,NEGRO,2,,32,MASCULINO,SIN DATOS,0,0,Morelia,Clara Cordova Moran,abril,lunes,8,-101.180839240551,19.7373946558707
52482,52488,2025,LEG56145,2025/04/07,"09:15:00",COLISIÓN POR CORTE DE CIRCULACIÓN,ASFALTO,Bueno,Bueno,2,CHEVROLET,GRIS,2,MINISTERIO PÚBLICO,62,MASCULINO,SIN DATOS,0,0,Morelia,Prados Verdes,abril,lunes,9,-101.200829744339,19.7173989649946
52483,52489,2025,LEG56148,2025/04/07,"09:50:00",VOLCADURA,SIN_DATOS,Bueno,Bueno,1,LORESA,BLANCO,1,,34,MASCULINO,SIN DATOS,0,0,Morelia,Justo Mendoza,abril,lunes,10,-101.231676489115,19.7139902514209
52484,52490,2025,,2025/04/07,10:30:00,COLISIÓN CONTRA OBJETO FIJO,CONCRETO,Bueno,Bueno,2,MERCEDES BENZ,BLANCO Y AZUL,1,MINISTERIO PÚBLICO,46,MASCULINO,SIN DATOS,0,0,Morelia,Torreon Nuevo,abril,lunes,11,-101.20148202,19.7466931999991
52485,52491,2025,,2025/04/07,11:30:00,COLISIÓN POR ALCANCE,CONCRETO,Bueno,Bueno,2,NISSAN,BLANCO,2,,42,MASCULINO,SIN DATOS,0,0,Morelia,Nueva Valladolid,abril,lunes,12,-101.210648976266,19.702056340879
52486,52492,2025,,2025/04/07,15:13:00,COLISIÓN POR CORTE DE CIRCULACIÓN,CONCRETO,Bueno,Bueno,2,SUZUKI,PLATA/NARANJA,2,,21,MASCULINO,SIN DATOS,0,0,Morelia,Comision Federal de Electricidad,abril,lunes,15,-101.177069395781,19.6816489931066
52487,52493,2025,,2025/04/07,20:19:00,COLISIÓN CON PEATÓN,CONCRETO,Bueno,Bueno,1,S/D,S/D,1,,,,,1,0,Morelia,Barrio Alto,abril,lunes,20,-101.191913615,19.7260337049991
52488,52494,2025,MOR/20250035175,2025/04/07,23:49:00,CAIDA DE MOTOCICLETA,ASFALTO,Bueno,Bueno,1,YAMAHA,NEGRO,2,,42,MASCULINO,SIN DATOS,1,0,Morelia,La Aldea,abril,lunes,0,-101.135663645255,19.7450724546328
52491,52497,2025,,2025/04/08,"07:35:00",COLISIÓN POR CORTE DE CIRCULACIÓN,ASFALTO,Bueno,Bueno,2,VENTO,NEGRO,2,,29,MASCULINO,SIN DATOS,0,0,Morelia,Centro,abril,martes,8,-101.19118388321,19.702768457823
52493,52499,2025,MOR202578910,2025/04/08,11:22:00,COLISIÓN POR CAMBIO DE CARRIL,ASFALTO,Bueno,Bueno,2,KENWORTH,BLANCO,2,,,MASCULINO,SIN DATOS,0,0,Morelia,Los Manantiales de Morelia,abril,martes,11,-101.241392791271,19.695369818132
52494,52500,2025,,2025/04/08,14:00:00,COLISIÓN POR ALCANCE,ASFALTO,Bueno,Bueno,2,KIA,NARANJA,2,,44,MASCULINO,SIN DATOS,0,0,Morelia,Avicola Benito Juarez,abril,martes,14,-101.279537156224,19.6913498155208
52495,52501,2025,,2025/04/08,14:20:00,COLISIÓN POR CAMBIO DE CARRIL,ASFALTO,Bueno,Bueno,2,TOYOTA,GRIS,2,,46,MASCULINO,SIN DATOS,0,0,Morelia,Las Americas,abril,martes,14,-101.156522333622,19.6876728531309
52496,52502,2025,,2025/04/08,15:30:00,COLISIÓN POR CAMBIO DE CARRIL,ASFALTO,Bueno,Bueno,2,GMC,ARENA,2,,,FEMENINO,SIN DATOS,0,0,Morelia,Ejidal Ocolusen,abril,martes,16,-101.159058362246,19.687768503205
52497,52503,2025,,2025/04/08,17:00:00,COLISIÓN CONTRA OBJETO FIJO,CONCRETO,Bueno,Bueno,2,S/D,S/D,2,,45,MASCULINO,SIN DATOS,0,0,Morelia,Felix Ireta,abril,martes,17,-101.189559102058,19.6830560118207
52499,52505,2025,,2025/04/08,21:30:00,COLISIÓN POR MANIOBRA DE REVERSA,ASFALTO,Bueno,Bueno,3,KIA SOUL,BLANCO,2,,49,MASCULINO,SIN DATOS,0,0,Tarímbaro,Sin datos,abril,martes,22,-101.179752,19.749758
52500,52506,2025,LEG56164,2025/04/08,22:17:00,COLISIÓN POR CAMBIO DE CARRIL,ASFALTO,Bueno,Bueno,2,NISSAN,BLANCO,2,,43,MASCULINO,SIN DATOS,0,0,Morelia,Xangari,abril,martes,22,-101.219623120327,19.6720670459846
52501,52507,2025,,2025/04/09,"07:40:00",COLISIÓN POR ALCANCE,ASFALTO,Bueno,Bueno,2,VOLKSWAGEN,ROJO,1,,41,MASCULINO,SIN DATOS,0,0,Morelia,Tenencia Morelos,abril,miércoles,8,-101.243929623155,19.6466055443724
52502,52508,2025,MOR2025035634,2025/04/09,"09:17:00",COLISIÓN POR CAMBIO DE CARRIL,ASFALTO,Bueno,Bueno,2,MAZDA,BLANCO,2,MINISTERIO PÚBLICO,35,MASCULINO,SIN DATOS,0,0,Morelia,Sin datos,abril,miércoles,9,-101.11917257309,19.7006475952376
52503,52509,2025,,2025/04/09,10:00:00,COLISIÓN POR CAMBIO DE CARRIL,CONCRETO,Bueno,Bueno,2,NISSAN,ROJO Y NEGRO,2,,25,MASCULINO,SIN DATOS,0,0,Morelia,Tres Puentes,abril,miércoles,10,-101.213524742681,19.7058468756013
52504,52510,2025,,2025/04/09,10:20:00,COLISIÓN POR ALCANCE,ASFALTO,Bueno,Bueno,2,NISSAN,BROWNISH,2,,24,MASCULINO,SIN DATOS,0,0,Morelia,Nueva Jacarndas,abril,miércoles,10,-101.189242601395,19.681957420748
52505,52511,2025,,2025/04/09,11:28:00,COLISIÓN POR ALCANCE,ASFALTO,Bueno,Bueno,3,NISSAN,ROJO,3,MINISTERIO PÚBLICO,22,MASCULINO,SIN DATOS,0,0,Morelia,San Pascual,abril,miércoles,11,-101.267340481281,19.6953167869525
52506,52512,2025,,2025/04/09,11:40:00,COLISIÓN CONTRA OBJETO FIJO,ASFALTO,Bueno,Bueno,1,MAZDA,ROJO,1,,32,MASCULINO,SIN DATOS,0,0,Morelia,Bosques de Oriente,abril,miércoles,12,-101.155460178852,19.7156213930577
52507,52513,2025,,2025/04/09,12:10:00,COLISIÓN POR ALCANCE,ASFALTO,Bueno,Bueno,3,HONDA,GRIS,2,,59,MASCULINO,SIN DATOS,0,0,Morelia,Loma de Los Piñones,abril,miércoles,12,-101.203758716583,19.6750197072486
52508,52514,2025,,2025/04/09,14:00:00,COLISIÓN POR ALCANCE,ASFALTO,Bueno,Bueno,2,YAMAHA,ROJO Y NEGRO,2,MINISTERIO PÚBLICO,31,MASCULINO,SIN DATOS,0,0,Morelia,Centro,abril,miércoles,14,-101.177870035172,19.7048873675993
52510,52516,2025,,2025/04/09,19:45:00,COLISIÓN POR CAMBIO DE CARRIL,CONCRETO,Bueno,Bueno,2,NISSAN,BLANCO Y AZUL,2,,27,,SIN DATOS,0,0,Morelia,Melchor Ocampo,abril,miércoles,20,-101.202484873104,19.7067874132292
52511,52517,2025,LEG56182,2025/04/10,"09:14:00",COLISIÓN POR ALCANCE,ASFALTO,Bueno,Bueno,4,JEEP,NARANJA,4,,,FEMENINO,SIN DATOS,0,0,Morelia,Centenario (Los Alamos Ii),abril,jueves,9,-101.17890805006,19.7383230859042
52512,52518,2025,,2025/04/10,10:00:00,COLISIÓN POR ALCANCE,ASFALTO,Bueno,Bueno,2,DODGE,AMARILLO,2,,,MASCULINO,SIN DATOS,0,0,Morelia,Ilustres Novohispanos,abril,jueves,10,-101.152673110067,19.7108147396326
52513,52519,2025,,2025/04/10,10:20:00,COLISIÓN POR CORTE DE CIRCULACIÓN,ASFALTO,Bueno,Bueno,2,FREIGHTLINER,BLANCO,2,,34,MASCULINO,SIN DATOS,0,0,Morelia,La Huerta,abril,jueves,10,-101.216158176792,19.6721810649028
52514,52520,2025,,2025/04/10,12:40:00,COLISIÓN CONTRA OBJETO FIJO,ASFALTO,Bueno,Bueno,1,NISSAN,BLANCO,1,,26,MASCULINO,SIN DATOS,0,0,Morelia,Enrique Arreguin Robles,abril,jueves,13,-101.183121800423,19.7236013747577
52515,52521,2025,,2025/04/10,12:50:00,COLISIÓN CONTRA OBJETO FIJO,CONCRETO,Bueno,Bueno,1,DODGE,BLANCO,1,,36,MASCULINO,SIN DATOS,0,0,Morelia,Arkos San Pedro,abril,jueves,13,-101.279053688049,19.6275462782332
52516,52522,2025,LEG56184,2025/04/10,14:30:00,COLISIÓN POR CORTE DE CIRCULACIÓN,ASFALTO,Bueno,Bueno,1,ITALIKA,VERDE CON NEGRO,1,,,MASCULINO,SIN DATOS,0,0,Morelia,Irrigacion,abril,jueves,15,-101.224940121174,19.704781311531
52517,52523,2025,,2025/04/10,16:20:00,COLISIÓN POR CAMBIO DE CARRIL,ASFALTO,Bueno,Bueno,2,INTERNATIONAL,BLANCO,2,,56,MASCULINO,SIN DATOS,0,0,Morelia,Lomas de Huerta,abril,jueves,16,-101.210149079561,19.6723267478987
52518,52524,2025,,2025/04/10,17:30:00,COLISIÓN POR CORTE DE CIRCULACIÓN,CONCRETO,Bueno,Bueno,2,ITALIKA,NEGRO,2,,24,MASCULINO,SIN DATOS,0,0,Morelia,Lomas de Santa Maria,abril,jueves,18,-101.185032874346,19.6749647751185
52519,52525,2025,LEG56186,2025/04/10,20:25:00,COLISIÓN POR CORTE DE CIRCULACIÓN,ASFALTO,Bueno,Bueno,2,NISSAN,AZUL,2,,46,MASCULINO,SIN DATOS,0,0,Morelia,Sin datos,abril,jueves,20,-101.334066800773,19.5565578424226
52520,52526,2025,MOR 2025000,2025/04/11,"00:30:00",COLISIÓN CONTRA OBJETO FIJO,CONCRETO,Bueno,Bueno,1,NISSAN,BLANCO/NEGRO,1,,30,MASCULINO,SIN DATOS,0,0,Morelia,Barrio Alto,abril,viernes,1,-101.194478273392,19.7253069005653
52521,52527,2025,,2025/04/11,"07:50:00",COLISIÓN POR ALCANCE,ASFALTO,Bueno,Bueno,2,CHEVROLET,AZUL,2,,57,MASCULINO,SIN DATOS,0,0,Morelia,Jesus Romero Flores,abril,viernes,8,-101.178659810534,19.7341631395851
52522,52528,2025,,2025/04/11,"08:20:00",SALIDA DE SUPERFICIE DE RODAMIENTO,ASFALTO,Bueno,Bueno,1,SEAT,NEGRO,1,,41,FEMENINO,SIN DATOS,0,0,Morelia,Arkos San Pedro,abril,viernes,8,-101.279036253691,19.6275077512062
52523,52529,2025,,2025/04/11,"09:10:00",COLISIÓN POR CAMBIO DE CARRIL,CONCRETO,Bueno,Bueno,2,NISSAN,BLANCO/MORADO,2,,68,MASCULINO,SIN DATOS,0,0,Morelia,Centro,abril,viernes,9,-101.200167238712,19.7030515776346
52524,52530,2025,,2025/04/11,15:00:00,COLISIÓN POR CORTE DE CIRCULACIÓN,ASFALTO,Bueno,Bueno,2,NISSAN,BLANCO/ROJO,2,,76,MASCULINO,SIN DATOS,0,0,Morelia,Nueva Valladolid,abril,viernes,15,-101.210649311543,19.7020636007953
52525,52531,2025,,2025/04/11,18:10:00,COLISIÓN POR CORTE DE CIRCULACIÓN,ASFALTO,Bueno,Bueno,2,CHEVROLET,AZUL,2,,35,FEMENINO,SIN DATOS,0,0,Morelia,Felix Ireta,abril,viernes,18,-101.191783994436,19.6824246385618
52526,52532,2025,LEG56196,2025/04/11,20:00:00,COLISIÓN POR ALCANCE,ASFALTO,Bueno,Bueno,2,CHEVROLET,ROJO,2,MINISTERIO PÚBLICO,45,MASCULINO,SIN DATOS,0,0,Morelia,Ciudad Industrial,abril,viernes,20,-101.141059398651,19.7267965381175
52527,52533,2025,,2025/04/11,23:10:00,COLISIÓN CONTRA OBJETO FIJO,ASFALTO,Bueno,Bueno,1,KEEWAY,ROJO,1,MINISTERIO PÚBLICO,,,,0,1,Morelia,Ciudad Industrial,abril,viernes,23,-101.14291280508,19.7252500920786
52528,52534,2025,,2025/04/12,"00:00:00",CAIDA DE MOTOCICLETA,TERRACERIA,Bueno,Malo,1,ITALIKA,BLANCO,1,,55,MASCULINO,SIN DATOS,0,0,Morelia,Sin datos,abril,sábado,0,-101.217110753059,19.5046181246321
52529,52535,2025,,2025/04/12,"00:12:00",COLISIÓN POR ALCANCE,ASFALTO,Bueno,Bueno,4,CHEVROLET,BLANCO,4,MINISTERIO PÚBLICO,42,MASCULINO,SIN DATOS,0,0,Morelia,Avicola Benito Juarez,abril,sábado,0,-101.27954185009,19.6913722280649
52530,52536,2025,,2025/04/12,"04:19:00",COLISIÓN CONTRA OBJETO FIJO,ASFALTO,Bueno,Bueno,1,VENTO,NEGRO/AZUL,1,,24,MASCULINO,SIN DATOS,0,0,Morelia,Enrique Arreguin Robles,abril,sábado,4,-101.188006103039,19.7214514521185
52531,52537,2025,,2025/04/12,12:00:00,COLISIÓN POR CORTE DE CIRCULACIÓN,ASFALTO,Bueno,Bueno,1,CHEVROLET,NEGRO,1,,,MASCULINO,SIN DATOS,0,0,Morelia,Clara Cordova Moran,abril,sábado,12,-101.180844604969,19.7374180086977
52532,52538,2025,,2025/04/12,12:47:00,COLISIÓN POR INVASIÓN DE CARRIL,ASFALTO,Bueno,Bueno,2,CHEVROLET,BLANCO/AZUL,2,,39,MASCULINO,SIN DATOS,0,0,Morelia,El Durazno,abril,sábado,13,-101.180327273905,19.6567303718232
52533,52539,2025,LEG56202,2025/04/12,13:39:00,COLISIÓN POR CAMBIO DE CARRIL,ASFALTO,Bueno,Bueno,2,NISSAN,GRIS,2,,62,MASCULINO,CON CERTIFICADO,0,0,Morelia,Lomas del Valle,abril,sábado,14,-101.230635792017,19.6878051217002
52534,52540,2025,,2025/04/12,15:45:00,COLISIÓN CON PEATÓN,SIN_DATOS,Bueno,Bueno,3,ITALIKA,VERDE/NEGRO,4,,30,MASCULINO,SIN DATOS,1,0,Morelia,Felix Ireta,abril,sábado,16,-101.192003600299,19.6866371138505
52535,52541,2025,,2025/04/12,16:40:00,COLISIÓN POR NO RESPETAR SEMÁFORO,ASFALTO,Bueno,Bueno,2,NISSAN,ROJO,3,,,MASCULINO,SIN DATOS,1,0,Morelia,Elias Perez Avalos,abril,sábado,17,-101.171389818192,19.7146745249386
52536,52542,2025,LEG56209,2025/04/12,19:05:00,COLISIÓN POR ALCANCE,CONCRETO,Bueno,Bueno,2,NISSAN,GRIS OBSCURO,2,MINISTERIO PÚBLICO,32,MASCULINO,SIN DATOS,0,0,Morelia,Lazaro Cardenas,abril,sábado,19,-101.164916977286,19.7093650159044
52537,52543,2025,,2025/04/12,19:40:00,COLISIÓN POR CORTE DE CIRCULACIÓN,ASFALTO,Bueno,Bueno,2,Italika,Rojo,2,,,,SIN DATOS,0,0,Morelia,Centro,abril,sábado,20,-101.179700642824,19.7040767944349
52538,52544,2025,,2025/04/13,"00:25:00",COLISIÓN POR CAMBIO DE CARRIL,CONCRETO,Bueno,Bueno,2,VENTO/CROSSMAX 250,ROJO,2,,,MASCULINO,SIN DATOS,0,0,Morelia,Ciudad Jardin,abril,domingo,0,-101.255157217383,19.7060337787077
52539,52545,2025,LEG56211,2025/04/13,"06:15:00",VOLCADURA,ASFALTO,Bueno,Bueno,1,CHEVROLET,PLATA,1,,25,MASCULINO,SIN DATOS,0,0,Morelia,Felix Ireta,abril,domingo,6,-101.186514124274,19.687086008686
52540,52546,2025,MOR/20250037628,2025/04/13,17:20:00,SALIDA DE SUPERFICIE DE RODAMIENTO,ASFALTO,Bueno,Bueno,1,FORD,VERDE,1,,25,MASCULINO,SIN DATOS,0,0,Morelia,Lomas de La Maestranza,abril,domingo,17,-101.329292804003,19.6848989761277
52541,52547,2025,,2025/04/13,19:00:00,COLISIÓN POR INVASIÓN DE CARRIL,CONCRETO,Bueno,Bueno,2,Nissan,Rojo,2,,72,FEMENINO,SIN DATOS,0,0,Morelia,Erendira,abril,domingo,19,-101.168253645301,19.7028697651024
52542,52548,2025,LEG56215,2025/04/13,19:06:00,COLISIÓN POR CORTE DE CIRCULACIÓN,CONCRETO,Bueno,Bueno,2,DODGE,BLANCO,2,,,MASCULINO,SIN DATOS,0,0,Morelia,Ilustres Novohispanos,abril,domingo,19,-101.152108758688,19.7102443701466
52543,52549,2025,,2025/04/13,21:20:00,SALIDA DE SUPERFICIE DE RODAMIENTO,ASFALTO,Bueno,Bueno,1,NISSAN,BLANCO,1,,57,MASCULINO,SIN DATOS,0,0,Morelia,Country Club  Las Huertas,abril,domingo,21,-101.226278543472,19.6626790785268
52544,52550,2025,,2025/04/14,"00:00:00",COLISIÓN CONTRA OBJETO FIJO,ASFALTO,Bueno,Bueno,1,NISSAN,PLATA,2,,52,MASCULINO,SIN DATOS,1,0,Morelia,Avicola Benito Juarez,abril,lunes,0,-101.279539167881,19.6913608639584
52545,52551,2025,,2025/04/14,"08:10:00",COLISIÓN POR CORTE DE CIRCULACIÓN,CONCRETO,Bueno,Bueno,2,VOLKSWAGEN /GOLF,BLANCO,2,,33,MASCULINO,SIN DATOS,0,0,Morelia,Gertrudis Sanchez,abril,lunes,8,-101.199881583452,19.7426884019344
52546,52552,2025,,2025/04/14,10:30:00,COLISIÓN POR ALCANCE,ASFALTO,Bueno,Bueno,4,Nissan,Arena,4,,0,MASCULINO,SIN DATOS,0,0,Morelia,Union Popular Solidaria,abril,lunes,11,-101.21977686882,19.7055287528001
52547,52553,2025,,2025/04/14,11:00:00,COLISIÓN POR ALCANCE,ASFALTO,Bueno,Bueno,2,MAZDA/CX30,ROJO,2,,65,MASCULINO,SIN DATOS,0,0,Morelia,Los Alamos,abril,lunes,11,-101.229015737772,19.7036954953577
52548,52554,2025,,2025/04/14,14:45:00,COLISIÓN POR ALCANCE,ASFALTO,Bueno,Bueno,2,NISSAN NP300,BLANCO,3,MINISTERIO PÚBLICO,26,MASCULINO,SIN DATOS,1,0,Morelia,La Esperanza,abril,lunes,15,-101.250653117895,19.6985099902188
52549,52555,2025,,2025/04/14,15:00:00,COLISIÓN POR CORTE DE CIRCULACIÓN,ASFALTO,Bueno,Bueno,2,ATRO,ROJO,2,,33,MASCULINO,SIN DATOS,0,0,Morelia,Lomas de Morelia (Dr Ignacio Chavez),abril,lunes,15,-101.174978613853,19.7170820839449
52550,52556,2025,,2025/04/14,15:30:00,COLISIÓN POR CAMBIO DE CARRIL,ASFALTO,Bueno,Bueno,2,Ford,Blanco,2,,50,MASCULINO,SIN DATOS,0,0,Morelia,Campestre Los Manantiales,abril,lunes,16,-101.239656060934,19.6909997374881
52551,52557,2025,,2025/04/14,20:35:00,CAIDA DE MOTOCICLETA,ASFALTO,Bueno,Bueno,1,VENTO,GRIS,1,,38,MASCULINO,SIN DATOS,0,0,Morelia,Alfonso Garcia Robles,abril,lunes,21,-101.183108389378,19.7190376466151
52552,52558,2025,,2025/04/15,"00:00:00",COLISIÓN POR CORTE DE CIRCULACIÓN,ASFALTO,Bueno,Bueno,2,BAJAJ,BLANCO,2,,48,,SIN DATOS,0,0,Morelia,Ciudad Industrial,abril,martes,0,-101.141566336155,19.7259835512086
52553,52559,2025,LEG56228,2025/04/15,"09:40:00",COLISIÓN POR ALCANCE,ASFALTO,Bueno,Bueno,2,KENWOTH,GRIS,2,,32,MASCULINO,SIN DATOS,0,0,Morelia,El Eden,abril,martes,10,-101.2496727705,19.6460053454491
52554,52560,2025,LEG56227,2025/04/15,"09:45:00",SALIDA DE SUPERFICIE DE RODAMIENTO,ASFALTO,Bueno,Bueno,1,CHEVROLET,PLATA,1,,41,FEMENINO,SIN DATOS,0,0,Morelia,Solidaridad,abril,martes,10,-101.203554055,19.7362141149991
52555,52561,2025,,2025/04/15,14:36:00,COLISIÓN POR ALCANCE,ASFALTO,Bueno,Bueno,2,RENAULT,PLATA,2,,42,MASCULINO,SIN DATOS,0,0,Morelia,Loma de Los Piñones,abril,martes,15,-101.205065622926,19.6740227177263
52556,52562,2025,LEG56225,2025/04/15,19:06:00,COLISIÓN POR ALCANCE,ASFALTO,Bueno,Bueno,2,Misubishi,Gris,2,,50,,ALIENTO ETÍLICO,0,0,Morelia,Prados Verdes,abril,martes,19,-101.203717812896,19.7205787873641
52557,52563,2025,LEG56231,2025/04/16,11:05:00,COLISIÓN POR CORTE DE CIRCULACIÓN,ASFALTO,Bueno,Bueno,1,MAZDA,NEGRO,1,,37,MASCULINO,SIN DATOS,0,0,Morelia,Villas del Pedregal,abril,miércoles,11,-101.304650008678,19.6876037198734