fid,id_accidente,anio_origen,folio_c5i,dia_incidente,hora_ocurrencia,tipo_incidente_vial,superficie_ocurrencia,condiciones_climaticas,condiciones_via,numero_vehiculos_involucrados,marca_vehiculo_ocasiona_siniestro,color_vehiculo_ocasiona_siniestro,numero_personas_involucradas,lugar_remite_presunto_responsable,edad_presunto_responsable,sexo_presunto_responsable,resultados_toxicologia,numero_personas_lesionadas,numero_personas_fallecidas,municipio,colonia,mes,dia_semana,hora_redondeada,lon,lat
52558,52564,2025,,2025/04/16,14:25:00,COLISIÓN POR CORTE DE CIRCULACIÓN,ASFALTO,Bueno,Bueno,1,CHEVROLET,NEGRO,1,,57,MASCULINO,SIN DATOS,0,0,Morelia,Felix Ireta,abril,miércoles,14,-101.190747320652,19.688960494056
52559,52565,2025,MOR20251234,2025/04/16,17:15:00,COLISIÓN POR CAMBIO DE CARRIL,ASFALTO,Bueno,Bueno,2,INTERNATIONAL,AZUL y Blanco,2,,26,MASCULINO,SIN DATOS,0,0,Morelia,Articulo Constitucional,abril,miércoles,17,-101.17304071784,19.7153537455712
52560,52566,2025,,2025/04/16,18:05:00,COLISIÓN POR CORTE DE CIRCULACIÓN,CONCRETO,Bueno,Bueno,2,HYUNDAI,BEIGE,2,,47,MASCULINO,SIN DATOS,0,0,Morelia,Felix Ireta,abril,miércoles,18,-101.192010641098,19.6866573173019
52561,52567,2025,,2025/04/17,"05:45:00",COLISIÓN CONTRA OBJETO FIJO,CONCRETO,Bueno,Bueno,1,FORD RANGER,BLANCO,1,,29,MASCULINO,SIN DATOS,0,0,Morelia,Primo Tapia Oriente,abril,jueves,6,-101.163301616907,19.7122782923019
52562,52568,2025,,2025/04/17,"09:37:00",COLISIÓN POR MANIOBRA DE REVERSA,ASFALTO,Bueno,Bueno,2,NISSAN,BLANCO,2,,45,,SIN DATOS,0,0,Morelia,La Quemada,abril,jueves,10,-101.240149587393,19.7010907690777
52563,52569,2025,,2025/04/17,13:00:00,COLISIÓN POR ALCANCE,ASFALTO,Bueno,Bueno,2,NISSAN,BLANCO,2,,53,,SIN DATOS,0,0,Morelia,Nueva Valladolid,abril,jueves,13,-101.208861619234,19.7020856961907
52564,52570,2025,LEG56242,2025/04/17,13:10:00,COLISIÓN POR CORTE DE CIRCULACIÓN,ASFALTO,Bueno,Bueno,2,DODGE,BLANCO,2,,29,MASCULINO,SIN DATOS,0,0,Morelia,Tinijaro,abril,jueves,13,-101.258214265108,19.697145089857
52565,52571,2025,,2025/04/17,16:05:00,COLISIÓN POR CORTE DE CIRCULACIÓN,ASFALTO,Bueno,Bueno,2,NISSAN,Blanco y morado,2,,48,MASCULINO,SIN DATOS,0,0,Morelia,Isaac Arriaga,abril,jueves,16,-101.170397400856,19.7081744395709
52566,52572,2025,,2025/04/17,16:15:00,COLISIÓN CON PEATÓN,CONCRETO,Bueno,Bueno,1,DIMENTOR,ROJO Y NEGRO,2,,29,MASCULINO,SIN DATOS,0,0,Morelia,Primo Tapia Oriente,abril,jueves,16,-101.16412371397,19.7166717788638
52567,52573,2025,,2025/04/17,19:19:00,SALIDA DE SUPERFICIE DE RODAMIENTO,ASFALTO,Bueno,Bueno,1,NISSAN,AMARILLO,1,,,,SIN DATOS,0,0,Morelia,Sin datos,abril,jueves,19,-101.311326026917,19.6514489376962
52568,52574,2025,,2025/04/17,19:19:00,SALIDA DE SUPERFICIE DE RODAMIENTO,ASFALTO,Bueno,Bueno,1,NISSAN,AMARILLO,1,,,,SIN DATOS,0,0,Morelia,Sin datos,abril,jueves,19,-101.310426816344,19.6512392807179
52569,52575,2025,,2025/04/17,20:15:00,COLISIÓN CONTRA OBJETO FIJO,ASFALTO,Bueno,Bueno,2,NISSAN,ROJO,2,,50,MASCULINO,SIN DATOS,0,0,Morelia,Primo Tapia,abril,jueves,20,-101.214266940951,19.7095973224484
52570,52576,2025,,2025/04/17,22:45:00,COLISIÓN CONTRA OBJETO FIJO,CONCRETO,Bueno,Bueno,2,Italika,Negro,2,,27,MASCULINO,SIN DATOS,0,0,Morelia,Villas del Real,abril,jueves,23,-101.201039962471,19.7314818626417
52571,52577,2025,LEG56236,2025/04/17,23:15:00,COLISIÓN POR CORTE DE CIRCULACIÓN,CONCRETO,Bueno,Bueno,2,ITALIKA,NEGRO,2,,,MASCULINO,SIN DATOS,0,0,Morelia,Tzindurio Norte,abril,jueves,23,-101.248196214437,19.703672768894
52572,52578,2025,,2025/04/17,23:40:00,COLISIÓN CONTRA OBJETO FIJO,ASFALTO,Bueno,Bueno,1,Nissan,Café,0,,,,,0,0,Morelia,Alberto Oviedo Mota,abril,jueves,0,-101.197836399078,19.6811896652727
52573,52579,2025,LEG56247,2025/04/18,"07:00:00",SALIDA DE SUPERFICIE DE RODAMIENTO,ASFALTO,Bueno,Bueno,1,CHEVROLET,ROJO,1,,,,SIN DATOS,0,0,Morelia,Ciudad Industrial,abril,viernes,7,-101.137390136719,19.7290385426935
52574,52580,2025,,2025/04/18,15:25:00,COLISIÓN POR ALCANCE,ASFALTO,Bueno,Bueno,2,HYUNDAI,AZUL,1,,47,MASCULINO,SIN DATOS,0,0,Morelia,Los Manantiales de Morelia,abril,viernes,15,-101.240372210741,19.6926879336059
52575,52581,2025,LEG56250,2025/04/18,16:21:00,COLISIÓN POR CORTE DE CIRCULACIÓN,ASFALTO,Bueno,Bueno,2,HERO,BLANCO,2,,21,MASCULINO,SIN DATOS,0,0,Morelia,Eduardo Ruiz,abril,viernes,16,-101.219184100628,19.7199638997743
52576,52582,2025,,2025/04/18,16:25:00,CAIDA DE MOTOCICLETA,CONCRETO,Bueno,Bueno,1,ITALIKA,GRIS,1,,26,MASCULINO,SIN DATOS,0,0,Morelia,Alberto Oviedo Mota,abril,viernes,16,-101.199488639832,19.6810962210985
52577,52583,2025,,2025/04/18,22:40:00,COLISIÓN POR CAMBIO DE CARRIL,CONCRETO,Bueno,Bueno,2,HECHIZO,AMARILLO,2,,34,MASCULINO,SIN DATOS,0,0,Morelia,Ampliacion La Soledad,abril,viernes,23,-101.183845996857,19.7340879873178
52578,52584,2025,,2025/04/19,"00:00:00",COLISIÓN CONTRA OBJETO FIJO,ASFALTO,Bueno,Bueno,2,ITALIKA,NEGRO/VERDE,2,,20,MASCULINO,SIN DATOS,0,0,Morelia,Nicolas Bravo(Los Ejidos),abril,sábado,0,-101.216780170798,19.7039246536869
52579,52585,2025,,2025/04/19,"01:20:00",COLISIÓN CONTRA OBJETO FIJO,ASFALTO,Bueno,Bueno,1,ITALIKA,BLANCO,1,MINISTERIO PÚBLICO,,,,1,0,Morelia,Infonavit  Las  Camelinas,abril,sábado,1,-101.176292896271,19.6817377016293
52580,52586,2025,,2025/04/19,"08:40:00",COLISIÓN POR ALCANCE,ASFALTO,Bueno,Bueno,2,TOYOTA,BLANCO,2,,24,MASCULINO,SIN DATOS,0,0,Morelia,Avicola Benito Juarez,abril,sábado,9,-101.279536485672,19.691364651994
52581,52587,2025,,2025/04/19,11:40:00,COLISIÓN CONTRA OBJETO FIJO,TERRACERIA,Bueno,Bueno,1,MERCEDEZ BENZ,BLANCO,1,MINISTERIO PÚBLICO,49,MASCULINO,SIN DATOS,0,0,Morelia,Pastor Manuel Sanchez Camarena,abril,sábado,12,-101.199218407273,19.7370817499349
52582,52588,2025,,2025/04/19,13:34:00,COLISIÓN POR ALCANCE,ASFALTO,Bueno,Bueno,2,RAM,ROJO,2,,28,MASCULINO,SIN DATOS,0,0,Morelia,Justo Mendoza,abril,sábado,14,-101.231140047312,19.714497775602
52583,52589,2025,,2025/04/19,15:15:00,SALIDA DE SUPERFICIE DE RODAMIENTO,ASFALTO,Bueno,Bueno,1,VOLKSWAGEN,NEGRO,1,,38,MASCULINO,SIN DATOS,0,0,Charo,San Pedro Y San Pablo,abril,sábado,15,-101.047365814447,19.7557684877361
52584,52590,2025,,2025/04/19,16:20:00,COLISIÓN POR CORTE DE CIRCULACIÓN,CONCRETO,Bueno,Bueno,2,ITALIKA,NEGRO/AMARILLO,2,,20,MASCULINO,SIN DATOS,0,0,Morelia,El Porvenir,abril,sábado,16,-101.204681731761,19.7125159602885
52585,52591,2025,,2025/04/19,20:00:00,COLISIÓN CONTRA OBJETO FIJO,ASFALTO,Bueno,Bueno,2,NISSAN,VERDE,2,,66,,SIN DATOS,0,0,Morelia,Tres Puentes,abril,sábado,20,-101.213688254356,19.7026601753992
52586,52592,2025,MOR20257871,2025/04/19,20:26:00,COLISIÓN POR ALCANCE,ASFALTO,Bueno,Bueno,2,CHEVROLET,GRIS,2,,,MASCULINO,SIN DATOS,0,0,Morelia,Residencial Alborada,abril,sábado,20,-101.234630607069,19.7024711025248
52587,52593,2025,LEG56265,2025/04/20,"01:00:00",COLISIÓN CONTRA OBJETO FIJO,ASFALTO,Bueno,Bueno,1,HYUNDAI,BLANCO,1,,42,MASCULINO,SIN DATOS,0,0,Morelia,Adolfo Lopez Mateos,abril,domingo,1,-101.228929907084,19.7002385106035
52588,52594,2025,,2025/04/20,"08:00:00",COLISIÓN POR CORTE DE CIRCULACIÓN,CONCRETO,Bueno,Bueno,2,MG5,GRIS,2,,42,,SIN DATOS,0,0,Morelia,Felix Ireta,abril,domingo,8,-101.18816703558,19.6873675932712
52589,52595,2025,,2025/04/20,23:06:00,SUBIDA AL CAMELLÓN,ASFALTO,Bueno,Bueno,1,VOLKSWAGEN,ROJO,1,,20,MASCULINO,SIN DATOS,0,0,Morelia,El Lago 1,abril,domingo,23,-101.221345961094,19.7277344976884
52590,52596,2025,,2025/04/21,"00:35:00",COLISIÓN POR ALCANCE,ASFALTO,Bueno,Bueno,2,NISSAN,BLANCO,2,MINISTERIO PÚBLICO,0,,SIN DATOS,0,0,Morelia,Las Flores,abril,lunes,1,-101.206263914811,19.7056150121759
52591,52597,2025,,2025/04/21,"06:00:00",COLISIÓN CONTRA OBJETO FIJO,ASFALTO,Bueno,Bueno,1,DODGE,BLANCO,1,,42,,SIN DATOS,0,0,Morelia,Fuentes de Morelia,abril,lunes,6,-101.203908950441,19.6711852824231
52592,52598,2025,,2025/04/21,"09:00:00",COLISIÓN POR ALCANCE,ASFALTO,Bueno,Bueno,4,FORD,NEGRO,4,,26,MASCULINO,SIN DATOS,0,0,Morelia,Lomas de Guayangareo,abril,lunes,9,-101.160960056503,19.7026870450484
52593,52599,2025,,2025/04/21,14:25:00,COLISIÓN POR INVASIÓN DE CARRIL,ASFALTO,Bueno,Bueno,2,RAM,ROJO,2,,29,MASCULINO,SIN DATOS,0,0,Morelia,Prados Verdes,abril,lunes,14,-101.203066706657,19.7148058243193
52594,52600,2025,MOR20250041227,2025/04/21,15:12:00,COLISIÓN POR CAMBIO DE CARRIL,ASFALTO,Bueno,Bueno,2,KENWORTH,BLANCO,2,MINISTERIO PÚBLICO,,MASCULINO,SIN DATOS,0,0,Morelia,Tzindurio de Morelos,abril,lunes,15,-101.247769743204,19.6992082187431
52595,52601,2025,,2025/04/22,"08:30:00",COLISIÓN POR ALCANCE,ASFALTO,Bueno,Bueno,2,NISSAN/TRUCK,NEGRO,2,,36,MASCULINO,SIN DATOS,0,0,Morelia,La Esperanza,abril,martes,9,-101.253519058228,19.6979948395535
52596,52602,2025,MOR/20250041477,2025/04/22,"09:05:00",VOLCADURA,ASFALTO,Bueno,Bueno,1,CHEVROLET,BLANCO,1,,21,MASCULINO,SIN DATOS,0,0,Morelia,El Realito,abril,martes,9,-101.203674897552,19.7256534318964
52597,52603,2025,LEG56278,2025/04/22,10:00:00,COLISIÓN POR CORTE DE CIRCULACIÓN,ASFALTO,Bueno,Bueno,2,ITALIKA,AZUL,3,,0,FEMENINO,SIN DATOS,1,0,Morelia,Las Americas,abril,martes,10,-101.158538684249,19.6879219220165
52598,52604,2025,,2025/04/22,10:20:00,COLISIÓN POR ALCANCE,ASFALTO,Bueno,Bueno,2,SUZUKI,GRIS,2,,,FEMENINO,SIN DATOS,0,0,Morelia,Felix Ireta,abril,martes,10,-101.192143410444,19.682375391343
52599,52605,2025,,2025/04/22,11:25:00,COLISIÓN POR ALCANCE,ASFALTO,Bueno,Bueno,2,DODGE ATTITUDE,GRIS,2,,18,MASCULINO,SIN DATOS,0,0,Morelia,Xangari,abril,martes,11,-101.220690831542,19.6741193230622
52600,52606,2025,,2025/04/22,14:07:00,COLISIÓN POR CAMBIO DE CARRIL,ASFALTO,Bueno,Bueno,2,VOLKSWAGEN,AZUL,2,,,MASCULINO,SIN DATOS,0,0,Morelia,Felix Ireta,abril,martes,14,-101.195738911629,19.6815760689818
52601,52607,2025,,2025/04/22,14:15:00,SALIDA DE SUPERFICIE DE RODAMIENTO,CONCRETO,Bueno,Bueno,1,VOLVO,NEGRO,1,,50,FEMENINO,SIN DATOS,0,0,Morelia,San Rafael,abril,martes,14,-101.153091788292,19.7015064801752
52602,52608,2025,,2025/04/22,18:00:00,SALIDA DE SUPERFICIE DE RODAMIENTO,CONCRETO,Bueno,Bueno,1,FREIGHTLINER/M233K,BLANCO AZUL,1,,23,MASCULINO,SIN DATOS,0,0,Morelia,La Quemada,abril,martes,18,-101.240059827697,19.7032952648833
52603,52609,2025,,2025/04/22,18:00:00,COLISIÓN POR CORTE DE CIRCULACIÓN,SIN_DATOS,Bueno,Bueno,2,FORD,GRIS,2,,53,MASCULINO,SIN DATOS,0,0,Morelia,Elias Perez Avalos,abril,martes,18,-101.16517847,19.7114980999992
52604,52610,2025,LEG56288,2025/04/22,18:51:00,COLISIÓN POR CAMBIO DE CARRIL,ASFALTO,Bueno,Bueno,2,NISSAN,AZUL,2,,30,MASCULINO,SIN DATOS,0,0,Morelia,Torreon Nuevo,abril,martes,19,-101.20358663,19.7462449699991
52607,52613,2025,,2025/04/23,"00:10:00",COLISIÓN CONTRA OBJETO FIJO,ASFALTO,Bueno,Bueno,2,NISSAN,BLANCO,2,,40,FEMENINO,SIN DATOS,0,0,Morelia,La Esperanza,abril,miércoles,0,-101.251636234764,19.7001163663386
52610,52616,2025,LEG56297,2025/04/23,12:14:00,COLISIÓN POR CAMBIO DE CARRIL,CONCRETO,Bueno,Bueno,2,NISSAN,PLATA,2,,41,MASCULINO,SIN DATOS,0,0,Morelia,Chapultepec Sur,abril,miércoles,12,-101.17212757851,19.6910286352556
52611,52617,2025,,2025/04/23,13:15:00,COLISIÓN POR CORTE DE CIRCULACIÓN,ASFALTO,Bueno,Bueno,2,HONDA,ROJA,2,,32,MASCULINO,SIN DATOS,0,0,Tarímbaro,Infonavit Puerta del Sol,abril,miércoles,13,-101.194341480732,19.7516247305892
52612,52618,2025,LEG56295,2025/04/23,14:15:00,COLISIÓN POR CORTE DE CIRCULACIÓN,ASFALTO,Bueno,Bueno,2,KENWORTH,BLANCO,2,,27,MASCULINO,SIN DATOS,0,0,Morelia,Rafael Carrillo,abril,miércoles,14,-101.235995011903,19.7102850991683
52613,52619,2025,,2025/04/23,14:50:00,COLISIÓN POR ALCANCE,CONCRETO,Bueno,Bueno,2,NISSAN,PLATA,2,,33,MASCULINO,SIN DATOS,0,0,Morelia,Lomas de Huerta,abril,miércoles,15,-101.210138350725,19.6723362191129
52614,52620,2025,LEG56296,2025/04/23,15:20:00,COLISIÓN POR INVASIÓN DE CARRIL,CONCRETO,Bueno,Bueno,2,DODGE,BLANCO,2,,58,MASCULINO,ALIENTO ETÍLICO,0,0,Morelia,Prados Verdes,abril,miércoles,15,-101.20393827,19.7200783849991
52615,52621,2025,LEG56298,2025/04/23,18:00:00,COLISIÓN POR ALCANCE,ASFALTO,Bueno,Bueno,2,NISSAN,AZUL,2,,48,FEMENINO,SIN DATOS,0,0,Morelia,Felix Ireta,abril,miércoles,18,-101.1919749,19.6869904499991
52616,52622,2025,,2025/04/23,18:10:00,COLISIÓN POR ALCANCE,ASFALTO,Bueno,Bueno,2,MGL,BLANCO,2,,26,MASCULINO,SIN DATOS,0,0,Morelia,Guadalupe,abril,miércoles,18,-101.227126715,19.7090290849991
52617,52623,2025,,2025/04/23,19:20:00,COLISIÓN POR NO RESPETAR SEMÁFORO,ASFALTO,Bueno,Bueno,2,KIA,GRIS,3,MINISTERIO PÚBLICO,22,FEMENINO,SIN DATOS,1,0,Morelia,Josefa Ortiz de Dominguez,abril,miércoles,19,-101.210532894023,19.6720411464155
52618,52624,2025,,2025/04/23,19:20:00,SALIDA DE SUPERFICIE DE RODAMIENTO,ASFALTO,Bueno,Bueno,1,VOLKSWAGEN,AZUL,1,,30,MASCULINO,SIN DATOS,0,0,Charo,De Santiago,abril,miércoles,19,-101.044372,19.745476
52619,52625,2025,MOR20250042155,2025/04/23,20:15:00,COLISIÓN POR CORTE DE CIRCULACIÓN,ASFALTO,Bueno,Bueno,2,ITALIKA,NEGRO,2,,20,MASCULINO,SIN DATOS,0,0,Morelia,Felicitas del Rio,abril,miércoles,20,-101.199315807371,19.6912362607314
52621,52627,2025,,2025/04/24,"01:30:00",COLISIÓN POR INVASIÓN DE CARRIL,ASFALTO,Bueno,Bueno,2,TOYOTA,NEGRO,5,MINISTERIO PÚBLICO,0,MASCULINO,SIN DATOS,3,0,Tzitzio,Sin datos,abril,jueves,2,-100.90771,19.41796
52622,52628,2025,,2025/04/24,"07:20:00",COLISIÓN POR CAMBIO DE CARRIL,ASFALTO,Bueno,Bueno,2,VENTO,ROJO,4,MINISTERIO PÚBLICO,17,MASCULINO,SIN DATOS,2,0,Morelia,Villas de La Esperanza,abril,jueves,7,-101.27458450781,19.6939569924807
52623,52629,2025,,2025/04/24,10:00:00,COLISIÓN POR CORTE DE CIRCULACIÓN,ASFALTO,Bueno,Bueno,2,RENAULT,ROJO,2,,70,MASCULINO,SIN DATOS,0,0,Morelia,Camelinas,abril,jueves,10,-101.168279796839,19.6827504274742
52624,52630,2025,LEG56307,2025/04/24,13:00:00,SALIDA DE SUPERFICIE DE RODAMIENTO,ASFALTO,Bueno,Bueno,1,NISSAN,BLANCO,1,,57,MASCULINO,SIN DATOS,0,0,Morelia,Loma Bonita,abril,jueves,13,-101.199016571045,19.7229991973453
52625,52631,2025,,2025/04/24,15:25:00,COLISIÓN POR CORTE DE CIRCULACIÓN,CONCRETO,Bueno,Bueno,2,ITALIKA/FT110,AZUL,2,,26,MASCULINO,SIN DATOS,0,0,Morelia,Division del Norte,abril,jueves,15,-101.164914630353,19.7116034774214
52626,52632,2025,,2025/04/24,16:10:00,COLISIÓN POR ALCANCE,ASFALTO,Bueno,Bueno,2,HONDA,NEGRO,2,,39,MASCULINO,SIN DATOS,0,0,Morelia,La Esperanza,abril,jueves,16,-101.153334528208,19.699341424743
52627,52633,2025,,2025/04/24,20:20:00,COLISIÓN POR ALCANCE,ASFALTO,Bueno,Bueno,2,CHEVROLET,BLANCO,2,,50,MASCULINO,SIN DATOS,0,0,Morelia,Lomas de Hidalgo,abril,jueves,20,-101.160682439804,19.6957858597516
52628,52634,2025,,2025/04/25,"00:00:00",COLISIÓN POR ALCANCE,ASFALTO,Bueno,Bueno,2,CHEVROLET,BLANCO,2,,41,FEMENINO,SIN DATOS,0,0,Morelia,Tlalpujahua,abril,viernes,0,-101.217722296715,19.6760476291531
52629,52635,2025,,2025/04/25,"01:50:00",SALIDA DE SUPERFICIE DE RODAMIENTO,CONCRETO,Bueno,Bueno,1,KIA,ROJO,1,,39,MASCULINO,CON CERTIFICADO,0,0,Morelia,Rafael Carrillo,abril,viernes,2,-101.23337097466,19.7120317863544
52630,52636,2025,,2025/04/25,"03:10:00",SALIDA DE SUPERFICIE DE RODAMIENTO,ASFALTO,Bueno,Bueno,2,CHEVROLET,AZUL,2,,,MASCULINO,SIN DATOS,0,0,Morelia,Puerto de Buenavista,abril,viernes,3,-101.13120496273,19.6857229050062
52631,52637,2025,,2025/04/25,"08:50:00",COLISIÓN POR CORTE DE CIRCULACIÓN,ASFALTO,Bueno,Bueno,2,YAMAHA,ROJO,2,,30,FEMENINO,SIN DATOS,0,0,Morelia,Nueva Valladolid,abril,viernes,9,-101.209642142057,19.7009657714522
52632,52638,2025,,2025/04/25,10:00:00,COLISIÓN POR CORTE DE CIRCULACIÓN,ASFALTO,Bueno,Bueno,2,CHEVROLET,GRIS,2,,,MASCULINO,SIN DATOS,0,0,Morelia,Tlalpujahua,abril,viernes,10,-101.217985153198,19.6761663322407
52633,52639,2025,LEG56318,2025/04/25,14:20:00,COLISIÓN POR CORTE DE CIRCULACIÓN,ASFALTO,Bueno,Bueno,2,FORD,ROJO,2,,39,MASCULINO,SIN DATOS,0,0,Morelia,Centro,abril,viernes,14,-101.191578805447,19.7029493081106
52634,52640,2025,,2025/04/25,14:25:00,COLISIÓN POR ALCANCE,ASFALTO,Bueno,Bueno,2,NISSAN,AZUL,2,,25,MASCULINO,SIN DATOS,0,0,Morelia,Felix Ireta,abril,viernes,14,-101.192006617785,19.6822768968599
52635,52641,2025,LEG56320,2025/04/25,15:38:00,COLISIÓN POR CORTE DE CIRCULACIÓN,ASFALTO,Bueno,Bueno,2,CF MOTO,BLANCO/AZUL,2,MINISTERIO PÚBLICO,31,MASCULINO,SIN DATOS,0,0,Morelia,Sentimientos de La Nacion,abril,viernes,16,-101.236873269081,19.684815004594
52636,52642,2025,,2025/04/25,17:00:00,COLISIÓN POR CAMBIO DE CARRIL,ASFALTO,Bueno,Bueno,2,ISUZU,BLANCO,2,,29,MASCULINO,SIN DATOS,0,0,Morelia,La Camelina,abril,viernes,17,-101.222732663155,19.6698522161664
52637,52643,2025,,2025/04/25,17:25:00,COLISIÓN POR CAMBIO DE CARRIL,ASFALTO,Bueno,Bueno,2,LINCOLN,NEGRO,2,,21,FEMENINO,SIN DATOS,0,0,Morelia,Las Americas,abril,viernes,17,-101.158951073885,19.6879582248002
52638,52644,2025,,2025/04/25,20:10:00,SUBIDA AL CAMELLÓN,ASFALTO,Bueno,Bueno,1,NISSAN,BLANCO,1,MINISTERIO PÚBLICO,30,MASCULINO,SIN DATOS,0,0,Morelia,Hacienda del Valle,abril,viernes,20,-101.225583851337,19.6656165677093
52639,52645,2025,,2025/04/25,20:40:00,COLISIÓN POR CORTE DE CIRCULACIÓN,ASFALTO,Bueno,Regular,2,NISSAN,BLANCO,2,,27,MASCULINO,SIN DATOS,0,0,Morelia,Guadalupe,abril,viernes,21,-101.22591778636,19.707863852983
52640,52646,2025,,2025/04/25,21:08:00,COLISIÓN POR INVASIÓN DE CARRIL,ASFALTO,Bueno,Bueno,2,YAMAHA,BLANCO,2,,,MASCULINO,SIN DATOS,0,0,Morelia,Pablo Galeana,abril,viernes,21,-101.235424876213,19.6359790536551
52641,52647,2025,,2025/04/25,22:20:00,SALIDA DE SUPERFICIE DE RODAMIENTO,ASFALTO,Bueno,Bueno,1,CHEVROLET,BLANCO,1,,,MASCULINO,SIN DATOS,0,0,Morelia,Villas del Pedregal,abril,viernes,22,-101.304599046707,19.6876169783087
52642,52648,2025,,2025/04/26,"02:50:00",COLISIÓN CONTRA OBJETO FIJO,ASFALTO,Bueno,Bueno,1,HONDA,PLATA,1,,35,FEMENINO,SIN DATOS,0,0,Morelia,Enrique Arreguin Robles,abril,sábado,3,-101.186088323593,19.7234511462236
52643,52649,2025,,2025/04/26,"03:05:00",COLISIÓN POR ALCANCE,ASFALTO,Bueno,Bueno,2,BMW,GRIS,2,,35,MASCULINO,SIN DATOS,0,0,Morelia,Ana Maria Gallaga (Riviera Norte),abril,sábado,3,-101.222786307335,19.6768179348573
52644,52650,2025,,2025/04/26,"03:40:00",COLISIÓN POR ALCANCE,ASFALTO,Bueno,Bueno,2,FREIGHTLINER,ROJO,2,,53,MASCULINO,SIN DATOS,0,0,Morelia,Ana Maria Gallaga (Riviera Norte),abril,sábado,4,-101.221807301044,19.6768204604437
52645,52651,2025,,2025/04/26,12:25:00,COLISIÓN POR CORTE DE CIRCULACIÓN,CONCRETO,Bueno,Bueno,2,DINAMO,ROJO,2,,37,MASCULINO,SIN DATOS,0,0,Morelia,Ilustres Novohispanos,abril,sábado,12,-101.150785088539,19.710773369149
52646,52652,2025,,2025/04/26,12:45:00,COLISIÓN POR CAMBIO DE CARRIL,ASFALTO,Bueno,Bueno,2,TOYOTA,BLANCO/GRIS,2,,24,MASCULINO,SIN DATOS,0,0,Morelia,Felix Ireta,abril,sábado,13,-101.195734888315,19.6815331352823
52647,52653,2025,,2025/04/26,12:50:00,COLISIÓN POR ALCANCE,ASFALTO,Bueno,Bueno,2,FORD,AZUL,2,,,MASCULINO,SIN DATOS,0,0,Morelia,Ciudad Industrial,abril,sábado,13,-101.137956082821,19.7286396297658
52648,52654,2025,,2025/04/26,14:50:00,COLISIÓN POR CAMBIO DE CARRIL,ASFALTO,Bueno,Bueno,2,FORD,BLANCO,2,,31,MASCULINO,SIN DATOS,0,0,Morelia,Felix Ireta,abril,sábado,15,-101.189593970776,19.6822680576085
52649,52655,2025,,2025/04/26,15:30:00,COLISIÓN POR CAMBIO DE CARRIL,ASFALTO,Bueno,Bueno,2,VOLVO,CAFE,2,,60,MASCULINO,SIN DATOS,0,0,Morelia,Campestre Los Manantiales,abril,sábado,16,-101.238363236189,19.6882596954251
52650,52656,2025,,2025/04/26,19:25:00,VOLCADURA,ASFALTO,Bueno,Bueno,1,PLYMOUTH GRAN VOYAGER,BLANCO,1,,46,MASCULINO,CON CERTIFICADO,0,0,Morelia,Ciudad Industrial,abril,sábado,19,-101.142707616091,19.7251377374567
52651,52657,2025,MOR20255004352,2025/04/26,19:43:00,COLISIÓN CONTRA OBJETO FIJO,ASFALTO,Lluvioso,Bueno,1,CHEVROLET,GRIS,1,,37,MASCULINO,SIN DATOS,0,0,Morelia,Punta Alba,abril,sábado,20,-101.136303842068,19.6881668867277
52652,52658,2025,,2025/04/26,20:00:00,COLISIÓN CONTRA OBJETO FIJO,ASFALTO,Lluvioso,Bueno,1,TOYOTA,NEGRO,1,,50,MASCULINO,SIN DATOS,0,0,Morelia,Bosques de Oriente,abril,sábado,20,-101.156841516495,19.7148234992278
52653,52659,2025,,2025/04/26,20:15:00,COLISIÓN POR CORTE DE CIRCULACIÓN,CONCRETO,Bueno,Bueno,2,NISSAN,BLANCO Y CREMA,2,,55,MASCULINO,SIN DATOS,0,0,Morelia,Primo Tapia Oriente,abril,sábado,20,-101.158241629601,19.7145937252661
52654,52660,2025,,2025/04/26,21:40:00,COLISIÓN POR CORTE DE CIRCULACIÓN,ASFALTO,Bueno,Bueno,2,VOLKSWAGEN,PLATA,2,,28,MASCULINO,SIN DATOS,0,0,Morelia,San Jose Itzicuaro,abril,sábado,22,-101.30407333374,19.6878291131235
52655,52661,2025,MOR20250043703,2025/04/27,"02:14:00",VOLCADURA,ASFALTO,Bueno,Bueno,1,VOLKSWAGEN,BLANCO,1,,27,MASCULINO,SIN DATOS,0,0,Morelia,Sin datos,abril,domingo,2,-101.277155019343,19.6271707972238
52656,52662,2025,,2025/04/27,"03:07:00",SALIDA DE SUPERFICIE DE RODAMIENTO,ASFALTO,Bueno,Bueno,1,MITSUBISHI,NEGRO,1,,,FEMENINO,SIN DATOS,0,0,Morelia,Indeco El Vivero,abril,domingo,3,-101.231695264578,19.6776564273488
52657,52663,2025,,2025/04/27,"07:34:00",COLISIÓN POR INVASIÓN DE CARRIL,ASFALTO,Bueno,Bueno,2,FORD,GRIS,1,,38,,SIN DATOS,0,0,Morelia,Sin datos,abril,domingo,8,-101.338718086481,19.5530619886548
52658,52664,2025,LEG56346,2025/04/27,10:00:00,COLISIÓN POR CORTE DE CIRCULACIÓN,ASFALTO,Bueno,Bueno,2,ITALIKA,ROJO,2,,25,MASCULINO,SIN DATOS,0,0,Morelia,Comision Federal de Electricidad,abril,domingo,10,-101.180082857609,19.6814775740072
52659,52665,2025,,2025/04/27,13:20:00,COLISIÓN POR CORTE DE CIRCULACIÓN,ASFALTO,Bueno,Bueno,2,KIA,BLANCO,2,,31,MASCULINO,SIN DATOS,0,0,Morelia,Loma de Los Piñones,abril,domingo,13,-101.2051025033,19.6740170350576