fid,id_accidente,anio_origen,folio_c5i,dia_incidente,hora_ocurrencia,tipo_incidente_vial,superficie_ocurrencia,condiciones_climaticas,condiciones_via,numero_vehiculos_involucrados,marca_vehiculo_ocasiona_siniestro,color_vehiculo_ocasiona_siniestro,numero_personas_involucradas,lugar_remite_presunto_responsable,edad_presunto_responsable,sexo_presunto_responsable,resultados_toxicologia,numero_personas_lesionadas,numero_personas_fallecidas,municipio,colonia,mes,dia_semana,hora_redondeada,lon,lat
52660,52666,2025,LEG56350,2025/04/27,16:00:00,COLISIÓN POR CORTE DE CIRCULACIÓN,ASFALTO,Bueno,Bueno,2,NISSAN,AZUL,2,,22,MASCULINO,SIN DATOS,0,0,Morelia,Valle del Punhuato,abril,domingo,16,-101.144535541534,19.6989872606788
52661,52667,2025,,2025/04/27,16:20:00,COLISIÓN CON PEATÓN,SIN_DATOS,Bueno,Bueno,2,NISSAN,BLANCO,2,,40,MASCULINO,SIN DATOS,0,0,Morelia,Ciudad Jardin,abril,domingo,16,-101.251692138612,19.7049318732499
52662,52668,2025,,2025/04/27,16:45:00,COLISIÓN POR ALCANCE,CONCRETO,Bueno,Bueno,2,CHEVROLET,AZUL,2,,,MASCULINO,SIN DATOS,0,0,Morelia,Bicentenario,abril,domingo,17,-101.180735640228,19.7470403450971
52663,52669,2025,,2025/04/27,19:10:00,COLISIÓN POR CORTE DE CIRCULACIÓN,CONCRETO,Bueno,Bueno,2,TOYOTA,PLATA,2,,41,MASCULINO,SIN DATOS,0,0,Morelia,Torreon Nuevo,abril,domingo,19,-101.207644850679,19.7494147681465
52664,52670,2025,,2025/04/27,19:44:00,COLISIÓN POR ALCANCE,ASFALTO,Bueno,Bueno,2,NISSAN,BLANCO CON VERDE,2,,,MASCULINO,SIN DATOS,0,0,Morelia,Elias Perez Avalos,abril,domingo,20,-101.17147564888,19.7147455402421
52665,52671,2025,,2025/04/28,"07:35:00",COLISIÓN POR ALCANCE,ASFALTO,Bueno,Bueno,2,NISSAN,GRIS,2,,38,FEMENINO,SIN DATOS,0,0,Morelia,Infonavit Manantiales,abril,lunes,8,-101.238266088931,19.6932042372071
52666,52672,2025,,2025/04/28,"08:25:00",COLISIÓN POR ALCANCE,CONCRETO,Bueno,Bueno,2,NISSAN,BLANCO,2,,40,FEMENINO,SIN DATOS,0,0,Morelia,Ricardo Flores Magon,abril,lunes,8,-101.243502815,19.7067141299991
52668,52674,2025,,2025/04/28,"09:40:00",COLISIÓN POR CORTE DE CIRCULACIÓN,ASFALTO,Bueno,Bueno,1,SCANIA,BLANCO,1,,50,MASCULINO,SIN DATOS,0,0,Morelia,Tres Puentes,abril,lunes,10,-101.212925449046,19.7094599282655
52669,52675,2025,,2025/04/28,12:35:00,COLISIÓN POR ALCANCE,ASFALTO,Bueno,Bueno,2,FORD,BLANCO,2,,27,FEMENINO,SIN DATOS,0,0,Morelia,Quinceo,abril,lunes,13,-101.221453249454,19.7276625413618
52670,52676,2025,,2025/04/28,13:25:00,COLISIÓN CON PEATÓN,SIN_DATOS,Bueno,Bueno,2,NISSAN,BLANCO/ROJO,2,,60,MASCULINO,SIN DATOS,0,0,Morelia,Tres Puentes,abril,lunes,13,-101.214687377214,19.7031967749945
52672,52678,2025,,2025/04/28,15:26:00,COLISIÓN CONTRA OBJETO FIJO,ASFALTO,Bueno,Bueno,1,BMW,AZUL,1,,46,FEMENINO,SIN DATOS,0,0,Morelia,Lomas de Hidalgo,abril,lunes,15,-101.163480405,19.6959576599991
52673,52679,2025,,2025/04/28,16:50:00,COLISIÓN POR CORTE DE CIRCULACIÓN,ASFALTO,Bueno,Bueno,2,FOTON,BLANCO,2,,,MASCULINO,SIN DATOS,0,0,Morelia,Santiaguito,abril,lunes,17,-101.188677325845,19.7173181666989
52674,52680,2025,LEG56352,2025/04/28,18:00:00,VOLCADURA,ASFALTO,Bueno,Bueno,1,FREIGHTLINER,GRIS,0,MINISTERIO PÚBLICO,,,,0,0,Tzitzio,Tzitzio,abril,lunes,18,-100.922709,19.584913
52675,52681,2025,,2025/04/28,18:45:00,COLISIÓN POR CAMBIO DE CARRIL,ASFALTO,Bueno,Bueno,2,TOYOTA/YARIS,PLATA,2,,33,FEMENINO,SIN DATOS,0,0,Morelia,Manantiales de Morelia,abril,lunes,19,-101.236682703995,19.6965927119959
52676,52682,2025,,2025/04/28,19:40:00,COLISIÓN CONTRA OBJETO FIJO,CONCRETO,Bueno,Bueno,1,FORD,NEGRO,1,,39,MASCULINO,SIN DATOS,0,0,Tarímbaro,Club Erandeni,abril,lunes,20,-101.183801,19.757131
52677,52683,2025,,2025/04/28,19:45:00,COLISIÓN POR INVASIÓN DE CARRIL,CONCRETO,Bueno,Bueno,2,TREK,AZUL,2,,15,MASCULINO,SIN DATOS,0,0,Morelia,San Isidro Itzicuaro Norte,abril,lunes,20,-101.271552375,19.6994650449992
52678,52684,2025,,2025/04/28,23:10:00,COLISIÓN POR NO RESPETAR SEMÁFORO,ASFALTO,Bueno,Bueno,2,CHEVROLET,GRIS,2,,30,MASCULINO,SIN DATOS,0,0,Morelia,Cosmos,abril,lunes,23,-101.218920954689,19.6840718148917
52679,52685,2025,MOR20250044741,2025/04/29,"08:19:00",COLISIÓN POR ALCANCE,ASFALTO,Bueno,Bueno,2,CHEVROLET,BLANCO,2,,49,MASCULINO,SIN DATOS,0,0,Morelia,Granjas de La Huerta,abril,martes,8,-101.231239289045,19.6629329221497
52680,52686,2025,,2025/04/29,10:15:00,COLISIÓN CON PEATÓN,SIN_DATOS,Bueno,Bueno,2,DODGE,AZUL Y BLANCO,2,,50,MASCULINO,SIN DATOS,0,0,Morelia,Isaac Arriaga,abril,martes,10,-101.175320145,19.7090182249991
52681,52687,2025,MOR20250044794,2025/04/29,12:36:00,COLISIÓN POR CORTE DE CIRCULACIÓN,ASFALTO,Bueno,Bueno,2,NISSAN,BLANCO,2,,61,MASCULINO,SIN DATOS,0,0,Morelia,Vista Bella,abril,martes,13,-101.194026321173,19.6784772365312
52682,52688,2025,LEG56370,2025/04/29,13:15:00,COLISIÓN POR CORTE DE CIRCULACIÓN,ASFALTO,Bueno,Bueno,2,TOYOTA,BLANCO Y NEGRO,2,,,MASCULINO,SIN DATOS,0,0,Morelia,Felix Ireta,abril,martes,13,-101.191798746586,19.6824448425446
52683,52689,2025,,2025/04/29,16:05:00,COLISIÓN CONTRA OBJETO FIJO,ASFALTO,Nublado,Bueno,1,VOLKSWAGEN,BLANCO,1,,27,MASCULINO,SIN DATOS,0,0,Morelia,Avicola Benito Juarez,abril,martes,16,-101.279539167881,19.6913558132442
52684,52690,2025,,2025/04/29,16:55:00,COLISIÓN POR ALCANCE,CONCRETO,Bueno,Bueno,2,VENTO,AMARILLO Y NEGRO,2,,32,MASCULINO,SIN DATOS,0,0,Morelia,Centro,abril,martes,17,-101.182279586792,19.7029152182548
52685,52691,2025,,2025/04/29,18:40:00,COLISIÓN POR ALCANCE,ASFALTO,Bueno,Bueno,2,MERCEDES BENZ,BLANCO/VERDE,2,,36,MASCULINO,SIN DATOS,0,0,Morelia,La Luz,abril,martes,19,-101.299805939198,19.6873420233909
52686,52692,2025,,2025/04/29,19:45:00,COLISIÓN POR ALCANCE,ASFALTO,Bueno,Bueno,3,S/D,S/D,3,,,,SIN DATOS,0,0,Morelia,Defensores De Puebla,abril,martes,20,-101.237630553,19.7132539883326
52687,52693,2025,,2025/04/29,20:00:00,COLISIÓN POR MANIOBRA DE REVERSA,CONCRETO,Bueno,Bueno,2,DODGE,GRIS,2,,34,FEMENINO,SIN DATOS,0,0,Morelia,Sin datos,abril,martes,20,-101.109960861504,19.7317864071356
52688,52694,2025,MOR/20250044950,2025/04/29,20:00:00,COLISIÓN POR CAMBIO DE CARRIL,ASFALTO,Bueno,Regular,2,NISSAN,BLANCO,2,,36,MASCULINO,SIN DATOS,0,0,Morelia,Chapultepec Norte,abril,martes,20,-101.16598919034,19.6955175477535
52689,52695,2025,,2025/04/30,"00:00:00",COLISIÓN POR CAMBIO DE CARRIL,ASFALTO,Bueno,Bueno,2,VOLKSWAGEN,BLANCO,2,,,FEMENINO,SIN DATOS,0,0,Morelia,Jardines del Rincon,abril,miércoles,0,-101.150380074978,19.6906929056162
52690,52696,2025,,2025/04/30,"07:38:00",COLISIÓN POR ALCANCE,ASFALTO,Bueno,Bueno,2,CHEVROLET,ROJO,2,,70,MASCULINO,SIN DATOS,0,0,Morelia,Fidel Velazquez,abril,miércoles,8,-101.236387789249,19.701926609276
52691,52697,2025,LEG56380,2025/04/30,10:25:00,COLISIÓN POR CORTE DE CIRCULACIÓN,CONCRETO,Bueno,Bueno,2,CF MOTO,NEGRO,2,,20,MASCULINO,SIN DATOS,0,0,Morelia,Santa Maria,abril,miércoles,10,-101.200492456555,19.6778338487668
52692,52698,2025,,2025/04/30,10:30:00,COLISIÓN POR ALCANCE,ASFALTO,Bueno,Bueno,1,NISSAN,BLANCO,2,,25,MASCULINO,SIN DATOS,0,0,Morelia,Ventura Puente,abril,miércoles,11,-101.194416582584,19.6920363955532
52693,52699,2025,,2025/04/30,13:20:00,COLISIÓN POR ALCANCE,ASFALTO,Bueno,Bueno,2,HONDA,BLANCO,2,,25,FEMENINO,SIN DATOS,0,0,Morelia,Alberto Oviedo Mota,abril,miércoles,13,-101.202173531055,19.6774745859763
52694,52700,2025,,2025/04/30,16:00:00,COLISIÓN POR CORTE DE CIRCULACIÓN,ASFALTO,Bueno,Bueno,1,KENWORTH,ROJO,2,,30,MASCULINO,SIN DATOS,0,0,Morelia,Primo Tapia Oriente,abril,miércoles,16,-101.157871484756,19.7139627920443
52695,52701,2025,,2025/04/30,19:20:00,COLISIÓN CONTRA OBJETO FIJO,ASFALTO,Bueno,Bueno,2,INTERNACIONAL,BLANCO Y AZUL,2,MINISTERIO PÚBLICO,41,MASCULINO,SIN DATOS,0,0,Morelia,Rinconada del Valle,abril,miércoles,19,-101.217620372772,19.6805759633485
52696,52702,2025,LEG56383,2025/04/30,23:00:00,COLISIÓN POR CORTE DE CIRCULACIÓN,ASFALTO,Bueno,Bueno,2,ITALIKA,CAFÉ,2,,20,MASCULINO,SIN DATOS,0,0,Morelia,Jesus Romero Flores,abril,miércoles,23,-101.174876689911,19.7321565935988
52697,52703,2025,,2025/05/01,"05:30:00",VOLCADURA,ASFALTO,Bueno,Bueno,1,VOLKSWAGEN,ROJO,1,,54,MASCULINO,SIN DATOS,0,0,Morelia,La Floresta,mayo,jueves,6,-101.152287125587,19.6845359409853
52698,52704,2025,,2025/05/01,"08:00:00",COLISIÓN POR ALCANCE,ASFALTO,Bueno,Bueno,2,CHEVROLET,VERDE,2,MINISTERIO PÚBLICO,38,MASCULINO,SIN DATOS,0,0,Morelia,Felix Arreguin,mayo,jueves,8,-101.227914690971,19.7191840919207
52699,52705,2025,,2025/05/01,"08:20:00",COLISIÓN POR CORTE DE CIRCULACIÓN,ASFALTO,Bueno,Bueno,2,FORD,VERDE,2,,45,MASCULINO,SIN DATOS,0,0,Morelia,Ventura Puente,mayo,jueves,8,-101.18386477232,19.6931077701904
52700,52706,2025,,2025/05/01,11:00:00,COLISIÓN POR ALCANCE,CONCRETO,Bueno,Bueno,2,NISSAN,NEGRO,2,,36,MASCULINO,SIN DATOS,0,0,Morelia,Ventura Puente,mayo,jueves,11,-101.190709099174,19.6923646902523
52701,52707,2025,,2025/05/01,11:00:00,COLISIÓN POR ALCANCE,CONCRETO,Bueno,Bueno,2,KENWORTH,BLANCO,2,,26,MASCULINO,SIN DATOS,0,0,Morelia,Sentimientos de La Nacion,mayo,jueves,11,-101.235261261463,19.6811397862946
52702,52708,2025,,2025/05/01,12:45:00,COLISIÓN POR CORTE DE CIRCULACIÓN,CONCRETO,Bueno,Bueno,2,INTERNATIONAL,BLANCO,2,,61,MASCULINO,SIN DATOS,0,0,Morelia,Central de Abastos,mayo,jueves,13,-101.170074865222,19.7159641579344
52703,52709,2025,,2025/05/01,13:12:00,COLISIÓN POR CORTE DE CIRCULACIÓN,CONCRETO,Bueno,Bueno,1,NISSAN,ARENA,1,,21,MASCULINO,SIN DATOS,0,0,Morelia,Infonavit  Las  Camelinas,mayo,jueves,13,-101.17693528533,19.6816606735911
52704,52710,2025,,2025/05/01,19:35:00,COLISIÓN CONTRA OBJETO FIJO,ASFALTO,Bueno,Bueno,2,DODGE,VERDE,1,,,MASCULINO,SIN DATOS,0,0,Morelia,Vasco de Quiroga,mayo,jueves,20,-101.171995326877,19.7013631751808
52705,52711,2025,LEG56392,2025/05/01,22:40:00,SALIDA DE SUPERFICIE DE RODAMIENTO,ASFALTO,Bueno,Bueno,1,NISSAN,BLANCO,1,,44,MASCULINO,SIN DATOS,0,0,Morelia,Sin datos,mayo,jueves,23,-101.302286982536,19.5882995055396
52706,52712,2025,LEG56394,2025/05/02,"08:25:00",COLISIÓN POR CORTE DE CIRCULACIÓN,TERRACERIA,Bueno,Bueno,2,TOYOTA,BLANCO/MORADO,2,,24,MASCULINO,CON CERTIFICADO,0,0,Morelia,Ciudad Industrial,mayo,viernes,8,-101.14554366932,19.7284851395985
52707,52713,2025,,2025/05/02,10:25:00,COLISIÓN CON PEATÓN,ASFALTO,Bueno,Bueno,1,HONDA,BLANCO,1,,27,MASCULINO,SIN DATOS,0,0,Morelia,Centro,mayo,viernes,10,-101.192446500063,19.7029455203492
52708,52714,2025,,2025/05/02,10:50:00,CAIDA DE MOTOCICLETA,ASFALTO,Bueno,Bueno,1,ITALIKA,AZUL,1,,,MASCULINO,SIN DATOS,0,0,Morelia,La Quemada,mayo,viernes,11,-101.238722652197,19.7013685412292
52709,52715,2025,,2025/05/02,11:45:00,COLISIÓN POR CAMBIO DE CARRIL,ASFALTO,Bueno,Bueno,2,MAZDA/3,GRIS,2,,20,MASCULINO,SIN DATOS,0,0,Morelia,La Esperanza,mayo,viernes,12,-101.152177155018,19.6984329702492
52710,52716,2025,,2025/05/02,13:00:00,COLISIÓN POR CORTE DE CIRCULACIÓN,ASFALTO,Bueno,Bueno,2,TOYOTA,BLANCO,2,,35,MASCULINO,SIN DATOS,0,0,Morelia,Lomas de Hidalgo,mayo,viernes,13,-101.158676147461,19.695618559382
52712,52718,2025,MOR202511,2025/05/02,15:00:00,COLISIÓN POR ALCANCE,ASFALTO,Bueno,Bueno,2,TOYOTA,BLANCO/NARANJA,2,,40,MASCULINO,SIN DATOS,0,0,Morelia,Santiaguito,mayo,viernes,15,-101.188743710518,19.7173257415409
52713,52719,2025,,2025/05/02,15:50:00,COLISIÓN POR CORTE DE CIRCULACIÓN,ASFALTO,Bueno,Bueno,2,JEEP,NEGRO,2,,55,FEMENINO,SIN DATOS,0,0,Morelia,Nueva Chapultepec,mayo,viernes,16,-101.169203147292,19.6894441064577
52714,52720,2025,LEG56407,2025/05/02,21:05:00,COLISIÓN POR ALCANCE,ASFALTO,Bueno,Bueno,3,NISSAN,ROJO,3,,48,MASCULINO,SIN DATOS,0,0,Morelia,Avicola Benito Juarez,mayo,viernes,21,-101.278941035271,19.6916929480706
52715,52721,2025,LEG56393,2025/05/02,21:50:00,COLISIÓN POR ALCANCE,ASFALTO,Bueno,Bueno,2,NISSAN,BALNCO/AZUL,2,,37,MASCULINO,SIN DATOS,0,0,Morelia,Alberto Oviedo Mota,mayo,viernes,22,-101.202173531055,19.6774670092479
52716,52722,2025,,2025/05/03,"00:00:00",COLISIÓN CONTRA OBJETO FIJO,ASFALTO,Bueno,Bueno,1,DODGE,GUINDA,1,,,,SIN DATOS,0,0,Morelia,Nueva Chapultepec,mayo,sábado,0,-101.169685274363,19.6895514353827
52718,52724,2025,,2025/05/03,"04:16:00",COLISIÓN CONTRA OBJETO FIJO,ASFALTO,Bueno,Bueno,1,MAZDA,ROJO,1,,,MASCULINO,SIN DATOS,0,0,Morelia,Chapultepec Sur,mayo,sábado,4,-101.178621724248,19.6906184072541
52719,52725,2025,,2025/05/03,10:00:00,COLISIÓN POR INVASIÓN DE CARRIL,CONCRETO,Bueno,Bueno,2,YAMAHA,NEGRO,2,,24,MASCULINO,SIN DATOS,0,0,Morelia,Primaveras,mayo,sábado,10,-101.225749477744,19.6813519296889
52720,52726,2025,,2025/05/03,11:10:00,COLISIÓN POR NO RESPETAR SEMÁFORO,ASFALTO,Bueno,Bueno,2,FORD,GRIS,2,,,MASCULINO,SIN DATOS,0,0,Morelia,Primo Tapia Oriente,mayo,sábado,11,-101.158547401428,19.7134637880682
52721,52727,2025,,2025/05/03,11:55:00,COLISIÓN POR CORTE DE CIRCULACIÓN,ASFALTO,Bueno,Bueno,2,KENWORTH,VERDE,2,,35,MASCULINO,SIN DATOS,0,0,Morelia,Libertad,mayo,sábado,12,-101.236988604069,19.6847708090322
52722,52728,2025,,2025/05/03,12:33:00,COLISIÓN POR CAMBIO DE CARRIL,ASFALTO,Bueno,Bueno,2,TOYOTA,GRIS,2,,76,MASCULINO,SIN DATOS,0,0,Morelia,Hermanos Lopez Rayon,mayo,sábado,13,-101.220120191574,19.6754288563151
52723,52729,2025,,2025/05/03,12:45:00,COLISIÓN POR ALCANCE,ASFALTO,Bueno,Bueno,2,MAZDA,NEGRO,2,,44,FEMENINO,SIN DATOS,0,0,Morelia,Loma de Los Piñones,mayo,sábado,13,-101.205121278763,19.674171098447
52724,52730,2025,,2025/05/03,13:30:00,COLISIÓN POR CORTE DE CIRCULACIÓN,ASFALTO,Bueno,Bueno,2,CHRYSLER,PLATA,2,,38,FEMENINO,SIN DATOS,0,0,Morelia,Ana Maria Gallaga (Riviera Norte),mayo,sábado,14,-101.222794353962,19.6768078325114
52725,52731,2025,,2025/05/03,15:10:00,COLISIÓN POR ALCANCE,ASFALTO,Bueno,Bueno,2,NISSAN,BLANCO/ROJO,2,,25,MASCULINO,SIN DATOS,0,0,Morelia,Centro,mayo,sábado,15,-101.186573803425,19.7028950168553
52726,52732,2025,,2025/05/03,18:20:00,COLISIÓN POR ALCANCE,ASFALTO,Bueno,Bueno,2,GMC,GUINDA,2,,60,MASCULINO,SIN DATOS,0,0,Morelia,El Eden,mayo,sábado,18,-101.249629855156,19.646028080093
52727,52733,2025,,2025/05/03,18:30:00,COLISIÓN POR CAMBIO DE CARRIL,CONCRETO,Bueno,Bueno,2,YAMAHA,VERDE MATE,2,,29,MASCULINO,SIN DATOS,0,0,Morelia,Centro,mayo,sábado,19,-101.196909695864,19.7030392674176
52728,52734,2025,,2025/05/03,19:00:00,COLISIÓN CONTRA OBJETO FIJO,ASFALTO,Bueno,Bueno,1,DODGE,BLANCO,0,,,,,0,0,Morelia,Alfonso Espinoza Guerrero (Barranca Seca),mayo,sábado,19,-101.175174415112,19.6729853116573
52729,52735,2025,,2025/05/03,20:10:00,COLISIÓN POR ALCANCE,ASFALTO,Bueno,Bueno,1,VOLKSWAGEN,ROJO,1,,43,,SIN DATOS,0,0,Morelia,San Jose Itzicuaro,mayo,sábado,20,-101.308397054672,19.6874149448904
52730,52736,2025,,2025/05/03,20:50:00,COLISIÓN CONTRA OBJETO FIJO,ASFALTO,Bueno,Bueno,1,FORD,VERDE,1,,63,MASCULINO,SIN DATOS,0,0,Morelia,Pablo Galeana,mayo,sábado,21,-101.229135096073,19.6403620020069
52731,52737,2025,,2025/05/03,21:40:00,COLISIÓN POR CAMBIO DE CARRIL,ASFALTO,Bueno,Bueno,2,TOYOTA,BLANCO,2,,25,MASCULINO,SIN DATOS,0,0,Morelia,Americas Britania,mayo,sábado,22,-101.147048771381,19.6941298940535
52732,52738,2025,,2025/05/03,23:40:00,COLISIÓN POR CORTE DE CIRCULACIÓN,CONCRETO,Bueno,Bueno,2,BMW,AZUL,2,MINISTERIO PÚBLICO,30,MASCULINO,SIN DATOS,0,0,Morelia,Lomas de Vista Bella,mayo,sábado,0,-101.198675533477,19.6730743205663
52733,52739,2025,,2025/05/04,"00:00:00",COLISIÓN POR CAMBIO DE CARRIL,ASFALTO,Bueno,Bueno,2,ITALIKA,BLANCO,2,,37,MASCULINO,SIN DATOS,0,0,Morelia,Torreon Nuevo,mayo,domingo,0,-101.199059486389,19.7361329669762
52734,52740,2025,,2025/05/04,"00:10:00",COLISIÓN POR INVASIÓN DE CARRIL,ASFALTO,Bueno,Bueno,2,HONDA,BLANCO,2,MINISTERIO PÚBLICO,76,,SIN DATOS,0,0,Morelia,Sin datos,mayo,domingo,0,-101.28662019968,19.5932876841772
52735,52741,2025,,2025/05/04,"00:14:00",COLISIÓN CONTRA OBJETO FIJO,ASFALTO,Bueno,Bueno,1,KENWORTH,BLANCO,1,,25,MASCULINO,SIN DATOS,0,0,Morelia,Industrial,mayo,domingo,0,-101.198700070381,19.706629707228
52736,52742,2025,LEG56435,2025/05/04,10:29:00,COLISIÓN POR CAMBIO DE CARRIL,ASFALTO,Bueno,Bueno,2,DODGE,VERDE,2,,69,MASCULINO,SIN DATOS,0,0,Morelia,Bosques de Oriente,mayo,domingo,10,-101.155503094196,19.7156684206948
52737,52743,2025,LEG56440,2025/05/04,12:35:00,COLISIÓN CONTRA OBJETO FIJO,ASFALTO,Bueno,Bueno,1,FIAT,BLANCO,0,,,,,0,0,Morelia,Tenencia Morelos,mayo,domingo,13,-101.249399185181,19.6459725065132
52738,52744,2025,LEG56441,2025/05/04,16:14:00,COLISIÓN POR NO RESPETAR SEMÁFORO,ASFALTO,Bueno,Bueno,2,Toyota,Blanco y gris,2,,40,,SIN DATOS,0,0,Morelia,Infonavit  Las  Camelinas,mayo,domingo,16,-101.174314767122,19.6818311454293
52739,52745,2025,MOR20250047216,2025/05/04,18:05:00,COLISIÓN POR INVASIÓN DE CARRIL,ASFALTO,Bueno,Bueno,2,CHEVROLET,ROJO,2,MINISTERIO PÚBLICO,22,MASCULINO,SIN DATOS,0,0,Morelia,Vistas de Altozano,mayo,domingo,18,-101.167,19.6551
52740,52746,2025,LEG56437,2025/05/04,18:15:00,COLISIÓN POR ALCANCE,ASFALTO,Bueno,Bueno,2,CHEVROLET,AZUL,2,,40,MASCULINO,SIN DATOS,0,0,Morelia,Cumbres del Quinceo,mayo,domingo,18,-101.234629265964,19.7196417326359
52741,52747,2025,,2025/05/04,18:25:00,COLISIÓN POR CORTE DE CIRCULACIÓN,ASFALTO,Bueno,Bueno,2,FORD,BLANCO Y VERDE,2,,51,MASCULINO,SIN DATOS,0,0,Morelia,5 de Mayo,mayo,domingo,18,-101.17543291,19.7031789799992
52745,52751,2025,LEG56436,2025/05/04,22:10:00,COLISIÓN CONTRA OBJETO FIJO,ASFALTO,Bueno,Bueno,2,ITALIKA,BALNCO,1,,30,MASCULINO,SIN DATOS,0,0,Morelia,Morelos,mayo,domingo,22,-101.210474967957,19.6955213356907
52746,52752,2025,MOR20250047305,2025/05/04,22:17:00,COLISIÓN POR CORTE DE CIRCULACIÓN,ASFALTO,Bueno,Bueno,2,NISSAN,GRIS,2,,37,MASCULINO,SIN DATOS,0,0,Morelia,Felix Ireta,mayo,domingo,22,-101.1919749,19.6869904499991
52747,52753,2025,,2025/05/04,22:50:00,COLISIÓN POR INVASIÓN DE CARRIL,ASFALTO,Bueno,Bueno,2,TOYOTA,AZUL,2,,33,MASCULINO,SIN DATOS,0,0,Morelia,Sin datos,mayo,domingo,23,-101.255063340068,19.5277518339015
52749,52755,2025,,2025/05/05,"01:50:00",COLISIÓN CONTRA OBJETO FIJO,ASFALTO,Bueno,Bueno,1,SEAT,ROJO,1,,,FEMENINO,SIN DATOS,0,0,Morelia,Centro,mayo,lunes,2,-101.18754847,19.7028479949991
52750,52756,2025,,2025/05/05,"05:30:00",COLISIÓN CONTRA OBJETO FIJO,ASFALTO,Bueno,Bueno,1,NISSAN,BLANCO,1,,,,SIN DATOS,0,0,Morelia,Centro,mayo,lunes,6,-101.18754847,19.7028479949991
52751,52757,2025,,2025/05/05,"08:45:00",COLISIÓN CONTRA OBJETO FIJO,ASFALTO,Bueno,Bueno,1,VOLKSWAGEN,NEGRO,1,,37,MASCULINO,SIN DATOS,0,0,Morelia,Valle de Las Flores,mayo,lunes,9,-101.130759716034,19.6858390754803
52752,52758,2025,,2025/05/05,13:00:00,COLISIÓN POR MANIOBRA DE REVERSA,ASFALTO,Bueno,Bueno,2,FORD,ORO,2,,79,MASCULINO,SIN DATOS,0,0,Morelia,Prados Verdes,mayo,lunes,13,-101.199310272932,19.7140142389185
52753,52759,2025,,2025/05/05,17:15:00,COLISIÓN POR MANIOBRA DE REVERSA,CONCRETO,Bueno,Regular,2,FREIGHTLINER,BLANCO,2,,41,MASCULINO,SIN DATOS,0,0,Morelia,Irrigacion,mayo,lunes,17,-101.225253939629,19.7057736905644
52754,52760,2025,,2025/05/05,18:10:00,COLISIÓN POR MANIOBRA DE REVERSA,CONCRETO,Bueno,Bueno,2,CHEVROLET,GRIS,1,MINISTERIO PÚBLICO,0,FEMENINO,SIN DATOS,0,0,Morelia,Juarez,mayo,lunes,18,-101.197620875,19.6960646149991
52755,52761,2025,LEG56461,2025/05/05,18:15:00,COLISIÓN POR CORTE DE CIRCULACIÓN,ASFALTO,Bueno,Bueno,2,CHEVROLET,AZUL,2,,64,MASCULINO,SIN DATOS,0,0,Morelia,Elias Perez Avalos,mayo,lunes,18,-101.167813022979,19.7136335493406
52756,52762,2025,,2025/05/05,20:50:00,COLISIÓN POR CORTE DE CIRCULACIÓN,SIN_DATOS,Bueno,Bueno,0,,,0,,,,,0,0,Morelia,La Floresta,mayo,lunes,21,-101.151959896088,19.6832984584907
52758,52764,2025,,2025/05/05,22:20:00,COLISIÓN POR INVASIÓN DE CARRIL,TERRACERIA,Bueno,Bueno,3,ITALIKA,BLANCO,3,MINISTERIO PÚBLICO,18,MASCULINO,SIN DATOS,0,0,Morelia,Primavera,mayo,lunes,22,-101.147773595316,19.7092841321836
52759,52765,2025,LEG56460,2025/05/05,22:30:00,COLISIÓN POR CORTE DE CIRCULACIÓN,ASFALTO,Bueno,Bueno,2,CHEVROLET,BLANCO,2,MINISTERIO PÚBLICO,34,FEMENINO,SIN DATOS,0,0,Morelia,Centro,mayo,lunes,23,-101.18754847,19.7028479949991
52760,52766,2025,MOR/20250047797,2025/05/05,23:35:00,COLISIÓN POR CAMBIO DE CARRIL,ASFALTO,Bueno,Bueno,2,VOLKSWAGEN,BLANCO,2,,28,MASCULINO,SIN DATOS,0,0,Morelia,Santillan La Huerta,mayo,lunes,0,-101.219553885717,19.6760966650679
52761,52767,2025,,2025/05/06,"08:20:00",COLISIÓN POR ALCANCE,ASFALTO,Bueno,Bueno,4,VOLKSWAGEN,BLANCO,4,,37,FEMENINO,SIN DATOS,0,0,Morelia,Ignacio Zaragoza,mayo,martes,8,-101.20537203,19.7251967149991
52763,52769,2025,,2025/05/06,"09:00:00",COLISIÓN POR CAMBIO DE CARRIL,ASFALTO,Bueno,Bueno,2,NISSAN,GRIS,2,,0,MASCULINO,SIN DATOS,0,0,Morelia,Los Angeles,mayo,martes,9,-101.171902790666,19.7502861591759
52764,52770,2025,,2025/05/06,"09:30:00",COLISIÓN CON PEATÓN,CONCRETO,Bueno,Bueno,1,SUZUKI,ROJO,2,MINISTERIO PÚBLICO,23,MASCULINO,SIN DATOS,1,0,Morelia,Morelos,mayo,martes,10,-101.207089349627,19.7023113846972
52766,52772,2025,,2025/05/06,"09:45:00",COLISIÓN POR CORTE DE CIRCULACIÓN,ASFALTO,Bueno,Bueno,2,NISSAN,BLANCO/AMARILLO,2,,70,MASCULINO,SIN DATOS,0,0,Morelia,Felicitas del Rio,mayo,martes,10,-101.199085637927,19.6903159940552
52767,52773,2025,MOR20250047797,2025/05/06,11:40:00,COLISIÓN POR ALCANCE,ASFALTO,Bueno,Bueno,2,NISSAN,BLANCO,2,,52,MASCULINO,SIN DATOS,0,0,Morelia,Centro,mayo,martes,12,-101.18754847,19.7028479949991
52768,52774,2025,,2025/05/06,13:07:00,COLISIÓN POR ALCANCE,ASFALTO,Bueno,Bueno,2,TOYOTA,GRIS,2,,42,MASCULINO,SIN DATOS,0,0,Morelia,Cinco de Diciembre,mayo,martes,13,-101.161326169968,19.687351809395