fid,id_accidente,anio_origen,folio_c5i,dia_incidente,hora_ocurrencia,tipo_incidente_vial,superficie_ocurrencia,condiciones_climaticas,condiciones_via,numero_vehiculos_involucrados,marca_vehiculo_ocasiona_siniestro,color_vehiculo_ocasiona_siniestro,numero_personas_involucradas,lugar_remite_presunto_responsable,edad_presunto_responsable,sexo_presunto_responsable,resultados_toxicologia,numero_personas_lesionadas,numero_personas_fallecidas,municipio,colonia,mes,dia_semana,hora_redondeada,lon,lat
52769,52775,2025,LEG56466,2025/05/06,13:20:00,COLISIÓN POR CORTE DE CIRCULACIÓN,ASFALTO,Bueno,Bueno,2,HONDA,BLANCO,2,,43,,SIN DATOS,0,0,Morelia,Los Alamos,mayo,martes,13,-101.229655444622,19.7035376726261
52770,52776,2025,,2025/05/06,14:00:00,COLISIÓN POR MANIOBRA DE REVERSA,SIN_DATOS,Bueno,Bueno,2,NISSAN,BLANCO,2,,50,MASCULINO,SIN DATOS,0,0,Morelia,Jardines del Toreo,mayo,martes,14,-101.216421425343,19.6859252562395
52771,52777,2025,,2025/05/06,14:10:00,COLISIÓN POR MANIOBRA DE REVERSA,ASFALTO,Bueno,Bueno,2,VOLKSWAGEN,BLANCO,2,,51,MASCULINO,SIN DATOS,0,0,Morelia,Sentimientos de La Nacion,mayo,martes,14,-101.235389336944,19.6809358505645
52772,52778,2025,,2025/05/06,14:16:00,COLISIÓN POR CAMBIO DE CARRIL,ASFALTO,Bueno,Bueno,2,HYUNDAI,AZUL,2,MINISTERIO PÚBLICO,0,FEMENINO,SIN DATOS,0,0,Morelia,El Lago 2,mayo,martes,14,-101.214565336704,19.7266955461799
52773,52779,2025,,2025/05/06,14:30:00,COLISIÓN POR CORTE DE CIRCULACIÓN,ASFALTO,Bueno,Bueno,2,NISSAN,GRIS,2,,0,,SIN DATOS,0,0,Morelia,Lomas de Guayangareo,mayo,martes,15,-101.161097511649,19.7026305045455
52774,52780,2025,,2025/05/06,20:07:00,COLISIÓN POR ALCANCE,ASFALTO,Bueno,Bueno,2,NISSAN,BLANCO,2,,,,SIN DATOS,0,0,Morelia,Insurgentes,mayo,martes,20,-101.154540928257,19.6969391869908
52775,52781,2025,,2025/05/06,21:10:00,COLISIÓN POR ALCANCE,CONCRETO,Bueno,Bueno,2,HONDA GL150,BLANCO,2,,37,MASCULINO,SIN DATOS,0,0,Morelia,Chapultepec Oriente,mayo,martes,21,-101.162603260887,19.6920128556805
52776,52782,2025,,2025/05/07,"00:00:00",COLISIÓN POR ALCANCE,ASFALTO,Bueno,Bueno,2,SUZUKI,ROJO,2,,21,MASCULINO,SIN DATOS,0,0,Morelia,Elias Perez Avalos,mayo,miércoles,0,-101.167813022979,19.7136335493406
52779,52785,2025,,2025/05/07,10:09:00,COLISIÓN POR MANIOBRA DE REVERSA,ASFALTO,Bueno,Bueno,2,FORD,ROJO,2,,19,MASCULINO,SIN DATOS,0,0,Morelia,Central de Abastos,mayo,miércoles,10,-101.17163926363,19.7178433548906
52780,52786,2025,,2025/05/07,14:50:00,COLISIÓN POR ALCANCE,CONCRETO,Bueno,Bueno,3,FORD,ROJO,3,,41,MASCULINO,SIN DATOS,0,0,Morelia,Comision Federal de Electricidad,mayo,miércoles,15,-101.18,19.682
52781,52787,2025,,2025/05/07,15:45:00,COLISIÓN POR CAMBIO DE CARRIL,ASFALTO,Bueno,Bueno,3,VOLKSWAGEN,VERDE Y NERGRO,3,MINISTERIO PÚBLICO,26,MASCULINO,SIN DATOS,0,0,Morelia,Elias Perez Avalos,mayo,miércoles,16,-101.171472966671,19.7147603745459
52782,52788,2025,MOR/20250048567,2025/05/07,20:47:00,COLISIÓN CONTRA OBJETO FIJO,ASFALTO,Bueno,Bueno,1,CHEVROLET,BLANCO,0,,,,,0,0,Morelia,Vistas de Altozano,mayo,miércoles,21,-101.167,19.6551
52783,52789,2025,,2025/05/07,23:25:00,COLISIÓN POR CORTE DE CIRCULACIÓN,ASFALTO,Bueno,Bueno,2,VOLKSWAGEN,VERDE,2,MINISTERIO PÚBLICO,30,MASCULINO,SIN DATOS,0,0,Morelia,Rinconada del Valle,mayo,miércoles,23,-101.222201261191,19.6773787628329
52784,52790,2025,LEG56493,2025/05/08,"00:00:00",COLISIÓN POR CORTE DE CIRCULACIÓN,ASFALTO,Bueno,Bueno,2,RENAULT,BLANCO,1,,34,,SIN DATOS,0,0,Morelia,Sin datos,mayo,jueves,0,-101.357128769159,19.6706882194224
52785,52791,2025,,2025/05/08,"03:25:00",COLISIÓN POR ALCANCE,CONCRETO,Bueno,Bueno,2,CHEVROLET,BLANCO,2,,33,MASCULINO,SIN DATOS,0,0,Morelia,Arboledas de Valladolid,mayo,jueves,3,-101.249727513545,19.6942937106911
52786,52792,2025,,2025/05/08,"08:20:00",COLISIÓN POR CORTE DE CIRCULACIÓN,CONCRETO,Bueno,Bueno,2,MITSUBISHI,GRIS,2,,39,MASCULINO,SIN DATOS,0,0,Morelia,Gustavo Diaz Ordaz,mayo,jueves,8,-101.20599683,19.6941365749992
52787,52793,2025,,2025/05/08,11:50:00,COLISIÓN POR ALCANCE,CONCRETO,Bueno,Bueno,2,DODGE/ATTITUDE,ROJO,2,,19,MASCULINO,SIN DATOS,0,0,Morelia,Tres Puentes,mayo,jueves,12,-101.2128084898,19.7051285186359
52788,52794,2025,,2025/05/08,13:27:00,COLISIÓN POR CORTE DE CIRCULACIÓN,ASFALTO,Bueno,Bueno,2,ITALIKA,NEGRO,2,,31,,SIN DATOS,0,0,Morelia,Sin datos,mayo,jueves,13,-101.283994317055,19.6904454193981
52789,52795,2025,,2025/05/08,15:00:00,COLISIÓN CONTRA OBJETO FIJO,CONCRETO,Bueno,Bueno,3,S/D,S/D,2,,,MASCULINO,SIN DATOS,0,0,Morelia,Vicente Lombardo Toledano (Ejidal Isacc Arriaga) (Etnias de Mexico),mayo,jueves,15,-101.148607134819,19.7206485375974
52790,52796,2025,,2025/05/08,15:25:00,COLISIÓN POR CORTE DE CIRCULACIÓN,ASFALTO,Bueno,Bueno,2,S/D,BLANCO,1,,25,MASCULINO,SIN DATOS,0,0,Morelia,Rafael Carrillo,mayo,jueves,15,-101.236643604934,19.7076347002967
52791,52797,2025,,2025/05/08,16:05:00,COLISIÓN POR CORTE DE CIRCULACIÓN,ASFALTO,Bueno,Bueno,2,FORD,GRIS,2,,66,MASCULINO,SIN DATOS,0,0,Morelia,Lazaro Cardenas,mayo,jueves,16,-101.163752228022,19.7088707321081
52792,52798,2025,,2025/05/08,19:05:00,COLISIÓN POR CAMBIO DE CARRIL,ASFALTO,Bueno,Bueno,2,PETERVIL,BLANCO/AZUL,2,,25,MASCULINO,SIN DATOS,0,0,Morelia,Morelos,mayo,jueves,19,-101.209295801818,19.6979888420789
52793,52799,2025,,2025/05/08,21:05:00,COLISIÓN POR ALCANCE,ASFALTO,Bueno,Bueno,2,RENAULT,BLANCO,2,,28,MASCULINO,CON CERTIFICADO,0,0,Morelia,Jardines de Torremolinos,mayo,jueves,21,-101.226609796286,19.6767522695974
52794,52800,2025,,2025/05/08,22:20:00,COLISIÓN POR NO RESPETAR SEMÁFORO,ASFALTO,Bueno,Bueno,2,FORD,ROJO,2,MINISTERIO PÚBLICO,25,MASCULINO,SIN DATOS,0,0,Morelia,Nueva Valladolid,mayo,jueves,22,-101.211483945359,19.6992598320994
52795,52801,2025,LEG56499,2025/05/08,22:50:00,COLISIÓN POR ALCANCE,ASFALTO,Bueno,Bueno,2,CHEVROLET,VERDE,2,MINISTERIO PÚBLICO,22,MASCULINO,SIN DATOS,0,0,Morelia,Enrique Ramirez,mayo,jueves,23,-101.165983825922,19.7098542480429
52796,52802,2025,LEG56486,2025/05/08,23:50:00,COLISIÓN CONTRA OBJETO FIJO,CONCRETO,Bueno,Bueno,1,CHEVROLET,GRIS,1,,22,MASCULINO,CON CERTIFICADO,0,0,Morelia,San Jose del Cerrito,mayo,jueves,0,-101.222373722911,19.6615895379848
52798,52804,2025,,2025/05/09,"08:20:00",COLISIÓN POR CORTE DE CIRCULACIÓN,ASFALTO,Bueno,Bueno,2,NISSAN,GRIS,2,,24,MASCULINO,SIN DATOS,0,0,Morelia,Niño Artillero,mayo,viernes,8,-101.254777014256,19.6968774114551
52799,52805,2025,LEG56504,2025/05/09,10:20:00,COLISIÓN POR CAMBIO DE CARRIL,ASFALTO,Bueno,Bueno,2,HYUNDAI,AZUL,2,MINISTERIO PÚBLICO,35,MASCULINO,SIN DATOS,0,0,Morelia,Victor Manuel Tinoco Rubi,mayo,viernes,10,-101.243160367012,19.7005289102971
52800,52806,2025,LEG56513,2025/05/09,11:17:00,COLISIÓN CONTRA OBJETO FIJO,CONCRETO,Bueno,Bueno,1,TOYOTA,BLANCO,0,MINISTERIO PÚBLICO,,,,0,0,Morelia,Loma de Los Piñones,mayo,viernes,11,-101.205122619867,19.6741458421638
52801,52807,2025,,2025/05/09,11:45:00,COLISIÓN POR CAMBIO DE CARRIL,ASFALTO,Bueno,Bueno,2,FORD,BLANCO,2,,37,FEMENINO,SIN DATOS,0,0,Morelia,El Dorado,mayo,viernes,12,-101.231181621552,19.7030522089277
52802,52808,2025,,2025/05/09,12:09:00,COLISIÓN POR ALCANCE,ASFALTO,Bueno,Bueno,3,FORD,PLATA,3,,49,MASCULINO,SIN DATOS,0,0,Morelia,Jardines del Rincon,mayo,viernes,12,-101.153376102448,19.6872406908625
52803,52809,2025,,2025/05/09,12:20:00,COLISIÓN POR CORTE DE CIRCULACIÓN,ASFALTO,Bueno,Bueno,2,NISSAN,GRIS,2,,26,MASCULINO,SIN DATOS,0,0,Morelia,Emiliano Zapata,mayo,viernes,12,-101.230450719595,19.6544099975061
52804,52810,2025,,2025/05/09,12:55:00,COLISIÓN POR CORTE DE CIRCULACIÓN,ASFALTO,Bueno,Bueno,3,BYD,NEGRO,3,MINISTERIO PÚBLICO,33,MASCULINO,SIN DATOS,0,0,Morelia,Centro,mayo,viernes,13,-101.18754847,19.7028479949991
52805,52811,2025,,2025/05/09,13:00:00,COLISIÓN POR CORTE DE CIRCULACIÓN,ASFALTO,Bueno,Bueno,2,CHEVROLET,BLANCO,2,,25,MASCULINO,SIN DATOS,0,0,Morelia,Tres Puentes,mayo,viernes,13,-101.213716417551,19.7026715387034
52806,52812,2025,,2025/05/09,15:50:00,COLISIÓN POR ALCANCE,CONCRETO,Bueno,Bueno,2,CHEVROLET,GRIS,2,,57,MASCULINO,SIN DATOS,0,0,Morelia,Irrigacion,mayo,viernes,16,-101.225021257997,19.7047421717737
52808,52814,2025,,2025/05/09,18:09:00,COLISIÓN POR CORTE DE CIRCULACIÓN,ASFALTO,Bueno,Bueno,2,KIA,PLATA,2,,66,MASCULINO,SIN DATOS,0,0,Morelia,Felix Ireta,mayo,viernes,18,-101.180675625801,19.6861825355195
52810,52816,2025,,2025/05/09,20:00:00,COLISIÓN CONTRA OBJETO FIJO,ASFALTO,Bueno,Bueno,1,HYUNDAI,NEGRO,1,,36,MASCULINO,SIN DATOS,0,0,Charo,Sin datos,mayo,viernes,20,-100.954419225454,19.6521129549022
52811,52817,2025,,2025/05/09,20:35:00,SALIDA DE SUPERFICIE DE RODAMIENTO,ASFALTO,Bueno,Bueno,1,PONTIAC,GRIS PLATA,1,MINISTERIO PÚBLICO,,,,0,1,Morelia,Ciudad Industrial,mayo,viernes,21,-101.136309206486,19.7295157220392
52812,52818,2025,,2025/05/09,21:50:00,COLISIÓN POR CORTE DE CIRCULACIÓN,CONCRETO,Bueno,Bueno,1,VOLKSWAGEN,ARENA,1,,,MASCULINO,SIN DATOS,0,0,Morelia,Ciudad Industrial,mayo,viernes,22,-101.137950718403,19.7286371049972
52813,52819,2025,,2025/05/09,22:05:00,COLISIÓN POR ALCANCE,ASFALTO,Bueno,Bueno,4,CHEVROLET,ROJO,4,,59,MASCULINO,SIN DATOS,0,0,Morelia,Jardines de La Loma,mayo,viernes,22,-101.224808357656,19.6768131993827
52814,52820,2025,LEG56520,2025/05/10,10:12:00,COLISIÓN POR ALCANCE,ASFALTO,Bueno,Bueno,2,FORD,GRIS,3,,65,MASCULINO,SIN DATOS,1,0,Morelia,La Esperanza,mayo,sábado,10,-101.15331441164,19.6993256420474
52815,52821,2025,,2025/05/10,11:53:00,COLISIÓN POR CORTE DE CIRCULACIÓN,ASFALTO,Bueno,Bueno,2,HYUNDAI,BLANCO,2,MINISTERIO PÚBLICO,0,MASCULINO,SIN DATOS,0,0,Morelia,Peña Blanca,mayo,sábado,12,-101.195023282091,19.6663776621462
52816,52822,2025,,2025/05/10,12:20:00,COLISIÓN POR CORTE DE CIRCULACIÓN,ASFALTO,Bueno,Bueno,2,MERCEDES BENZ,BLANCO,2,,60,MASCULINO,SIN DATOS,0,0,Morelia,Enrique Arreguin Robles,mayo,sábado,12,-101.185329258442,19.7239889384749
52817,52823,2025,,2025/05/10,12:55:00,COLISIÓN POR CORTE DE CIRCULACIÓN,ASFALTO,Bueno,Bueno,2,ITALIKA,NEGRO,2,,19,MASCULINO,SIN DATOS,0,0,Morelia,Valle del Durazno,mayo,sábado,13,-101.185306794941,19.657624538951
52818,52824,2025,,2025/05/10,13:00:00,COLISIÓN POR ALCANCE,ASFALTO,Bueno,Bueno,2,NISSAN,ROJO,2,,,MASCULINO,SIN DATOS,0,0,Morelia,Santa Maria,mayo,sábado,13,-101.200554147363,19.6778329016778
52819,52825,2025,,2025/05/10,14:00:00,COLISIÓN POR CORTE DE CIRCULACIÓN,CONCRETO,Bueno,Bueno,2,VOLKSWAGEN,BLANCO,3,MINISTERIO PÚBLICO,42,MASCULINO,SIN DATOS,1,0,Morelia,Loma Bonita,mayo,sábado,14,-101.256289109588,19.7019606993424
52820,52826,2025,,2025/05/10,14:00:00,COLISIÓN POR CORTE DE CIRCULACIÓN,ASFALTO,Bueno,Bueno,2,NISSAN,BLANCO,2,,,MASCULINO,SIN DATOS,0,0,Morelia,Sin datos,mayo,sábado,14,-101.416668444872,19.6326965006607
52821,52827,2025,,2025/05/10,15:50:00,COLISIÓN POR CAMBIO DE CARRIL,ASFALTO,Bueno,Bueno,2,ISUZU,BLANCO,2,,27,MASCULINO,SIN DATOS,0,0,Morelia,Sin datos,mayo,sábado,16,-101.119124293327,19.7006576960795
52822,52828,2025,MOR2025111,2025/05/10,16:40:00,COLISIÓN POR ALCANCE,SIN_DATOS,Bueno,Bueno,2,NISSAN,GRIS,2,,43,MASCULINO,SIN DATOS,0,0,Morelia,Diego Rivera,mayo,sábado,17,-101.175781600177,19.7181517127786
52823,52829,2025,,2025/05/10,17:20:00,COLISIÓN POR ALCANCE,ASFALTO,Bueno,Bueno,3,FORD,BLANCO,3,,24,MASCULINO,SIN DATOS,0,0,Morelia,Nueva Valladolid,mayo,sábado,17,-101.210648305714,19.7020579191217
52824,52830,2025,LEG56535,2025/05/10,18:30:00,COLISIÓN POR ALCANCE,ASFALTO,Bueno,Bueno,2,NISSAN,BLANCO,2,MINISTERIO PÚBLICO,61,MASCULINO,SIN DATOS,0,0,Morelia,Josefa Ortiz de Dominguez,mayo,sábado,19,-101.209871135652,19.6720593437209
52825,52831,2025,,2025/05/10,19:00:00,SALIDA DE SUPERFICIE DE RODAMIENTO,ASFALTO,Bueno,Bueno,1,FORD,ROJO,1,,22,MASCULINO,SIN DATOS,0,0,Morelia,Sin datos,mayo,sábado,19,-101.282069832087,19.6177547477117
52826,52832,2025,,2025/05/10,20:40:00,COLISIÓN POR CORTE DE CIRCULACIÓN,CONCRETO,Bueno,Bueno,2,VELOCI,GRIS,2,,16,MASCULINO,SIN DATOS,0,0,Morelia,Socialista,mayo,sábado,21,-101.234389878809,19.6435951391658
52827,52833,2025,,2025/05/10,21:00:00,COLISIÓN POR CAMBIO DE CARRIL,ASFALTO,Bueno,Bueno,2,CHEVROLET SUBURBAN,ARENA,2,,41,MASCULINO,CON CERTIFICADO,0,0,Morelia,Justo Mendoza,mayo,sábado,21,-101.231649667025,19.7140186576676
52828,52834,2025,LEG56538,2025/05/10,21:10:00,COLISIÓN CONTRA OBJETO FIJO,ASFALTO,Bueno,Bueno,2,FORD,ROJO,2,,,,SIN DATOS,0,0,Morelia,Vasco de Quiroga,mayo,sábado,21,-101.171861551702,19.7025692689365
52829,52835,2025,,2025/05/10,22:35:00,COLISIÓN POR CORTE DE CIRCULACIÓN,SIN_DATOS,Bueno,Bueno,0,,,0,,,,,0,0,Indaparapeo,La Cajita,mayo,sábado,23,-100.978321731091,19.7889676687655
52830,52836,2025,,2025/05/10,23:40:00,COLISIÓN POR CAMBIO DE CARRIL,ASFALTO,Bueno,Bueno,2,AUDI,BLANCO,2,,53,MASCULINO,SIN DATOS,0,0,Morelia,Las Americas,mayo,sábado,0,-101.156401634216,19.6877179949222
52831,52837,2025,,2025/05/11,"00:40:00",COLISIÓN POR ALCANCE,ASFALTO,Bueno,Bueno,1,ITALIKA,GRIS,2,,22,FEMENINO,SIN DATOS,1,0,Morelia,El Lago 3,mayo,domingo,1,-101.217848360538,19.7270717408235
52832,52838,2025,,2025/05/11,"05:50:00",COLISIÓN CONTRA OBJETO FIJO,ASFALTO,Bueno,Bueno,1,JEEP,NEGRO,0,,,,,0,0,Morelia,Los Laureles,mayo,domingo,6,-101.230684071779,19.7157072421566
52833,52839,2025,,2025/05/11,"07:20:00",COLISIÓN CONTRA OBJETO FIJO,ASFALTO,Bueno,Bueno,1,NISSAN,NEGRO,1,MINISTERIO PÚBLICO,22,MASCULINO,SIN DATOS,0,0,Morelia,Lomas del Tecnologico,mayo,domingo,7,-101.193155944347,19.723305967254
52834,52840,2025,LEG56547,2025/05/11,13:14:00,COLISIÓN POR ALCANCE,ASFALTO,Bueno,Bueno,2,PEUGEOT,AZUL,2,,40,MASCULINO,SIN DATOS,0,0,Morelia,Elias Perez Avalos,mayo,domingo,13,-101.166447848082,19.710913509403
52835,52841,2025,,2025/05/11,17:25:00,COLISIÓN POR NO RESPETAR SEMÁFORO,ASFALTO,Bueno,Bueno,2,CHEVROLET,AZUL,2,MINISTERIO PÚBLICO,36,MASCULINO,SIN DATOS,0,0,Morelia,Nueva Valladolid,mayo,domingo,17,-101.211483945359,19.6992598320994
52836,52842,2025,,2025/05/11,21:45:00,COLISIÓN CONTRA OBJETO FIJO,CONCRETO,Bueno,Bueno,2,VOLKSWAGEN,PLATA,2,,46,FEMENINO,SIN DATOS,0,0,Morelia,Adolfo Lopez Mateos,mayo,domingo,22,-101.226139622885,19.6981067844139
52837,52843,2025,,2025/05/11,22:00:00,COLISIÓN POR INVASIÓN DE CARRIL,ASFALTO,Bueno,Bueno,2,VOLKSWAGEN,GRIS,2,,32,MASCULINO,SIN DATOS,0,0,Charo,Sin datos,mayo,domingo,22,-100.991125255823,19.6763279703462
52838,52844,2025,,2025/05/11,22:35:00,CAIDA DE MOTOCICLETA,ASFALTO,Bueno,Bueno,1,ITALIKA,GRIS,0,,,,,0,0,Charo,San Pedro Y San Pablo,mayo,domingo,23,-101.048004180193,19.7513195928322
52839,52845,2025,,2025/05/12,"00:30:00",COLISIÓN CONTRA OBJETO FIJO,ASFALTO,Bueno,Bueno,1,FORD,BLANCO,1,,20,MASCULINO,SIN DATOS,0,0,Morelia,Ventura Puente,mayo,lunes,1,-101.193225725,19.6917077449992
52840,52846,2025,LEG56545,2025/05/12,"04:25:00",COLISIÓN POR NO RESPETAR SEMÁFORO,ASFALTO,Bueno,Bueno,2,CHEVROLET,NEGRO,2,,37,MASCULINO,SIN DATOS,0,0,Morelia,Centro,mayo,lunes,4,-101.19118388321,19.702768457823
52841,52847,2025,,2025/05/12,"09:20:00",COLISIÓN POR CAMBIO DE CARRIL,SIN_DATOS,Bueno,Bueno,2,FORD,GRIS,2,,32,MASCULINO,SIN DATOS,0,0,Morelia,Centro,mayo,lunes,9,-101.19118388321,19.702768457823
52843,52849,2025,LEG56553,2025/05/12,"09:45:00",COLISIÓN POR CORTE DE CIRCULACIÓN,ASFALTO,Bueno,Bueno,2,SUZUKI,NEGRO,3,,52,MASCULINO,SIN DATOS,1,0,Morelia,Sin datos,mayo,lunes,10,-101.114536710083,19.7368092561849
52844,52850,2025,,2025/05/12,10:20:00,COLISIÓN CONTRA OBJETO FIJO,CONCRETO,Bueno,Bueno,1,ITALIKA,GRIS,0,,,,,0,0,Tarímbaro,Club Erandeni,mayo,lunes,10,-101.191836297512,19.7593706795713
52845,52851,2025,,2025/05/12,11:20:00,COLISIÓN POR CORTE DE CIRCULACIÓN,CONCRETO,Bueno,Bueno,2,NISSAN,BLANCO,2,,32,MASCULINO,SIN DATOS,0,0,Morelia,Rinconada del Valle,mayo,lunes,11,-101.218945384026,19.6790555887836
52846,52852,2025,LEG56551,2025/05/12,14:20:00,COLISIÓN POR ALCANCE,ASFALTO,Bueno,Bueno,2,NISSAN,BLANCO,1,,,MASCULINO,SIN DATOS,0,0,Morelia,El Realito,mayo,lunes,14,-101.205205768347,19.7258112327999
52847,52853,2025,,2025/05/12,16:35:00,COLISIÓN POR ALCANCE,ASFALTO,Bueno,Bueno,2,FORD,AZUL,2,MINISTERIO PÚBLICO,32,MASCULINO,SIN DATOS,0,0,Morelia,Ejidal Ocolusen,mayo,lunes,17,-101.159035563469,19.6877988081671
52848,52854,2025,,2025/05/12,16:50:00,COLISIÓN POR CORTE DE CIRCULACIÓN,CONCRETO,Bueno,Bueno,2,HONDA,ROJO,2,,38,FEMENINO,SIN DATOS,0,0,Morelia,Centro,mayo,lunes,17,-101.177940443158,19.70149353854
52849,52855,2025,MOR202578,2025/05/12,17:22:00,COLISIÓN POR INVASIÓN DE CARRIL,ASFALTO,Bueno,Bueno,2,MERCEDES BENZ,AMARILLO,2,,,MASCULINO,SIN DATOS,0,0,Morelia,Ignacio Zaragoza,mayo,lunes,17,-101.203735917807,19.7206163451858
52851,52857,2025,,2025/05/12,18:50:00,COLISIÓN POR CORTE DE CIRCULACIÓN,CONCRETO,Bueno,Bueno,2,CHEVROLET,ROJO,2,,37,FEMENINO,SIN DATOS,0,0,Morelia,Felix Ireta,mayo,lunes,19,-101.1919749,19.6869904499991
52852,52858,2025,MORE2025,2025/05/12,21:00:00,SALIDA DE SUPERFICIE DE RODAMIENTO,ASFALTO,Bueno,Bueno,1,HONDA,NEGRO,1,,22,MASCULINO,SIN DATOS,0,0,Morelia,Loma Real,mayo,lunes,21,-101.19781947,19.7313689249991
52853,52859,2025,,2025/05/12,22:00:00,SALIDA DE SUPERFICIE DE RODAMIENTO,ASFALTO,Bueno,Bueno,1,VOLKSWAGEN,AZUL,1,,35,FEMENINO,SIN DATOS,0,0,Morelia,Ciudad Industrial,mayo,lunes,22,-101.14554366932,19.7284851395985
52854,52860,2025,,2025/05/12,22:05:00,COLISIÓN POR CAMBIO DE CARRIL,ASFALTO,Bueno,Bueno,2,VENTO,NEGRO MATE AZUL BLANCO,2,,17,MASCULINO,SIN DATOS,0,0,Morelia,Lomas de Huerta,mayo,lunes,22,-101.212,19.6754
52855,52861,2025,,2025/05/13,"07:20:00",COLISIÓN POR NO RESPETAR SEMÁFORO,ASFALTO,Bueno,Bueno,2,BMW,CREMA,2,MINISTERIO PÚBLICO,19,FEMENINO,SIN DATOS,0,0,Morelia,Lomas de Huerta,mayo,martes,7,-101.214720904827,19.6743617832567
52856,52862,2025,,2025/05/13,"07:55:00",COLISIÓN POR ALCANCE,ASFALTO,Bueno,Bueno,2,SEAT,BEIGE CAPUCHINO,2,,50,MASCULINO,SIN DATOS,0,0,Morelia,Los Manantiales de Morelia,mayo,martes,8,-101.2406925,19.697395
52857,52863,2025,LEG56567,2025/05/13,"08:20:00",COLISIÓN POR CORTE DE CIRCULACIÓN,CONCRETO,Bueno,Bueno,2,FORD,AZUL,2,MINISTERIO PÚBLICO,25,MASCULINO,SIN DATOS,0,0,Morelia,Los Tucanes (Loma Larga),mayo,martes,8,-101.200955808163,19.6571070466481
52858,52864,2025,,2025/05/13,14:00:00,COLISIÓN POR CAMBIO DE CARRIL,ASFALTO,Bueno,Bueno,2,INTERNATIONAL,ROJO,2,,46,FEMENINO,SIN DATOS,0,0,Morelia,Arboledas de Valladolid,mayo,martes,14,-101.251169170651,19.6937162952929
52859,52865,2025,,2025/05/13,15:25:00,COLISIÓN POR ALCANCE,ASFALTO,Bueno,Bueno,3,SEAT,AZUL,3,,34,MASCULINO,SIN DATOS,0,0,Morelia,Insurgentes,mayo,martes,15,-101.154229715466,19.6952183004298
52860,52866,2025,LEG56568,2025/05/13,17:20:00,COLISIÓN POR CORTE DE CIRCULACIÓN,CONCRETO,Bueno,Bueno,2,HONDA,GRIS,2,,31,MASCULINO,SIN DATOS,0,0,Morelia,Vasco de Quiroga,mayo,martes,17,-101.176790446043,19.6992865009555
52861,52867,2025,,2025/05/13,18:10:00,COLISIÓN POR ALCANCE,ASFALTO,Bueno,Bueno,2,ITALIKA,NEGRO Y NARANJA,2,,24,MASCULINO,SIN DATOS,0,0,Morelia,Ciudad Industrial,mayo,martes,18,-101.14554366932,19.7284851395985
52862,52868,2025,,2025/05/13,18:10:00,COLISIÓN POR CORTE DE CIRCULACIÓN,ASFALTO,Bueno,Bueno,2,GENERAL MOTORS,BLANCO,2,MINISTERIO PÚBLICO,39,FEMENINO,SIN DATOS,0,0,Morelia,Irrigacion,mayo,martes,18,-101.227264925838,19.7058046233998
52863,52869,2025,,2025/05/13,21:35:00,COLISIÓN POR CAMBIO DE CARRIL,ASFALTO,Bueno,Bueno,2,SCANIA,PLATA Y AMARILLO,2,,58,,SIN DATOS,0,0,Morelia,Obrera,mayo,martes,22,-101.182860991234,19.7107343876966
52864,52870,2025,,2025/05/13,22:04:00,COLISIÓN POR CORTE DE CIRCULACIÓN,ASFALTO,Bueno,Bueno,2,ITALIKA,NEGRO Y VERDE,3,,15,MASCULINO,SIN DATOS,1,0,Morelia,Buenavista,mayo,martes,22,-101.167648381005,19.7070362533738
52865,52871,2025,,2025/05/14,"09:30:00",SALIDA DE SUPERFICIE DE RODAMIENTO,TERRACERIA,Bueno,Malo,1,FORD,VERDE,1,,,MASCULINO,SIN DATOS,0,0,Morelia,Praderas del Sur,mayo,miércoles,10,-101.19575421,19.6587475699991
52866,52872,2025,,2025/05/14,"09:45:00",COLISIÓN POR CORTE DE CIRCULACIÓN,ASFALTO,Bueno,Bueno,2,VENTO,NEGRO,2,,,MASCULINO,SIN DATOS,0,0,Morelia,Ciudad Industrial,mayo,miércoles,10,-101.147456467152,19.7216180942496
52868,52874,2025,LEG56571,2025/05/14,12:55:00,COLISIÓN POR CORTE DE CIRCULACIÓN,ASFALTO,Bueno,Bueno,2,RAM,BLANCO Y ROJO,2,,,MASCULINO,SIN DATOS,0,0,Morelia,Alberto Oviedo Mota,mayo,miércoles,13,-101.198908182011,19.681555672698
52869,52875,2025,,2025/05/14,14:20:00,COLISIÓN POR CORTE DE CIRCULACIÓN,ASFALTO,Bueno,Bueno,2,INTERNATIONAL,BLANCO Y VERDE,2,MINISTERIO PÚBLICO,38,MASCULINO,SIN DATOS,0,0,Morelia,Jardines del Toreo,mayo,miércoles,14,-101.2142887339,19.6879310766323
52870,52876,2025,,2025/05/14,17:00:00,COLISIÓN CONTRA OBJETO FIJO,ASFALTO,Bueno,Bueno,2,FIAT,BLANCO,2,,,,SIN DATOS,0,0,Morelia,3 de Agosto,mayo,miércoles,17,-101.17278188467,19.7322954527498
52871,52877,2025,,2025/05/14,18:00:00,COLISIÓN CONTRA OBJETO FIJO,CONCRETO,Bueno,Bueno,1,FORD,GRIS,1,,29,MASCULINO,SIN DATOS,0,0,Morelia,Bosques Tres Marias,mayo,miércoles,18,-101.102,19.7232
52872,52878,2025,LEG56574,2025/05/14,18:01:00,COLISIÓN POR ALCANCE,ASFALTO,Lluvioso,Bueno,2,VOLVO,BLANCO,2,,32,MASCULINO,SIN DATOS,0,0,Morelia,Alberto Oviedo Mota,mayo,miércoles,18,-101.19786053896,19.6811896652727
52875,52881,2025,LEG56588,2025/05/15,"08:55:00",COLISIÓN POR ALCANCE,ASFALTO,Bueno,Bueno,4,NISSAN,BLANCO,4,,32,MASCULINO,SIN DATOS,0,0,Morelia,La Esperanza,mayo,jueves,9,-101.152710914612,19.6985794344218
52876,52882,2025,,2025/05/15,"09:10:00",COLISIÓN CONTRA OBJETO FIJO,ASFALTO,Bueno,Bueno,3,NISSAN,ROJO,2,,,,SIN DATOS,0,0,Morelia,Comision Federal de Electricidad,mayo,jueves,9,-101.18,19.682