fid,id_accidente,anio_origen,folio_c5i,dia_incidente,hora_ocurrencia,tipo_incidente_vial,superficie_ocurrencia,condiciones_climaticas,condiciones_via,numero_vehiculos_involucrados,marca_vehiculo_ocasiona_siniestro,color_vehiculo_ocasiona_siniestro,numero_personas_involucradas,lugar_remite_presunto_responsable,edad_presunto_responsable,sexo_presunto_responsable,resultados_toxicologia,numero_personas_lesionadas,numero_personas_fallecidas,municipio,colonia,mes,dia_semana,hora_redondeada,lon,lat
52879,52885,2025,,2025/05/15,12:05:00,COLISIÓN POR CAMBIO DE CARRIL,CONCRETO,Bueno,Bueno,3,NISSAN,NEGRO,3,,49,MASCULINO,SIN DATOS,0,0,Morelia,Centro,mayo,jueves,12,-101.190697025138,19.7095019973639
52880,52886,2025,LEG56589,2025/05/15,13:43:00,COLISIÓN POR ALCANCE,CONCRETO,Bueno,Bueno,3,CHEVROLET,BLANCO,3,MINISTERIO PÚBLICO,52,MASCULINO,SIN DATOS,0,0,Morelia,Valle del Durazno,mayo,jueves,14,-101.186390072107,19.6562532912069
52881,52887,2025,,2025/05/15,14:50:00,COLISIÓN POR CORTE DE CIRCULACIÓN,ASFALTO,Bueno,Bueno,1,NISSAN,ARENA,1,MINISTERIO PÚBLICO,45,MASCULINO,SIN DATOS,0,0,Morelia,Clara Cordova Moran,mayo,jueves,15,-101.182846873999,19.7323522587314
52882,52888,2025,,2025/05/15,14:50:00,COLISIÓN POR CORTE DE CIRCULACIÓN,ASFALTO,Bueno,Bueno,2,VENTO,BLANCO Y NEGRO,2,MINISTERIO PÚBLICO,0,,SIN DATOS,0,0,Morelia,Ana Maria Gallaga (Riviera Norte),mayo,jueves,15,-101.223966479301,19.6768053069248
52883,52889,2025,,2025/05/15,18:15:00,COLISIÓN CONTRA OBJETO FIJO,ASFALTO,Bueno,Bueno,1,FIAT,BLANCO,1,,72,MASCULINO,SIN DATOS,0,0,Morelia,Rinconada del Valle,mayo,jueves,18,-101.221705377102,19.6774922650076
52884,52890,2025,,2025/05/15,19:07:00,SALIDA DE SUPERFICIE DE RODAMIENTO,ASFALTO,Bueno,Bueno,1,NISSAN,BLANCO,1,,,,SIN DATOS,0,0,Morelia,Sin datos,mayo,jueves,19,-101.389860771596,19.5557158746276
52885,52891,2025,,2025/05/15,20:20:00,COLISIÓN CONTRA OBJETO FIJO,ASFALTO,Bueno,Bueno,1,CHEVROLET,AZUL,1,,,MASCULINO,SIN DATOS,0,0,Morelia,Avicola Benito Juarez,mayo,jueves,20,-101.2795374915,19.6913479215028
52886,52892,2025,,2025/05/15,20:35:00,SALIDA DE SUPERFICIE DE RODAMIENTO,ASFALTO,Bueno,Bueno,2,S/D,S/D,1,MINISTERIO PÚBLICO,0,MASCULINO,SIN DATOS,0,0,Morelia,Ciudad Industrial,mayo,jueves,21,-101.14554366932,19.7284851395985
52888,52894,2025,,2025/05/15,23:16:00,COLISIÓN POR CORTE DE CIRCULACIÓN,ASFALTO,Bueno,Bueno,2,NISSAN,BLANCO Y AMARILLO,2,,58,MASCULINO,SIN DATOS,0,0,Morelia,Nueva Valladolid,mayo,jueves,23,-101.211483945359,19.6992598320994
52889,52895,2025,MOR/20250052012,2025/05/16,"00:30:00",COLISIÓN CONTRA OBJETO FIJO,CONCRETO,Bueno,Bueno,3,FORD,BLANCO,3,MINISTERIO PÚBLICO,,,SIN DATOS,1,0,Morelia,Campestre Los Manantiales,mayo,viernes,1,-101.238465830684,19.6882031894559
52890,52896,2025,,2025/05/16,"00:40:00",COLISIÓN POR ALCANCE,ASFALTO,Bueno,Bueno,2,FORD,PLATA,2,,39,MASCULINO,SIN DATOS,0,0,Morelia,Alberto Oviedo Mota,mayo,viernes,1,-101.201929450035,19.6778215366106
52891,52897,2025,,2025/05/16,"07:30:00",COLISIÓN POR ALCANCE,ASFALTO,Bueno,Bueno,2,VOLVO,BLANCO,2,,65,MASCULINO,SIN DATOS,0,0,Morelia,La Soledad,mayo,viernes,8,-101.18333235383,19.7280387337286
52892,52898,2025,LEG56603,2025/05/16,12:47:00,COLISIÓN POR ALCANCE,ASFALTO,Bueno,Bueno,3,VOLKSWAGEN,NEGRO,3,,51,MASCULINO,SIN DATOS,0,0,Morelia,Chapultepec Oriente,mayo,viernes,13,-101.159448623657,19.6899504458143
52893,52899,2025,,2025/05/16,14:15:00,COLISIÓN CONTRA OBJETO FIJO,CONCRETO,Bueno,Bueno,2,ITALIKA,ROJO,2,,17,MASCULINO,SIN DATOS,0,0,Morelia,Centro,mayo,viernes,14,-101.182283610106,19.7028255745251
52894,52900,2025,LEG56604,2025/05/16,17:05:00,COLISIÓN POR ALCANCE,ASFALTO,Bueno,Bueno,3,FORD,NEGRO,3,,39,FEMENINO,SIN DATOS,0,0,Morelia,Cinco de Diciembre,mayo,viernes,17,-101.1637904495,19.6858517027006
52895,52901,2025,LEG56606,2025/05/16,18:02:00,SALIDA DE SUPERFICIE DE RODAMIENTO,CONCRETO,Bueno,Bueno,1,CHEVROLET,BLANCO,1,,35,MASCULINO,SIN DATOS,0,0,Morelia,Buenavista,mayo,viernes,18,-101.161870658398,19.7058254557141
52896,52902,2025,,2025/05/16,18:05:00,COLISIÓN CON PEATÓN,SIN_DATOS,Bueno,Bueno,2,TOYOTA,BLANCO/NARANJA,2,,34,MASCULINO,SIN DATOS,0,0,Morelia,Santiaguito,mayo,viernes,18,-101.189148724079,19.7153221833381
52897,52903,2025,,2025/05/16,18:32:00,COLISIÓN POR ALCANCE,ASFALTO,Bueno,Bueno,2,NISSAN,PLATA,2,,21,MASCULINO,SIN DATOS,0,0,Morelia,Vista Bella,mayo,viernes,19,-101.19211524725,19.6822453281025
52898,52904,2025,LEG56600,2025/05/16,19:50:00,COLISIÓN POR CORTE DE CIRCULACIÓN,ASFALTO,Bueno,Bueno,1,DODGE,BLANCO,1,,70,FEMENINO,SIN DATOS,0,0,Morelia,Cinco de Diciembre,mayo,viernes,20,-101.163901761174,19.6855827426916
52899,52905,2025,,2025/05/16,20:30:00,COLISIÓN POR ALCANCE,CONCRETO,Bueno,Bueno,4,KIA,NEGRO,4,,31,FEMENINO,SIN DATOS,0,0,Morelia,La Colina,mayo,viernes,21,-101.216150522232,19.7038738348571
52901,52907,2025,MOIR,2025/05/16,21:35:00,COLISIÓN POR ALCANCE,ASFALTO,Bueno,Bueno,2,VOLKSWAGEN,ROJO,2,,35,MASCULINO,SIN DATOS,0,0,Morelia,Ana Maria Gallaga (Riviera Norte),mayo,viernes,22,-101.222539544106,19.6768482418913
52902,52908,2025,LEG56624,2025/05/17,"00:00:00",COLISIÓN POR CORTE DE CIRCULACIÓN,ASFALTO,Bueno,Bueno,2,CHEVROLET,BLANCO,2,,30,MASCULINO,SIN DATOS,0,0,Morelia,Hermanos Lopez Rayon,mayo,sábado,0,-101.22024256736,19.6753085741748
52903,52909,2025,,2025/05/17,"00:00:00",COLISIÓN POR ALCANCE,ASFALTO,Bueno,Bueno,2,NISSAN,BLANCO/ROJO,2,,66,MASCULINO,SIN DATOS,0,0,Morelia,Nicolaitas Ilustres,mayo,sábado,0,-101.228376030922,19.7194643575625
52904,52910,2025,,2025/05/17,"01:00:00",COLISIÓN POR CORTE DE CIRCULACIÓN,ASFALTO,Bueno,Bueno,2,CHEVROLET,GRIS,2,,,MASCULINO,SIN DATOS,0,0,Morelia,Vasco de Quiroga,mayo,sábado,1,-101.173502057791,19.7049539682492
52905,52911,2025,,2025/05/17,"04:40:00",SALIDA DE SUPERFICIE DE RODAMIENTO,ASFALTO,Bueno,Bueno,1,NISSAN,PLATA,1,,37,FEMENINO,SIN DATOS,0,0,Morelia,La Soledad,mayo,sábado,5,-101.183122470975,19.7300421325212
52906,52912,2025,LEG56611,2025/05/17,"06:58:00",COLISIÓN CONTRA OBJETO FIJO,ASFALTO,Bueno,Bueno,2,FORD,GRIS,2,,31,FEMENINO,SIN DATOS,0,0,Morelia,Tierra Y Libertad,mayo,sábado,7,-101.222139894962,19.7165909802006
52907,52913,2025,,2025/05/17,"09:00:00",COLISIÓN POR CAMBIO DE CARRIL,ASFALTO,Bueno,Bueno,3,DODGE,VERDE,3,,23,MASCULINO,SIN DATOS,0,0,Morelia,Torreon Nuevo,mayo,sábado,9,-101.19905680418,19.7361392786013
52908,52914,2025,,2025/05/17,"09:10:00",COLISIÓN POR CAMBIO DE CARRIL,ASFALTO,Bueno,Bueno,2,HONDA,BLANCO,2,,33,FEMENINO,SIN DATOS,0,0,Morelia,Enrique Arreguin Robles,mayo,sábado,9,-101.182751655579,19.7192320653537
52909,52915,2025,,2025/05/17,"09:19:00",SUBIDA AL CAMELLÓN,ASFALTO,Bueno,Bueno,1,VOLKSWAGEN,VERDE,1,,,,SIN DATOS,0,0,Morelia,Las Americas,mayo,sábado,9,-101.155177205801,19.6875727835202
52910,52916,2025,LEG56612,2025/05/17,"09:20:00",COLISIÓN POR ALCANCE,ASFALTO,Bueno,Bueno,2,NISSAN,AZUL,2,,27,MASCULINO,SIN DATOS,0,0,Morelia,Ana Maria Gallaga (Riviera Norte),mayo,sábado,9,-101.222801730037,19.6767945731814
52911,52917,2025,,2025/05/17,"09:50:00",VOLCADURA,ASFALTO,Bueno,Bueno,1,VOLKSWAGEN,ROJO,1,,26,MASCULINO,SIN DATOS,0,0,Morelia,Torreon Nuevo,mayo,sábado,10,-101.211612224579,19.7489147587143
52912,52918,2025,,2025/05/17,10:00:00,COLISIÓN POR MANIOBRA DE REVERSA,ASFALTO,Bueno,Bueno,2,DINAMO,BLANCO,2,,56,MASCULINO,SIN DATOS,0,0,Morelia,Las Margaritas,mayo,sábado,10,-101.208896487951,19.7083682402461
52913,52919,2025,,2025/05/17,13:15:00,COLISIÓN POR CORTE DE CIRCULACIÓN,CONCRETO,Bueno,Bueno,2,MITSUBISHI,NEGRO,2,,20,FEMENINO,SIN DATOS,0,0,Morelia,Union,mayo,sábado,13,-101.156749986112,19.7085670908576
52914,52920,2025,,2025/05/17,14:00:00,COLISIÓN POR CORTE DE CIRCULACIÓN,ASFALTO,Bueno,Bueno,1,NISSAN,BLANCO,1,,28,MASCULINO,SIN DATOS,0,0,Morelia,Colinas del Sol,mayo,sábado,14,-101.135870665312,19.7293494037386
52915,52921,2025,,2025/05/17,14:35:00,COLISIÓN CON PEATÓN,CONCRETO,Bueno,Bueno,1,NISSAN,BLANCO,1,,22,MASCULINO,SIN DATOS,0,0,Morelia,La Loma,mayo,sábado,15,-101.178607642651,19.6803890742296
52916,52922,2025,,2025/05/17,14:40:00,COLISIÓN CON PEATÓN,ASFALTO,Bueno,Bueno,1,TOYOTA,BLANCO/GRIS,1,MINISTERIO PÚBLICO,39,MASCULINO,SIN DATOS,0,0,Morelia,Martires de Uruapan,mayo,sábado,15,-101.197319408167,19.725017061641
52917,52923,2025,,2025/05/17,14:40:00,COLISIÓN POR ALCANCE,ASFALTO,Bueno,Bueno,2,TOYOTA,BLANCO Y GRIS,2,,32,MASCULINO,SIN DATOS,0,0,Morelia,La Huerta,mayo,sábado,15,-101.217144280672,19.675547559861
52919,52925,2025,,2025/05/17,19:50:00,COLISIÓN POR ALCANCE,ASFALTO,Bueno,Bueno,2,VOLKSWAGEN,NEGRO,2,,49,MASCULINO,SIN DATOS,0,0,Morelia,Comision Federal de Electricidad,mayo,sábado,20,-101.177092194557,19.6817882117982
52920,52926,2025,LEG56633,2025/05/17,21:30:00,COLISIÓN POR CORTE DE CIRCULACIÓN,ASFALTO,Bueno,Bueno,2,S/D,S/D,1,,22,MASCULINO,SIN DATOS,0,0,Morelia,Punta Floresta,mayo,sábado,22,-101.217534542084,19.7518001766465
52921,52927,2025,,2025/05/17,21:40:00,COLISIÓN CON PEATÓN,SIN_DATOS,Bueno,Bueno,2,CHEVROLET,AZUL,1,,34,MASCULINO,SIN DATOS,0,0,Morelia,Buenavista,mayo,sábado,22,-101.161390542984,19.7057408638755
52922,52928,2025,,2025/05/18,"04:00:00",COLISIÓN CONTRA OBJETO FIJO,ASFALTO,Bueno,Bueno,1,HIUNDAY,GRIS,1,MINISTERIO PÚBLICO,,,SIN DATOS,0,0,Morelia,Cumbres del Quinceo,mayo,domingo,4,-101.236351579428,19.7174292643449
52923,52929,2025,,2025/05/18,12:20:00,CAIDA DE MOTOCICLETA,ASFALTO,Bueno,Bueno,1,VELOCI,NEGRO,1,,50,MASCULINO,SIN DATOS,0,0,Morelia,Isaac Arriaga,mayo,domingo,12,-101.172367483377,19.7072887611842
52924,52930,2025,LEG56630,2025/05/18,16:15:00,COLISIÓN POR CORTE DE CIRCULACIÓN,ASFALTO,Bueno,Bueno,2,VOLKSWAGEN,AZUL,2,,72,MASCULINO,SIN DATOS,0,0,Morelia,Industrial,mayo,domingo,16,-101.201697103679,19.713985201421
52925,52931,2025,LEG56631,2025/05/18,19:20:00,SALIDA DE SUPERFICIE DE RODAMIENTO,ASFALTO,Bueno,Bueno,1,VOLKSWAGEN,GRIS,0,,,,,0,0,Charo,Sin datos,mayo,domingo,19,-101.010698676109,19.7002864897196
52926,52932,2025,,2025/05/18,22:20:00,COLISIÓN POR INVASIÓN DE CARRIL,ASFALTO,Bueno,Bueno,3,FORD,VERDE,2,MINISTERIO PÚBLICO,66,MASCULINO,SIN DATOS,1,0,Morelia,Granjas del Maestro,mayo,domingo,22,-101.189066916704,19.7150103481399
52927,52933,2025,MOR202500533617,2025/05/19,"00:00:00",COLISIÓN POR CAMBIO DE CARRIL,ASFALTO,Bueno,Bueno,2,INTERNATIONAL,BLANCO,2,,19,MASCULINO,SIN DATOS,0,0,Morelia,Tzindurio Norte,mayo,lunes,0,-101.243802756071,19.7003167923119
52928,52934,2025,LEG56649,2025/05/19,"00:00:00",COLISIÓN POR CORTE DE CIRCULACIÓN,CONCRETO,Bueno,Bueno,2,HYUNDAI,ROJO,2,,62,MASCULINO,SIN DATOS,0,0,Morelia,Ferrocarrilero,mayo,lunes,0,-101.217445358634,19.6975964804879
52930,52936,2025,,2025/05/19,"01:35:00",COLISIÓN CONTRA OBJETO FIJO,CONCRETO,Bueno,Bueno,1,DODGE,GRIS,1,,37,MASCULINO,SIN DATOS,0,0,Morelia,Pascual Ortiz de Ayala,mayo,lunes,2,-101.151504422657,19.696032531912
52931,52937,2025,,2025/05/19,"06:00:00",COLISIÓN CONTRA OBJETO FIJO,ASFALTO,Bueno,Bueno,2,CHEVROLET,GRIS,2,,35,MASCULINO,SIN DATOS,0,0,Morelia,Los Sauces,mayo,lunes,6,-101.183497633961,19.659382569336
52932,52938,2025,MOR20250053586,2025/05/19,"08:41:00",COLISIÓN POR ALCANCE,ASFALTO,Bueno,Bueno,2,CHEVROLET,ROJO,2,,51,MASCULINO,SIN DATOS,0,0,Morelia,Alberto Oviedo Mota,mayo,lunes,9,-101.202229857445,19.6772775909232
52933,52939,2025,,2025/05/19,"09:00:00",COLISIÓN POR CORTE DE CIRCULACIÓN,ASFALTO,Bueno,Bueno,2,CHEVROLET,GRIS,2,,44,FEMENINO,SIN DATOS,0,0,Morelia,Vista Bella,mayo,lunes,9,-101.197621822357,19.677742928207
52934,52940,2025,LEG56648,2025/05/19,"09:40:00",COLISIÓN POR CORTE DE CIRCULACIÓN,ASFALTO,Bueno,Bueno,2,NISSAN,BLANCO,2,,32,FEMENINO,SIN DATOS,0,0,Morelia,Tres Puentes,mayo,lunes,10,-101.213371753693,19.7095493461246
52935,52941,2025,,2025/05/19,11:10:00,COLISIÓN CON PEATÓN,CONCRETO,Bueno,Bueno,1,VOLKSWAGEN,BLANCO,1,,69,MASCULINO,SIN DATOS,0,0,Morelia,Cuauhtemoc,mayo,lunes,11,-101.179082393646,19.6947915247977
52936,52942,2025,,2025/05/19,13:00:00,COLISIÓN POR NO RESPETAR SEMÁFORO,ASFALTO,Bueno,Bueno,2,ITALIKA,NEGRO,2,,30,MASCULINO,SIN DATOS,0,0,Morelia,Indeco El Vivero,mayo,lunes,13,-101.229910254478,19.6769031733757
52937,52943,2025,,2025/05/19,13:40:00,COLISIÓN CONTRA OBJETO FIJO,CONCRETO,Bueno,Bueno,2,INTERNATIONAL,BLANCO,2,,55,MASCULINO,SIN DATOS,0,0,Morelia,Ventura Puente,mayo,lunes,14,-101.188116073608,19.6904428940265
52938,52944,2025,,2025/05/19,14:20:00,COLISIÓN POR ALCANCE,ASFALTO,Bueno,Bueno,2,DONA,NEGRO Y AMARILLOS,2,,31,MASCULINO,SIN DATOS,0,0,Morelia,Independencia,mayo,lunes,14,-101.177891492844,19.7193078128502
52939,52945,2025,LEG56651,2025/05/19,14:30:00,COLISIÓN POR CORTE DE CIRCULACIÓN,CONCRETO,Bueno,Bueno,2,HONDA,ROJO,2,,17,MASCULINO,SIN DATOS,0,0,Morelia,Eduardo Ruiz,mayo,lunes,15,-101.222362853587,19.7230812551975
52940,52946,2025,,2025/05/19,15:20:00,COLISIÓN POR CAMBIO DE CARRIL,ASFALTO,Bueno,Bueno,2,VOLKSWAGEN,BLANCO Y VERDE,2,,27,MASCULINO,SIN DATOS,0,0,Morelia,Division del Norte,mayo,lunes,15,-101.164561584592,19.7108592208507
52941,52947,2025,,2025/05/19,18:50:00,COLISIÓN POR CAMBIO DE CARRIL,ASFALTO,Bueno,Bueno,2,TOYOTA,BLANCO Y GRIS,2,MINISTERIO PÚBLICO,42,MASCULINO,SIN DATOS,0,0,Morelia,Gertrudis Sanchez,mayo,lunes,19,-101.205776745,19.7441101549991
52942,52948,2025,,2025/05/19,20:10:00,COLISIÓN POR INVASIÓN DE CARRIL,ASFALTO,Bueno,Bueno,2,HONDA,PLATA,2,MINISTERIO PÚBLICO,27,MASCULINO,SIN DATOS,0,0,Charo,De Santiago,mayo,lunes,20,-101.044372,19.745476
52945,52951,2025,,2025/05/20,"07:20:00",COLISIÓN POR NO RESPETAR SEMÁFORO,ASFALTO,Bueno,Bueno,2,DODGE,BLANCO,2,,32,MASCULINO,SIN DATOS,0,0,Morelia,12 de Diciembre,mayo,martes,7,-101.1520975,19.7037785
52946,52952,2025,LEG56658,2025/05/20,12:24:00,COLISIÓN POR CAMBIO DE CARRIL,ASFALTO,Bueno,Bueno,2,KENWORTH,BLANCO Y CAFÉ,2,,,MASCULINO,SIN DATOS,0,0,Morelia,Fracc Heroes Republicanos,mayo,martes,12,-101.278026401997,19.6919492710777
52947,52953,2025,,2025/05/20,15:05:00,COLISIÓN POR CORTE DE CIRCULACIÓN,CONCRETO,Bueno,Bueno,2,FORD,BLANCO Y AZUL,2,,30,MASCULINO,SIN DATOS,0,0,Morelia,Ventura Puente,mayo,martes,15,-101.191943585873,19.6914404126868
52948,52954,2025,,2025/05/20,16:55:00,COLISIÓN CONTRA OBJETO FIJO,ASFALTO,Bueno,Bueno,2,CHEVROLET,CAFE,2,,22,MASCULINO,SIN DATOS,0,0,Charo,De Santiago,mayo,martes,17,-101.039489507675,19.7443176727755
52950,52956,2025,MOR/20250053857,2025/05/20,22:50:00,COLISIÓN POR CORTE DE CIRCULACIÓN,ASFALTO,Bueno,Bueno,2,HERO,NEGRO/BLANCO,2,MINISTERIO PÚBLICO,31,MASCULINO,SIN DATOS,0,0,Morelia,Camelinas,mayo,martes,23,-101.17262119,19.6818144849991
52951,52957,2025,,2025/05/21,"00:00:00",COLISIÓN POR CORTE DE CIRCULACIÓN,ASFALTO,Bueno,Bueno,3,ITALIKA WS150,GRIS,3,MINISTERIO PÚBLICO,23,MASCULINO,SIN DATOS,0,0,Morelia,Vasco de Quiroga,mayo,miércoles,0,-101.172084441176,19.7019638559701
52952,52958,2025,LEG56665,2025/05/21,"00:00:00",COLISIÓN CON PEATÓN,CONCRETO,Bueno,Bueno,2,VOLKSWAGEN,GRIS,2,,51,MASCULINO,SIN DATOS,0,0,Morelia,Tres Puentes,mayo,miércoles,0,-101.212204992771,19.7092315026158
52953,52959,2025,,2025/05/21,"06:10:00",COLISIÓN CONTRA OBJETO FIJO,CONCRETO,Nublado,Bueno,2,PEUGEOT,AZUL,1,MINISTERIO PÚBLICO,38,MASCULINO,SIN DATOS,0,0,Morelia,Eduardo Ruiz,mayo,miércoles,6,-101.218978555514,19.7196729565452
52954,52960,2025,LEG56663,2025/05/21,"08:15:00",COLISIÓN POR CORTE DE CIRCULACIÓN,ASFALTO,Bueno,Bueno,2,MAZDA,BLANCO,2,,27,MASCULINO,SIN DATOS,0,0,Morelia,Independencia,mayo,miércoles,8,-101.176140010357,19.705615869883
52955,52961,2025,LEG56664,2025/05/21,10:00:00,COLISIÓN POR ALCANCE,ASFALTO,Bueno,Bueno,2,CHEVROLET,AZUL,2,,20,MASCULINO,SIN DATOS,0,0,Morelia,Independencia,mayo,miércoles,10,-101.177886798978,19.7193002381021
52956,52962,2025,,2025/05/21,13:10:00,COLISIÓN POR CAMBIO DE CARRIL,ASFALTO,Bueno,Bueno,2,INTERNATIONAL,VERDE Y BLANCO,2,,60,MASCULINO,SIN DATOS,0,0,Morelia,Cosmos,mayo,miércoles,13,-101.216726191342,19.6827172803767
52957,52963,2025,,2025/05/21,15:15:00,COLISIÓN CONTRA OBJETO FIJO,ASFALTO,Bueno,Bueno,1,NISSAN,ROJO,1,,36,FEMENINO,SIN DATOS,0,0,Morelia,Sin datos,mayo,miércoles,15,-101.282074190676,19.6177474839778
52958,52964,2025,,2025/05/21,19:55:00,COLISIÓN CONTRA OBJETO FIJO,CONCRETO,Bueno,Bueno,2,ITALIKA,VERDE,2,,25,MASCULINO,SIN DATOS,0,0,Morelia,Centro,mayo,miércoles,20,-101.19118388321,19.702768457823
52960,52966,2025,,2025/05/21,20:46:00,COLISIÓN POR CORTE DE CIRCULACIÓN,ASFALTO,Bueno,Bueno,2,NISSAN,BLANCO,2,,25,MASCULINO,SIN DATOS,0,0,Morelia,Las Americas,mayo,miércoles,21,-101.15527803761,19.6905832056681
52962,52968,2025,LEG56672,2025/05/22,11:30:00,COLISIÓN POR ALCANCE,ASFALTO,Bueno,Bueno,2,VOLKSWAGEN,NEGRO,2,MINISTERIO PÚBLICO,17,MASCULINO,SIN DATOS,0,0,Morelia,Indeco El Vivero,mayo,jueves,12,-101.230286120312,19.6793258035144
52963,52969,2025,,2025/05/22,11:30:00,COLISIÓN CONTRA OBJETO FIJO,ASFALTO,Bueno,Bueno,1,AUDI,GRIS,1,,48,MASCULINO,SIN DATOS,0,0,Morelia,Santillan La Huerta,mayo,jueves,12,-101.219553885717,19.6760966650679
52964,52970,2025,,2025/05/22,15:21:00,COLISIÓN POR CORTE DE CIRCULACIÓN,ASFALTO,Bueno,Bueno,2,SPARTAK,AMARILLO,2,,56,MASCULINO,SIN DATOS,0,0,Morelia,Cuauhtemoc,mayo,jueves,15,-101.178713589907,19.6966226746355
52965,52971,2025,,2025/05/22,16:35:00,CAIDA DE MOTOCICLETA,ASFALTO,Bueno,Bueno,1,VENTO,GRIS y NARANJA,1,,29,MASCULINO,SIN DATOS,0,0,Morelia,13 de Abril,mayo,jueves,17,-101.22372508049,19.7548900151617
52966,52972,2025,,2025/05/22,17:20:00,COLISIÓN POR CORTE DE CIRCULACIÓN,ASFALTO,Bueno,Regular,2,HYUNDAI,GRIS,2,,38,MASCULINO,SIN DATOS,0,0,Morelia,Lomas de Hidalgo,mayo,jueves,17,-101.160034686327,19.6957397732521
52967,52973,2025,,2025/05/22,18:05:00,COLISIÓN POR ALCANCE,ASFALTO,Nublado,Bueno,2,HONDA,AZUL,2,,50,FEMENINO,SIN DATOS,0,0,Morelia,Sin datos,mayo,jueves,18,-101.28399297595,19.6904239537387
52968,52974,2025,,2025/05/22,18:35:00,COLISIÓN POR CORTE DE CIRCULACIÓN,CONCRETO,Nublado,Bueno,2,VOLKSWAGEN,PLATA,2,MINISTERIO PÚBLICO,,,SIN DATOS,0,0,Morelia,Infonavit Adolfo Lopez Mateos,mayo,jueves,19,-101.228816248477,19.699541233535
52969,52975,2025,,2025/05/22,20:00:00,COLISIÓN POR ALCANCE,ASFALTO,Bueno,Regular,3,ITALIKA,NEGRO,4,MINISTERIO PÚBLICO,38,MASCULINO,SIN DATOS,1,0,Morelia,Enrique Arreguin Robles,mayo,jueves,20,-101.188086569309,19.7214741760557
52970,52976,2025,MOR2O257890,2025/05/23,"06:20:00",COLISIÓN CONTRA OBJETO FIJO,CONCRETO,Bueno,Bueno,1,FIAT,BLANCO,1,,,MASCULINO,SIN DATOS,0,0,Morelia,Lomas de Huerta,mayo,viernes,6,-101.214365512133,19.6763216563608
52971,52977,2025,,2025/05/23,"07:00:00",COLISIÓN POR ALCANCE,ASFALTO,Bueno,Bueno,2,ITALIKA,NEGRO,2,MINISTERIO PÚBLICO,35,MASCULINO,SIN DATOS,0,0,Morelia,Niño Artillero,mayo,viernes,7,-101.256110742688,19.6974626417203
52972,52978,2025,,2025/05/23,11:10:00,COLISIÓN POR ALCANCE,ASFALTO,Bueno,Bueno,2,NISSAN,ROJO,2,,38,FEMENINO,SIN DATOS,0,0,Morelia,Tenencia Morelos,mayo,viernes,11,-101.248024553061,19.6479882995048
52973,52979,2025,,2025/05/23,11:35:00,COLISIÓN POR NO RESPETAR SEMÁFORO,ASFALTO,Bueno,Bueno,2,YAMAHA,BLANCO/ROJO,2,MINISTERIO PÚBLICO,28,MASCULINO,SIN DATOS,0,0,Morelia,Tinijaro,mayo,viernes,12,-101.26316,19.6963297049991
52974,52980,2025,LEG56688,2025/05/23,12:59:00,COLISIÓN POR CORTE DE CIRCULACIÓN,CONCRETO,Bueno,Bueno,2,RENAULT,ROJO,2,,37,MASCULINO,SIN DATOS,0,0,Morelia,Vasco de Quiroga,mayo,viernes,13,-101.172798648477,19.7026472338573
52975,52981,2025,,2025/05/23,13:00:00,COLISIÓN POR CORTE DE CIRCULACIÓN,CONCRETO,Bueno,Bueno,2,ITALIKA,GRAFITO,2,,16,MASCULINO,SIN DATOS,0,0,Morelia,Villas del Pedregal,mayo,viernes,13,-101.30693256855,19.6730238277665
52976,52982,2025,LEG56687,2025/05/23,16:00:00,COLISIÓN POR CORTE DE CIRCULACIÓN,ASFALTO,Bueno,Bueno,2,HONDA,ROJO,2,MINISTERIO PÚBLICO,28,MASCULINO,SIN DATOS,0,0,Morelia,Chapultepec Norte,mayo,viernes,16,-101.174923628569,19.6933647222636
52977,52983,2025,LEG56689,2025/05/23,16:30:00,COLISIÓN POR CORTE DE CIRCULACIÓN,ASFALTO,Bueno,Bueno,2,NISSAN,ROJO,2,,48,FEMENINO,SIN DATOS,0,0,Morelia,Felix Ireta,mayo,viernes,17,-101.189605370164,19.6837315784514
52978,52984,2025,LEG56690,2025/05/23,20:50:00,COLISIÓN POR CORTE DE CIRCULACIÓN,SIN_DATOS,Bueno,Bueno,1,VOLKSWAGEN,NARANJA,1,,60,MASCULINO,SIN DATOS,0,0,Morelia,Infonavit  Las  Camelinas,mayo,viernes,21,-101.174316443503,19.681820727711
52979,52985,2025,,2025/05/23,20:58:00,COLISIÓN CON PEATÓN,SIN_DATOS,Bueno,Bueno,2,CHEVROLET,PLATA,2,MINISTERIO PÚBLICO,27,MASCULINO,SIN DATOS,0,0,Morelia,Villas del Real,mayo,viernes,21,-101.201081023944,19.734021525656
52980,52986,2025,,2025/05/23,22:40:00,COLISIÓN POR ALCANCE,CONCRETO,Nublado,Bueno,2,VOLKSWAGEN,NEGRO,2,MINISTERIO PÚBLICO,46,MASCULINO,SIN DATOS,0,0,Morelia,Centro,mayo,viernes,23,-101.19118388321,19.702768457823
52982,52988,2025,,2025/05/24,13:15:00,SALIDA DE SUPERFICIE DE RODAMIENTO,ASFALTO,Bueno,Bueno,1,NISSAN,BLANCO,1,,19,MASCULINO,SIN DATOS,0,0,Morelia,Pascual Ortiz de Ayala,mayo,sábado,13,-101.150673106313,19.6969506442699
52983,52989,2025,,2025/05/24,13:35:00,COLISIÓN POR ALCANCE,ASFALTO,Bueno,Bueno,3,VOLKSWAGEN,BLANCO,3,,45,MASCULINO,SIN DATOS,0,0,Morelia,Fovissste La Huerta,mayo,sábado,14,-101.212113797665,19.692384892981
52984,52990,2025,,2025/05/24,15:00:00,COLISIÓN POR ALCANCE,ASFALTO,Bueno,Bueno,2,MAZDA,NEGRO,2,,51,FEMENINO,SIN DATOS,0,0,Morelia,Lazaro Cardenas,mayo,sábado,15,-101.165342777967,19.7101471553425