fid,id_accidente,anio_origen,folio_c5i,dia_incidente,hora_ocurrencia,tipo_incidente_vial,superficie_ocurrencia,condiciones_climaticas,condiciones_via,numero_vehiculos_involucrados,marca_vehiculo_ocasiona_siniestro,color_vehiculo_ocasiona_siniestro,numero_personas_involucradas,lugar_remite_presunto_responsable,edad_presunto_responsable,sexo_presunto_responsable,resultados_toxicologia,numero_personas_lesionadas,numero_personas_fallecidas,municipio,colonia,mes,dia_semana,hora_redondeada,lon,lat
52985,52991,2025,,2025/05/24,15:05:00,COLISIÓN POR INVASIÓN DE CARRIL,ASFALTO,Lluvioso,Bueno,2,BMW,NEGRO,4,MINISTERIO PÚBLICO,23,MASCULINO,SIN DATOS,3,0,Morelia,De Dolores,mayo,sábado,15,-101.377230584621,19.6723734725499
52986,52992,2025,,2025/05/24,15:35:00,COLISIÓN POR ALCANCE,ASFALTO,Bueno,Bueno,2,NISSAN,BLANCO/VERDE,2,,35,MASCULINO,SIN DATOS,0,0,Morelia,Lazaro Cardenas,mayo,sábado,16,-101.165338754654,19.7101490491379
52987,52993,2025,,2025/05/24,16:40:00,COLISIÓN CON PEATÓN,SIN_DATOS,Bueno,Bueno,2,MERCEDES,AMARILLO,2,,25,MASCULINO,SIN DATOS,0,0,Morelia,Sentimientos de La Nacion,mayo,sábado,17,-101.23325496912,19.6782218390478
52988,52994,2025,,2025/05/24,17:10:00,COLISIÓN POR CORTE DE CIRCULACIÓN,ASFALTO,Nublado,Bueno,2,CHEVROLET,GRIS,2,,48,MASCULINO,SIN DATOS,0,0,Morelia,Villas del Real,mayo,sábado,17,-101.202791109681,19.7333785499856
52989,52995,2025,,2025/05/24,17:20:00,CAIDA DE MOTOCICLETA,ASFALTO,Bueno,Bueno,1,ITALIKA,NEGRO,1,,30,FEMENINO,SIN DATOS,0,0,Morelia,Clara Cordova Moran,mayo,sábado,17,-101.182846873999,19.7323465781342
52990,52996,2025,LEG56692,2025/05/24,20:00:00,SALIDA DE SUPERFICIE DE RODAMIENTO,CONCRETO,Bueno,Bueno,1,NISSAN,BLANCO,1,,46,MASCULINO,SIN DATOS,0,0,Morelia,Americas Britania,mayo,sábado,20,-101.143713444471,19.6921285706713
52991,52997,2025,LEG56694,2025/05/24,21:01:00,COLISIÓN POR ALCANCE,CONCRETO,Bueno,Bueno,2,RENAULT,BLANCO,2,MINISTERIO PÚBLICO,40,FEMENINO,SIN DATOS,0,0,Morelia,Gral Gertrudis Sanchez,mayo,sábado,21,-101.2094753,19.7439916449991
52992,52998,2025,,2025/05/24,21:10:00,COLISIÓN POR ALCANCE,ASFALTO,Bueno,Bueno,2,NISSAN,GRIS,2,,32,MASCULINO,SIN DATOS,0,0,Morelia,Alberto Oviedo Mota,mayo,sábado,21,-101.199496686459,19.6810482362311
52993,52999,2025,,2025/05/24,22:10:00,COLISIÓN POR CAMBIO DE CARRIL,ASFALTO,Bueno,Bueno,2,FORD/FOCUS,NEGRO,2,,41,MASCULINO,SIN DATOS,0,0,Morelia,Victor Manuel Tinoco Rubi,mayo,sábado,22,-101.243162713945,19.7005112338091
52994,53000,2025,,2025/05/25,"07:20:00",SALIDA DE SUPERFICIE DE RODAMIENTO,ASFALTO,Bueno,Bueno,2,VOLKSWAGEN,AZUL,2,,,MASCULINO,SIN DATOS,0,0,Morelia,Indeco Santiaguito,mayo,domingo,7,-101.1736536026,19.7250430565343
52995,53001,2025,,2025/05/25,14:00:00,COLISIÓN POR CORTE DE CIRCULACIÓN,ASFALTO,Bueno,Bueno,2,VENTO,AMARILLO Y NEGRO,2,,24,MASCULINO,SIN DATOS,0,0,Morelia,Ventura Puente,mayo,domingo,14,-101.181708946824,19.6907049011119
52996,53002,2025,MOR20257789,2025/05/25,18:25:00,COLISIÓN POR CORTE DE CIRCULACIÓN,ASFALTO,Bueno,Bueno,2,NISSAN,BLANCO,2,,,MASCULINO,SIN DATOS,0,0,Morelia,Vista Bella,mayo,domingo,18,-101.196771897376,19.6777110428596
52997,53003,2025,,2025/05/25,20:25:00,COLISIÓN POR CAMBIO DE CARRIL,ASFALTO,Nublado,Regular,2,NAVISTAR,BLANCO Y NARANJA,1,,,,SIN DATOS,0,0,Morelia,Loma Dorada,mayo,domingo,20,-101.255254,19.6988535
52998,53004,2025,,2025/05/25,21:25:00,CAIDA DE MOTOCICLETA,ASFALTO,Bueno,Bueno,1,ITALIKA,BLANCO Y AZUL,2,,28,MASCULINO,SIN DATOS,1,0,Charo,Sin datos,mayo,domingo,21,-101.08326,19.678806
52999,53005,2025,LEG56714,2025/05/25,22:40:00,COLISIÓN POR ALCANCE,ASFALTO,Nublado,Bueno,3,CHEVROLET,PLATA,3,,,,SIN DATOS,0,0,Morelia,Centro,mayo,domingo,23,-101.19118388321,19.702768457823
53000,53006,2025,LEG56713,2025/05/25,23:00:00,SALIDA DE SUPERFICIE DE RODAMIENTO,ASFALTO,Nublado,Bueno,1,TOYOTA,PLATA,1,,,,SIN DATOS,0,0,Morelia,Country Club  Las Huertas,mayo,domingo,23,-101.229234383098,19.6632240100227
53001,53007,2025,LEG56715,2025/05/25,23:10:00,COLISIÓN POR MANIOBRA DE REVERSA,ASFALTO,Nublado,Bueno,2,CHEVROLET,NEGRO,2,,37,MASCULINO,SIN DATOS,0,0,Morelia,Hermanos Lopez Rayon,mayo,domingo,23,-101.220990833954,19.6763501570814
53004,53010,2025,,2025/05/26,10:40:00,COLISIÓN POR ALCANCE,ASFALTO,Bueno,Bueno,2,NISSAN,GRIS,2,,39,MASCULINO,SIN DATOS,0,0,Morelia,Buenavista,mayo,lunes,11,-101.167648381005,19.7070362533738
53005,53011,2025,,2025/05/26,14:35:00,COLISIÓN POR CORTE DE CIRCULACIÓN,CONCRETO,Bueno,Bueno,2,BMW,GRIS,2,,62,MASCULINO,SIN DATOS,0,0,Morelia,Ventura Puente,mayo,lunes,15,-101.192750930786,19.6924499204968
53006,53012,2025,LEG56722,2025/05/26,14:40:00,COLISIÓN POR CAMBIO DE CARRIL,ASFALTO,Bueno,Bueno,2,INTERNATIONAL,BLANCO Y NARANJA,2,,31,MASCULINO,SIN DATOS,0,0,Morelia,San Pascual,mayo,lunes,15,-101.267329752445,19.6952561798688
53007,53013,2025,,2025/05/26,15:50:00,COLISIÓN CONTRA OBJETO FIJO,CONCRETO,Bueno,Bueno,1,FORD,PLATA,1,,54,MASCULINO,SIN DATOS,0,0,Morelia,Paseo de Las Lomas,mayo,lunes,16,-101.148935723665,19.6991751208894
53008,53014,2025,,2025/05/26,16:07:00,COLISIÓN POR ALCANCE,ASFALTO,Bueno,Bueno,2,VENTO,BLANCO Y ROJO,2,,26,FEMENINO,SIN DATOS,0,0,Morelia,Ignacio Zaragoza,mayo,lunes,16,-101.205309703946,19.72543124796
53009,53015,2025,,2025/05/26,16:20:00,COLISIÓN POR CORTE DE CIRCULACIÓN,CONCRETO,Bueno,Bueno,2,S/D,VERDE,2,MINISTERIO PÚBLICO,17,MASCULINO,SIN DATOS,0,0,Morelia,Lomas del Durazno,mayo,lunes,16,-101.1919516325,19.6646877157056
53010,53016,2025,,2025/05/26,16:45:00,COLISIÓN POR CORTE DE CIRCULACIÓN,ASFALTO,Bueno,Bueno,2,CHEVROLET,GRIS,2,,46,MASCULINO,SIN DATOS,0,0,Morelia,Poblado de Ocolusen,mayo,lunes,17,-101.149568706751,19.6947018765173
53011,53017,2025,,2025/05/26,19:00:00,COLISIÓN POR NO RESPETAR SEMÁFORO,ASFALTO,Bueno,Regular,2,CHEVROLET,BLANCO,2,MINISTERIO PÚBLICO,34,FEMENINO,SIN DATOS,0,0,Morelia,Pascual Ortiz de Ayala,mayo,lunes,19,-101.149821521984,19.69504229591
53012,53018,2025,,2025/05/26,19:20:00,COLISIÓN POR CORTE DE CIRCULACIÓN,ASFALTO,Lluvioso,Regular,2,S/D,S/D,1,,21,FEMENINO,SIN DATOS,0,0,Morelia,Vistas de Altozano,mayo,lunes,19,-101.167,19.6551
53013,53019,2025,,2025/05/26,19:35:00,SUBIDA AL CAMELLÓN,ASFALTO,Lluvioso,Bueno,1,NISSAN,PLATA,1,,32,MASCULINO,SIN DATOS,0,0,Morelia,Bosques Tres Marias,mayo,lunes,20,-101.102,19.7232
53014,53020,2025,,2025/05/26,21:06:00,COLISIÓN POR ALCANCE,ASFALTO,Bueno,Bueno,2,NISSAN,PLATA,2,,26,FEMENINO,SIN DATOS,0,0,Morelia,Sentimientos de La Nacion,mayo,lunes,21,-101.234624924257,19.6829366820977
53015,53021,2025,,2025/05/26,21:30:00,COLISIÓN POR CAMBIO DE CARRIL,ASFALTO,Nublado,Bueno,2,VOLKSWAGEN,PLATA,2,,20,FEMENINO,SIN DATOS,0,0,Morelia,Bosques Tres Marias,mayo,lunes,22,-101.102,19.7232
53017,53023,2025,,2025/05/27,"00:00:00",VOLCADURA,ASFALTO,Bueno,Bueno,1,VOLKSWAGEN,NEGRO,1,,73,MASCULINO,SIN DATOS,0,0,Charo,Sin datos,mayo,martes,0,-100.96102450043,19.6399076082375
53018,53024,2025,,2025/05/27,"00:15:00",COLISIÓN POR ALCANCE,ASFALTO,Bueno,Bueno,2,VOLKSWAGEN,BLANCO,2,,36,MASCULINO,SIN DATOS,0,0,Morelia,Irrigacion,mayo,martes,0,-101.22520209,19.7051928999992
53019,53025,2025,LEG56741,2025/05/27,"07:10:00",COLISIÓN CONTRA OBJETO FIJO,ASFALTO,Nublado,Bueno,1,CHEVROLET,ROJO,1,,55,MASCULINO,SIN DATOS,0,0,Morelia,Bosques Tres Marias,mayo,martes,7,-101.102,19.7232
53020,53026,2025,,2025/05/27,12:07:00,COLISIÓN POR ALCANCE,ASFALTO,Bueno,Bueno,1,HONDA,SAHARA,1,,72,MASCULINO,SIN DATOS,0,0,Morelia,Insurgentes,mayo,martes,12,-101.154899597168,19.6963136439223
53021,53027,2025,,2025/05/27,12:45:00,COLISIÓN POR ALCANCE,ASFALTO,Nublado,Bueno,2,FREIGHTLINER,BLANCO Y AZUL,2,MINISTERIO PÚBLICO,39,MASCULINO,SIN DATOS,0,0,Morelia,Indeco El Vivero,mayo,martes,13,-101.229736581445,19.6770048281421
53022,53028,2025,,2025/05/27,13:15:00,COLISIÓN CON PEATÓN,SIN_DATOS,Bueno,Bueno,3,FIAT,BLANCO,3,,65,MASCULINO,SIN DATOS,0,0,Morelia,Felix Ireta,mayo,martes,13,-101.180670931935,19.6861635947277
53023,53029,2025,,2025/05/27,14:17:00,COLISIÓN POR CORTE DE CIRCULACIÓN,ASFALTO,Bueno,Bueno,2,TOYOTA,BLANCO Y GRIS,2,,51,MASCULINO,SIN DATOS,0,0,Morelia,Primo Tapia Oriente,mayo,martes,14,-101.157873496413,19.7139650014196
53024,53030,2025,,2025/05/27,16:04:00,COLISIÓN POR ALCANCE,ASFALTO,Bueno,Bueno,2,MAZDA,ROJO,2,,44,FEMENINO,SIN DATOS,0,0,Morelia,Canteras de Morelia,mayo,martes,16,-101.173276752233,19.7161276495781
53025,53031,2025,,2025/05/27,18:45:00,COLISIÓN POR ALCANCE,ASFALTO,Bueno,Bueno,2,TOYOTA,BLANCO Y GRIS,2,,24,FEMENINO,SIN DATOS,0,0,Morelia,Lazaro Cardenas,mayo,martes,19,-101.164267212152,19.7085424712715
53028,53034,2025,,2025/05/28,"08:05:00",COLISIÓN POR CORTE DE CIRCULACIÓN,ASFALTO,Bueno,Bueno,2,DODGE,ROJO,2,,30,MASCULINO,SIN DATOS,0,0,Morelia,Centro,mayo,miércoles,8,-101.188884861767,19.7020535000421
53029,53035,2025,,2025/05/28,10:00:00,COLISIÓN POR INVASIÓN DE CARRIL,CONCRETO,Bueno,Bueno,2,NISSAN,BLANCO,2,,75,MASCULINO,SIN DATOS,0,0,Morelia,Independencia,mayo,miércoles,10,-101.177313812077,19.7081766490262
53030,53036,2025,,2025/05/28,12:53:00,COLISIÓN CONTRA OBJETO FIJO,ASFALTO,Bueno,Bueno,1,HYUNDAI ACCENT,NEGRO,1,,35,MASCULINO,SIN DATOS,0,0,Morelia,Vasco de Quiroga,mayo,miércoles,13,-101.170770227909,19.704986163814
53031,53037,2025,,2025/05/28,14:20:00,COLISIÓN POR INVASIÓN DE CARRIL,ASFALTO,Bueno,Bueno,2,BYD,GRIS,2,,35,MASCULINO,SIN DATOS,0,0,Morelia,Emiliano Zapata,mayo,miércoles,14,-101.228326410055,19.6581843380795
53032,53038,2025,,2025/05/28,14:30:00,COLISIÓN POR ALCANCE,ASFALTO,Bueno,Bueno,2,TOYOTA,CREMA,2,MINISTERIO PÚBLICO,49,MASCULINO,SIN DATOS,0,0,Morelia,Centro,mayo,miércoles,15,-101.200138404965,19.6988767815323
53033,53039,2025,,2025/05/28,14:45:00,CAIDA DE MOTOCICLETA,ASFALTO,Bueno,Bueno,1,HONDA/NAVI,NEGRO Y   NARANJA,1,,37,FEMENINO,CON CERTIFICADO,0,0,Morelia,Insurgentes,mayo,miércoles,15,-101.155818253756,19.6952574425166
53034,53040,2025,,2025/05/28,20:35:00,CAIDA DE MOTOCICLETA,ASFALTO,Bueno,Bueno,1,ITALIKA,NEGRO,1,,32,MASCULINO,SIN DATOS,0,0,Morelia,Villas del Pedregal,mayo,miércoles,21,-101.304507181048,19.6876112961222
53035,53041,2025,,2025/05/28,22:00:00,COLISIÓN CONTRA OBJETO FIJO,ASFALTO,Nublado,Bueno,1,TOYOTA,ARENA,1,,40,MASCULINO,SIN DATOS,0,0,Morelia,Sin datos,mayo,miércoles,22,-101.174236312509,19.658221594805
53036,53042,2025,,2025/05/29,"00:32:00",COLISIÓN CON PEATÓN,SIN_DATOS,Bueno,Bueno,1,S/D,NEGRO,1,,,,,0,1,Morelia,Agustin Arriaga Rivera,mayo,jueves,1,-101.222477588213,19.6905696933008
53037,53043,2025,MOR20250057227,2025/05/29,"06:15:00",VOLCADURA,ASFALTO,Nublado,Bueno,1,CHEVROLET,NEGRO,1,,,,SIN DATOS,0,0,Morelia,Cañada del Bosque,mayo,jueves,6,-101.097469366718,19.7282996448773
53038,53044,2025,LEG56759,2025/05/29,"08:41:00",COLISIÓN POR CAMBIO DE CARRIL,SIN_DATOS,Bueno,Bueno,2,TOYOTA,BLANCO Y  NARANJA,2,,,MASCULINO,SIN DATOS,0,0,Morelia,Centro,mayo,jueves,9,-101.193330623209,19.7039016116108
53042,53048,2025,,2025/05/29,12:47:00,COLISIÓN POR CORTE DE CIRCULACIÓN,ASFALTO,Bueno,Bueno,2,TOYOTA,BLANCO,2,,24,MASCULINO,SIN DATOS,0,0,Morelia,Comision Federal de Electricidad,mayo,jueves,13,-101.18,19.682
53045,53051,2025,,2025/05/29,19:15:00,COLISIÓN POR CORTE DE CIRCULACIÓN,ASFALTO,Bueno,Bueno,2,CHRYSLER,GRIS,2,,53,MASCULINO,SIN DATOS,0,0,Morelia,Emiliano Zapata,mayo,jueves,19,-101.228307634592,19.6581754974993
53046,53052,2025,,2025/05/29,21:10:00,SALIDA DE SUPERFICIE DE RODAMIENTO,ASFALTO,Bueno,Bueno,1,NISSAN,AZUL,1,,18,MASCULINO,SIN DATOS,0,0,Morelia,Punta Alba,mayo,jueves,21,-101.136348098516,19.6882316002809
53047,53053,2025,,2025/05/30,"00:35:00",COLISIÓN CONTRA OBJETO FIJO,CONCRETO,Bueno,Bueno,2,BMW,NEGRO,2,MINISTERIO PÚBLICO,20,FEMENINO,ALIENTO ETÍLICO,0,0,Morelia,Loma de Los Piñones,mayo,viernes,1,-101.205064281821,19.6740224020224
53048,53054,2025,MOR/20250057532,2025/05/30,"01:15:00",COLISIÓN CONTRA OBJETO FIJO,ASFALTO,Nublado,Bueno,1,NISSAN,ROJO,1,,,,SIN DATOS,0,0,Morelia,Alberto Oviedo Mota,mayo,viernes,1,-101.202117204666,19.6776564273488
53049,53055,2025,MOR/20250057556,2025/05/30,"04:00:00",VOLCADURA,ASFALTO,Bueno,Bueno,1,SEAT,GRIS,1,,,,SIN DATOS,0,0,Morelia,Los Manantiales de Morelia,mayo,viernes,4,-101.242458969355,19.6981072132469
53050,53056,2025,LEG56775,2025/05/30,"07:20:00",COLISIÓN CONTRA OBJETO FIJO,ASFALTO,Bueno,Bueno,1,CHEVROLET,AZUL,1,,,MASCULINO,SIN DATOS,0,0,Morelia,Sin datos,mayo,viernes,7,-101.11927986145,19.7011021324933
53051,53057,2025,,2025/05/30,"07:20:00",COLISIÓN CONTRA OBJETO FIJO,ASFALTO,Bueno,Bueno,1,NISSAN,ROJO,1,,46,FEMENINO,SIN DATOS,0,0,Morelia,Colinas del Sol,mayo,viernes,7,-101.128773540258,19.7298587727121
53053,53059,2025,,2025/05/30,13:05:00,COLISIÓN POR ALCANCE,ASFALTO,Bueno,Bueno,2,NISSAN,BLANCO,2,,53,FEMENINO,SIN DATOS,0,0,Morelia,Primo Tapia Oriente,mayo,viernes,13,-101.160659641027,19.7125989704051
53054,53060,2025,,2025/05/30,14:20:00,COLISIÓN POR NO RESPETAR SEMÁFORO,ASFALTO,Bueno,Bueno,1,VOLKSWAGEN,MARRON,1,,17,FEMENINO,SIN DATOS,0,0,Morelia,Vicente Lombardo Toledano (Ejidal Isacc Arriaga) (Etnias de Mexico),mayo,viernes,14,-101.155407875776,19.7155544812281
53055,53061,2025,,2025/05/30,15:00:00,COLISIÓN POR ALCANCE,ASFALTO,Bueno,Bueno,2,NISSAN,BLANCO,2,,21,MASCULINO,SIN DATOS,0,0,Morelia,Sin datos,mayo,viernes,15,-101.16461455822,19.6650255380971
53056,53062,2025,MOR202589,2025/05/30,15:20:00,COLISIÓN POR ALCANCE,ASFALTO,Bueno,Bueno,2,BMW,BLANCO,2,,33,MASCULINO,SIN DATOS,0,0,Morelia,Tenencia Morelos,mayo,viernes,15,-101.248024553061,19.6479819844034
53057,53063,2025,LEG56784,2025/05/30,18:10:00,COLISIÓN POR ALCANCE,ASFALTO,Bueno,Bueno,2,VOLKSWAGEN,NEGRO,2,MINISTERIO PÚBLICO,,MASCULINO,SIN DATOS,0,0,Morelia,Libertad,mayo,viernes,18,-101.238003820181,19.6874553515945
53058,53064,2025,,2025/05/30,19:20:00,COLISIÓN POR CORTE DE CIRCULACIÓN,ASFALTO,Bueno,Bueno,1,PULSAR,GRIS/AZUL,1,,30,MASCULINO,SIN DATOS,0,0,Morelia,La Soledad,mayo,viernes,19,-101.18332028389,19.7280387337286
53059,53065,2025,,2025/05/30,20:50:00,COLISIÓN POR MANIOBRA DE REVERSA,ASFALTO,Bueno,Bueno,2,TOYOTA,BLANCO/GRIS,2,,28,MASCULINO,SIN DATOS,0,0,Morelia,Los Manantiales de Morelia,mayo,viernes,21,-101.240271627903,19.6927472789945
53060,53066,2025,,2025/05/30,21:15:00,COLISIÓN POR ALCANCE,ASFALTO,Bueno,Bueno,2,CHEVROLET,AZUL,2,,22,FEMENINO,SIN DATOS,0,0,Morelia,Felix Ireta,mayo,viernes,21,-101.181477606297,19.6814093851431
53061,53067,2025,,2025/05/30,21:40:00,COLISIÓN POR CORTE DE CIRCULACIÓN,ASFALTO,Bueno,Bueno,2,ITALIKA,NEGRO,2,MINISTERIO PÚBLICO,22,MASCULINO,SIN DATOS,0,0,Morelia,Leandro Valle,mayo,viernes,22,-101.230658590794,19.715760266577
53062,53068,2025,,2025/05/30,22:50:00,COLISIÓN POR CAMBIO DE CARRIL,ASFALTO,Bueno,Bueno,2,RAMSA,BLANCO/AZUL,2,,34,MASCULINO,SIN DATOS,0,0,Morelia,Santiaguito,mayo,viernes,23,-101.189087033272,19.7153051397296
53063,53069,2025,,2025/05/31,"05:30:00",COLISIÓN CONTRA OBJETO FIJO,ASFALTO,Bueno,Bueno,2,CHEVROLET,ROJO,2,MINISTERIO PÚBLICO,52,MASCULINO,SIN DATOS,0,0,Morelia,Martires de Uruapan,mayo,sábado,6,-101.197319408167,19.725017061641
53064,53070,2025,MOR2067890,2025/05/31,"06:10:00",COLISIÓN CONTRA OBJETO FIJO,ASFALTO,Bueno,Bueno,1,FREIGHTLINER,BLANCO,1,,,MASCULINO,SIN DATOS,0,0,Morelia,Quinceo,mayo,sábado,6,-101.224223971367,19.7253674962621
53066,53072,2025,,2025/05/31,11:00:00,COLISIÓN POR CAMBIO DE CARRIL,ASFALTO,Nublado,Bueno,2,TOYOTA,ROJO,2,,68,MASCULINO,SIN DATOS,0,0,Morelia,Morelos,mayo,sábado,11,-101.207755208015,19.7004910321061
53067,53073,2025,,2025/05/31,11:19:00,COLISIÓN POR CORTE DE CIRCULACIÓN,ASFALTO,Bueno,Bueno,2,NISSAN,ACERO,2,,31,MASCULINO,SIN DATOS,0,0,Morelia,Ignacio Lopez Rayon,mayo,sábado,11,-101.253432556987,19.6913457118152
53068,53074,2025,,2025/05/31,11:50:00,COLISIÓN POR CORTE DE CIRCULACIÓN,ASFALTO,Nublado,Bueno,2,NISSAN,BLANCO/VERDE,4,MINISTERIO PÚBLICO,,,,4,0,Morelia,El Eden,mayo,sábado,12,-101.249663382769,19.6459939781259
53069,53075,2025,,2025/05/31,13:40:00,COLISIÓN POR MANIOBRA DE REVERSA,ASFALTO,Lluvioso,Bueno,2,FREIGHTLINER,BLANCO,2,,33,MASCULINO,SIN DATOS,0,0,Morelia,Sin datos,mayo,sábado,14,-101.168256998062,19.6684125628774
53070,53076,2025,,2025/05/31,15:58:00,COLISIÓN POR CORTE DE CIRCULACIÓN,ASFALTO,Bueno,Bueno,3,NISSAN,BLANCO,3,MINISTERIO PÚBLICO,42,FEMENINO,SIN DATOS,0,0,Morelia,Gertrudis Bocanegra,mayo,sábado,16,-101.210784763098,19.7036430982281
53071,53077,2025,LEG56803,2025/05/31,19:40:00,COLISIÓN POR ALCANCE,CONCRETO,Nublado,Regular,2,NISSAN,BLANCO,2,,30,MASCULINO,SIN DATOS,0,0,Morelia,Lomas de Santa Maria,mayo,sábado,20,-101.182467341423,19.675332883171
53072,53078,2025,,2025/05/31,20:45:00,VOLCADURA,ASFALTO,Lluvioso,Regular,1,CHEVROLET,GRIS,1,,25,MASCULINO,SIN DATOS,0,0,Morelia,Sin datos,mayo,sábado,21,-101.119124293327,19.7006425448164
53073,53079,2025,,2025/05/31,23:30:00,VOLCADURA,ASFALTO,Bueno,Bueno,1,VOLKSWAGEN,BLANCO,1,,25,MASCULINO,SIN DATOS,0,0,Morelia,Sin datos,mayo,sábado,0,-101.339425519109,19.6856452475227
53074,53080,2025,,2025/05/31,23:45:00,COLISIÓN CONTRA OBJETO FIJO,ASFALTO,Bueno,Bueno,1,SUZUKI,NEGRO,1,,30,MASCULINO,SIN DATOS,0,0,Morelia,Sin datos,mayo,sábado,0,-101.104494184256,19.7295043606428
53075,53081,2025,,2025/05/31,23:50:00,COLISIÓN CONTRA OBJETO FIJO,CONCRETO,Bueno,Bueno,1,FORD,GRIS,1,,35,MASCULINO,SIN DATOS,0,0,Morelia,Tzindurio Norte,mayo,sábado,0,-101.244821995497,19.703752311503
53076,53082,2025,LEG56805,2025/06/01,"00:27:00",COLISIÓN POR CAMBIO DE CARRIL,ASFALTO,Bueno,Bueno,2,CHEVROLET,AZUL,2,,17,MASCULINO,SIN DATOS,0,0,Morelia,Niño Artillero,junio,domingo,0,-101.254212409258,19.6969380179249
53077,53083,2025,,2025/06/01,"08:30:00",COLISIÓN POR MANIOBRA DE REVERSA,ASFALTO,Bueno,Bueno,2,HONDA,GRIS,2,,0,,SIN DATOS,0,0,Morelia,Central de Abastos,junio,domingo,9,-101.170829236507,19.7166402168908
53078,53084,2025,,2025/06/01,11:20:00,CAIDA DE MOTOCICLETA,ASFALTO,Bueno,Bueno,1,VENTO,NEGRO/ROJO,1,,21,MASCULINO,SIN DATOS,0,0,Morelia,Ciudad Industrial,junio,domingo,11,-101.141268610954,19.7264818849015
53079,53085,2025,,2025/06/01,11:30:00,SALIDA DE SUPERFICIE DE RODAMIENTO,ASFALTO,Bueno,Bueno,1,NISSAN TSURU,BLANCO/ROJO,0,,,,,0,0,Morelia,Sin datos,junio,domingo,12,-101.188524369993,19.5831273213356
53080,53086,2025,,2025/06/01,12:30:00,COLISIÓN POR CORTE DE CIRCULACIÓN,CONCRETO,Bueno,Bueno,2,FORD/ECONOLINE,CAFE,2,,59,MASCULINO,SIN DATOS,0,0,Morelia,Granjas del Maestro,junio,domingo,13,-101.193727254868,19.7160822001804
53081,53087,2025,MOR/20250058458,2025/06/01,13:00:00,COLISIÓN POR CORTE DE CIRCULACIÓN,ASFALTO,Bueno,Bueno,2,DINA,BLANCO,2,,45,MASCULINO,SIN DATOS,0,0,Morelia,Sentimientos de La Nacion,junio,domingo,13,-101.236873269081,19.6848124791336
53082,53088,2025,,2025/06/01,14:14:00,COLISIÓN CON PEATÓN,SIN_DATOS,Bueno,Bueno,2,NISSAN TIIDA,BLANCO/ROJO,2,,47,MASCULINO,SIN DATOS,0,0,Morelia,Lomas del Mayoral,junio,domingo,14,-101.313867419958,19.6889453416856
53083,53089,2025,,2025/06/01,14:20:00,COLISIÓN CONTRA OBJETO FIJO,CONCRETO,Bueno,Bueno,2,NAVISTAR,BLANCO,2,,51,MASCULINO,SIN DATOS,0,0,Morelia,Primavera,junio,domingo,14,-101.147123191442,19.7090975998116
53084,53090,2025,,2025/06/01,15:30:00,COLISIÓN POR CAMBIO DE CARRIL,ASFALTO,Bueno,Bueno,2,FIAT,GRIS,2,MINISTERIO PÚBLICO,28,MASCULINO,SIN DATOS,0,0,Morelia,Ventura Puente,junio,domingo,16,-101.191845685244,19.6913507625298
53085,53091,2025,,2025/06/01,16:20:00,COLISIÓN POR CORTE DE CIRCULACIÓN,ASFALTO,Bueno,Bueno,2,ITALIKA,AZUL,2,,17,MASCULINO,SIN DATOS,0,0,Morelia,Central de Abastos,junio,domingo,16,-101.168722361326,19.7157817288374
53086,53092,2025,,2025/06/01,17:55:00,COLISIÓN POR CORTE DE CIRCULACIÓN,ASFALTO,Lluvioso,Regular,1,VENTO,BLANCO Y ROJO,1,,30,MASCULINO,SIN DATOS,0,0,Morelia,Granjas del Maestro,junio,domingo,18,-101.196024566889,19.715937014518
53087,53093,2025,MOR/20250058615,2025/06/01,20:08:00,COLISIÓN CONTRA OBJETO FIJO,TERRACERIA,Bueno,Bueno,1,CHEVROLET,ROJO,1,,70,MASCULINO,SIN DATOS,0,0,Morelia,El Eden,junio,domingo,20,-101.249667741358,19.6459794532118
53088,53094,2025,,2025/06/01,20:54:00,COLISIÓN POR INVASIÓN DE CARRIL,ADOQUIN_EMPEDRADO,Bueno,Bueno,2,NISSAN,BLANCO,2,,32,MASCULINO,SIN DATOS,0,0,Morelia,Sin datos,junio,domingo,21,-101.347977,19.546023
53089,53095,2025,,2025/06/01,21:00:00,COLISIÓN CONTRA OBJETO FIJO,ASFALTO,Bueno,Regular,1,CHEVROLET,BLANCO,1,,18,FEMENINO,SIN DATOS,0,0,Morelia,Jesus del Monte,junio,domingo,21,-101.154211082822,19.6509234359309
53090,53096,2025,,2025/06/01,22:41:00,COLISIÓN CONTRA OBJETO FIJO,ASFALTO,Bueno,Bueno,2,RAM,BLANCO,2,,24,MASCULINO,SIN DATOS,0,0,Morelia,Eva Samano,junio,domingo,23,-101.198561936617,19.7290435922179
53091,53097,2025,,2025/06/01,22:45:00,COLISIÓN POR ALCANCE,ASFALTO,Lluvioso,Regular,3,CHEVROLET,GRIS,3,,,,SIN DATOS,0,0,Morelia,Niño Artillero,junio,domingo,23,-101.250198483467,19.6986211009292
53092,53098,2025,,2025/06/01,23:00:00,COLISIÓN POR ALCANCE,ASFALTO,Bueno,Bueno,2,VOLKSWAGEN,PLATA,2,,55,FEMENINO,SIN DATOS,0,0,Morelia,Agustin Arriaga Rivera,junio,domingo,23,-101.225931867957,19.688099963416
53094,53100,2025,,2025/06/02,"08:30:00",SALIDA DE SUPERFICIE DE RODAMIENTO,ASFALTO,Nublado,Bueno,1,VOLKSWAGEN,AZUL,1,,53,MASCULINO,SIN DATOS,0,0,Morelia,Cañada del Bosque,junio,lunes,9,-101.097469366718,19.7282996448773