fid,id_accidente,anio_origen,folio_c5i,dia_incidente,hora_ocurrencia,tipo_incidente_vial,superficie_ocurrencia,condiciones_climaticas,condiciones_via,numero_vehiculos_involucrados,marca_vehiculo_ocasiona_siniestro,color_vehiculo_ocasiona_siniestro,numero_personas_involucradas,lugar_remite_presunto_responsable,edad_presunto_responsable,sexo_presunto_responsable,resultados_toxicologia,numero_personas_lesionadas,numero_personas_fallecidas,municipio,colonia,mes,dia_semana,hora_redondeada,lon,lat
53097,53103,2025,,2025/06/02,14:50:00,COLISIÓN POR ALCANCE,ASFALTO,Nublado,Bueno,2,DODGE,NEGRO,2,MINISTERIO PÚBLICO,33,MASCULINO,SIN DATOS,0,0,Morelia,Isaac Arriaga,junio,lunes,15,-101.175320145,19.7090182249991
53099,53105,2025,,2025/06/02,18:40:00,COLISIÓN POR ALCANCE,ASFALTO,Lluvioso,Regular,2,CHRYSLER,VERDE,2,,22,MASCULINO,SIN DATOS,0,0,Morelia,Gral Gertrudis Sanchez,junio,lunes,19,-101.2094753,19.7439916449991
53101,53107,2025,,2025/06/02,19:50:00,COLISIÓN POR CORTE DE CIRCULACIÓN,ASFALTO,Bueno,Bueno,2,AUDI,GRIS,1,,54,,SIN DATOS,0,0,Morelia,Ferrocarrilero,junio,lunes,20,-101.217443346977,19.6975945865438
53105,53111,2025,,2025/06/03,"08:00:00",COLISIÓN CONTRA OBJETO FIJO,ASFALTO,Bueno,Bueno,1,CHEVROLET,GRIS,1,,,,SIN DATOS,0,0,Morelia,Club de Golf Tres Marias,junio,martes,8,-101.114934682846,19.7039000333863
53106,53112,2025,,2025/06/03,"09:10:00",COLISIÓN CONTRA OBJETO FIJO,ASFALTO,Bueno,Bueno,1,CHEVROLET,GRIS,1,,,,SIN DATOS,0,0,Morelia,Sin datos,junio,martes,9,-101.115882173181,19.7034227775796
53107,53113,2025,,2025/06/03,10:31:00,COLISIÓN POR CAMBIO DE CARRIL,ASFALTO,Bueno,Bueno,2,Freightliner,BLANCO,2,,38,MASCULINO,SIN DATOS,0,0,Morelia,Granjas del Maestro,junio,martes,11,-101.188441626728,19.7128786163363
53108,53114,2025,LEG56837,2025/06/03,10:35:00,COLISIÓN POR ALCANCE,ASFALTO,Bueno,Bueno,3,FORD,BLANCO,3,,39,MASCULINO,SIN DATOS,0,0,Morelia,Ana Maria Gallaga (Riviera Norte),junio,martes,11,-101.223476976156,19.6767926789913
53109,53115,2025,,2025/06/03,12:10:00,COLISIÓN POR INVASIÓN DE CARRIL,ASFALTO,Bueno,Bueno,2,ITALIKA,ROJO Y NEGRO,2,,43,MASCULINO,SIN DATOS,0,0,Morelia,Clara Cordova Moran,junio,martes,12,-101.182766407728,19.7323509963765
53110,53116,2025,,2025/06/03,13:10:00,COLISIÓN POR CORTE DE CIRCULACIÓN,CONCRETO,Bueno,Bueno,2,DODGE,BLANCO,2,,22,MASCULINO,SIN DATOS,0,0,Morelia,Centro,junio,martes,13,-101.190571635962,19.7018139226157
53111,53117,2025,,2025/06/03,13:33:00,COLISIÓN CONTRA OBJETO FIJO,SIN_DATOS,Bueno,Bueno,2,VOLKSWAGEN,AMARILLO,2,MINISTERIO PÚBLICO,,MASCULINO,SIN DATOS,0,0,Morelia,El Lago 1,junio,martes,14,-101.221268177032,19.7277862557278
53112,53118,2025,LEG56842,2025/06/03,16:00:00,COLISIÓN POR CORTE DE CIRCULACIÓN,ASFALTO,Bueno,Bueno,2,SEAT,GRIS,2,,23,MASCULINO,SIN DATOS,0,0,Morelia,Ana Maria Gallaga (Riviera Norte),junio,martes,16,-101.223943680525,19.6767926789913
53114,53120,2025,MOR2025004,2025/06/03,19:00:00,COLISIÓN POR CORTE DE CIRCULACIÓN,ASFALTO,Bueno,Bueno,2,NISSAN,BLANCO,2,,40,MASCULINO,SIN DATOS,0,0,Morelia,Valerio Trujano,junio,martes,19,-101.232142704694,19.6906454337858
53115,53121,2025,,2025/06/03,19:36:00,COLISIÓN POR CAMBIO DE CARRIL,ASFALTO,Bueno,Bueno,2,CHEVROLET,NEGRO,2,,41,MASCULINO,SIN DATOS,0,0,Morelia,Plan de La Garita,junio,martes,20,-101.187944218991,19.7115607188889
53116,53122,2025,,2025/06/03,19:50:00,COLISIÓN POR CAMBIO DE CARRIL,ASFALTO,Bueno,Bueno,2,ISUZU,BLANCO,2,,48,MASCULINO,SIN DATOS,0,0,Morelia,Elias Perez Avalos,junio,martes,20,-101.167813022979,19.7136335493406
53118,53124,2025,LEG56857,2025/06/04,"00:00:00",COLISIÓN POR CORTE DE CIRCULACIÓN,ASFALTO,Bueno,Bueno,2,VOLKSWAGEN,ROJO,2,,50,MASCULINO,SIN DATOS,0,0,Morelia,Lomas del Valle,junio,miércoles,0,-101.232491210103,19.6869092288728
53119,53125,2025,LEG56850,2025/06/04,"00:46:00",SALIDA DE SUPERFICIE DE RODAMIENTO,ASFALTO,Bueno,Bueno,1,JEEP,GRIS,1,,32,MASCULINO,SIN DATOS,0,0,Morelia,Sin datos,junio,miércoles,1,-101.298621944478,19.8105810526626
53122,53128,2025,MOR20250059668,2025/06/04,"09:40:00",COLISIÓN POR CAMBIO DE CARRIL,ASFALTO,Bueno,Bueno,2,VENTO,GRIS,3,MINISTERIO PÚBLICO,39,MASCULINO,SIN DATOS,1,0,Morelia,Elias Perez Avalos,junio,miércoles,10,-101.167813022979,19.7136335493406
53123,53129,2025,,2025/06/04,11:10:00,COLISIÓN CONTRA OBJETO FIJO,ASFALTO,Bueno,Bueno,2,SEAT,NEGRO Y AMARILLOS,2,,39,MASCULINO,SIN DATOS,0,0,Morelia,Mision del Valle,junio,miércoles,11,-101.116849780083,19.7667944216833
53124,53130,2025,MOR20250059719,2025/06/04,12:40:00,COLISIÓN POR CAMBIO DE CARRIL,ASFALTO,Bueno,Bueno,2,VOLKSWAGEN,NARANJA,2,MINISTERIO PÚBLICO,35,MASCULINO,SIN DATOS,0,0,Morelia,Francisco J Mujica,junio,miércoles,13,-101.192600727081,19.7234233728657
53125,53131,2025,LEG56864,2025/06/04,17:10:00,COLISIÓN POR ALCANCE,ASFALTO,Nublado,Regular,2,NISSAN,BLANCO,2,,45,,SIN DATOS,0,0,Morelia,Bosques de Oriente,junio,miércoles,17,-101.155478954315,19.7155910933647
53126,53132,2025,,2025/06/04,18:10:00,COLISIÓN POR ALCANCE,ASFALTO,Bueno,Bueno,2,VOLKSWAGEN,GRIS,2,,36,MASCULINO,SIN DATOS,0,0,Morelia,Felix Ireta,junio,miércoles,18,-101.192057561071,19.6855142486903
53128,53134,2025,,2025/06/04,18:30:00,COLISIÓN POR CAMBIO DE CARRIL,ASFALTO,Bueno,Bueno,2,ITALIKA,ROJO,2,MINISTERIO PÚBLICO,,MASCULINO,SIN DATOS,0,0,Morelia,Central de Abastos,junio,miércoles,19,-101.169164089063,19.7171265444097
53130,53136,2025,,2025/06/04,20:15:00,COLISIÓN CONTRA OBJETO FIJO,ASFALTO,Bueno,Bueno,1,NISSAN,BLANCO,1,,43,MASCULINO,SIN DATOS,0,0,Tarímbaro,Centro,junio,miércoles,20,-101.176869,19.792979
53132,53138,2025,,2025/06/04,22:40:00,COLISIÓN POR CORTE DE CIRCULACIÓN,ASFALTO,Bueno,Bueno,2,BMW,BLANCO,2,,42,MASCULINO,SIN DATOS,0,0,Morelia,Chapultepec Norte,junio,miércoles,23,-101.173778799073,19.6957366970635
53133,53139,2025,LEG56865,2025/06/05,"06:30:00",COLISIÓN POR ALCANCE,CONCRETO,Nublado,Bueno,2,CHEVROLET,GRIS,2,,20,MASCULINO,SIN DATOS,0,0,Morelia,Benito Juarez,junio,jueves,7,-101.254239890097,19.6850471170033
53134,53140,2025,,2025/06/05,"08:30:00",COLISIÓN POR CORTE DE CIRCULACIÓN,ASFALTO,Bueno,Bueno,2,FREIGHTLINER,BLANCO,2,,57,MASCULINO,SIN DATOS,0,0,Morelia,Lomas de Morelia (Dr Ignacio Chavez),junio,jueves,9,-101.175452644618,19.7162004988672
53136,53142,2025,LEG56870,2025/06/05,10:00:00,SALIDA DE SUPERFICIE DE RODAMIENTO,TERRACERIA,Bueno,Regular,1,KENWORTH,NARANJA,1,,23,MASCULINO,SIN DATOS,0,0,Morelia,Ciudad Industrial,junio,jueves,10,-101.14554366932,19.7284851395985
53137,53143,2025,,2025/06/05,10:52:00,COLISIÓN POR CAMBIO DE CARRIL,ASFALTO,Bueno,Bueno,2,Renault,Gris,2,,37,,SIN DATOS,0,0,Morelia,Centro,junio,jueves,11,-101.190515309572,19.7077476984943
53138,53144,2025,,2025/06/05,11:20:00,COLISIÓN POR CORTE DE CIRCULACIÓN,ASFALTO,Bueno,Bueno,2,ITALIKA,NEGRO,2,,35,MASCULINO,SIN DATOS,0,0,Morelia,Villa Universidad,junio,jueves,11,-101.20959864,19.6918456199992
53139,53145,2025,,2025/06/05,14:58:00,COLISIÓN POR CORTE DE CIRCULACIÓN,ASFALTO,Bueno,Bueno,2,VOLKSWAGEN,GRIS,2,,,MASCULINO,SIN DATOS,0,0,Morelia,Nueva Valladolid,junio,jueves,15,-101.209722273052,19.7021251522462
53140,53146,2025,,2025/06/05,16:10:00,COLISIÓN POR CAMBIO DE CARRIL,ASFALTO,Bueno,Bueno,2,CHEVROLET,NARANJA,2,,47,MASCULINO,SIN DATOS,0,0,Morelia,Josefa Ortiz de Dominguez,junio,jueves,16,-101.209143921733,19.672050188198
53141,53147,2025,,2025/06/05,20:10:00,COLISIÓN POR CORTE DE CIRCULACIÓN,CONCRETO,Bueno,Bueno,2,CHEVROLET,BLANCO,2,,,MASCULINO,SIN DATOS,0,0,Morelia,Nueva Valladolid,junio,jueves,20,-101.2133714,19.7006557
53142,53148,2025,,2025/06/05,20:20:00,COLISIÓN POR MANIOBRA DE REVERSA,ASFALTO,Bueno,Bueno,2,TOYOTA,GRIS,2,,,MASCULINO,SIN DATOS,0,0,Morelia,Alfonso Espinoza Guerrero (Barranca Seca),junio,jueves,20,-101.172097921371,19.6698572675586
53143,53149,2025,LEG56875,2025/06/05,21:00:00,COLISIÓN CONTRA OBJETO FIJO,ASFALTO,Bueno,Bueno,2,CHEVROLET,BLANCO,2,,40,MASCULINO,SIN DATOS,0,0,Morelia,Eduardo Ruiz,junio,jueves,21,-101.222267299891,19.7239980910269
53144,53150,2025,,2025/06/05,21:50:00,SUBIDA AL CAMELLÓN,CONCRETO,Bueno,Bueno,1,VOLKSWAGEN,BLANCO,1,,52,FEMENINO,SIN DATOS,0,0,Morelia,Colinas del Sur,junio,jueves,22,-101.199540942907,19.6603363733885
53145,53151,2025,,2025/06/06,"00:00:00",COLISIÓN POR CORTE DE CIRCULACIÓN,ASFALTO,Bueno,Bueno,2,WITZCO,AMARILLO,2,,52,MASCULINO,SIN DATOS,0,0,Morelia,Avicola Benito Juarez,junio,viernes,0,-101.279537826777,19.6913482371725
53146,53152,2025,LEG56884,2025/06/06,"02:04:00",COLISIÓN CONTRA OBJETO FIJO,ASFALTO,Bueno,Bueno,2,MAZDA,GRIS,2,MINISTERIO PÚBLICO,24,MASCULINO,ALIENTO ETÍLICO,0,0,Morelia,Hacienda San Jose,junio,viernes,2,-101.216221587106,19.6953968891136
53147,53153,2025,,2025/06/06,"09:15:00",COLISIÓN POR ALCANCE,ASFALTO,Bueno,Bueno,2,DODGE,BLANCO,2,,29,MASCULINO,SIN DATOS,0,0,Morelia,Fuentes de Valladolid,junio,viernes,9,-101.221750974655,19.6720823903795
53148,53154,2025,,2025/06/06,"09:25:00",COLISIÓN POR CORTE DE CIRCULACIÓN,ASFALTO,Bueno,Bueno,2,VOLKSWAGEN,PLATA,2,,34,MASCULINO,SIN DATOS,0,0,Morelia,Jardines del Rincon,junio,viernes,9,-101.153410971165,19.6873530721051
53149,53155,2025,LEG56896,2025/06/06,10:15:00,COLISIÓN CON PEATÓN,CONCRETO,Bueno,Bueno,1,CHEVROLET,BLANCO,2,MINISTERIO PÚBLICO,21,MASCULINO,SIN DATOS,1,0,Morelia,Sin datos,junio,viernes,10,-101.282075867057,19.6177474839778
53150,53156,2025,,2025/06/06,11:55:00,COLISIÓN POR MANIOBRA DE REVERSA,ASFALTO,Bueno,Bueno,2,DODGE,GRIS,2,,41,FEMENINO,SIN DATOS,0,0,Morelia,Prados del Campestre,junio,viernes,12,-101.16713181138,19.6831999645753
53151,53157,2025,LEG56891,2025/06/06,12:30:00,COLISIÓN POR CORTE DE CIRCULACIÓN,ASFALTO,Bueno,Bueno,1,KIA,GRIS,1,,43,MASCULINO,SIN DATOS,0,0,Morelia,Dr Miguel Silva,junio,viernes,13,-101.186406165361,19.7202836898863
53152,53158,2025,LEG56895,2025/06/06,13:00:00,COLISIÓN POR CORTE DE CIRCULACIÓN,ASFALTO,Bueno,Bueno,2,SUZUKI,ROJO,2,MINISTERIO PÚBLICO,32,FEMENINO,SIN DATOS,0,0,Morelia,Colinas del Sol,junio,viernes,13,-101.133057363331,19.7295917802557
53153,53159,2025,,2025/06/06,13:25:00,COLISIÓN POR ALCANCE,CONCRETO,Bueno,Bueno,2,NISSAN,GRIS,2,,38,MASCULINO,SIN DATOS,0,0,Morelia,Chapultepec Norte,junio,viernes,13,-101.165970414877,19.6955175477535
53154,53160,2025,,2025/06/06,13:27:00,COLISIÓN POR ALCANCE,ASFALTO,Bueno,Bueno,2,RENAULT,PLATA,2,,20,MASCULINO,SIN DATOS,0,0,Morelia,Felix Ireta,junio,viernes,13,-101.195733547211,19.6815356607944
53155,53161,2025,,2025/06/06,14:10:00,COLISIÓN POR CORTE DE CIRCULACIÓN,CONCRETO,Bueno,Bueno,2,HYUNDAI,BLANCO,2,,33,FEMENINO,SIN DATOS,0,0,Morelia,Montaña Monarca,junio,viernes,14,-101.164660155773,19.6656127790649
53156,53162,2025,,2025/06/06,14:35:00,CAIDA DE MOTOCICLETA,ASFALTO,Bueno,Bueno,1,ITALIKA,GRIS,2,,24,MASCULINO,SIN DATOS,1,0,Morelia,Vicente Guerrero,junio,viernes,15,-101.226898133755,19.7041879012797
53157,53163,2025,,2025/06/06,14:45:00,COLISIÓN POR ALCANCE,CONCRETO,Bueno,Bueno,2,TOYOTA,BLANCO,2,,33,MASCULINO,SIN DATOS,0,0,Morelia,Ejidal Ocolusen,junio,viernes,15,-101.152285784483,19.6843263272762
53158,53164,2025,,2025/06/06,14:50:00,COLISIÓN CONTRA OBJETO FIJO,ASFALTO,Bueno,Bueno,1,FORD,ROJO,1,,54,MASCULINO,SIN DATOS,0,0,Morelia,Ana Maria Gallaga (Riviera Norte),junio,viernes,15,-101.219995468855,19.6771295287767
53159,53165,2025,,2025/06/06,18:00:00,COLISIÓN POR CORTE DE CIRCULACIÓN,ASFALTO,Bueno,Bueno,2,NISSAN,GRIS ACERO,2,,28,MASCULINO,SIN DATOS,0,0,Morelia,Ferrocarrilero,junio,viernes,18,-101.212774962187,19.7018549569829
53161,53167,2025,,2025/06/06,20:30:00,COLISIÓN POR INVASIÓN DE CARRIL,CONCRETO,Bueno,Bueno,2,BAJAJ,NEGRO,2,,16,MASCULINO,SIN DATOS,0,0,Morelia,Melchor Ocampo,junio,viernes,21,-101.201667264104,19.7085696159431
53162,53168,2025,,2025/06/06,21:30:00,COLISIÓN POR ALCANCE,ASFALTO,Bueno,Bueno,2,VOLKSWAGEN,NEGRO,2,,,MASCULINO,SIN DATOS,0,0,Morelia,Jardines del Rincon,junio,viernes,22,-101.150099113584,19.6915218553916
53163,53169,2025,,2025/06/06,21:30:00,COLISIÓN POR MANIOBRA DE REVERSA,ASFALTO,Bueno,Bueno,2,SEAT,ROJO,2,,42,MASCULINO,SIN DATOS,0,0,Morelia,Primo Tapia Oriente,junio,viernes,22,-101.163087710738,19.7114380873717
53164,53170,2025,,2025/06/06,23:20:00,COLISIÓN POR ALCANCE,ASFALTO,Bueno,Bueno,2,JEEP,GRIS,2,,,MASCULINO,SIN DATOS,0,0,Morelia,La Esperanza,junio,viernes,23,-101.253516376019,19.6980112536934
53165,53171,2025,,2025/06/07,"00:25:00",COLISIÓN POR ALCANCE,ASFALTO,Lluvioso,Bueno,3,VOLKSWAGEN,BLANCO,3,MINISTERIO PÚBLICO,38,MASCULINO,SIN DATOS,0,0,Morelia,Cosmos,junio,sábado,0,-101.216446906328,19.6834449365094
53166,53172,2025,,2025/06/07,"01:15:00",CAIDA DE MOTOCICLETA,ASFALTO,Nublado,Regular,1,ITALIKA,GRIS,1,,25,MASCULINO,SIN DATOS,0,0,Morelia,Alberto Oviedo Mota,junio,sábado,1,-101.199468523264,19.6810545500303
53167,53173,2025,,2025/06/07,"02:15:00",CAIDA DE MOTOCICLETA,ASFALTO,Nublado,Bueno,1,ITALIKA,ROJO,1,,25,MASCULINO,SIN DATOS,0,0,Morelia,La Esperanza,junio,sábado,2,-101.251370608807,19.6984455964763
53168,53174,2025,,2025/06/07,"02:45:00",COLISIÓN POR ALCANCE,ASFALTO,Lluvioso,Regular,2,CHRYSLER,GRIS,2,,56,MASCULINO,SIN DATOS,0,0,Morelia,Hacienda La Trinidad,junio,sábado,3,-101.228156089783,19.6727340096027
53169,53175,2025,,2025/06/07,"03:15:00",COLISIÓN CONTRA OBJETO FIJO,ASFALTO,Lluvioso,Bueno,1,TOYOTA,GRIS,1,,33,MASCULINO,SIN DATOS,0,0,Morelia,Eduardo Ruiz,junio,sábado,3,-101.224100589752,19.7248713683184
53170,53176,2025,,2025/06/07,"03:50:00",COLISIÓN POR CORTE DE CIRCULACIÓN,CONCRETO,Lluvioso,Bueno,2,VOLKSWAGEN,AZUL,2,,28,MASCULINO,SIN DATOS,0,0,Morelia,Centro,junio,sábado,4,-101.188845969737,19.7081277253666
53171,53177,2025,"2025",2025/06/07,"06:00:00",SUBIDA AL CAMELLÓN,ASFALTO,Bueno,Bueno,1,FORD,GRIS,1,,56,MASCULINO,SIN DATOS,0,0,Morelia,La Soledad,junio,sábado,6,-101.184513866901,19.7249811983013
53172,53178,2025,,2025/06/07,"08:30:00",SALIDA DE SUPERFICIE DE RODAMIENTO,ASFALTO,Bueno,Bueno,1,NISSAN,BLANCO,1,,,MASCULINO,SIN DATOS,0,0,Morelia,Sin datos,junio,sábado,9,-101.30229100585,19.5882824484326
53173,53179,2025,MOR20250999,2025/06/07,12:07:00,COLISIÓN POR CORTE DE CIRCULACIÓN,ASFALTO,Bueno,Bueno,2,CHEVROLET,GUINDA,2,,40,MASCULINO,SIN DATOS,0,0,Morelia,San Rafael,junio,sábado,12,-101.153854206204,19.699756193426
53174,53180,2025,MOR202500012345,2025/06/07,12:16:00,COLISIÓN CONTRA OBJETO FIJO,ASFALTO,Bueno,Bueno,2,KENWORTH,ROJO,2,,30,MASCULINO,SIN DATOS,0,0,Morelia,Primo Tapia Oriente,junio,sábado,12,-101.159255504608,19.7182031583049
53175,53181,2025,,2025/06/07,12:20:00,COLISIÓN POR CORTE DE CIRCULACIÓN,ASFALTO,Bueno,Bueno,1,PULSAR,GRIS/NEGRO,2,MINISTERIO PÚBLICO,31,FEMENINO,SIN DATOS,1,0,Morelia,Tres Puentes,junio,sábado,12,-101.213258430362,19.7052263677749
53176,53182,2025,,2025/06/07,14:15:00,COLISIÓN CON PEATÓN,SIN_DATOS,Bueno,Bueno,2,GMC,VERDE,2,,,MASCULINO,SIN DATOS,0,0,Morelia,Felix Ireta,junio,sábado,14,-101.189575195313,19.6822630066074
53177,53183,2025,,2025/06/07,15:30:00,COLISIÓN POR CORTE DE CIRCULACIÓN,CONCRETO,Bueno,Bueno,2,NISSAN,BLANCO,2,,46,MASCULINO,SIN DATOS,0,0,Morelia,La Soledad,junio,sábado,16,-101.184529960155,19.7249597372761
53178,53184,2025,,2025/06/07,15:50:00,SALIDA DE SUPERFICIE DE RODAMIENTO,ASFALTO,Bueno,Bueno,1,BMW,BLANCO,1,,30,MASCULINO,SIN DATOS,0,0,Charo,Sin datos,junio,sábado,16,-101.019674353302,19.6883240932651
53179,53185,2025,MOR202522222,2025/06/07,15:50:00,COLISIÓN POR CORTE DE CIRCULACIÓN,ASFALTO,Lluvioso,Bueno,2,NISSAN,ARENA,2,,24,MASCULINO,SIN DATOS,0,0,Morelia,Centro,junio,sábado,16,-101.185551211238,19.7045597298755
53180,53186,2025,,2025/06/07,21:00:00,COLISIÓN POR CORTE DE CIRCULACIÓN,ASFALTO,Bueno,Bueno,1,NISSAN,BLANCO,1,,34,MASCULINO,SIN DATOS,0,0,Morelia,Central de Abastos,junio,sábado,21,-101.169853918254,19.7159256521562
53181,53187,2025,,2025/06/07,21:30:00,COLISIÓN POR CORTE DE CIRCULACIÓN,ASFALTO,Bueno,Bueno,2,ITALIKA,BLANCO,2,,18,,SIN DATOS,0,0,Morelia,Centro,junio,sábado,22,-101.201673969626,19.7028691338085
53182,53188,2025,,2025/06/07,21:40:00,COLISIÓN CONTRA OBJETO FIJO,ASFALTO,Lluvioso,Bueno,1,FORD,ROJO,1,,22,,SIN DATOS,0,0,Morelia,Vista Bella,junio,sábado,22,-101.192189007998,19.682230806472
53183,53189,2025,,2025/06/07,23:40:00,COLISIÓN POR CORTE DE CIRCULACIÓN,ASFALTO,Bueno,Bueno,2,FORD,ROJO,2,MINISTERIO PÚBLICO,58,MASCULINO,SIN DATOS,0,0,Morelia,Pastor Manuel Sanchez Camarena,junio,sábado,0,-101.199419237673,19.7386790562869
53184,53190,2025,,2025/06/08,"00:05:00",COLISIÓN CONTRA OBJETO FIJO,ASFALTO,Bueno,Bueno,1,FORD,BLANCO,1,,,MASCULINO,SIN DATOS,0,0,Huiramba,Sin datos,junio,domingo,0,-101.483459472656,19.5093146066464
53185,53191,2025,,2025/06/08,10:30:00,COLISIÓN CONTRA OBJETO FIJO,ASFALTO,Bueno,Bueno,1,HONDA,NEGRO,1,,26,MASCULINO,SIN DATOS,0,0,Morelia,Sin datos,junio,domingo,11,-101.166990995407,19.667634639579
53186,53192,2025,,2025/06/08,11:40:00,COLISIÓN POR INVASIÓN DE CARRIL,ASFALTO,Bueno,Bueno,2,VOLKSWAGEN,GRIS,2,,33,MASCULINO,SIN DATOS,0,0,Morelia,Ventura Puente,junio,domingo,12,-101.191932857037,19.6924139343991
53187,53193,2025,,2025/06/08,16:40:00,COLISIÓN CON PEATÓN,CONCRETO,Bueno,Bueno,1,TOYOTA,BLANCO Y ROJO,2,MINISTERIO PÚBLICO,21,MASCULINO,SIN DATOS,1,0,Morelia,Ampliacion La Soledad,junio,domingo,17,-101.190559566021,19.7316112546738
53188,53194,2025,,2025/06/08,16:40:00,COLISIÓN POR CAMBIO DE CARRIL,ASFALTO,Bueno,Bueno,2,JEEP,GRIS,2,,41,MASCULINO,SIN DATOS,0,0,Morelia,Felix Ireta,junio,domingo,17,-101.191782318056,19.6824192718784
53189,53195,2025,LEG56932,2025/06/08,20:00:00,CAIDA DE MOTOCICLETA,ASFALTO,Bueno,Bueno,1,BAJAJ,NEGRO,1,,21,MASCULINO,SIN DATOS,0,0,Morelia,Insurgentes,junio,domingo,20,-101.155416805,19.6953315299991
53190,53196,2025,,2025/06/08,21:18:00,COLISIÓN POR INVASIÓN DE CARRIL,ASFALTO,Bueno,Bueno,3,VOLKSWAGEN,NEGRO,3,,,MASCULINO,SIN DATOS,0,0,Charo,Sin datos,junio,domingo,21,-101.029522418976,19.7626900765475
53191,53197,2025,,2025/06/09,"09:20:00",COLISIÓN POR INVASIÓN DE CARRIL,ASFALTO,Bueno,Bueno,2,NISSAN,BLANCO y AMARILLO,2,,27,MASCULINO,SIN DATOS,0,0,Morelia,Centro,junio,lunes,9,-101.17789641,19.7013360799991
53192,53198,2025,,2025/06/09,"09:22:00",COLISIÓN POR CORTE DE CIRCULACIÓN,ASFALTO,Bueno,Bueno,2,TOYOTA,BLANCO,3,MINISTERIO PÚBLICO,31,MASCULINO,SIN DATOS,1,0,Morelia,El Eden,junio,lunes,9,-101.254533742186,19.6458726207089
53193,53199,2025,,2025/06/09,10:15:00,COLISIÓN POR CORTE DE CIRCULACIÓN,ASFALTO,Bueno,Bueno,2,AMBIS,BLANCO,2,,38,MASCULINO,SIN DATOS,0,0,Morelia,Camelinas,junio,lunes,10,-101.17262119,19.6818144849991
53194,53200,2025,,2025/06/09,10:20:00,COLISIÓN POR ALCANCE,CONCRETO,Bueno,Bueno,2,NISSAN,ROJO,2,,39,MASCULINO,SIN DATOS,0,0,Morelia,Obrera,junio,lunes,10,-101.182124255,19.7116006999991
53195,53201,2025,LEG56944,2025/06/09,10:30:00,COLISIÓN CON PEATÓN,ASFALTO,Bueno,Bueno,1,DODGE,CAFE,2,MINISTERIO PÚBLICO,25,MASCULINO,SIN DATOS,1,0,Morelia,Comision Federal de Electricidad,junio,lunes,11,-101.181381046772,19.6814068596291
53196,53202,2025,,2025/06/09,10:55:00,COLISIÓN POR CORTE DE CIRCULACIÓN,ASFALTO,Bueno,Bueno,2,VOLKSWAGEN,NEGRO,2,,20,MASCULINO,SIN DATOS,0,0,Morelia,Gertrudis Sanchez,junio,lunes,11,-101.205776745,19.7441101549991
53197,53203,2025,,2025/06/09,11:05:00,COLISIÓN POR CORTE DE CIRCULACIÓN,CONCRETO,Bueno,Bueno,2,NISSAN,BLANCO,3,MINISTERIO PÚBLICO,27,MASCULINO,SIN DATOS,1,0,Morelia,Reforma,junio,lunes,11,-101.24256759882,19.707596823788
53198,53204,2025,LEG56943,2025/06/09,12:20:00,COLISIÓN POR CORTE DE CIRCULACIÓN,ASFALTO,Bueno,Bueno,2,CHEVROLET,ROJO,2,,30,MASCULINO,SIN DATOS,0,0,Morelia,La Soledad,junio,lunes,12,-101.183329671621,19.7280286346162
53199,53205,2025,,2025/06/09,14:11:00,COLISIÓN POR ALCANCE,ASFALTO,Bueno,Bueno,3,FORD,ROJO,3,,20,,SIN DATOS,0,0,Morelia,Cosmos,junio,lunes,14,-101.216681264341,19.6831324078162
53200,53206,2025,,2025/06/09,16:20:00,COLISIÓN POR ALCANCE,ASFALTO,Bueno,Bueno,2,NISSAN,BLANCO,2,,22,MASCULINO,SIN DATOS,0,0,Morelia,Felix Ireta,junio,lunes,16,-101.192121952772,19.6822516418545
53201,53207,2025,LEG56949,2025/06/09,17:30:00,COLISIÓN CON PEATÓN,ASFALTO,Bueno,Bueno,1,YAMAHA,NEGRO,2,MINISTERIO PÚBLICO,,,,1,1,Morelia,Irrigacion,junio,lunes,18,-101.22268371284,19.7052326806205
53202,53208,2025,LEG56948,2025/06/09,17:51:00,COLISIÓN POR CORTE DE CIRCULACIÓN,SIN_DATOS,Bueno,Bueno,2,CHEVROLET,AZUL,2,MINISTERIO PÚBLICO,30,FEMENINO,SIN DATOS,0,0,Morelia,Sin datos,junio,lunes,18,-101.106505919884,19.7281098433193
53205,53211,2025,,2025/06/09,21:35:00,COLISIÓN POR ALCANCE,CONCRETO,Bueno,Bueno,1,VOLKSWAGEN,AZUL,1,,46,MASCULINO,ALIENTO ETÍLICO,0,0,Morelia,El Lago 1,junio,lunes,22,-101.216335622487,19.7307987163553
53207,53213,2025,,2025/06/09,23:05:00,SALIDA DE SUPERFICIE DE RODAMIENTO,CONCRETO,Lluvioso,Regular,1,VOLKSWAGEN,NEGRO,1,,51,MASCULINO,SIN DATOS,0,0,Morelia,La Aldea,junio,lunes,23,-101.135663645255,19.7450724546328
53209,53215,2025,LEG56953,2025/06/10,"08:40:00",COLISIÓN POR CORTE DE CIRCULACIÓN,CONCRETO,Bueno,Bueno,2,VOLKSWAGEN,ROJO,2,,44,MASCULINO,SIN DATOS,0,0,Morelia,Alberto Oviedo Mota,junio,martes,9,-101.19813144207,19.681558390401
53211,53217,2025,,2025/06/10,10:00:00,COLISIÓN POR MANIOBRA DE REVERSA,ASFALTO,Bueno,Bueno,2,CHEVROLET,ROJO,2,,71,MASCULINO,SIN DATOS,0,0,Morelia,Loma Real,junio,martes,10,-101.198925375938,19.7303211167497
53212,53218,2025,,2025/06/10,12:05:00,COLISIÓN POR CORTE DE CIRCULACIÓN,CONCRETO,Bueno,Bueno,2,HYUNDAI,PLATA,2,MINISTERIO PÚBLICO,49,MASCULINO,SIN DATOS,0,0,Morelia,Centro,junio,martes,12,-101.17939285934,19.7027289865067