fid,id_accidente,anio_origen,folio_c5i,dia_incidente,hora_ocurrencia,tipo_incidente_vial,superficie_ocurrencia,condiciones_climaticas,condiciones_via,numero_vehiculos_involucrados,marca_vehiculo_ocasiona_siniestro,color_vehiculo_ocasiona_siniestro,numero_personas_involucradas,lugar_remite_presunto_responsable,edad_presunto_responsable,sexo_presunto_responsable,resultados_toxicologia,numero_personas_lesionadas,numero_personas_fallecidas,municipio,colonia,mes,dia_semana,hora_redondeada,lon,lat
53213,53219,2025,,2025/06/10,12:10:00,COLISIÓN POR CORTE DE CIRCULACIÓN,ASFALTO,Bueno,Bueno,2,TOYOTA,BLANCO Y NARANJA,2,,51,MASCULINO,SIN DATOS,0,0,Morelia,Centro,junio,martes,12,-101.188661903143,19.7107721066236
53214,53220,2025,LEG56959,2025/06/10,12:35:00,COLISIÓN POR CORTE DE CIRCULACIÓN,ASFALTO,Bueno,Bueno,3,NISSAN,GRIS,3,,17,FEMENINO,SIN DATOS,0,0,Morelia,Valle de Altozano,junio,martes,13,-101.164810359478,19.6654574445665
53215,53221,2025,,2025/06/10,14:20:00,COLISIÓN POR INVASIÓN DE CARRIL,ASFALTO,Bueno,Bueno,2,CHEVROLET,BLANCO,1,MINISTERIO PÚBLICO,36,MASCULINO,SIN DATOS,0,0,Morelia,Prados Verdes,junio,martes,14,-101.195358037949,19.7129903483211
53216,53222,2025,LEG56960,2025/06/10,15:20:00,COLISIÓN POR ALCANCE,ASFALTO,Bueno,Bueno,2,VOLKSWAGEN,NEGRO,2,,32,MASCULINO,SIN DATOS,0,0,Morelia,Camelinas,junio,martes,15,-101.16619437933,19.6841583835643
53217,53223,2025,,2025/06/10,18:20:00,COLISIÓN POR CORTE DE CIRCULACIÓN,CONCRETO,Bueno,Bueno,2,TOYOTA,HIACE,2,,51,MASCULINO,SIN DATOS,0,0,Morelia,Centro,junio,martes,18,-101.17789641,19.7013360799991
53218,53224,2025,LEG56964,2025/06/10,19:15:00,COLISIÓN POR CAMBIO DE CARRIL,ASFALTO,Bueno,Bueno,1,NISSAN,GRIS,2,,40,MASCULINO,SIN DATOS,0,0,Morelia,Ferrocarrilero,junio,martes,19,-101.223609235,19.6918737849991
53219,53225,2025,LEG56963,2025/06/10,20:08:00,COLISIÓN POR CORTE DE CIRCULACIÓN,ASFALTO,Bueno,Bueno,2,AUDI,AZUL,2,,38,MASCULINO,SIN DATOS,0,0,Morelia,Alberto Oviedo Mota,junio,martes,20,-101.198908182011,19.681555672698
53220,53226,2025,MOR/2025006252,2025/06/10,22:00:00,COLISIÓN POR ALCANCE,ASFALTO,Bueno,Regular,2,FORD,BLANCO,2,,51,MASCULINO,SIN DATOS,0,0,Morelia,Eduardo Ruiz,junio,martes,22,-101.21265151,19.7159304249991
53222,53228,2025,,2025/06/11,"00:00:00",COLISIÓN POR CORTE DE CIRCULACIÓN,ASFALTO,Nublado,Bueno,2,VENTO,GRIS,2,,29,MASCULINO,SIN DATOS,0,0,Morelia,La Hacienda,junio,miércoles,0,-101.314941644669,19.6868789237424
53223,53229,2025,MOR2025000023,2025/06/11,"09:15:00",COLISIÓN POR CORTE DE CIRCULACIÓN,CONCRETO,Bueno,Bueno,2,NISSAN,GRIS,2,,48,FEMENINO,SIN DATOS,0,0,Morelia,Villa Universidad,junio,miércoles,9,-101.199352667542,19.6833167641249
53224,53230,2025,,2025/06/11,11:25:00,COLISIÓN CON PEATÓN,SIN_DATOS,Bueno,Bueno,2,MITSUBISHI,BLANCO,2,,59,MASCULINO,SIN DATOS,0,0,Morelia,Nueva Chapultepec,junio,miércoles,11,-101.165716946125,19.6889567059635
53225,53231,2025,LEG56969,2025/06/11,11:45:00,COLISIÓN POR CORTE DE CIRCULACIÓN,ASFALTO,Bueno,Bueno,2,NISSAN,BLANCO,2,,47,MASCULINO,SIN DATOS,0,0,Morelia,Indeco El Vivero,junio,miércoles,12,-101.231829710305,19.6776993620871
53226,53232,2025,LEG56970,2025/06/11,16:10:00,COLISIÓN POR CAMBIO DE CARRIL,ASFALTO,Bueno,Regular,2,VOLSKWAGEN,VERDE,2,,37,MASCULINO,SIN DATOS,0,0,Morelia,Vicente Lombardo Toledano (Ejidal Isacc Arriaga) (Etnias de Mexico),junio,miércoles,16,-101.149385645986,19.7200324620856
53227,53233,2025,,2025/06/11,16:41:00,COLISIÓN POR MANIOBRA DE REVERSA,CONCRETO,Bueno,Bueno,2,TOYOTA,AZUL,2,,42,FEMENINO,SIN DATOS,0,0,Morelia,Quinceo,junio,miércoles,17,-101.224244087934,19.7253725459024
53228,53234,2025,,2025/06/11,21:15:00,COLISIÓN POR CORTE DE CIRCULACIÓN,ASFALTO,Bueno,Bueno,2,HYUNDAI,GRIS,2,MINISTERIO PÚBLICO,,MASCULINO,SIN DATOS,0,0,Morelia,Nueva Valladolid,junio,miércoles,21,-101.210776045918,19.6951772643608
53229,53235,2025,LEG56980,2025/06/12,"08:00:00",COLISIÓN CONTRA OBJETO FIJO,ASFALTO,Bueno,Bueno,1,NISSAN,ROJO,1,MINISTERIO PÚBLICO,,,SIN DATOS,0,0,Morelia,Felicitas del Rio,junio,jueves,8,-101.196852698922,19.6917914367623
53230,53236,2025,,2025/06/12,"09:30:00",COLISIÓN POR ALCANCE,ASFALTO,Bueno,Bueno,2,FORD,BLANCO Y AZUL,2,,,MASCULINO,SIN DATOS,0,0,Morelia,Jardines del Toreo,junio,jueves,10,-101.215471588075,19.6854523663744
53231,53237,2025,,2025/06/12,"09:55:00",COLISIÓN POR MANIOBRA DE REVERSA,CONCRETO,Bueno,Bueno,2,MERCEDES BENZ,AMARILLO Y GUINDA,2,MINISTERIO PÚBLICO,38,MASCULINO,SIN DATOS,0,0,Morelia,Sin datos,junio,jueves,10,-101.102553932594,19.7308875801082
53232,53238,2025,,2025/06/12,10:10:00,COLISIÓN POR CORTE DE CIRCULACIÓN,ASFALTO,Bueno,Bueno,2,PEUGEOT,AZUL,2,,25,FEMENINO,SIN DATOS,0,0,Morelia,Valle de Las Flores,junio,jueves,10,-101.131164729595,19.6857355322357
53233,53239,2025,LEG56981,2025/06/12,13:30:00,COLISIÓN POR CORTE DE CIRCULACIÓN,ASFALTO,Bueno,Bueno,2,MERCEDES BENZ,BLANCO Y NARANJA,2,,28,MASCULINO,SIN DATOS,0,0,Morelia,Nueva Valladolid,junio,jueves,14,-101.209013164043,19.7021759716315
53234,53240,2025,,2025/06/12,15:50:00,COLISIÓN POR ALCANCE,ASFALTO,Bueno,Bueno,2,TOYOTA,BLANCO,2,,,,SIN DATOS,0,0,Morelia,Vicente Lombardo Toledano (Ejidal Isacc Arriaga) (Etnias de Mexico),junio,jueves,16,-101.152753159404,19.717548567981
53235,53241,2025,,2025/06/12,17:30:00,COLISIÓN POR INVASIÓN DE CARRIL,ASFALTO,Bueno,Bueno,2,MAZDA,PLATA,2,,37,FEMENINO,SIN DATOS,0,0,Morelia,Sin datos,junio,jueves,18,-101.245815753937,19.6831923881177
53236,53242,2025,,2025/06/12,22:00:00,VOLCADURA,ASFALTO,Bueno,Bueno,1,VOLKSWAGEN,ROJO,1,MINISTERIO PÚBLICO,,,SIN DATOS,0,0,Morelia,Ciudad Industrial,junio,jueves,22,-101.126988530159,19.7343707514972
53237,53243,2025,,2025/06/12,23:20:00,COLISIÓN POR ALCANCE,CONCRETO,Bueno,Bueno,2,SEAT,BLANCO,2,,46,MASCULINO,SIN DATOS,0,0,Morelia,Niños Heroes,junio,jueves,23,-101.239900812507,19.7141597419516
53238,53244,2025,,2025/06/12,23:30:00,COLISIÓN CONTRA OBJETO FIJO,ASFALTO,Bueno,Bueno,2,NISSAN,NEGRO,2,,23,MASCULINO,SIN DATOS,0,0,Morelia,Lazaro Cardenas,junio,jueves,0,-101.160341128707,19.7101660932959
53239,53245,2025,,2025/06/13,"05:55:00",COLISIÓN POR ALCANCE,ASFALTO,Nublado,Bueno,2,TOYOTA,BLANCO/AZUL,2,,24,MASCULINO,SIN DATOS,0,0,Morelia,Los Manantiales de Morelia,junio,viernes,6,-101.240272969007,19.692738440321
53240,53246,2025,LEG56986,2025/06/13,"08:15:00",COLISIÓN POR CORTE DE CIRCULACIÓN,ASFALTO,Bueno,Bueno,2,VOLKSWAGEN,GRIS,2,,62,MASCULINO,SIN DATOS,0,0,Morelia,Irrigacion,junio,viernes,8,-101.227086558938,19.7041544429766
53241,53247,2025,,2025/06/13,12:00:00,CAIDA DE MOTOCICLETA,ASFALTO,Bueno,Bueno,1,HONDA,BLANCO,2,,35,MASCULINO,SIN DATOS,1,0,Morelia,Sin datos,junio,viernes,12,-101.290675699711,19.5998574910804
53242,53248,2025,,2025/06/13,15:40:00,COLISIÓN CONTRA OBJETO FIJO,ASFALTO,Lluvioso,Bueno,1,VOLKSWAGEN,PLATA,1,,50,MASCULINO,SIN DATOS,0,0,Morelia,Sin datos,junio,viernes,16,-101.23703353107,19.6604835038558
53243,53249,2025,,2025/06/13,15:50:00,CAIDA DE MOTOCICLETA,ASFALTO,Bueno,Bueno,1,VELOCI,ROJO,3,MINISTERIO PÚBLICO,21,MASCULINO,SIN DATOS,2,0,Morelia,Sin datos,junio,viernes,16,-101.12181186676,19.7349665743792
53244,53250,2025,LEG56990,2025/06/13,16:00:00,COLISIÓN POR CORTE DE CIRCULACIÓN,ASFALTO,Bueno,Bueno,2,MERCEDES BENZ,NEGRO,2,,33,MASCULINO,SIN DATOS,0,0,Morelia,Torreon Nuevo,junio,viernes,16,-101.204216703773,19.7474436298855
53245,53251,2025,,2025/06/13,18:20:00,SALIDA DE SUPERFICIE DE RODAMIENTO,ASFALTO,Lluvioso,Bueno,1,BMW,GRIS,1,,,MASCULINO,SIN DATOS,0,0,Charo,Sin datos,junio,viernes,18,-101.074372641742,19.6835693164459
53246,53252,2025,,2025/06/13,19:20:00,COLISIÓN POR ALCANCE,ASFALTO,Bueno,Bueno,2,MITSUBISHI,GRIS,2,,45,MASCULINO,SIN DATOS,0,0,Morelia,Sentimientos de La Nacion,junio,viernes,19,-101.236870586872,19.6848061654826
53247,53253,2025,,2025/06/13,20:25:00,COLISIÓN POR CAMBIO DE CARRIL,CONCRETO,Lluvioso,Bueno,2,RENAULT,GRIS,2,,26,MASCULINO,SIN DATOS,0,0,Morelia,Loma de Los Piñones,junio,viernes,20,-101.205072999001,19.6740296632099
53248,53254,2025,,2025/06/13,21:50:00,COLISIÓN CONTRA OBJETO FIJO,CONCRETO,Bueno,Regular,1,CHEVROLET,BLANCO,1,,24,FEMENINO,SIN DATOS,0,0,Morelia,Lomas de Las Americas Sur,junio,viernes,22,-101.143714785576,19.6921576121359
53249,53255,2025,LEG56983,2025/06/13,22:20:00,CAIDA DE MOTOCICLETA,ASFALTO,Lluvioso,Bueno,2,DINAMO,VERDE,1,,42,MASCULINO,SIN DATOS,0,0,Morelia,Ciudad Industrial,junio,viernes,22,-101.13790512085,19.7306379715495
53250,53256,2025,MOR2025754,2025/06/14,"00:00:00",COLISIÓN CONTRA OBJETO FIJO,ASFALTO,Bueno,Bueno,1,VOLKSWAGEN,ROJO,1,,,MASCULINO,SIN DATOS,0,0,Morelia,Colinas del Sol,junio,sábado,0,-101.135872006416,19.7293591871729
53251,53257,2025,,2025/06/14,"01:30:00",COLISIÓN CONTRA OBJETO FIJO,ASFALTO,Lluvioso,Bueno,1,NISSAN,BLANCO,1,,22,MASCULINO,SIN DATOS,0,0,Morelia,Centro,junio,sábado,2,-101.181875914335,19.7023382147782
53252,53258,2025,,2025/06/14,"02:25:00",SUBIDA AL CAMELLÓN,ASFALTO,Lluvioso,Bueno,1,VOLKSWAGEN,GRIS,1,,52,MASCULINO,SIN DATOS,0,0,Morelia,Ciudad Industrial,junio,sábado,2,-101.141528785229,19.7258819275542
53253,53259,2025,MOR20250063733,2025/06/14,"04:35:00",COLISIÓN CONTRA OBJETO FIJO,CONCRETO,Bueno,Bueno,2,SUZUKI,NEGRO,2,,30,MASCULINO,SIN DATOS,0,0,Morelia,Bonanza,junio,sábado,5,-101.20213329792,19.6578420809764
53254,53260,2025,,2025/06/14,"05:10:00",COLISIÓN POR INVASIÓN DE CARRIL,ASFALTO,Nublado,Bueno,2,VOLKSWAGEN,GRIS,2,,31,MASCULINO,SIN DATOS,0,0,Morelia,Villas Lomas del Paraiso,junio,sábado,5,-101.173535585403,19.6744438660519
53255,53261,2025,,2025/06/14,"07:50:00",COLISIÓN POR INVASIÓN DE CARRIL,ASFALTO,Bueno,Bueno,2,HYUNDAI,GRIS,2,MINISTERIO PÚBLICO,33,MASCULINO,SIN DATOS,0,0,Morelia,Santa Maria de Guido,junio,sábado,8,-101.190516650677,19.6768204604437
53256,53262,2025,,2025/06/14,"09:40:00",COLISIÓN POR CAMBIO DE CARRIL,ASFALTO,Bueno,Bueno,2,CHEVROLET,BLANCO,2,,26,MASCULINO,SIN DATOS,0,0,Morelia,Ampliacion La Soledad,junio,sábado,10,-101.182896494865,19.7339516544096
53257,53263,2025,LEG56999,2025/06/14,"09:50:00",COLISIÓN POR CORTE DE CIRCULACIÓN,CONCRETO,Lluvioso,Bueno,3,CHEVROLET,GRIS,3,,35,MASCULINO,SIN DATOS,0,0,Morelia,Jacarandas,junio,sábado,10,-101.210483685136,19.7065763641406
53258,53264,2025,,2025/06/14,14:30:00,COLISIÓN POR ALCANCE,CONCRETO,Bueno,Bueno,2,NISSAN,PLATA,2,,23,MASCULINO,SIN DATOS,0,0,Morelia,Nueva Valladolid,junio,sábado,15,-101.210644617677,19.7019651184246
53259,53265,2025,,2025/06/14,14:30:00,VOLCADURA,ASFALTO,Nublado,Bueno,1,JEEP,NEGRO,2,,21,FEMENINO,SIN DATOS,1,0,Charo,Sin datos,junio,sábado,15,-100.979817733169,19.6509153222581
53260,53266,2025,,2025/06/14,15:20:00,COLISIÓN POR CORTE DE CIRCULACIÓN,ASFALTO,Bueno,Bueno,2,ITALIKA,NEGRO,2,,46,MASCULINO,SIN DATOS,0,0,Morelia,Independencia,junio,sábado,15,-101.176129281521,19.7056221827132
53261,53267,2025,,2025/06/14,16:55:00,COLISIÓN POR CAMBIO DE CARRIL,CONCRETO,Nublado,Bueno,2,FORD,BLANCO/VERDE,2,MINISTERIO PÚBLICO,,MASCULINO,SIN DATOS,0,0,Morelia,Los Manantiales de Morelia,junio,sábado,17,-101.241384744644,19.695369818132
53263,53269,2025,,2025/06/14,19:45:00,SUBIDA AL CAMELLÓN,CONCRETO,Lluvioso,Regular,1,TOYOTA,BLANCO,1,MINISTERIO PÚBLICO,65,MASCULINO,SIN DATOS,0,0,Morelia,Rafael Carrillo,junio,sábado,20,-101.237169653177,19.7072622475717
53264,53270,2025,,2025/06/14,19:55:00,SUBIDA AL CAMELLÓN,CONCRETO,Lluvioso,Malo,1,BMW,BLANCO,1,,39,MASCULINO,SIN DATOS,0,0,Morelia,Rafael Carrillo,junio,sábado,20,-101.236433386803,19.7078114572186
53265,53271,2025,,2025/06/14,22:30:00,COLISIÓN POR CORTE DE CIRCULACIÓN,ASFALTO,Nublado,Malo,1,FORD,BLANCO,1,,51,MASCULINO,SIN DATOS,0,0,Tarímbaro,Los Angeles,junio,sábado,23,-101.17169290781,19.7507172043786
53266,53272,2025,MOR20257893,2025/06/14,23:21:00,COLISIÓN POR CORTE DE CIRCULACIÓN,ASFALTO,Bueno,Bueno,2,BAJAJ,NEGRO,2,,,MASCULINO,SIN DATOS,0,0,Morelia,Emiliano Zapata,junio,sábado,23,-101.216721832752,19.7161718364801
53267,53273,2025,,2025/06/15,"06:40:00",COLISIÓN CONTRA OBJETO FIJO,CONCRETO,Nublado,Regular,2,NISSAN,BLANCO,2,,,,SIN DATOS,0,0,Morelia,Club Campestre La Huerta,junio,domingo,7,-101.233114153147,19.6680109730746
53268,53274,2025,,2025/06/15,"07:20:00",COLISIÓN CONTRA OBJETO FIJO,ASFALTO,Bueno,Bueno,1,NISSAN,ROJO,1,,24,MASCULINO,SIN DATOS,0,0,Morelia,Barrio Alto,junio,domingo,7,-101.195307075977,19.7244307852145
53269,53275,2025,,2025/06/15,"09:25:00",COLISIÓN CONTRA OBJETO FIJO,ASFALTO,Bueno,Bueno,1,CHEVROLE,BLANCO,1,,43,MASCULINO,SIN DATOS,0,0,Morelia,La Loma,junio,domingo,9,-101.18372797966,19.6796833273176
53270,53276,2025,,2025/06/15,11:20:00,COLISIÓN CONTRA OBJETO FIJO,ASFALTO,Bueno,Bueno,1,PONTIAC,GRIS,2,MINISTERIO PÚBLICO,55,MASCULINO,SIN DATOS,1,0,Morelia,El Lago 2,junio,domingo,11,-101.214541196823,19.7266829221832
53271,53277,2025,,2025/06/15,11:50:00,COLISIÓN CONTRA OBJETO FIJO,CONCRETO,Bueno,Bueno,1,FORD,GRIS,1,,43,MASCULINO,SIN DATOS,0,0,Morelia,Tierra Y Libertad,junio,domingo,12,-101.220879256725,19.7154572696521
53272,53278,2025,,2025/06/15,20:46:00,COLISIÓN POR CAMBIO DE CARRIL,ASFALTO,Bueno,Bueno,2,RENAULT,BLANCO Y AZUL,2,MINISTERIO PÚBLICO,43,MASCULINO,SIN DATOS,0,0,Morelia,Elias Perez Avalos,junio,domingo,21,-101.167020499706,19.7113415045536
53273,53279,2025,MOR 20251506,2025/06/15,23:50:00,COLISIÓN CONTRA OBJETO FIJO,ASFALTO,Lluvioso,Malo,2,MAZDA,GRIS,1,,29,MASCULINO,SIN DATOS,0,0,Morelia,Chapultepec Sur,junio,domingo,0,-101.165818870068,19.6900514609556
53274,53280,2025,,2025/06/16,"08:46:00",COLISIÓN CONTRA OBJETO FIJO,CONCRETO,Bueno,Bueno,1,HONDA,PLATA,0,,,,,0,0,Morelia,Felicitas del Rio,junio,lunes,9,-101.19914598763,19.6886820690212
53275,53281,2025,LEG57027,2025/06/16,"09:08:00",COLISIÓN POR CAMBIO DE CARRIL,ASFALTO,Bueno,Bueno,2,KIA,ROJO,2,,60,FEMENINO,SIN DATOS,0,0,Morelia,Agustin Arriaga Rivera,junio,lunes,9,-101.224548518658,19.6911095907313
53277,53283,2025,LEG57019,2025/06/16,10:00:00,COLISIÓN POR CAMBIO DE CARRIL,ASFALTO,Bueno,Bueno,2,HINO,BLANCO,2,,60,MASCULINO,SIN DATOS,0,0,Morelia,Santillan La Huerta,junio,lunes,10,-101.219553885717,19.6760966650679
53281,53287,2025,LEG57025,2025/06/16,11:20:00,COLISIÓN POR CAMBIO DE CARRIL,ASFALTO,Bueno,Bueno,3,CHEVROLET,AZUL,3,,37,MASCULINO,SIN DATOS,0,0,Morelia,El Realito,junio,lunes,11,-101.20416796,19.7262351599992
53282,53288,2025,,2025/06/16,13:50:00,COLISIÓN POR CORTE DE CIRCULACIÓN,ASFALTO,Bueno,Bueno,2,CHEVROLET,BLANCO,2,MINISTERIO PÚBLICO,33,MASCULINO,SIN DATOS,0,0,Morelia,Jesus Romero Flores,junio,lunes,14,-101.17743819952,19.732045506191
53283,53289,2025,LEG57029,2025/06/16,17:00:00,COLISIÓN POR CAMBIO DE CARRIL,ASFALTO,Lluvioso,Regular,2,FORD,BLANCO,2,,19,MASCULINO,SIN DATOS,0,0,Morelia,La Huerta,junio,lunes,17,-101.217090636492,19.6755134641707
53284,53290,2025,,2025/06/16,19:30:00,COLISIÓN POR CORTE DE CIRCULACIÓN,CONCRETO,Bueno,Bueno,2,TOYOTA,PLATA,2,,57,MASCULINO,SIN DATOS,0,0,Morelia,Industrial,junio,lunes,20,-101.20038587,19.7113992549991
53287,53293,2025,,2025/06/17,"08:40:00",COLISIÓN CON PEATÓN,ASFALTO,Bueno,Bueno,1,NISSAN,GRIS,2,,36,MASCULINO,SIN DATOS,1,0,Morelia,Sin datos,junio,martes,9,-101.173572,19.657644
53288,53294,2025,,2025/06/17,"08:40:00",COLISIÓN POR CORTE DE CIRCULACIÓN,ASFALTO,Nublado,Bueno,2,TOYOTA,BLANCO Y ROSA,2,,19,MASCULINO,SIN DATOS,0,0,Morelia,Cuauhtemoc,junio,martes,9,-101.182606932687,19.697549348141
53291,53297,2025,,2025/06/17,12:00:00,COLISIÓN POR CAMBIO DE CARRIL,ASFALTO,Bueno,Bueno,2,VOLKSWAGEN,BLANCO,2,,,MASCULINO,SIN DATOS,0,0,Morelia,La Esperanza,junio,martes,12,-101.250595450401,19.6986425654893
53292,53298,2025,LEG57042,2025/06/17,12:05:00,COLISIÓN POR ALCANCE,CONCRETO,Bueno,Bueno,2,MG,NEGRO,2,,63,FEMENINO,SIN DATOS,0,0,Morelia,Camelinas,junio,martes,12,-101.169077754021,19.6822680576085
53293,53299,2025,,2025/06/17,12:23:00,COLISIÓN POR MANIOBRA DE REVERSA,ASFALTO,Bueno,Bueno,2,VOLKSWAGEN,GRIS,2,,38,FEMENINO,SIN DATOS,0,0,Morelia,Sentimientos de La Nacion,junio,martes,12,-101.233194944297,19.682432823539
53294,53300,2025,LEG57043,2025/06/17,14:08:00,VOLCADURA,ASFALTO,Bueno,Bueno,1,NISSAN,ROJO,1,,51,MASCULINO,SIN DATOS,0,0,Morelia,Sin datos,junio,martes,14,-101.290683746338,19.5998701250661
53295,53301,2025,,2025/06/17,14:30:00,COLISIÓN POR CORTE DE CIRCULACIÓN,CONCRETO,Bueno,Bueno,2,NISSAN,GRIS,2,,37,MASCULINO,SIN DATOS,0,0,Morelia,Centro,junio,martes,15,-101.189973652363,19.7086889261895
53296,53302,2025,,2025/06/17,16:50:00,COLISIÓN CONTRA OBJETO FIJO,CONCRETO,Bueno,Bueno,2,TOYOTA,BLANCO Y GRIS,2,,62,MASCULINO,SIN DATOS,0,0,Morelia,Union,junio,martes,17,-101.157298833132,19.7098889676862
53297,53303,2025,,2025/06/17,17:36:00,COLISIÓN CONTRA OBJETO FIJO,CONCRETO,Bueno,Bueno,2,VOLKSWAGEN,GRIS,2,,28,MASCULINO,SIN DATOS,0,0,Morelia,Centro,junio,martes,18,-101.194910109043,19.7072104828871
53298,53304,2025,LEG57045,2025/06/17,18:20:00,COLISIÓN POR ALCANCE,ASFALTO,Lluvioso,Bueno,3,CHEVROLET,AZUL,3,MINISTERIO PÚBLICO,54,MASCULINO,SIN DATOS,0,0,Morelia,Sin datos,junio,martes,18,-101.29067838192,19.5998549642832
53299,53305,2025,,2025/06/17,19:56:00,COLISIÓN POR ALCANCE,ASFALTO,Bueno,Bueno,3,FORD,NEGRO,3,,21,MASCULINO,SIN DATOS,0,0,Morelia,Francisco J Mujica,junio,martes,20,-101.18819385767,19.7214640765285
53300,53306,2025,,2025/06/18,"07:22:00",COLISIÓN POR CAMBIO DE CARRIL,ASFALTO,Bueno,Bueno,2,HINO,BLANCO,2,,35,MASCULINO,SIN DATOS,0,0,Morelia,Nicolaitas Ilustres,junio,miércoles,7,-101.225320994854,19.7242060747396
53301,53307,2025,,2025/06/18,"08:40:00",COLISIÓN POR CORTE DE CIRCULACIÓN,ASFALTO,Bueno,Bueno,2,TOYOTA,BLANCO Y ROSA,2,,61,MASCULINO,SIN DATOS,0,0,Morelia,Felicitas del Rio,junio,miércoles,9,-101.201191172004,19.693787082392
53302,53308,2025,,2025/06/18,"08:45:00",COLISIÓN CONTRA OBJETO FIJO,ASFALTO,Bueno,Bueno,2,MG,ROJO,2,,56,FEMENINO,SIN DATOS,0,0,Morelia,Chapultepec Oriente,junio,miércoles,9,-101.159271282308,19.6883518727175
53303,53309,2025,,2025/06/18,"09:30:00",COLISIÓN POR CORTE DE CIRCULACIÓN,CONCRETO,Bueno,Bueno,2,S/D,NEGRO,1,,70,FEMENINO,SIN DATOS,0,0,Morelia,Vasco de Quiroga,junio,miércoles,10,-101.169120669365,19.7023356895943
53304,53310,2025,LEG57049,2025/06/18,11:20:00,COLISIÓN POR CORTE DE CIRCULACIÓN,ASFALTO,Bueno,Bueno,2,NISSAN,BLANCO Y ROJO,2,,41,MASCULINO,SIN DATOS,0,0,Morelia,La Colina,junio,miércoles,11,-101.216162592173,19.7038179656902
53305,53311,2025,,2025/06/18,12:03:00,COLISIÓN POR INVASIÓN DE CARRIL,CONCRETO,Bueno,Bueno,2,TOYOTA,BLANCO CON NARANJA,2,,30,MASCULINO,SIN DATOS,0,0,Morelia,Jose Trinidad Guido,junio,miércoles,12,-101.18598908186,19.6691753281603
53306,53312,2025,LEG57051,2025/06/18,14:00:00,COLISIÓN POR ALCANCE,ASFALTO,Bueno,Bueno,2,CHEVROLET,AZUL,2,MINISTERIO PÚBLICO,33,MASCULINO,SIN DATOS,0,0,Morelia,Arcos del Valle,junio,miércoles,14,-101.236249655485,19.7076334377465
53307,53313,2025,,2025/06/18,14:13:00,COLISIÓN POR CORTE DE CIRCULACIÓN,SIN_DATOS,Lluvioso,Regular,2,CHEVROLET,ARENA,2,,19,MASCULINO,SIN DATOS,0,0,Morelia,Villas del Pedregal,junio,miércoles,14,-101.303971409798,19.6739336892278
53308,53314,2025,LEG57053,2025/06/18,14:40:00,COLISIÓN POR CAMBIO DE CARRIL,ASFALTO,Bueno,Bueno,2,PORSCHE,GRIS,2,,39,FEMENINO,SIN DATOS,0,0,Morelia,Niño Artillero,junio,miércoles,15,-101.255705058575,19.694669047557
53309,53315,2025,,2025/06/18,16:25:00,COLISIÓN POR CORTE DE CIRCULACIÓN,CONCRETO,Lluvioso,Regular,3,NISSAN,ROJO,3,MINISTERIO PÚBLICO,49,FEMENINO,SIN DATOS,0,0,Morelia,Villas del Pedregal,junio,miércoles,16,-101.309093087912,19.6733932030978
53310,53316,2025,LEG57054,2025/06/18,16:34:00,COLISIÓN POR CORTE DE CIRCULACIÓN,ASFALTO,Lluvioso,Malo,2,NISSAN,AZUL,2,,60,MASCULINO,SIN DATOS,0,0,Morelia,Isaac Arriaga,junio,miércoles,17,-101.172390282154,19.7073367381861
53312,53318,2025,,2025/06/19,"02:00:00",COLISIÓN POR MANIOBRA DE REVERSA,ASFALTO,Lluvioso,Regular,2,CHEVROLET,AZUL,2,,27,,SIN DATOS,0,0,Morelia,Plan de Ayala,junio,jueves,2,-101.180417122829,19.7060573619129
53313,53319,2025,MPR2044678,2025/06/19,"09:15:00",COLISIÓN POR CORTE DE CIRCULACIÓN,ASFALTO,Bueno,Bueno,2,CHEVROLET,GRIS,2,,,MASCULINO,SIN DATOS,0,0,Morelia,Loma de Los Piñones,junio,jueves,9,-101.205069310963,19.6740154565385
53314,53320,2025,,2025/06/19,12:30:00,COLISIÓN POR CORTE DE CIRCULACIÓN,CONCRETO,Lluvioso,Bueno,2,ITALIKA,GRAFITO,2,,22,MASCULINO,SIN DATOS,0,0,Morelia,Ampliacion La Soledad,junio,jueves,13,-101.184076666832,19.7329670243952
53315,53321,2025,,2025/06/19,13:50:00,COLISIÓN POR CAMBIO DE CARRIL,ASFALTO,Bueno,Bueno,2,SCANIA,ARENA,2,,59,MASCULINO,SIN DATOS,0,0,Morelia,La Soledad,junio,jueves,14,-101.183215677738,19.7290915626912
53316,53322,2025,,2025/06/19,15:00:00,COLISIÓN POR CORTE DE CIRCULACIÓN,CONCRETO,Bueno,Bueno,2,HYUNDAI,GRIS,2,,39,MASCULINO,SIN DATOS,0,0,Morelia,Ventura Puente,junio,jueves,15,-101.190707087517,19.6924000450259
53317,53323,2025,,2025/06/19,17:08:00,COLISIÓN POR INVASIÓN DE CARRIL,ASFALTO,Bueno,Bueno,2,RAM,BLANCO,2,MINISTERIO PÚBLICO,42,MASCULINO,SIN DATOS,0,0,Morelia,Isaac Arriaga,junio,jueves,17,-101.167680323124,19.7104539499129
53318,53324,2025,LEG57067,2025/06/19,18:27:00,COLISIÓN POR CORTE DE CIRCULACIÓN,ASFALTO,Bueno,Bueno,1,INTERNACIONAL,BLANCO/ROJO,1,,,MASCULINO,SIN DATOS,0,0,Morelia,La Quemada,junio,jueves,18,-101.240864396095,19.7009657714522