fid,id_accidente,anio_origen,folio_c5i,dia_incidente,hora_ocurrencia,tipo_incidente_vial,superficie_ocurrencia,condiciones_climaticas,condiciones_via,numero_vehiculos_involucrados,marca_vehiculo_ocasiona_siniestro,color_vehiculo_ocasiona_siniestro,numero_personas_involucradas,lugar_remite_presunto_responsable,edad_presunto_responsable,sexo_presunto_responsable,resultados_toxicologia,numero_personas_lesionadas,numero_personas_fallecidas,municipio,colonia,mes,dia_semana,hora_redondeada,lon,lat
53319,53325,2025,,2025/06/19,18:50:00,COLISIÓN CON PEATÓN,ASFALTO,Bueno,Bueno,1,VENTO,NEGRO,2,,16,MASCULINO,SIN DATOS,1,0,Morelia,Alfonso Espinoza Guerrero (Barranca Seca),junio,jueves,19,-101.175566017628,19.6733868889967
53320,53326,2025,LEG57061,2025/06/19,20:00:00,COLISIÓN POR CORTE DE CIRCULACIÓN,ASFALTO,Bueno,Bueno,2,SEAT,BLANCO,2,,30,MASCULINO,SIN DATOS,0,0,Morelia,Ventura Puente,junio,jueves,20,-101.18464305,19.6929413399991
53321,53327,2025,,2025/06/19,20:20:00,COLISIÓN POR ALCANCE,ASFALTO,Lluvioso,Bueno,2,NISSAN,BLANCO/VERDE,2,,30,MASCULINO,SIN DATOS,0,0,Morelia,Mariano Michelena,junio,jueves,20,-101.230037659407,19.6769315862051
53322,53328,2025,M0R/20250065563,2025/06/19,21:50:00,COLISIÓN POR ALCANCE,CONCRETO,Bueno,Bueno,2,GML,BLANCO,2,,45,MASCULINO,SIN DATOS,0,0,Morelia,Centro,junio,jueves,22,-101.18754847,19.7028479949991
53323,53329,2025,LEG57075,2025/06/20,"00:00:00",SALIDA DE SUPERFICIE DE RODAMIENTO,ASFALTO,Bueno,Bueno,1,VOLKSWAGEN,NEGRO,1,,,,SIN DATOS,0,0,Morelia,Sin datos,junio,viernes,0,-101.277020573616,19.6277130180469
53324,53330,2025,LEG57070,2025/06/20,"09:30:00",COLISIÓN POR CORTE DE CIRCULACIÓN,CONCRETO,Bueno,Bueno,2,NISSAN,NEGRO,2,,24,MASCULINO,SIN DATOS,0,0,Morelia,Isaac Arriaga,junio,viernes,10,-101.172324568033,19.7078051444748
53325,53331,2025,,2025/06/20,12:40:00,COLISIÓN POR CAMBIO DE CARRIL,ASFALTO,Bueno,Bueno,2,FORD,BLANCO,2,,33,MASCULINO,SIN DATOS,0,0,Morelia,Ampliacion La Soledad,junio,viernes,13,-101.18312984705,19.7300686423558
53326,53332,2025,LEG57072,2025/06/20,15:00:00,COLISIÓN POR CAMBIO DE CARRIL,ASFALTO,Bueno,Bueno,2,HYUNDAI,GRIS,2,,76,FEMENINO,SIN DATOS,0,0,Morelia,Morelos,junio,viernes,15,-101.206156611443,19.7023192758979
53327,53333,2025,MOR/20250066168,2025/06/20,18:22:00,COLISIÓN POR CAMBIO DE CARRIL,ASFALTO,Bueno,Bueno,2,GML,BLANCO,2,MINISTERIO PÚBLICO,27,MASCULINO,SIN DATOS,0,0,Morelia,Las Americas,junio,viernes,18,-101.156530380249,19.6877078932637
53328,53334,2025,,2025/06/20,19:14:00,COLISIÓN POR CORTE DE CIRCULACIÓN,SIN_DATOS,Bueno,Bueno,1,FORD,BCO./AZUL,1,,34,,SIN DATOS,0,0,Morelia,3 de Agosto,junio,viernes,19,-101.171836405993,19.7308550987786
53329,53335,2025,,2025/06/21,"07:01:00",COLISIÓN POR MANIOBRA DE REVERSA,ASFALTO,Bueno,Bueno,3,GREAT DANE,BLANCO,3,,29,MASCULINO,SIN DATOS,0,0,Morelia,Rinconada del Valle,junio,sábado,7,-101.218382790685,19.6788109258312
53330,53336,2025,LEG57077,2025/06/21,10:20:00,COLISIÓN POR ALCANCE,ASFALTO,Bueno,Bueno,2,CHEVROLET,GRIS,2,,38,MASCULINO,SIN DATOS,0,0,Morelia,Sin datos,junio,sábado,10,-101.262413263321,19.6408015533385
53331,53337,2025,LEG57078,2025/06/21,18:10:00,COLISIÓN POR CAMBIO DE CARRIL,ASFALTO,Lluvioso,Regular,2,HYUNDAI,GRIS,2,,39,MASCULINO,SIN DATOS,0,0,Morelia,Mariano Escobedo,junio,sábado,18,-101.20990768075,19.7224374155333
53332,53338,2025,,2025/06/21,19:14:00,COLISIÓN POR MANIOBRA DE REVERSA,ASFALTO,Bueno,Bueno,3,FORD,BLANCO/AZUL,3,,34,MASCULINO,SIN DATOS,0,0,Morelia,3 de Agosto,junio,sábado,19,-101.171833723783,19.7308563611453
53333,53339,2025,,2025/06/22,"00:00:00",COLISIÓN CONTRA OBJETO FIJO,CONCRETO,Bueno,Bueno,1,DODGE,GRIS,1,,,,SIN DATOS,0,0,Morelia,Torremolinos,junio,domingo,0,-101.223676800728,19.6824789367599
53334,53340,2025,,2025/06/22,"08:00:00",SALIDA DE SUPERFICIE DE RODAMIENTO,ASFALTO,Bueno,Bueno,1,CHEVROLET,BLANCO,1,,46,MASCULINO,SIN DATOS,0,0,Morelia,Sin datos,junio,domingo,8,-101.267028003931,19.640002023727
53336,53342,2025,,2025/06/22,14:20:00,COLISIÓN POR CORTE DE CIRCULACIÓN,ASFALTO,Bueno,Bueno,2,MERCEDEZ BENZ,BLANCO,2,,42,MASCULINO,SIN DATOS,0,0,Morelia,Obrera,junio,domingo,14,-101.187358349562,19.7082684992113
53337,53343,2025,LEG57086,2025/06/22,18:40:00,COLISIÓN POR MANIOBRA DE REVERSA,ASFALTO,Bueno,Regular,2,MAZDA,ROJO,1,,,FEMENINO,SIN DATOS,0,0,Morelia,Lindavista,junio,domingo,19,-101.216166615486,19.7038810946909
53338,53344,2025,,2025/06/22,20:00:00,COLISIÓN CONTRA OBJETO FIJO,CONCRETO,Bueno,Bueno,2,CARABELA,GRIS,0,,,,,0,0,Morelia,Industrial,junio,domingo,20,-101.197970509529,19.7069150450979
53339,53345,2025,,2025/06/23,"02:19:00",COLISIÓN POR ALCANCE,ASFALTO,Lluvioso,Regular,2,RENAUL,BLANCO,2,,25,FEMENINO,SIN DATOS,0,0,Morelia,Vicente Guerrero,junio,lunes,2,-101.229018419981,19.7036664559868
53340,53346,2025,,2025/06/23,"09:15:00",COLISIÓN POR CORTE DE CIRCULACIÓN,CONCRETO,Lluvioso,Bueno,2,HONDA,BLANCO,2,,18,MASCULINO,SIN DATOS,0,0,Morelia,Tierra Y Libertad,junio,lunes,9,-101.224100589752,19.7157855162948
53341,53347,2025,,2025/06/23,"09:50:00",COLISIÓN POR CORTE DE CIRCULACIÓN,ASFALTO,Nublado,Bueno,2,HONDA,PLATA,2,,26,MASCULINO,SIN DATOS,0,0,Morelia,Isaac Arriaga,junio,lunes,10,-101.173323690891,19.7068771684188
53342,53348,2025,,2025/06/23,11:15:00,COLISIÓN POR CORTE DE CIRCULACIÓN,ASFALTO,Lluvioso,Bueno,2,TOYOTA,BLANCO,2,,47,MASCULINO,SIN DATOS,0,0,Morelia,Villas del Real,junio,lunes,11,-101.202304959297,19.7318889738034
53343,53349,2025,LEG57098,2025/06/23,11:40:00,COLISIÓN POR CAMBIO DE CARRIL,ASFALTO,Bueno,Bueno,2,CHEVROLET,PLATA,2,MINISTERIO PÚBLICO,40,MASCULINO,SIN DATOS,0,0,Morelia,Los Manantiales de Morelia,junio,lunes,12,-101.240373551846,19.6926854082697
53344,53350,2025,,2025/06/23,11:50:00,COLISIÓN POR ALCANCE,ASFALTO,Bueno,Bueno,2,NISSAN,AZUL,2,,0,MASCULINO,SIN DATOS,0,0,Tarímbaro,Los Angeles,junio,lunes,12,-101.171647310257,19.7507954613623
53345,53351,2025,,2025/06/23,12:50:00,COLISIÓN POR CORTE DE CIRCULACIÓN,ASFALTO,Lluvioso,Bueno,2,DODGE,PLATA,2,,24,MASCULINO,SIN DATOS,0,0,Morelia,Bosques Tres Marias,junio,lunes,13,-101.105249896646,19.7292629307777
53346,53352,2025,,2025/06/23,14:10:00,COLISIÓN POR ALCANCE,ASFALTO,Bueno,Bueno,2,KENWORTH,ROJO Y BLANCO,2,,,MASCULINO,SIN DATOS,0,0,Morelia,Francisco J Mujica,junio,lunes,14,-101.190428137779,19.7224790758254
53347,53353,2025,,2025/06/23,16:10:00,COLISIÓN POR CAMBIO DE CARRIL,ASFALTO,Nublado,Bueno,2,VOLKSWAGEN,PLATA,2,,27,FEMENINO,SIN DATOS,0,0,Morelia,Jesus Romero Flores,junio,lunes,16,-101.180946528912,19.7317677873335
53348,53354,2025,,2025/06/23,17:30:00,COLISIÓN POR CORTE DE CIRCULACIÓN,ASFALTO,Nublado,Regular,2,VOLKSWAGEN,GRIS,2,,28,MASCULINO,SIN DATOS,0,0,Morelia,Los Angeles,junio,lunes,18,-101.167963479351,19.7444751194994
53349,53355,2025,,2025/06/23,18:15:00,COLISIÓN POR ALCANCE,ASFALTO,Bueno,Bueno,1,DODGE,BLANCO,2,,53,MASCULINO,SIN DATOS,0,0,Morelia,Industrial,junio,lunes,18,-101.188373565674,19.7122833423558
53350,53356,2025,MOR20250001234,2025/06/23,19:30:00,SALIDA DE SUPERFICIE DE RODAMIENTO,ASFALTO,Bueno,Bueno,1,FORD,GRIS,1,,62,,SIN DATOS,0,0,Charo,De Santiago,junio,lunes,20,-101.044372,19.745476
53351,53357,2025,,2025/06/23,19:50:00,COLISIÓN POR MANIOBRA DE REVERSA,ASFALTO,Lluvioso,Regular,2,TOYOTA,ROJO,2,,47,MASCULINO,SIN DATOS,0,0,Morelia,Torreon Nuevo,junio,lunes,20,-101.20358663,19.7462449699991
53352,53358,2025,,2025/06/23,20:32:00,COLISIÓN POR ALCANCE,ASFALTO,Lluvioso,Regular,2,JEPP,AMARILLO,2,,60,MASCULINO,SIN DATOS,0,0,Morelia,Lomas de Huerta,junio,lunes,21,-101.210158467293,19.6723980976984
53353,53359,2025,,2025/06/23,20:45:00,COLISIÓN POR MANIOBRA DE REVERSA,CONCRETO,Nublado,Bueno,2,INTERNATIONAL,BLANCO,2,,39,MASCULINO,SIN DATOS,0,0,Morelia,El Lago 1,junio,lunes,21,-101.214233555,19.7278945699991
53354,53360,2025,,2025/06/23,23:00:00,COLISIÓN POR ALCANCE,ASFALTO,Lluvioso,Regular,2,CHEVROLET,NEGRO,2,,36,FEMENINO,SIN DATOS,0,0,Morelia,Sin datos,junio,lunes,23,-101.124013960361,19.7173737155316
53355,53361,2025,LEG57092,2025/06/23,23:30:00,COLISIÓN POR CORTE DE CIRCULACIÓN,ASFALTO,Bueno,Bueno,2,SUZUKI,ROJO,2,,46,MASCULINO,ALIENTO ETÍLICO,0,0,Charo,Sin datos,junio,lunes,0,-101.079730018973,19.6867267666467
53356,53362,2025,LEG57104,2025/06/24,"07:04:00",COLISIÓN POR CORTE DE CIRCULACIÓN,CONCRETO,Bueno,Bueno,2,TOYOTA,BLANCO Y GUINDA,2,,45,MASCULINO,SIN DATOS,0,0,Morelia,La Soledad,junio,martes,7,-101.185087859631,19.7283391820297
53357,53363,2025,,2025/06/24,"08:04:00",COLISIÓN POR ALCANCE,ASFALTO,Bueno,Bueno,3,DODGE,BLANCO,3,,51,FEMENINO,SIN DATOS,0,0,Morelia,Balcones de Morelia,junio,martes,8,-101.20094910264,19.6715924113891
53358,53364,2025,,2025/06/24,"09:30:00",COLISIÓN POR CORTE DE CIRCULACIÓN,ASFALTO,Bueno,Bueno,2,CHEVROLET,BLANCO,2,,38,MASCULINO,SIN DATOS,0,0,Morelia,Industrial,junio,martes,10,-101.197981238365,19.7069806979871
53359,53365,2025,,2025/06/24,11:34:00,COLISIÓN CONTRA OBJETO FIJO,ASFALTO,Bueno,Bueno,1,NISSAN,GRIS,1,,,,SIN DATOS,0,0,Morelia,La Camelina,junio,martes,12,-101.223467588425,19.6684933858608
53360,53366,2025,LEG57109,2025/06/24,11:50:00,COLISIÓN POR CORTE DE CIRCULACIÓN,CONCRETO,Bueno,Bueno,2,NISSAN,BLANCO,2,,59,MASCULINO,SIN DATOS,0,0,Morelia,Lomas de Santa Maria,junio,martes,12,-101.18503421545,19.674972983369
53361,53367,2025,,2025/06/24,13:40:00,COLISIÓN POR CAMBIO DE CARRIL,ASFALTO,Bueno,Bueno,2,FORD,BLANCO,2,,25,MASCULINO,SIN DATOS,0,0,Morelia,La Quemada,junio,martes,14,-101.241332441568,19.700857187577
53362,53368,2025,,2025/06/24,16:40:00,COLISIÓN POR CAMBIO DE CARRIL,ASFALTO,Bueno,Bueno,2,DODGE,AZU,2,,49,MASCULINO,SIN DATOS,0,0,Morelia,La Huerta,junio,martes,17,-101.217145621777,19.6755450342546
53363,53369,2025,MOR/20250067513,2025/06/24,18:05:00,COLISIÓN CONTRA OBJETO FIJO,ASFALTO,Lluvioso,Regular,2,FORD,ROJO,2,,52,MASCULINO,SIN DATOS,0,0,Morelia,Barrio Alto,junio,martes,18,-101.188489345,19.7284095499992
53364,53370,2025,,2025/06/24,18:10:00,COLISIÓN POR CAMBIO DE CARRIL,ASFALTO,Bueno,Bueno,2,FORD,AZUL,2,,34,MASCULINO,SIN DATOS,0,0,Morelia,Centro,junio,martes,18,-101.18875609,19.7086253949991
53365,53371,2025,,2025/06/24,18:10:00,COLISIÓN POR ALCANCE,ASFALTO,Lluvioso,Regular,2,FORD,BLANCO,2,,32,MASCULINO,SIN DATOS,0,0,Morelia,Manantiales de Morelia,junio,martes,18,-101.237404269604,19.6981958763683
53366,53372,2025,,2025/06/24,19:30:00,COLISIÓN POR ALCANCE,ASFALTO,Lluvioso,Regular,2,CHEVROLET,GRIS,2,,84,MASCULINO,SIN DATOS,0,0,Morelia,Chapultepec Sur,junio,martes,20,-101.176351915,19.6910920199992
53368,53374,2025,,2025/06/25,"00:00:00",COLISIÓN POR ALCANCE,ASFALTO,Lluvioso,Bueno,2,MERCEDES BENZ,VERDE,2,,34,MASCULINO,SIN DATOS,0,0,Morelia,Los Angeles,junio,miércoles,0,-101.17706051,19.7405553549992
53369,53375,2025,,2025/06/25,11:40:00,COLISIÓN POR CORTE DE CIRCULACIÓN,ASFALTO,Bueno,Bueno,2,TOYOTA,GRIS,2,,30,FEMENINO,SIN DATOS,0,0,Morelia,Elias Perez Avalos,junio,miércoles,12,-101.165619045496,19.7104583687605
53370,53376,2025,,2025/06/25,12:30:00,COLISIÓN POR CAMBIO DE CARRIL,ASFALTO,Bueno,Bueno,2,VOLKSWAGEN,BLANCO,2,,38,MASCULINO,SIN DATOS,0,0,Morelia,Club de Golf Tres Marias,junio,miércoles,13,-101.114773750305,19.7039050837047
53371,53377,2025,,2025/06/25,13:20:00,COLISIÓN POR CAMBIO DE CARRIL,CONCRETO,Bueno,Bueno,2,FREIGHTLINER,VERDE,2,,34,MASCULINO,SIN DATOS,0,0,Morelia,Division del Norte,junio,miércoles,13,-101.164536774158,19.71080493228
53372,53378,2025,,2025/06/25,14:25:00,COLISIÓN CON PEATÓN,CONCRETO,Bueno,Bueno,2,VOLKSWAGEN /VENTO,BLANCO,2,,31,MASCULINO,SIN DATOS,0,0,Morelia,Torremolinos,junio,miércoles,14,-101.225677393377,19.680912489489
53373,53379,2025,,2025/06/25,15:30:00,COLISIÓN POR CORTE DE CIRCULACIÓN,CONCRETO,Lluvioso,Bueno,2,ITALIKA,GRIS,2,,30,MASCULINO,SIN DATOS,0,0,Morelia,Vista Bella,junio,miércoles,16,-101.196763515472,19.6785391127453
53377,53383,2025,,2025/06/26,"01:10:00",SALIDA DE SUPERFICIE DE RODAMIENTO,TERRACERIA,Bueno,Bueno,1,CHEVROLET,AZUL,1,,41,MASCULINO,SIN DATOS,0,0,Morelia,Fovissste Acueducto,junio,jueves,1,-101.15703969,19.6988840049992
53379,53385,2025,,2025/06/26,"08:07:00",COLISIÓN CONTRA OBJETO FIJO,ASFALTO,Bueno,Bueno,2,NISSAN,PLATA,2,,68,MASCULINO,SIN DATOS,0,0,Morelia,Felix Ireta,junio,jueves,8,-101.195737570524,19.6815343980384
53380,53386,2025,,2025/06/26,"08:23:00",COLISIÓN POR CORTE DE CIRCULACIÓN,ASFALTO,Bueno,Bueno,2,DODGE,BLANCO,2,,28,MASCULINO,SIN DATOS,0,0,Morelia,Alfonso Garcia Robles,junio,jueves,8,-101.183094056834,19.7185941431338
53381,53387,2025,LEG57129,2025/06/26,"08:30:00",COLISIÓN CONTRA OBJETO FIJO,ASFALTO,Bueno,Bueno,1,KENWORTH,BLANCO,1,,24,MASCULINO,SIN DATOS,0,0,Morelia,Las Americas,junio,jueves,9,-101.15084476769,19.6899049889799
53382,53388,2025,LEG57133,2025/06/26,"09:50:00",COLISIÓN POR ALCANCE,ASFALTO,Bueno,Bueno,2,CHEVROLET,BLANCO,2,,38,MASCULINO,SIN DATOS,0,0,Morelia,Mirador del Punhuato,junio,jueves,10,-101.160384714603,19.7049504961781
53383,53389,2025,,2025/06/26,11:40:00,COLISIÓN POR INVASIÓN DE CARRIL,ASFALTO,Bueno,Bueno,2,FREINGHTLINR,ROJO,2,,49,MASCULINO,SIN DATOS,0,0,Morelia,Libertad,junio,jueves,12,-101.237748004496,19.6865313613678
53384,53390,2025,LEG57134,2025/06/26,11:55:00,COLISIÓN POR CAMBIO DE CARRIL,ASFALTO,Bueno,Bueno,2,NISSAN,GUINDA,2,,26,FEMENINO,SIN DATOS,0,0,Morelia,San Rafael,junio,jueves,12,-101.154831200838,19.7005516372074
53385,53391,2025,LEG57135,2025/06/26,14:15:00,COLISIÓN POR CORTE DE CIRCULACIÓN,CONCRETO,Bueno,Bueno,2,NISSAN,BLANCO,2,,40,MASCULINO,SIN DATOS,0,0,Morelia,Chapultepec Oriente,junio,jueves,14,-101.163446456194,19.6896922255694
53386,53392,2025,,2025/06/26,15:29:00,COLISIÓN POR CORTE DE CIRCULACIÓN,CONCRETO,Bueno,Bueno,2,NISSAN,BLANCO,2,,19,FEMENINO,SIN DATOS,0,0,Morelia,La Loma,junio,jueves,15,-101.183613985777,19.6796831870097
53387,53393,2025,LEG57136,2025/06/26,18:30:00,COLISIÓN POR CORTE DE CIRCULACIÓN,CONCRETO,Bueno,Bueno,2,ITALIKA,AZUL,2,MINISTERIO PÚBLICO,21,MASCULINO,SIN DATOS,0,0,Morelia,La Soledad,junio,jueves,19,-101.183702498674,19.726441803655
53388,53394,2025,,2025/06/26,20:40:00,SUBIDA AL CAMELLÓN,ASFALTO,Bueno,Bueno,1,GMC,ROJO,1,,62,MASCULINO,SIN DATOS,0,0,Morelia,Arcos del Valle,junio,jueves,21,-101.236240267754,19.7076448006975
53389,53395,2025,,2025/06/27,"07:55:00",COLISIÓN POR CORTE DE CIRCULACIÓN,ASFALTO,Nublado,Bueno,2,HONDA,ROJO,2,,55,MASCULINO,SIN DATOS,0,0,Morelia,Las Margaritas,junio,viernes,8,-101.208579316735,19.7083246824601
53390,53396,2025,,2025/06/27,"09:20:00",COLISIÓN CON PEATÓN,SIN_DATOS,Bueno,Bueno,2,MAZDA,ARENA,2,,44,MASCULINO,SIN DATOS,0,0,Morelia,Sin datos,junio,viernes,9,-101.354740262032,19.6784671342899
53391,53397,2025,,2025/06/27,12:20:00,COLISIÓN POR CAMBIO DE CARRIL,ASFALTO,Bueno,Bueno,2,JEEP,GRIS,2,,30,FEMENINO,SIN DATOS,0,0,Morelia,Morelos,junio,viernes,12,-101.206892877817,19.7014177826057
53392,53398,2025,,2025/06/27,12:37:00,COLISIÓN POR CAMBIO DE CARRIL,ASFALTO,Bueno,Bueno,2,FREIGHTLINER,ROJO,2,,31,MASCULINO,SIN DATOS,0,0,Morelia,La Esperanza,junio,viernes,13,-101.153897792101,19.6995213473631
53393,53399,2025,,2025/06/27,13:15:00,COLISIÓN POR CAMBIO DE CARRIL,ASFALTO,Bueno,Bueno,2,MITSUBISHI,BLANCO,2,,55,MASCULINO,SIN DATOS,0,0,Morelia,Chapultepec Oriente,junio,viernes,13,-101.161941066384,19.695665908561
53394,53400,2025,,2025/06/27,13:45:00,COLISIÓN POR CORTE DE CIRCULACIÓN,ASFALTO,Bueno,Bueno,2,NISSAN,BLANCO,2,,,MASCULINO,SIN DATOS,0,0,Morelia,Chapultepec Sur,junio,viernes,14,-101.17577187717,19.6926045974913
53395,53401,2025,,2025/06/27,14:00:00,COLISIÓN POR NO RESPETAR SEMÁFORO,ASFALTO,Bueno,Bueno,2,NISSAN,BLANCO/VERDE,2,,25,MASCULINO,SIN DATOS,0,0,Morelia,Mariano Michelena,junio,viernes,14,-101.229959875345,19.6769101187345
53396,53402,2025,,2025/06/27,15:00:00,COLISIÓN POR CAMBIO DE CARRIL,ASFALTO,Bueno,Bueno,2,FORD,BLANCO,2,,23,MASCULINO,SIN DATOS,0,0,Morelia,Morelos,junio,viernes,15,-101.207087337971,19.7023123316413
53397,53403,2025,,2025/06/27,17:50:00,COLISIÓN POR ALCANCE,ASFALTO,Bueno,Bueno,2,VOLKSWAGEN,GRIS,2,,66,MASCULINO,ALIENTO ETÍLICO,0,0,Morelia,Cosmos,junio,viernes,18,-101.217073872685,19.6821900827621
53398,53404,2025,MOR202500000,2025/06/27,18:20:00,COLISIÓN POR CORTE DE CIRCULACIÓN,ASFALTO,Bueno,Bueno,2,ITALIKA,BLANCO,2,MINISTERIO PÚBLICO,17,MASCULINO,SIN DATOS,0,0,Morelia,Eduardo Ruiz,junio,viernes,18,-101.21844381094,19.719461832649
53399,53405,2025,,2025/06/27,18:30:00,COLISIÓN POR CORTE DE CIRCULACIÓN,ASFALTO,Lluvioso,Regular,2,VOLKSWAGEN,ROJO,2,,63,MASCULINO,SIN DATOS,0,0,Morelia,Independencia,junio,viernes,19,-101.175594180822,19.7099104307346
53400,53406,2025,,2025/06/27,18:40:00,COLISIÓN CONTRA OBJETO FIJO,CONCRETO,Bueno,Bueno,2,CHEVROLET,NEGRO,2,,,MASCULINO,SIN DATOS,0,0,Morelia,Lomas del Durazno,junio,viernes,19,-101.193772852421,19.6632625393886
53401,53407,2025,,2025/06/27,19:27:00,COLISIÓN POR CORTE DE CIRCULACIÓN,ASFALTO,Bueno,Bueno,2,TX SERIES,AZUL,2,,22,MASCULINO,SIN DATOS,0,0,Morelia,Isaac Arriaga,junio,viernes,19,-101.175187826157,19.706046404335
53402,53408,2025,,2025/06/27,20:20:00,COLISIÓN POR ALCANCE,ASFALTO,Bueno,Bueno,2,SEAT,AMARILLO,2,,25,MASCULINO,SIN DATOS,0,0,Morelia,Montaña Monarca,junio,viernes,20,-101.160982847214,19.6719182223279
53403,53409,2025,,2025/06/28,"01:50:00",SUBIDA AL CAMELLÓN,ASFALTO,Lluvioso,Bueno,1,DODGE,NEGRO,0,,,,,0,0,Morelia,Morelos,junio,sábado,2,-101.183084249496,19.7293263653266
53404,53410,2025,,2025/06/28,"04:00:00",COLISIÓN CONTRA OBJETO FIJO,ASFALTO,Bueno,Bueno,1,HONDA,BLANCO,1,,49,MASCULINO,SIN DATOS,0,0,Morelia,Cosmos,junio,sábado,4,-101.216799616814,19.6827731569084
53405,53411,2025,,2025/06/28,"04:20:00",COLISIÓN CONTRA OBJETO FIJO,ASFALTO,Nublado,Bueno,2,NISSAN,GRIS,2,,36,FEMENINO,ALIENTO ETÍLICO,0,0,Morelia,Ferrocarrilero,junio,sábado,4,-101.21347501874,19.7011778885771
53406,53412,2025,,2025/06/28,"08:00:00",COLISIÓN CON PEATÓN,SIN_DATOS,Bueno,Bueno,2,CHEVROLET,ROJO,2,,41,MASCULINO,SIN DATOS,0,0,Morelia,Nueva Chapultepec,junio,sábado,8,-101.165764555335,19.6887079543623
53407,53413,2025,,2025/06/28,"09:30:00",SALIDA DE SUPERFICIE DE RODAMIENTO,ASFALTO,Bueno,Bueno,1,VOLKSWAGEN,GRIS,1,,27,MASCULINO,SIN DATOS,0,0,Morelia,Sin datos,junio,sábado,10,-101.117850244045,19.7024568983766
53408,53414,2025,,2025/06/28,10:10:00,COLISIÓN POR CORTE DE CIRCULACIÓN,ASFALTO,Bueno,Bueno,2,NISSAN,GRIS,2,,47,FEMENINO,SIN DATOS,0,0,Morelia,Gertrudis Bocanegra,junio,sábado,10,-101.209003776312,19.7053330548324
53409,53415,2025,NOR/20250068728,2025/06/28,10:28:00,COLISIÓN POR NO RESPETAR SEMÁFORO,ASFALTO,Bueno,Bueno,2,CARABELA,AZUL,2,,30,MASCULINO,SIN DATOS,0,0,Morelia,Ejidal Ocolusen,junio,sábado,10,-101.153445839882,19.6873391822929
53410,53416,2025,,2025/06/28,11:20:00,COLISIÓN POR CAMBIO DE CARRIL,ASFALTO,Bueno,Bueno,2,VENTO,NEGRO,1,,32,MASCULINO,SIN DATOS,0,0,Morelia,Melchor Ocampo,junio,sábado,11,-101.201104670763,19.7069668098782
53411,53417,2025,,2025/06/28,12:35:00,COLISIÓN POR CORTE DE CIRCULACIÓN,ASFALTO,Bueno,Bueno,2,KIA,ROJO,2,,21,MASCULINO,SIN DATOS,0,0,Morelia,Isaac Arriaga,junio,sábado,13,-101.173293851316,19.708940803084
53412,53418,2025,LEG57167,2025/06/28,15:00:00,COLISIÓN POR CORTE DE CIRCULACIÓN,ASFALTO,Bueno,Bueno,2,NISSAN,BLANCO,2,,63,MASCULINO,ALIENTO ETÍLICO,0,0,Morelia,Lomas del Valle,junio,sábado,15,-101.229442209005,19.6883771267609
53413,53419,2025,LEG57172,2025/06/28,17:20:00,COLISIÓN POR ALCANCE,ASFALTO,Bueno,Bueno,2,SUZUKI,BLANCO,2,,18,FEMENINO,SIN DATOS,0,0,Morelia,Alberto Oviedo Mota,junio,sábado,17,-101.201932132244,19.6778306918037
53414,53420,2025,LEG57173,2025/06/28,19:20:00,VOLCADURA,ASFALTO,Bueno,Bueno,1,VOLKSWAGEN,GRIS,1,,47,MASCULINO,SIN DATOS,0,0,Morelia,La Calera,junio,sábado,19,-101.235194206238,19.6701628764957
53415,53421,2025,,2025/06/28,22:40:00,COLISIÓN POR ALCANCE,ASFALTO,Bueno,Bueno,2,MAZDA,ARENA,2,MINISTERIO PÚBLICO,46,FEMENINO,SIN DATOS,0,0,Morelia,Jardines de Sindurio,junio,sábado,23,-101.256253570318,19.6974569598834
53416,53422,2025,,2025/06/29,"00:00:00",COLISIÓN CONTRA OBJETO FIJO,ASFALTO,Bueno,Bueno,1,DODGE,ROJO,1,,43,MASCULINO,SIN DATOS,0,0,Morelia,Clara Cordova Moran,junio,domingo,0,-101.177183389664,19.7361733613725
53417,53423,2025,,2025/06/29,11:30:00,COLISIÓN POR CORTE DE CIRCULACIÓN,ASFALTO,Bueno,Bueno,2,MAZDA,BLANCO,2,MINISTERIO PÚBLICO,34,MASCULINO,SIN DATOS,0,0,Morelia,Industrial,junio,domingo,12,-101.193986088037,19.710243107617
53418,53424,2025,,2025/06/29,13:45:00,SALIDA DE SUPERFICIE DE RODAMIENTO,ASFALTO,Nublado,Bueno,1,NISSAN,BLANCO,1,,75,MASCULINO,SIN DATOS,0,0,Morelia,Santa Maria de Guido,junio,domingo,14,-101.192213102956,19.6760213921611
53419,53425,2025,,2025/06/29,14:00:00,COLISIÓN POR CORTE DE CIRCULACIÓN,ASFALTO,Bueno,Bueno,1,TOYOTA,NEGRO,1,,45,MASCULINO,SIN DATOS,0,0,Morelia,Lomas del Valle,junio,domingo,14,-101.230641156435,19.6877975454605
53420,53426,2025,,2025/06/29,15:00:00,COLISIÓN POR INVASIÓN DE CARRIL,ASFALTO,Lluvioso,Bueno,2,VOLKSWAGEN,BLANCO,2,,24,MASCULINO,SIN DATOS,0,0,Morelia,Rinconada del Valle,junio,domingo,15,-101.218670792878,19.6782666678074
53421,53427,2025,,2025/06/29,16:00:00,COLISIÓN POR ALCANCE,ASFALTO,Bueno,Bueno,2,NISSAN,NEGRO,2,,31,MASCULINO,SIN DATOS,0,0,Morelia,Nueva Jacarndas,junio,domingo,16,-101.192005947232,19.6822661634831