fid,id_accidente,anio_origen,folio_c5i,dia_incidente,hora_ocurrencia,tipo_incidente_vial,superficie_ocurrencia,condiciones_climaticas,condiciones_via,numero_vehiculos_involucrados,marca_vehiculo_ocasiona_siniestro,color_vehiculo_ocasiona_siniestro,numero_personas_involucradas,lugar_remite_presunto_responsable,edad_presunto_responsable,sexo_presunto_responsable,resultados_toxicologia,numero_personas_lesionadas,numero_personas_fallecidas,municipio,colonia,mes,dia_semana,hora_redondeada,lon,lat
53422,53428,2025,,2025/06/29,16:50:00,COLISIÓN POR CORTE DE CIRCULACIÓN,ASFALTO,Nublado,Bueno,2,FORD,PLATA,2,,20,MASCULINO,SIN DATOS,0,0,Morelia,Lomas de Huerta,junio,domingo,17,-101.21469810605,19.6743542063812
53423,53429,2025,,2025/06/29,19:10:00,COLISIÓN POR CAMBIO DE CARRIL,CONCRETO,Lluvioso,Regular,2,CHEVROLET,BLANCO,2,,60,MASCULINO,SIN DATOS,0,0,Morelia,Medallistas Olimpicos,junio,domingo,19,-101.206267844326,19.7366512399817
53424,53430,2025,,2025/06/29,19:10:00,COLISIÓN CONTRA OBJETO FIJO,ASFALTO,Lluvioso,Regular,1,NISSAN,AZUL,1,,28,MASCULINO,SIN DATOS,0,0,Morelia,El Realito,junio,domingo,19,-101.203686495,19.7267281949991
53426,53432,2025,,2025/06/29,21:52:00,COLISIÓN POR ALCANCE,ASFALTO,Bueno,Bueno,2,NISSAN,GRIS,2,,51,MASCULINO,SIN DATOS,0,0,Morelia,Felix Ireta,junio,domingo,22,-101.190105135,19.6853188699992
53427,53433,2025,,2025/06/30,"07:45:00",COLISIÓN POR ALCANCE,ASFALTO,Bueno,Bueno,1,FORD,BLANCO,1,,45,MASCULINO,SIN DATOS,0,0,Morelia,Ejidal San Isidro,junio,lunes,8,-101.279508614475,19.6906503850057
53428,53434,2025,LEG57191,2025/06/30,10:27:00,COLISIÓN POR MANIOBRA DE REVERSA,ASFALTO,Bueno,Bueno,3,VOLKSWAGEN,VERDE,3,MINISTERIO PÚBLICO,65,MASCULINO,SIN DATOS,0,0,Morelia,El Realito,junio,lunes,10,-101.204579472542,19.7257714669869
53429,53435,2025,,2025/06/30,13:20:00,COLISIÓN CONTRA OBJETO FIJO,ASFALTO,Bueno,Bueno,2,NISSAN,ROJO,1,,58,MASCULINO,SIN DATOS,0,0,Morelia,Ciudad Industrial,junio,lunes,13,-101.141582429409,19.7260138489316
53430,53436,2025,,2025/06/30,14:20:00,CAIDA DE MOTOCICLETA,ASFALTO,Bueno,Bueno,2,CARABELA,NEGRO,3,MINISTERIO PÚBLICO,35,FEMENINO,SIN DATOS,1,0,Morelia,Indeco Expropiacion Petrolera,junio,lunes,14,-101.225696504116,19.685370604901
53431,53437,2025,LEG57192,2025/06/30,15:20:00,COLISIÓN POR MANIOBRA DE REVERSA,ASFALTO,Bueno,Bueno,2,FIAT,BLANCO,2,,25,FEMENINO,SIN DATOS,0,0,Morelia,Lomas de Santa Maria,junio,lunes,15,-101.185807362199,19.6733458473337
53438,53444,2025,,2025/07/01,11:05:00,COLISIÓN POR ALCANCE,ASFALTO,Nublado,Bueno,2,MAZDA,ROJO,2,,31,MASCULINO,SIN DATOS,0,0,Morelia,Camelinas,julio,martes,11,-101.17262119,19.6818144849991
53439,53445,2025,,2025/07/01,14:20:00,COLISIÓN POR ALCANCE,ASFALTO,Nublado,Bueno,2,KENWORTH T600,BLANCO,2,,21,MASCULINO,SIN DATOS,0,0,Morelia,Elias Perez Avalos,julio,martes,14,-101.16553992033,19.7104552124408
53440,53446,2025,,2025/07/01,16:15:00,COLISIÓN POR CAMBIO DE CARRIL,ASFALTO,Nublado,Bueno,2,NISSAN,AZUL,2,,58,MASCULINO,SIN DATOS,0,0,Morelia,Balcones de Santa Maria,julio,martes,16,-101.188118755817,19.6762698816708
53441,53447,2025,,2025/07/01,16:23:00,COLISIÓN CON PEATÓN,ASFALTO,Bueno,Bueno,2,VOLKSWAGEN,BLANCO,2,,68,MASCULINO,SIN DATOS,0,0,Morelia,Sentimientos de La Nacion,julio,martes,16,-101.233253628016,19.678212052486
53442,53448,2025,,2025/07/01,18:00:00,COLISIÓN POR CORTE DE CIRCULACIÓN,CONCRETO,Bueno,Bueno,2,VENTO,BLANCO,2,,0,MASCULINO,SIN DATOS,0,0,Morelia,Nueva Valladolid,julio,martes,18,-101.21061145,19.7013961799992
53443,53449,2025,LEG57198,2025/07/01,18:10:00,COLISIÓN POR CORTE DE CIRCULACIÓN,ASFALTO,Bueno,Bueno,2,FORD,AZUL,2,,24,MASCULINO,SIN DATOS,0,0,Morelia,Elias Perez Avalos,julio,martes,18,-101.167813022979,19.7136335493406
53444,53450,2025,,2025/07/01,18:10:00,COLISIÓN POR ALCANCE,ASFALTO,Bueno,Bueno,2,VENTO,AMARILLO,2,,28,MASCULINO,SIN DATOS,0,0,Morelia,Torreon Nuevo,julio,martes,18,-101.207644850679,19.7494147681465
53445,53451,2025,,2025/07/02,"05:15:00",SALIDA DE SUPERFICIE DE RODAMIENTO,ASFALTO,Nublado,Regular,1,VOLKSWAGEN,BLANCO,1,,71,,SIN DATOS,0,0,Charo,La Goleta,julio,miércoles,5,-101.079649,19.738254
53447,53453,2025,LEG57211,2025/07/02,10:33:00,COLISIÓN POR ALCANCE,ASFALTO,Bueno,Malo,3,NISSAN,BLANCO Y MORADO,3,,27,MASCULINO,SIN DATOS,0,0,Morelia,Vicente Lombardo Toledano (Ejidal Isacc Arriaga) (Etnias de Mexico),julio,miércoles,11,-101.150641590357,19.7191146566632
53448,53454,2025,,2025/07/02,11:30:00,COLISIÓN CON PEATÓN,CONCRETO,Bueno,Bueno,1,GMC,BLANCO,1,,63,MASCULINO,SIN DATOS,0,0,Morelia,Ferrocarrilero,julio,miércoles,12,-101.222723275423,19.6925780814457
53449,53455,2025,,2025/07/02,11:30:00,COLISIÓN POR ALCANCE,CONCRETO,Bueno,Bueno,2,NISSAN,BLANCO,2,MINISTERIO PÚBLICO,26,FEMENINO,SIN DATOS,0,0,Morelia,Felix Ireta,julio,miércoles,12,-101.182706058025,19.6865029502412
53450,53456,2025,LEG57215,2025/07/02,12:30:00,COLISIÓN POR CAMBIO DE CARRIL,CONCRETO,Bueno,Bueno,2,MAZDA,NEGRO,2,,22,MASCULINO,SIN DATOS,0,0,Morelia,Chapultepec Norte,julio,miércoles,13,-101.177256479859,19.6957063131826
53451,53457,2025,,2025/07/02,12:50:00,COLISIÓN POR MANIOBRA DE REVERSA,TERRACERIA,Bueno,Bueno,2,FORD,ROJO,1,,69,MASCULINO,SIN DATOS,0,0,Morelia,Valle de Los Manantiales,julio,miércoles,13,-101.213248372078,19.7353578975204
53452,53458,2025,LEG57214,2025/07/02,13:50:00,COLISIÓN CONTRA OBJETO FIJO,ASFALTO,Bueno,Bueno,1,SUZUKI,BLANCO,1,,56,FEMENINO,SIN DATOS,0,0,Morelia,Fovissste La Huerta,julio,miércoles,14,-101.210807561874,19.6951438041736
53453,53459,2025,,2025/07/02,14:35:00,COLISIÓN POR ALCANCE,ASFALTO,Bueno,Bueno,2,VOLKSWAGEN,BLANCO,2,,23,MASCULINO,SIN DATOS,0,0,Morelia,Dr Miguel Silva,julio,miércoles,15,-101.186608672142,19.7204111973126
53454,53460,2025,LEG57218,2025/07/02,15:30:00,COLISIÓN POR ALCANCE,ASFALTO,Bueno,Bueno,3,DODGE,ROJO,3,,70,MASCULINO,SIN DATOS,0,0,Morelia,Camelinas,julio,miércoles,16,-101.174203455448,19.6819473187262
53455,53461,2025,LEG57219,2025/07/02,19:02:00,COLISIÓN POR CAMBIO DE CARRIL,ASFALTO,Bueno,Bueno,2,SUZUKI,AZUL,2,,41,MASCULINO,SIN DATOS,0,0,Morelia,Torreon Nuevo,julio,miércoles,19,-101.20358663,19.7462449699991
53456,53462,2025,LEG57220,2025/07/02,20:52:00,COLISIÓN POR CAMBIO DE CARRIL,ASFALTO,Bueno,Bueno,2,NISSAN,BLANCO,2,,21,FEMENINO,SIN DATOS,0,0,Morelia,Sin datos,julio,miércoles,21,-101.342422,19.685752
53458,53464,2025,,2025/07/03,10:10:00,VOLCADURA,CONCRETO,Bueno,Bueno,1,JEEP,BLANCO,1,,47,MASCULINO,SIN DATOS,0,0,Morelia,Bosques Tres Marias,julio,jueves,10,-101.103937625885,19.7245948994066
53459,53465,2025,,2025/07/03,12:00:00,COLISIÓN CON PEATÓN,ASFALTO,Bueno,Bueno,1,TOYOTA,ARENA,2,,61,,SIN DATOS,1,0,Morelia,Primo Tapia,julio,jueves,12,-101.212639510632,19.7094357179318
53460,53466,2025,,2025/07/03,12:40:00,COLISIÓN POR CORTE DE CIRCULACIÓN,ASFALTO,Bueno,Bueno,2,VOLKSWAGEN,GRIS,2,MINISTERIO PÚBLICO,51,MASCULINO,SIN DATOS,0,0,Morelia,Cuauhtemoc,julio,jueves,13,-101.178824901581,19.6960011403472
53461,53467,2025,LEG57231,2025/07/03,13:15:00,COLISIÓN POR CAMBIO DE CARRIL,ASFALTO,Bueno,Bueno,2,FORD,ROJO,2,,45,MASCULINO,SIN DATOS,0,0,Morelia,La Soledad,julio,jueves,13,-101.183195896447,19.7290931406671
53462,53468,2025,,2025/07/03,13:20:00,COLISIÓN POR CAMBIO DE CARRIL,ASFALTO,Bueno,Regular,2,DODGE,BLANCO,2,,46,MASCULINO,SIN DATOS,0,0,Morelia,Sin datos,julio,jueves,13,-101.307442188263,19.687450300757
53463,53469,2025,,2025/07/03,14:00:00,COLISIÓN POR CAMBIO DE CARRIL,ASFALTO,Bueno,Bueno,2,KENWORTH T600,AZUL,2,,40,MASCULINO,SIN DATOS,0,0,Morelia,Mariano Michelena,julio,jueves,14,-101.229993402958,19.6769240094511
53464,53470,2025,,2025/07/03,14:01:00,COLISIÓN CON PEATÓN,ASFALTO,Bueno,Bueno,2,TOYOTA,PLATA,2,MINISTERIO PÚBLICO,21,,SIN DATOS,0,0,Morelia,Ampliacion La Soledad,julio,jueves,14,-101.182770431042,19.7356936772579
53465,53471,2025,,2025/07/03,14:30:00,COLISIÓN POR CORTE DE CIRCULACIÓN,ASFALTO,Bueno,Bueno,2,TOYOTA,BLANCO,2,,38,FEMENINO,SIN DATOS,0,0,Morelia,Camelinas,julio,jueves,15,-101.171113550663,19.6820331858915
53466,53472,2025,,2025/07/03,14:40:00,COLISIÓN POR CAMBIO DE CARRIL,ASFALTO,Bueno,Bueno,2,TOYOTA,ROJO,2,,44,MASCULINO,SIN DATOS,0,0,Morelia,Lazaro Cardenas,julio,jueves,15,-101.165336742997,19.7101373707323
53467,53473,2025,,2025/07/03,16:00:00,COLISIÓN POR ALCANCE,ASFALTO,Bueno,Bueno,3,CADILLAC,BLANCO,3,MINISTERIO PÚBLICO,23,,SIN DATOS,0,0,Morelia,El Lago 1,julio,jueves,16,-101.217132546008,19.7282195708515
53468,53474,2025,,2025/07/03,18:00:00,COLISIÓN POR CORTE DE CIRCULACIÓN,ASFALTO,Bueno,Bueno,2,HONDA,NEGRO,2,,,MASCULINO,SIN DATOS,0,0,Morelia,Industrial,julio,jueves,18,-101.201679669321,19.7139804670459
53469,53475,2025,,2025/07/03,18:10:00,COLISIÓN POR MANIOBRA DE REVERSA,SIN_DATOS,Bueno,Bueno,2,FORD,BLANCO/AZUL,2,,28,MASCULINO,SIN DATOS,0,0,Morelia,Industrial,julio,jueves,18,-101.20169274509,19.713985201421
53470,53476,2025,,2025/07/03,18:15:00,COLISIÓN POR MANIOBRA DE REVERSA,ASFALTO,Bueno,Bueno,2,FORD,NEGRO,2,,51,FEMENINO,SIN DATOS,0,0,Morelia,Montaña Monarca,julio,jueves,18,-101.165955662727,19.6667784144416
53471,53477,2025,LEG57221,2025/07/03,23:10:00,COLISIÓN POR CORTE DE CIRCULACIÓN,ASFALTO,Bueno,Bueno,2,ITALIKA,CAFE,2,,17,MASCULINO,SIN DATOS,0,0,Morelia,Mision del Valle,julio,jueves,23,-101.117413805995,19.764624
53472,53478,2025,,2025/07/04,"00:00:00",COLISIÓN POR CORTE DE CIRCULACIÓN,ASFALTO,Nublado,Bueno,3,VOLKSWAGEN,BLANCO,2,,57,MASCULINO,SIN DATOS,0,0,Morelia,Del Empleado,julio,viernes,0,-101.179719418287,19.690733311493
53473,53479,2025,LEG57239,2025/07/04,"08:00:00",COLISIÓN POR CORTE DE CIRCULACIÓN,ASFALTO,Bueno,Bueno,1,DODGE,GRIS,1,MINISTERIO PÚBLICO,,,SIN DATOS,0,0,Morelia,Sin datos,julio,viernes,8,-101.117705404758,19.6883395613698
53474,53480,2025,LEG57240,2025/07/04,"08:00:00",COLISIÓN POR CORTE DE CIRCULACIÓN,CONCRETO,Bueno,Bueno,2,ITALIKA,GRAFITO,2,,26,MASCULINO,SIN DATOS,0,0,Morelia,Buenavista,julio,viernes,8,-101.161390542984,19.7057787408237
53475,53481,2025,,2025/07/04,10:00:00,COLISIÓN CONTRA OBJETO FIJO,ASFALTO,Bueno,Bueno,1,JEEP,GRIS,1,,36,FEMENINO,SIN DATOS,0,0,Morelia,Alberto Oviedo Mota,julio,viernes,10,-101.201709508896,19.678923944377
53476,53482,2025,LEG57241,2025/07/04,13:20:00,COLISIÓN POR CAMBIO DE CARRIL,ASFALTO,Bueno,Bueno,2,MAZDA,GRIS,2,,35,MASCULINO,SIN DATOS,0,0,Morelia,Sentimientos de La Nacion,julio,viernes,13,-101.235202923417,19.6810059337704
53477,53483,2025,LEG57242,2025/07/04,14:30:00,COLISIÓN POR CORTE DE CIRCULACIÓN,ASFALTO,Bueno,Bueno,2,CHEVROLET,ROJO,2,,41,MASCULINO,SIN DATOS,0,0,Morelia,Juarez,julio,viernes,15,-101.195446550846,19.6955604777034
53478,53484,2025,,2025/07/04,14:40:00,COLISIÓN POR ALCANCE,CONCRETO,Bueno,Bueno,3,NISSAN,GRIS,3,,59,FEMENINO,SIN DATOS,0,0,Morelia,Tzindurio Norte,julio,viernes,15,-101.243802756071,19.7003281557825
53479,53485,2025,,2025/07/04,18:10:00,COLISIÓN POR CORTE DE CIRCULACIÓN,CONCRETO,Bueno,Bueno,2,CHEVROLET,BLANCO,2,,24,MASCULINO,SIN DATOS,0,0,Morelia,Ferrocarrilero,julio,viernes,18,-101.213986314833,19.7006851577403
53480,53486,2025,,2025/07/04,20:25:00,SUBIDA AL CAMELLÓN,ASFALTO,Lluvioso,Regular,1,FORD,GRIS,1,,,,SIN DATOS,0,0,Morelia,Valle Dorado del Sur (El Rosario),julio,viernes,20,-101.188374906778,19.656161095451
53481,53487,2025,,2025/07/04,21:09:00,COLISIÓN POR CORTE DE CIRCULACIÓN,CONCRETO,Nublado,Regular,2,NISSAN,PLATA,2,,34,MASCULINO,SIN DATOS,0,0,Morelia,Vista Bella,julio,viernes,21,-101.197644621134,19.6777637641732
53482,53488,2025,LEG57249,2025/07/04,22:00:00,COLISIÓN POR INVASIÓN DE CARRIL,ASFALTO,Bueno,Bueno,4,MG,NEGRO,4,MINISTERIO PÚBLICO,23,FEMENINO,SIN DATOS,0,0,Morelia,Molino de Parras,julio,viernes,22,-101.201839260757,19.6946187828406
53483,53489,2025,MOR/20250071156,2025/07/04,23:20:00,COLISIÓN CONTRA OBJETO FIJO,ASFALTO,Nublado,Regular,2,SEAT,NEGRO,2,,28,MASCULINO,SIN DATOS,0,0,Morelia,Lomas del Tecnologico,julio,viernes,23,-101.19061282727,19.7203218341426
53484,53490,2025,MOR/20250071205,2025/07/04,23:35:00,COLISIÓN POR CORTE DE CIRCULACIÓN,ASFALTO,Lluvioso,Malo,1,HYUNDAI,ROJO,1,,33,MASCULINO,SIN DATOS,0,0,Tarímbaro,Los Angeles,julio,viernes,0,-101.171657368541,19.7507765282246
53485,53491,2025,,2025/07/05,"07:35:00",COLISIÓN POR CORTE DE CIRCULACIÓN,ASFALTO,Bueno,Bueno,2,KENWORTH,BLANCO,2,,31,MASCULINO,SIN DATOS,0,0,Morelia,Industrial,julio,sábado,8,-101.194071918726,19.7072849735256
53486,53492,2025,,2025/07/05,13:30:00,COLISIÓN POR ALCANCE,ASFALTO,Bueno,Bueno,2,CHEVROLET,PLATA,2,,28,FEMENINO,SIN DATOS,0,0,Morelia,Americas Britania,julio,sábado,14,-101.149325966835,19.6945642473695
53487,53493,2025,,2025/07/05,13:30:00,COLISIÓN CONTRA OBJETO FIJO,CONCRETO,Bueno,Bueno,2,VOLKSWAGEN,ROJO,2,,46,MASCULINO,SIN DATOS,0,0,Morelia,Colinas del Sur,julio,sábado,14,-101.199715286493,19.6608131261297
53488,53494,2025,,2025/07/05,16:30:00,COLISIÓN POR CAMBIO DE CARRIL,ASFALTO,Nublado,Bueno,2,FORD,GUINDA,2,,26,MASCULINO,SIN DATOS,0,0,Morelia,Loma Bonita,julio,sábado,17,-101.196751445532,19.7227025262974
53489,53495,2025,,2025/07/05,22:40:00,COLISIÓN POR CAMBIO DE CARRIL,CONCRETO,Lluvioso,Bueno,2,VOLKSWAGEN,ROJO,2,,40,FEMENINO,SIN DATOS,0,0,Morelia,Centro,julio,sábado,23,-101.191592216492,19.7029657217423
53490,53496,2025,LEG57258,2025/07/06,"00:00:00",COLISIÓN POR ALCANCE,ASFALTO,Bueno,Bueno,2,VENTO,BLANCO,2,,29,MASCULINO,SIN DATOS,0,0,Morelia,Avicola Benito Juarez,julio,domingo,0,-101.279539167881,19.6913747534218
53491,53497,2025,LEG57260,2025/07/06,"00:00:00",COLISIÓN POR NO RESPETAR SEMÁFORO,CONCRETO,Bueno,Bueno,2,MAZDA,ROJO,2,,27,MASCULINO,SIN DATOS,0,0,Morelia,Los Pinos de Michoacan,julio,domingo,0,-101.215226501226,19.6853535581021
53492,53498,2025,,2025/07/06,"00:22:00",COLISIÓN CONTRA OBJETO FIJO,CONCRETO,Bueno,Bueno,1,VOLKSWAGEN,ROJO,1,,,,SIN DATOS,0,0,Morelia,Trinidad Salgado,julio,domingo,0,-101.230360865593,19.7033722742363
53493,53499,2025,,2025/07/06,"03:05:00",SALIDA DE SUPERFICIE DE RODAMIENTO,ASFALTO,Bueno,Bueno,1,HONDA,BLANCO,1,,39,MASCULINO,SIN DATOS,0,0,Charo,Sin datos,julio,domingo,3,-101.006389707327,19.6815975358272
53494,53500,2025,,2025/07/06,"07:55:00",COLISIÓN POR NO RESPETAR SEMÁFORO,ASFALTO,Bueno,Bueno,2,TOYOTA,BLANCO,2,,44,MASCULINO,SIN DATOS,0,0,Morelia,Primo Tapia Oriente,julio,domingo,8,-101.158706992865,19.7134562130432
53495,53501,2025,,2025/07/06,13:42:00,COLISIÓN CON PEATÓN,SIN_DATOS,Bueno,Bueno,2,VOLKSWAGEN,ROJO,2,,20,MASCULINO,SIN DATOS,0,0,Morelia,Centro,julio,domingo,14,-101.186671704054,19.7018899940113
53496,53502,2025,,2025/07/06,14:30:00,CAIDA DE MOTOCICLETA,ASFALTO,Bueno,Bueno,1,ITALIKA,BLANCO,1,,67,MASCULINO,SIN DATOS,0,0,Morelia,Enrique Arreguin Robles,julio,domingo,15,-101.185326576233,19.7239939881589
53497,53503,2025,,2025/07/06,15:55:00,COLISIÓN POR CORTE DE CIRCULACIÓN,ASFALTO,Lluvioso,Regular,2,ITALIKA,VERDE,2,,22,FEMENINO,SIN DATOS,0,0,Morelia,Tres Puentes,julio,domingo,16,-101.213256418705,19.7033634361496
53498,53504,2025,,2025/07/06,18:00:00,COLISIÓN POR CORTE DE CIRCULACIÓN,ASFALTO,Nublado,Bueno,2,VOLKSWAGEN,ROJO,2,,51,FEMENINO,SIN DATOS,0,0,Morelia,Santiaguito,julio,domingo,18,-101.188770197332,19.7164760945311
53499,53505,2025,,2025/07/06,18:07:00,COLISIÓN POR CAMBIO DE CARRIL,ASFALTO,Bueno,Bueno,2,NISSAN,BLANCO,2,,31,MASCULINO,SIN DATOS,0,0,Morelia,Chapultepec Oriente,julio,domingo,18,-101.159424483776,19.6899554965728
53500,53506,2025,LEG57265,2025/07/06,18:37:00,COLISIÓN CONTRA OBJETO FIJO,CONCRETO,Bueno,Bueno,2,NISSAN,BLANCO,2,,16,MASCULINO,ALIENTO ETÍLICO,0,0,Morelia,Villas del Pedregal,julio,domingo,19,-101.30791425705,19.6795556471266
53501,53507,2025,,2025/07/06,19:50:00,SUBIDA AL CAMELLÓN,ASFALTO,Nublado,Regular,1,CHEVROLET,BLANCO,1,,44,MASCULINO,SIN DATOS,0,0,Morelia,Cinco de Diciembre,julio,domingo,20,-101.165655255318,19.6844349223645
53502,53508,2025,,2025/07/06,20:20:00,COLISIÓN POR CORTE DE CIRCULACIÓN,ASFALTO,Bueno,Regular,2,NISSAN,ROJO,2,,54,,SIN DATOS,0,0,Morelia,El Lago 3,julio,domingo,20,-101.219176054001,19.7272308027217
53503,53509,2025,,2025/07/06,23:20:00,COLISIÓN CONTRA OBJETO FIJO,CONCRETO,Bueno,Bueno,2,NISSAN,GRIS,2,,55,FEMENINO,SIN DATOS,0,0,Morelia,Lomas de Vista Bella,julio,domingo,23,-101.198100596666,19.6736116708419
53504,53510,2025,,2025/07/07,"00:00:00",COLISIÓN CONTRA OBJETO FIJO,ASFALTO,Bueno,Bueno,1,KENWORTH,BLANCO,1,,57,MASCULINO,SIN DATOS,0,0,Morelia,Lomas de Morelia (Dr Ignacio Chavez),julio,lunes,0,-101.175005435944,19.7170934462244
53505,53511,2025,,2025/07/07,"00:10:00",COLISIÓN POR INVASIÓN DE CARRIL,ASFALTO,Bueno,Bueno,2,NISSAN,BLANCO/ROJO,3,,71,,SIN DATOS,1,0,Morelia,Sin datos,julio,lunes,0,-101.118492633104,19.6882963138079
53506,53512,2025,,2025/07/07,"09:00:00",COLISIÓN POR ALCANCE,CONCRETO,Bueno,Bueno,2,NISSAN,BLANCO,2,,59,MASCULINO,SIN DATOS,0,0,Morelia,Loma Bonita,julio,lunes,9,-101.19656033814,19.7229228203835
53507,53513,2025,,2025/07/07,10:00:00,COLISIÓN POR CORTE DE CIRCULACIÓN,ASFALTO,Bueno,Bueno,2,CHEVROLET,NEGRO,2,,31,FEMENINO,SIN DATOS,0,0,Morelia,Sin datos,julio,lunes,10,-101.409100927413,19.6456924280088
53508,53514,2025,,2025/07/07,11:45:00,COLISIÓN POR ALCANCE,ASFALTO,Bueno,Bueno,2,NISSAN VERSA,ROJO,2,,24,MASCULINO,SIN DATOS,0,0,Morelia,Colinas del Sol,julio,lunes,12,-101.132905483246,19.729611662688
53509,53515,2025,LEG57278,2025/07/07,14:13:00,COLISIÓN POR ALCANCE,ASFALTO,Bueno,Bueno,2,GM,GRIS,2,,40,MASCULINO,SIN DATOS,0,0,Morelia,Primo Tapia Oriente,julio,lunes,14,-101.158158481121,19.7138059263196
53510,53516,2025,LEG57287,2025/07/07,20:10:00,COLISIÓN CONTRA OBJETO FIJO,CONCRETO,Bueno,Bueno,2,NISSAN,ARENA,2,,60,MASCULINO,SIN DATOS,0,0,Morelia,Ilustres Novohispanos,julio,lunes,20,-101.15306454,19.7086520799991
53511,53517,2025,,2025/07/07,21:50:00,COLISIÓN POR ALCANCE,ASFALTO,Lluvioso,Bueno,2,VOLKSWAGEN,BLANCO,2,,20,FEMENINO,SIN DATOS,0,0,Morelia,Adolfo Lopez Mateos,julio,lunes,22,-101.223653566477,19.6936604782947
53513,53519,2025,LEG57282,2025/07/08,"07:35:00",COLISIÓN POR CORTE DE CIRCULACIÓN,CONCRETO,Bueno,Bueno,2,NISSAN,NEGRO,2,,26,MASCULINO,SIN DATOS,0,0,Morelia,San Isidro Itzicuaro Norte,julio,martes,8,-101.265635265,19.7025637149992
53514,53520,2025,,2025/07/08,"09:20:00",COLISIÓN POR CAMBIO DE CARRIL,ASFALTO,Bueno,Bueno,2,KIA,BLANCO,2,,30,MASCULINO,SIN DATOS,0,0,Morelia,Insurgentes,julio,martes,9,-101.155416805,19.6953315299991
53517,53523,2025,,2025/07/08,13:27:00,COLISIÓN CON PEATÓN,ASFALTO,Bueno,Bueno,3,NISSAN,PLATA,3,,30,MASCULINO,SIN DATOS,0,0,Morelia,Alberto Oviedo Mota,julio,martes,13,-101.197745203972,19.6811719866493
53518,53524,2025,LEG57285,2025/07/08,14:20:00,COLISIÓN POR CORTE DE CIRCULACIÓN,ASFALTO,Bueno,Bueno,2,FORD,BLANCO,2,,43,MASCULINO,SIN DATOS,0,0,Morelia,Sin datos,julio,martes,14,-101.288866214454,19.6878982462836
53519,53525,2025,LEG57284,2025/07/08,14:30:00,COLISIÓN POR ALCANCE,ASFALTO,Bueno,Bueno,2,TOYOTA,BLANCO Y VERDE,1,,39,MASCULINO,SIN DATOS,0,0,Morelia,Justo Mendoza,julio,martes,15,-101.232457818587,19.7129186415972
53521,53527,2025,MOR/20250072696,2025/07/08,23:30:00,COLISIÓN POR ALCANCE,CONCRETO,Nublado,Regular,2,VOLKSWAGEN,AZUL,1,,,,SIN DATOS,0,0,Morelia,Carlos Salazar,julio,martes,0,-101.209658559066,19.7124165765648
53522,53528,2025,,2025/07/09,17:25:00,COLISIÓN POR CORTE DE CIRCULACIÓN,CONCRETO,Bueno,Bueno,2,NISSAN,BLANCO,4,MINISTERIO PÚBLICO,17,MASCULINO,SIN DATOS,2,0,Morelia,Sin datos,julio,miércoles,17,-101.129877604544,19.7617204537563
53523,53529,2025,,2025/07/09,19:30:00,COLISIÓN POR CORTE DE CIRCULACIÓN,ASFALTO,Nublado,Bueno,3,CHRYSLER/TOWN COUNTRY,AZUL,3,,59,FEMENINO,SIN DATOS,0,0,Morelia,Felicitas del Rio,julio,miércoles,20,-101.199086308479,19.6902269746122
53524,53530,2025,,2025/07/10,"00:00:00",COLISIÓN POR ALCANCE,CONCRETO,Bueno,Regular,2,NISSAN,ROJO,2,,43,MASCULINO,SIN DATOS,0,0,Morelia,Loma Real,julio,jueves,0,-101.19695931673,19.7313701435834
53525,53531,2025,,2025/07/10,"08:50:00",COLISIÓN POR CORTE DE CIRCULACIÓN,ASFALTO,Bueno,Bueno,2,FORD,PLATA,2,,26,FEMENINO,SIN DATOS,0,0,Morelia,Nueva Chapultepec,julio,jueves,9,-101.176074296236,19.6884058532305
53526,53532,2025,LEG57292,2025/07/10,15:10:00,COLISIÓN POR ALCANCE,ASFALTO,Bueno,Bueno,2,SUZUKI,PLATA,2,,44,FEMENINO,SIN DATOS,0,0,Morelia,Cosmos,julio,jueves,15,-101.216708421707,19.6827731569084
53527,53533,2025,LEG57293,2025/07/10,16:10:00,COLISIÓN POR ALCANCE,ASFALTO,Bueno,Bueno,2,FORD,VERDE,2,,73,MASCULINO,SIN DATOS,0,0,Morelia,San Isidro Itzicuaro Norte,julio,jueves,16,-101.275289207697,19.6998609902138
53528,53534,2025,LEG57294,2025/07/10,16:25:00,COLISIÓN POR CAMBIO DE CARRIL,ASFALTO,Bueno,Bueno,2,CHRYSLER,BLANCO,2,,32,MASCULINO,SIN DATOS,0,0,Morelia,Matamoros,julio,jueves,16,-101.165606975555,19.69849357613
53529,53535,2025,,2025/07/10,17:45:00,COLISIÓN POR CAMBIO DE CARRIL,ASFALTO,Bueno,Bueno,2,ITALIKA,NEGRO,2,,,MASCULINO,SIN DATOS,0,0,Morelia,Ana Maria Gallaga (Riviera Norte),julio,jueves,18,-101.224345341325,19.6767961516731
53530,53536,2025,,2025/07/10,20:29:00,COLISIÓN POR ALCANCE,ASFALTO,Bueno,Bueno,2,NISSAN,ROJO,2,,42,MASCULINO,SIN DATOS,0,0,Morelia,Loma Real,julio,jueves,20,-101.196939870715,19.7313657253139
53531,53537,2025,,2025/07/10,21:45:00,COLISIÓN POR ALCANCE,ASFALTO,Bueno,Bueno,3,NISSAN,BLANCO,3,MINISTERIO PÚBLICO,64,MASCULINO,SIN DATOS,0,0,Morelia,Libertad,julio,jueves,22,-101.236886680126,19.6848238437049