fid,id_accidente,anio_origen,folio_c5i,dia_incidente,hora_ocurrencia,tipo_incidente_vial,superficie_ocurrencia,condiciones_climaticas,condiciones_via,numero_vehiculos_involucrados,marca_vehiculo_ocasiona_siniestro,color_vehiculo_ocasiona_siniestro,numero_personas_involucradas,lugar_remite_presunto_responsable,edad_presunto_responsable,sexo_presunto_responsable,resultados_toxicologia,numero_personas_lesionadas,numero_personas_fallecidas,municipio,colonia,mes,dia_semana,hora_redondeada,lon,lat
53532,53538,2025,LEG57301,2025/07/11,"06:02:00",COLISIÓN CONTRA OBJETO FIJO,ASFALTO,Bueno,Bueno,1,ITALIKA,BLANCO/ROJO,2,MINISTERIO PÚBLICO,,MASCULINO,SIN DATOS,1,0,Morelia,Los Manantiales de Morelia,julio,viernes,6,-101.240376569331,19.6926854082697
53533,53539,2025,,2025/07/11,11:50:00,COLISIÓN POR CORTE DE CIRCULACIÓN,ASFALTO,Bueno,Bueno,2,MG,PLATA,2,,50,FEMENINO,SIN DATOS,0,0,Morelia,Loma Bonita,julio,viernes,12,-101.19677927345,19.7213229986906
53534,53540,2025,,2025/07/11,11:58:00,COLISIÓN POR CAMBIO DE CARRIL,ASFALTO,Bueno,Bueno,2,MAZDA,BLANCO,2,,38,MASCULINO,SIN DATOS,0,0,Morelia,Lomas de Morelia (Dr Ignacio Chavez),julio,viernes,12,-101.17572426796,19.717669133999
53535,53541,2025,LEG57303,2025/07/11,15:31:00,COLISIÓN POR CORTE DE CIRCULACIÓN,CONCRETO,Bueno,Bueno,2,DODGE,BLANCO/ROJO,2,,35,MASCULINO,SIN DATOS,0,0,Morelia,Obrera,julio,viernes,16,-101.180227696896,19.713297137437
53536,53542,2025,,2025/07/11,18:04:00,COLISIÓN POR INVASIÓN DE CARRIL,CONCRETO,Bueno,Bueno,2,DODGE,BLANCO,2,,44,MASCULINO,SIN DATOS,0,0,Morelia,Industrial,julio,viernes,18,-101.196782961488,19.7118648186017
53537,53543,2025,,2025/07/12,"00:00:00",COLISIÓN POR CORTE DE CIRCULACIÓN,SIN_DATOS,Bueno,Bueno,2,NISSAN,AZUL,2,,,MASCULINO,SIN DATOS,0,0,Morelia,El Realito,julio,sábado,0,-101.204273700714,19.7257512684749
53538,53544,2025,,2025/07/12,"00:00:00",COLISIÓN POR CORTE DE CIRCULACIÓN,ASFALTO,Bueno,Bueno,2,TOYOTA,BLANCO/MORADO,2,,31,MASCULINO,SIN DATOS,0,0,Morelia,Jardines del Toreo,julio,sábado,0,-101.214189827442,19.6879680107666
53539,53545,2025,,2025/07/12,"00:01:00",COLISIÓN POR CORTE DE CIRCULACIÓN,ASFALTO,Nublado,Bueno,2,CHEVROLET,NARANJA,2,,24,MASCULINO,SIN DATOS,0,0,Morelia,Colinas del Sur,julio,sábado,0,-101.198981702328,19.668135996423
53540,53546,2025,,2025/07/12,"04:00:00",COLISIÓN CON PEATÓN,SIN_DATOS,Bueno,Bueno,3,VOLKSWAGEN,PLATA,3,,46,MASCULINO,SIN DATOS,0,0,Morelia,Sin datos,julio,sábado,4,-101.277001798153,19.6276877544499
53541,53547,2025,,2025/07/12,"04:55:00",COLISIÓN CONTRA OBJETO FIJO,CONCRETO,Bueno,Bueno,1,BMW,GRIS,1,,43,MASCULINO,SIN DATOS,0,0,Morelia,Puerta Tres Marias Norte,julio,sábado,5,-101.142711639404,19.6920389208996
53542,53548,2025,,2025/07/12,"05:20:00",COLISIÓN CONTRA OBJETO FIJO,CONCRETO,Nublado,Bueno,1,VOLKSWAGEN,GRIS,1,,,MASCULINO,SIN DATOS,0,0,Morelia,Primo Tapia Oriente,julio,sábado,5,-101.160936579108,19.7150040356802
53543,53549,2025,,2025/07/12,"05:55:00",SALIDA DE SUPERFICIE DE RODAMIENTO,CONCRETO,Bueno,Bueno,1,VOLKSWAGEN,BLANCO,1,,,,SIN DATOS,0,0,Morelia,Villas del Pedregal,julio,sábado,6,-101.299443840981,19.6749742461768
53544,53550,2025,LEG57314,2025/07/12,"07:30:00",COLISIÓN POR INVASIÓN DE CARRIL,ASFALTO,Bueno,Bueno,2,VOLKSWAGEN,DORADO,2,MINISTERIO PÚBLICO,,,SIN DATOS,0,0,Morelia,La Aldea,julio,sábado,8,-101.133946180344,19.7405560926627
53545,53551,2025,,2025/07/12,10:25:00,COLISIÓN CONTRA OBJETO FIJO,ASFALTO,Bueno,Bueno,2,HONDA,BLANCO,2,,62,MASCULINO,SIN DATOS,0,0,Morelia,Chapultepec Sur,julio,sábado,10,-101.17539703846,19.6916916853946
53546,53552,2025,,2025/07/12,10:30:00,COLISIÓN POR CAMBIO DE CARRIL,ASFALTO,Bueno,Bueno,2,ISUZU,BLANCO,2,,38,MASCULINO,SIN DATOS,0,0,Morelia,Clara Cordova Moran,julio,sábado,11,-101.182849556208,19.7323522587314
53547,53553,2025,,2025/07/12,12:10:00,COLISIÓN POR CORTE DE CIRCULACIÓN,ASFALTO,Bueno,Bueno,2,SUNL,ROJO,2,MINISTERIO PÚBLICO,22,MASCULINO,SIN DATOS,0,0,Morelia,Nueva Valladolid,julio,sábado,12,-101.21164072305,19.7008212033696
53548,53554,2025,,2025/07/12,13:25:00,COLISIÓN CON PEATÓN,ASFALTO,Bueno,Bueno,1,NISSAN,CAPUCCINO,1,,24,MASCULINO,SIN DATOS,0,0,Morelia,Primo Tapia,julio,sábado,13,-101.215640902519,19.7137453262398
53549,53555,2025,MOR2025000123,2025/07/12,15:20:00,COLISIÓN POR CORTE DE CIRCULACIÓN,ASFALTO,Bueno,Bueno,2,HONDA,GRIS,2,,31,FEMENINO,SIN DATOS,0,0,Morelia,Prados Verdes,julio,sábado,15,-101.202995292842,19.7152637931904
53550,53556,2025,MOR20250073940,2025/07/12,18:10:00,COLISIÓN POR CAMBIO DE CARRIL,ASFALTO,Bueno,Bueno,2,VOLKSWAGEN,ROJO,2,,31,MASCULINO,SIN DATOS,0,0,Morelia,Fuentes de Valladolid,julio,sábado,18,-101.22168391943,19.6722566608964
53551,53557,2025,,2025/07/12,20:30:00,COLISIÓN POR CORTE DE CIRCULACIÓN,ASFALTO,Bueno,Bueno,3,VENTO,NEGRO Y ROJO,4,,29,MASCULINO,SIN DATOS,1,0,Morelia,Loma de La Virgen,julio,sábado,21,-101.200654730201,19.6640524813932
53552,53558,2025,,2025/07/12,22:40:00,COLISIÓN POR CORTE DE CIRCULACIÓN,ASFALTO,Lluvioso,Bueno,2,VOLKSWAGEN,NEGRO,2,,28,FEMENINO,SIN DATOS,0,0,Morelia,Isaac Arriaga,julio,sábado,23,-101.175193190575,19.7060590299613
53553,53559,2025,MOR/20250074204,2025/07/13,"00:00:00",COLISIÓN POR ALCANCE,CONCRETO,Nublado,Regular,2,DODGE,GRIS,2,,37,MASCULINO,SIN DATOS,0,0,Morelia,Ventura Puente,julio,domingo,0,-101.180172711611,19.6882811613746
53554,53560,2025,,2025/07/13,"02:55:00",CAIDA DE MOTOCICLETA,ASFALTO,Bueno,Bueno,1,BAJAJ,BLANCO Y NEGRO,1,,20,MASCULINO,SIN DATOS,0,0,Morelia,Prados Verdes,julio,domingo,3,-101.197283864021,19.7144952506101
53555,53561,2025,,2025/07/13,"08:50:00",COLISIÓN POR CORTE DE CIRCULACIÓN,CONCRETO,Bueno,Bueno,2,MAZDA 3,ROJO,2,,23,MASCULINO,SIN DATOS,0,0,Morelia,Independencia,julio,domingo,9,-101.176520884037,19.7081775959356
53556,53562,2025,,2025/07/13,13:00:00,COLISIÓN POR ALCANCE,ASFALTO,Bueno,Bueno,2,HONDA/CIVIC,BLANCO,2,,36,FEMENINO,SIN DATOS,0,0,Morelia,Lomas del Tecnologico,julio,domingo,13,-101.196166723967,19.7243133803429
53557,53563,2025,,2025/07/13,15:25:00,COLISIÓN POR CAMBIO DE CARRIL,ASFALTO,Bueno,Bueno,2,MAZDA,NEGRO,2,,31,,SIN DATOS,0,0,Morelia,Cosmos,julio,domingo,15,-101.216453611851,19.683452512955
53559,53565,2025,LEG57331,2025/07/13,20:00:00,COLISIÓN POR CORTE DE CIRCULACIÓN,ASFALTO,Bueno,Bueno,2,NISSAN,BLANCO,2,,40,FEMENINO,SIN DATOS,0,0,Morelia,Sin datos,julio,domingo,20,-101.306873875,19.588592933496
53560,53566,2025,,2025/07/13,22:10:00,COLISIÓN POR ALCANCE,CONCRETO,Bueno,Bueno,2,VOLKSWAGEN,ROJO,2,,37,MASCULINO,SIN DATOS,0,0,Morelia,Insurgentes,julio,domingo,22,-101.155416805,19.6953315299991
53562,53568,2025,,2025/07/14,"00:20:00",SALIDA DE SUPERFICIE DE RODAMIENTO,ASFALTO,Bueno,Bueno,1,BMW,GRIS,1,,37,MASCULINO,SIN DATOS,0,0,Morelia,Sin datos,julio,lunes,0,-101.277294268348,19.5630170658646
53563,53569,2025,LEG57334,2025/07/14,10:20:00,COLISIÓN POR MANIOBRA DE REVERSA,ASFALTO,Bueno,Bueno,2,HONDA,GRIS,2,MINISTERIO PÚBLICO,46,MASCULINO,SIN DATOS,0,0,Morelia,Peña Blanca,julio,lunes,10,-101.194836348295,19.6681599907918
53564,53570,2025,LEG57336,2025/07/14,10:23:00,COLISIÓN CONTRA OBJETO FIJO,ASFALTO,Bueno,Bueno,1,CHRYLER,AZUL,1,,56,MASCULINO,SIN DATOS,0,0,Morelia,Cumbres de Morelia,julio,lunes,10,-101.140836775303,19.6915515283047
53565,53571,2025,LEG57335,2025/07/14,13:10:00,COLISIÓN POR ALCANCE,ASFALTO,Bueno,Bueno,3,KENWORTH,BLANCO,3,,57,MASCULINO,SIN DATOS,0,0,Morelia,Granjas del Maestro,julio,lunes,13,-101.188700795174,19.7135761508957
53566,53572,2025,LEG57337,2025/07/14,17:09:00,COLISIÓN POR ALCANCE,ASFALTO,Bueno,Bueno,2,FORD,ROJO,2,MINISTERIO PÚBLICO,24,MASCULINO,SIN DATOS,0,0,Morelia,Ejidal Ocolusen,julio,lunes,17,-101.156058311462,19.6859628221969
53567,53573,2025,,2025/07/14,18:05:00,CAIDA DE MOTOCICLETA,ASFALTO,Nublado,Regular,1,ITALIKA,NEGRO AZUL,1,,25,FEMENINO,SIN DATOS,0,0,Morelia,Poblado de Ocolusen,julio,lunes,18,-101.155088675,19.6951327349991
53570,53576,2025,,2025/07/14,21:10:00,COLISIÓN CONTRA OBJETO FIJO,CONCRETO,Bueno,Bueno,1,PEUGEOT,BLANCO,1,,26,MASCULINO,SIN DATOS,0,0,Morelia,Eduardo Ruiz,julio,lunes,21,-101.221859682349,19.7216992118204
53572,53578,2025,,2025/07/15,10:40:00,COLISIÓN POR ALCANCE,ASFALTO,Bueno,Bueno,2,HYUNDAI,ROJO,2,,,MASCULINO,SIN DATOS,0,0,Morelia,Isaac Arriaga,julio,martes,11,-101.169454604387,19.7086131736624
53573,53579,2025,,2025/07/15,11:10:00,COLISIÓN CONTRA OBJETO FIJO,CONCRETO,Bueno,Bueno,1,FORD,BLANCO,1,,42,MASCULINO,SIN DATOS,0,0,Morelia,Valle de Las Rosas,julio,martes,11,-101.242996752262,19.6915136479891
53574,53580,2025,,2025/07/15,13:10:00,COLISIÓN POR ALCANCE,ASFALTO,Bueno,Bueno,2,ITALIKA,NEGRO,2,,15,MASCULINO,SIN DATOS,0,0,Morelia,Arboledas de Valladolid,julio,martes,13,-101.250394284725,19.6939922644139
53575,53581,2025,LEG57346,2025/07/15,13:50:00,COLISIÓN POR ALCANCE,ASFALTO,Bueno,Bueno,2,FORD,BLANCO Y AZUL,2,,23,,SIN DATOS,0,0,Morelia,Morelos,julio,martes,14,-101.20689958334,19.7014430345878
53576,53582,2025,,2025/07/15,13:55:00,COLISIÓN POR CAMBIO DE CARRIL,ASFALTO,Bueno,Bueno,2,TOYOTA,BLANCO Y GRIS,2,,42,MASCULINO,SIN DATOS,0,0,Morelia,Alberto Oviedo Mota,julio,martes,14,-101.195736899972,19.6815239803008
53577,53583,2025,,2025/07/15,14:20:00,COLISIÓN CON PEATÓN,CONCRETO,Bueno,Bueno,1,MAZDA,NEGRO,2,,24,MASCULINO,SIN DATOS,1,0,Morelia,Melchor Ocampo,julio,martes,14,-101.203985363245,19.7042825945525
53578,53584,2025,,2025/07/15,15:30:00,COLISIÓN POR CAMBIO DE CARRIL,ASFALTO,Bueno,Bueno,2,DODGE,AMARILLO,2,,69,MASCULINO,SIN DATOS,0,0,Morelia,Sin datos,julio,martes,16,-101.095494031906,19.7299121080311
53579,53585,2025,,2025/07/15,17:15:00,COLISIÓN POR CORTE DE CIRCULACIÓN,ASFALTO,Bueno,Bueno,2,KENWORTH,BLANCO,2,,29,MASCULINO,SIN DATOS,0,0,Morelia,Praderas del Indio,julio,martes,17,-101.223494028547,19.6450845894654
53580,53586,2025,MOR20251111,2025/07/15,18:05:00,COLISIÓN POR CORTE DE CIRCULACIÓN,ASFALTO,Bueno,Bueno,2,MAZDA,ROJO,2,,26,FEMENINO,SIN DATOS,0,0,Morelia,Alberto Oviedo Mota,julio,martes,18,-101.196140686849,19.6817272495021
53581,53587,2025,LEG57354,2025/07/16,"07:35:00",COLISIÓN POR CAMBIO DE CARRIL,ASFALTO,Bueno,Bueno,2,VOLKSWAGEN,BLANCO,2,,29,MASCULINO,SIN DATOS,0,0,Morelia,Tlalpujahua,julio,miércoles,8,-101.219020485878,19.6765325433398
53582,53588,2025,LEG57356,2025/07/16,"09:07:00",COLISIÓN POR CAMBIO DE CARRIL,ASFALTO,Bueno,Bueno,2,VOLKSWAGEN,BLANCO,2,,35,MASCULINO,SIN DATOS,0,0,Morelia,Ferrocarrilero,julio,miércoles,9,-101.212714612484,19.7019455482027
53583,53589,2025,LEG57355,2025/07/16,10:05:00,COLISIÓN POR CORTE DE CIRCULACIÓN,CONCRETO,Bueno,Bueno,2,RENAULT,AZUL,2,MINISTERIO PÚBLICO,38,MASCULINO,SIN DATOS,0,0,Morelia,Guadalupe,julio,miércoles,10,-101.222534179688,19.7085336334704
53584,53590,2025,,2025/07/16,10:35:00,COLISIÓN POR CORTE DE CIRCULACIÓN,ASFALTO,Bueno,Bueno,2,TOYOTA,BLANCO Y GRIS,2,,33,FEMENINO,SIN DATOS,0,0,Morelia,Nicolas Bravo(Los Ejidos),julio,miércoles,11,-101.213658750057,19.7024051321371
53585,53591,2025,LEG57357,2025/07/16,15:44:00,COLISIÓN POR CORTE DE CIRCULACIÓN,ASFALTO,Bueno,Bueno,2,ITALIKA,BLANCO Y VERDE,2,,35,FEMENINO,SIN DATOS,0,0,Morelia,Centro,julio,miércoles,16,-101.196044683456,19.7027914846429
53586,53592,2025,MOR/20250075570,2025/07/16,18:35:00,COLISIÓN POR CORTE DE CIRCULACIÓN,ASFALTO,Bueno,Bueno,2,MBW,NEGRO Y ROJO,2,,36,MASCULINO,SIN DATOS,0,0,Morelia,Molino de Parras,julio,miércoles,19,-101.203889815,19.6980470999992
53590,53596,2025,,2025/07/17,"00:00:00",COLISIÓN POR CAMBIO DE CARRIL,ASFALTO,Bueno,Bueno,2,DINA,BLANCO,2,,53,,SIN DATOS,0,0,Morelia,Isaac Arriaga,julio,jueves,0,-101.167577058077,19.711298578838
53591,53597,2025,LEG57361,2025/07/17,"09:50:00",COLISIÓN POR CORTE DE CIRCULACIÓN,CONCRETO,Bueno,Bueno,2,MG,GRIS,2,,26,FEMENINO,SIN DATOS,0,0,Morelia,Dieciocho de Mayo,julio,jueves,10,-101.155338808894,19.7049656470333
53592,53598,2025,LEG57366,2025/07/17,12:30:00,COLISIÓN POR CORTE DE CIRCULACIÓN,CONCRETO,Bueno,Bueno,2,TOYOTA,ROJO,2,,39,MASCULINO,SIN DATOS,0,0,Morelia,Diego de Basalenque,julio,jueves,13,-101.151614561677,19.7050710716942
53593,53599,2025,,2025/07/17,14:00:00,COLISIÓN POR CORTE DE CIRCULACIÓN,ASFALTO,Nublado,Regular,2,SIN DATO,AZUL,2,,17,MASCULINO,SIN DATOS,0,0,Morelia,Villas de La Loma,julio,jueves,14,-101.295696794987,19.6916222382033
53594,53600,2025,LEG57369,2025/07/17,15:55:00,SALIDA DE SUPERFICIE DE RODAMIENTO,ASFALTO,Nublado,Bueno,2,KENWORTH,BLANCO,2,,25,MASCULINO,SIN DATOS,0,0,Morelia,Cumbres de Altozano,julio,jueves,16,-101.166443824768,19.6533383641282
53595,53601,2025,,2025/07/17,21:20:00,SUBIDA AL CAMELLÓN,CONCRETO,Lluvioso,Bueno,1,TOYOTA,BLANCO,1,,72,MASCULINO,SIN DATOS,0,0,Morelia,Centro,julio,jueves,21,-101.194086670876,19.7072155331009
53596,53602,2025,,2025/07/18,"00:00:00",COLISIÓN POR CORTE DE CIRCULACIÓN,ASFALTO,Nublado,Bueno,2,FREIGHTLINER,ROJO,2,,48,MASCULINO,SIN DATOS,0,0,Morelia,Libertad,julio,viernes,0,-101.238106414676,19.6873492839746
53597,53603,2025,,2025/07/18,"08:14:00",COLISIÓN POR CORTE DE CIRCULACIÓN,ASFALTO,Bueno,Bueno,2,FORD,BLANCO,2,,38,MASCULINO,SIN DATOS,0,0,Morelia,Primo Tapia Oriente,julio,viernes,8,-101.160628795624,19.7125472074477
53598,53604,2025,,2025/07/18,12:10:00,COLISIÓN CONTRA OBJETO FIJO,ASFALTO,Bueno,Bueno,2,DODGE,VERDE/DORADO,2,MINISTERIO PÚBLICO,51,MASCULINO,SIN DATOS,0,0,Morelia,Granjas del Maestro,julio,viernes,12,-101.193770840764,19.7135925634369
53599,53605,2025,LEG57376,2025/07/18,14:40:00,COLISIÓN POR CAMBIO DE CARRIL,ASFALTO,Bueno,Bueno,2,MAZDA,GRIS,2,,33,FEMENINO,SIN DATOS,0,0,Morelia,Alberto Oviedo Mota,julio,viernes,15,-101.202136650681,19.6776021275161
53600,53606,2025,LEG57377,2025/07/18,16:13:00,COLISIÓN POR CAMBIO DE CARRIL,ASFALTO,Bueno,Bueno,2,FORD,ROJO,2,,38,MASCULINO,SIN DATOS,0,0,Morelia,El Lago 1,julio,viernes,16,-101.217891275883,19.7273519926332
53601,53607,2025,LEG57378,2025/07/18,16:20:00,COLISIÓN POR CORTE DE CIRCULACIÓN,ASFALTO,Bueno,Bueno,2,MERCURY,VERDE,3,MINISTERIO PÚBLICO,71,MASCULINO,SIN DATOS,1,0,Morelia,Prados Verdes,julio,viernes,16,-101.198901236057,19.7157047171837
53602,53608,2025,LEG57381,2025/07/18,20:10:00,COLISIÓN POR ALCANCE,CONCRETO,Nublado,Bueno,3,CHEVROLET,BLANCO,3,,22,FEMENINO,SIN DATOS,0,0,Morelia,Rey Tariacuri (Eucaliptos),julio,viernes,20,-101.199436336756,19.6778168011657
53603,53609,2025,,2025/07/18,23:25:00,SALIDA DE SUPERFICIE DE RODAMIENTO,CONCRETO,Nublado,Regular,1,VOLKSWAGEN,AZUL,1,,,,SIN DATOS,0,0,Morelia,Sin datos,julio,viernes,23,-101.180650144815,19.7474808658318
53604,53610,2025,,2025/07/19,"02:00:00",SALIDA DE SUPERFICIE DE RODAMIENTO,ASFALTO,Bueno,Bueno,1,CHEVROLET,GRIS,1,,18,MASCULINO,SIN DATOS,0,0,Morelia,Ciudad Industrial,julio,sábado,2,-101.134109795094,19.731872563141
53605,53611,2025,LEG57382,2025/07/19,"06:39:00",COLISIÓN POR CAMBIO DE CARRIL,ASFALTO,Bueno,Regular,2,TOYOTA,BLANCO/MORADO,2,,25,MASCULINO,SIN DATOS,0,0,Morelia,Sentimientos de La Nacion,julio,sábado,7,-101.235280707479,19.6812307049266
53606,53612,2025,,2025/07/19,11:53:00,COLISIÓN CONTRA OBJETO FIJO,ASFALTO,Bueno,Bueno,1,NISSAN,BLANCO,1,,23,MASCULINO,SIN DATOS,0,0,Morelia,3 de Agosto,julio,sábado,12,-101.17173012346,19.7310570773313
53607,53613,2025,,2025/07/19,12:50:00,COLISIÓN POR CORTE DE CIRCULACIÓN,ASFALTO,Bueno,Bueno,2,CHRYSLER,ROJO,2,,47,MASCULINO,SIN DATOS,0,0,Morelia,Enrique Arreguin Robles,julio,sábado,13,-101.18314191699,19.7236341977799
53608,53614,2025,,2025/07/19,19:55:00,COLISIÓN CONTRA OBJETO FIJO,CONCRETO,Bueno,Bueno,2,S/D,GRIS y VERDE,2,,20,MASCULINO,SIN DATOS,0,0,Morelia,Union,julio,sábado,20,-101.157143265009,19.7128445285966
53609,53615,2025,,2025/07/19,22:05:00,COLISIÓN CONTRA OBJETO FIJO,CONCRETO,Bueno,Bueno,1,FORD,ROJO,0,,,,,0,0,Morelia,Mision del Valle,julio,sábado,22,-101.122173964977,19.7639913117964
53610,53616,2025,,2025/07/20,"00:05:00",VOLCADURA,ASFALTO,Bueno,Bueno,1,DODGE,PLATA,1,,26,MASCULINO,SIN DATOS,0,0,Tarímbaro,Los Angeles,julio,domingo,0,-101.171829029918,19.750585303408
53611,53617,2025,,2025/07/20,13:39:00,COLISIÓN POR ALCANCE,ASFALTO,Bueno,Bueno,2,MERCEDES BENZ,BLANCO CON AMARILLO,2,,46,MASCULINO,SIN DATOS,0,0,Morelia,Alfonso Garcia Robles,julio,domingo,14,-101.183113753796,19.7190250220136
53612,53618,2025,,2025/07/20,15:00:00,COLISIÓN CONTRA OBJETO FIJO,ASFALTO,Bueno,Bueno,3,CHEVROLET,AZUL,1,,50,MASCULINO,SIN DATOS,0,0,Morelia,La Quemada,julio,domingo,15,-101.250669211149,19.6864843251665
53613,53619,2025,,2025/07/20,17:25:00,COLISIÓN POR NO RESPETAR SEMÁFORO,ASFALTO,Bueno,Bueno,2,OROCH OUTSIDER,NEGRO,2,,22,MASCULINO,SIN DATOS,0,0,Morelia,Primo Tapia Oriente,julio,domingo,17,-101.158718056977,19.7134517942785
53614,53620,2025,,2025/07/20,17:55:00,COLISIÓN CONTRA OBJETO FIJO,ASFALTO,Bueno,Bueno,1,INTERNACIONAL,AZUL,1,MINISTERIO PÚBLICO,0,MASCULINO,SIN DATOS,0,0,Morelia,Ventura Puente,julio,domingo,18,-101.191833280027,19.6913469744938
53615,53621,2025,LEG57393,2025/07/20,19:10:00,COLISIÓN CONTRA OBJETO FIJO,ASFALTO,Bueno,Regular,2,NISSAN,BLANCO,2,,41,MASCULINO,SIN DATOS,0,0,Morelia,Lomas de La Maestranza,julio,domingo,19,-101.32928609848,19.6849071838692
53616,53622,2025,,2025/07/20,20:30:00,CAIDA DE MOTOCICLETA,ASFALTO,Bueno,Bueno,1,ITALIKA,GRIS,0,,,,,0,0,Morelia,Sin datos,julio,domingo,21,-101.118455417454,19.6882890532671
53617,53623,2025,LEG57394,2025/07/20,23:20:00,COLISIÓN POR INVASIÓN DE CARRIL,ASFALTO,Bueno,Bueno,2,NISSAN,GRIS,1,,0,,SIN DATOS,0,0,Morelia,Sin datos,julio,domingo,23,-101.117710769176,19.6883430338013
53618,53624,2025,LEG57396,2025/07/21,12:25:00,COLISIÓN POR CORTE DE CIRCULACIÓN,ASFALTO,Bueno,Bueno,2,CHRYSLER,NEGRO,2,,44,MASCULINO,SIN DATOS,0,0,Morelia,San Jose del Cerrito,julio,lunes,12,-101.225349158049,19.665318527408
53619,53625,2025,,2025/07/21,14:20:00,COLISIÓN POR CORTE DE CIRCULACIÓN,CONCRETO,Bueno,Bueno,2,ITALIKA,BLANCO,3,MINISTERIO PÚBLICO,28,MASCULINO,SIN DATOS,1,0,Morelia,Villas Oriente,julio,lunes,14,-101.144998222589,19.7579621237036
53620,53626,2025,LEG57397,2025/07/21,16:35:00,COLISIÓN POR ALCANCE,ASFALTO,Bueno,Bueno,2,ITALIKA,NEGRO,2,,30,MASCULINO,SIN DATOS,0,0,Morelia,Nueva Valladolid,julio,lunes,17,-101.207808852196,19.7012972043363
53621,53627,2025,,2025/07/21,17:15:00,COLISIÓN POR CORTE DE CIRCULACIÓN,ASFALTO,Bueno,Bueno,1,TOYOTA,PLATA,1,,66,MASCULINO,SIN DATOS,0,0,Morelia,Sin datos,julio,lunes,17,-101.290679723024,19.5998448570938
53622,53628,2025,,2025/07/21,18:10:00,COLISIÓN POR CORTE DE CIRCULACIÓN,ASFALTO,Bueno,Bueno,2,HONDA,ROJO,2,,47,MASCULINO,SIN DATOS,0,0,Morelia,Vasco de Quiroga,julio,lunes,18,-101.17580909282,19.6998073292166
53623,53629,2025,,2025/07/21,19:50:00,COLISIÓN POR MANIOBRA DE REVERSA,ASFALTO,Bueno,Bueno,2,KIA,BLANCO y ROJO,1,,28,FEMENINO,SIN DATOS,0,0,Morelia,Chapultepec Oriente,julio,lunes,20,-101.159872412682,19.6914454633984
53624,53630,2025,LEG57403,2025/07/21,21:50:00,COLISIÓN POR ALCANCE,ASFALTO,Bueno,Bueno,2,VOLKSWAGEN,NEGRO,2,,40,MASCULINO,SIN DATOS,0,0,Charo,Sin datos,julio,lunes,22,-101.079752147198,19.6867305547919
53625,53631,2025,LEG57404,2025/07/22,"09:40:00",COLISIÓN POR CORTE DE CIRCULACIÓN,CONCRETO,Bueno,Bueno,3,NISSAN,ROJO,4,MINISTERIO PÚBLICO,24,MASCULINO,SIN DATOS,1,0,Morelia,Adolfo Lopez Mateos,julio,martes,10,-101.225601956248,19.6945696136458
53626,53632,2025,,2025/07/22,"09:45:00",COLISIÓN POR CORTE DE CIRCULACIÓN,ASFALTO,Bueno,Bueno,2,FREIGHTLINER,BLANCO,2,,22,MASCULINO,SIN DATOS,0,0,Morelia,Sentimientos de La Nacion,julio,martes,10,-101.234284266829,19.6788415481825
53627,53633,2025,,2025/07/22,11:45:00,COLISIÓN POR INVASIÓN DE CARRIL,CONCRETO,Bueno,Bueno,2,HONDA,ROJO,2,,33,MASCULINO,SIN DATOS,0,0,Morelia,Ventura Puente,julio,martes,12,-101.18652485311,19.6936216739244
53628,53634,2025,,2025/07/22,13:05:00,COLISIÓN POR INVASIÓN DE CARRIL,ASFALTO,Bueno,Bueno,2,RAM,ROJO,2,MINISTERIO PÚBLICO,40,MASCULINO,SIN DATOS,0,0,Morelia,Los Manantiales de Morelia,julio,martes,13,-101.23772084713,19.70149353854
53629,53635,2025,,2025/07/22,18:05:00,COLISIÓN POR CORTE DE CIRCULACIÓN,ASFALTO,Nublado,Bueno,1,INTERNATIONAL,BLANCO,1,,27,MASCULINO,SIN DATOS,0,0,Morelia,Isaac Arriaga,julio,martes,18,-101.167703792453,19.7094224613041
53630,53636,2025,LEG57409,2025/07/22,20:15:00,CAIDA DE MOTOCICLETA,ASFALTO,Bueno,Bueno,1,VENTO,NEGRO Y VERDE,2,MINISTERIO PÚBLICO,20,MASCULINO,SIN DATOS,1,0,Morelia,Xangari,julio,martes,20,-101.221308410168,19.6707374702336
53631,53637,2025,,2025/07/22,22:50:00,COLISIÓN POR ALCANCE,ASFALTO,Bueno,Bueno,2,NISSAN,BEIGE,2,,28,MASCULINO,SIN DATOS,0,0,Morelia,Hermanos Lopez Rayon,julio,martes,23,-101.220227479935,19.6753758185321
53632,53638,2025,MOR/20250077749,2025/07/23,"01:40:00",COLISIÓN POR CORTE DE CIRCULACIÓN,ASFALTO,Bueno,Bueno,1,PEÑA MOTOR,BLANCO,1,,36,MASCULINO,SIN DATOS,0,0,Morelia,Sentimientos de La Nacion,julio,miércoles,2,-101.234223246574,19.6787676756962
53633,53639,2025,,2025/07/23,"08:15:00",COLISIÓN POR CORTE DE CIRCULACIÓN,CONCRETO,Bueno,Bueno,2,CARABELA,AZUL,2,MINISTERIO PÚBLICO,33,MASCULINO,SIN DATOS,0,0,Morelia,Lomas del Mayoral,julio,miércoles,8,-101.312943398952,19.6892458634305
53634,53640,2025,LEG57417,2025/07/23,"08:25:00",COLISIÓN POR CAMBIO DE CARRIL,ASFALTO,Bueno,Bueno,2,NISSAN,BLANCO Y AZUL,2,,26,MASCULINO,SIN DATOS,0,0,Morelia,Sentimientos de La Nacion,julio,miércoles,8,-101.23320132494,19.6782038444014