fid,id_accidente,anio_origen,folio_c5i,dia_incidente,hora_ocurrencia,tipo_incidente_vial,superficie_ocurrencia,condiciones_climaticas,condiciones_via,numero_vehiculos_involucrados,marca_vehiculo_ocasiona_siniestro,color_vehiculo_ocasiona_siniestro,numero_personas_involucradas,lugar_remite_presunto_responsable,edad_presunto_responsable,sexo_presunto_responsable,resultados_toxicologia,numero_personas_lesionadas,numero_personas_fallecidas,municipio,colonia,mes,dia_semana,hora_redondeada,lon,lat
53635,53641,2025,,2025/07/23,"08:30:00",COLISIÓN POR ALCANCE,SIN_DATOS,Bueno,Bueno,2,MERCURY,MARRÓN,2,,44,FEMENINO,SIN DATOS,0,0,Morelia,Cosmos,julio,miércoles,9,-101.215942651033,19.6844829062174
53636,53642,2025,,2025/07/23,"08:40:00",COLISIÓN POR INVASIÓN DE CARRIL,ASFALTO,Bueno,Bueno,2,MAZDA,ROJO,2,,0,MASCULINO,SIN DATOS,0,0,Morelia,Las Flores,julio,miércoles,9,-101.208297014236,19.708253348669
53637,53643,2025,,2025/07/23,11:35:00,COLISIÓN POR CORTE DE CIRCULACIÓN,ASFALTO,Bueno,Bueno,2,JEEP,ROJO,2,,47,MASCULINO,SIN DATOS,0,0,Morelia,Jardines del Rincon,julio,miércoles,12,-101.150376051664,19.6906635482149
53638,53644,2025,,2025/07/23,13:00:00,COLISIÓN POR ALCANCE,ASFALTO,Bueno,Bueno,2,GMC/TERRAIN,NEGRO,2,,56,MASCULINO,SIN DATOS,0,0,Tarímbaro,Los Angeles,julio,miércoles,13,-101.171827018261,19.7506338985152
53639,53645,2025,,2025/07/23,14:35:00,COLISIÓN POR ALCANCE,ASFALTO,Bueno,Bueno,2,KENWORTH,ROJO,2,,32,MASCULINO,SIN DATOS,0,0,Morelia,Campestre Los Manantiales,julio,miércoles,15,-101.238241195679,19.687712944093
53640,53646,2025,,2025/07/23,18:05:00,COLISIÓN POR MANIOBRA DE REVERSA,CONCRETO,Bueno,Bueno,2,FREIGHTLINER,AZUL,2,,49,MASCULINO,SIN DATOS,0,0,Morelia,Lomas de Las Americas Norte,julio,miércoles,18,-101.147874891758,19.6946172787983
53641,53647,2025,,2025/07/23,21:00:00,COLISIÓN POR CAMBIO DE CARRIL,ASFALTO,Bueno,Bueno,2,MAZDA 3,GRIS,2,,32,MASCULINO,SIN DATOS,0,0,Morelia,Ciudad Industrial,julio,miércoles,21,-101.142743825912,19.7251150140405
53642,53648,2025,LEG57422,2025/07/24,"08:20:00",COLISIÓN POR ALCANCE,CONCRETO,Bueno,Bueno,2,DODGE,BLANCO,2,,32,MASCULINO,SIN DATOS,0,0,Morelia,La Aldea,julio,jueves,8,-101.135449730549,19.7451084257074
53643,53649,2025,,2025/07/24,"09:45:00",COLISIÓN POR CORTE DE CIRCULACIÓN,ASFALTO,Bueno,Bueno,2,TOYOTA,BLANCO CON GRIS,2,,49,MASCULINO,SIN DATOS,0,0,Morelia,Jose Maria Cabrera,julio,jueves,10,-101.224673241377,19.7247489141105
53644,53650,2025,LEG57424,2025/07/24,10:36:00,CAIDA ACUATICA DE VEHÍCULO,ASFALTO,Bueno,Bueno,1,CHEVROLET,ROJO,1,,58,MASCULINO,SIN DATOS,0,0,Morelia,Diego Rivera,julio,jueves,11,-101.177716478705,19.719488975467
53645,53651,2025,,2025/07/24,10:50:00,COLISIÓN POR ALCANCE,ASFALTO,Bueno,Bueno,2,Ford,Blanco,2,,24,MASCULINO,SIN DATOS,0,0,Morelia,Lomas de Huerta,julio,jueves,11,-101.21428001672,19.6743409468482
53646,53652,2025,LEG57425,2025/07/24,10:50:00,COLISIÓN POR ALCANCE,ASFALTO,Bueno,Bueno,2,FORD,BLANCO Y ROJO,2,MINISTERIO PÚBLICO,25,MASCULINO,SIN DATOS,0,0,Morelia,Lomas de Huerta,julio,jueves,11,-101.213915906847,19.6739835704494
53647,53653,2025,,2025/07/24,13:15:00,COLISIÓN POR CAMBIO DE CARRIL,ASFALTO,Bueno,Bueno,2,CHEVROLET,AZUL,2,,27,FEMENINO,SIN DATOS,0,0,Morelia,Clara Cordova Moran,julio,jueves,13,-101.180859357119,19.7374041232334
53648,53654,2025,,2025/07/24,14:00:00,COLISIÓN CONTRA OBJETO FIJO,ASFALTO,Bueno,Bueno,2,TOYOTA,GRIS,0,,,,,0,0,Morelia,Cuauhtemoc,julio,jueves,14,-101.18435561657,19.6947694283952
53649,53655,2025,LEG57430,2025/07/24,15:50:00,COLISIÓN POR CAMBIO DE CARRIL,ASFALTO,Bueno,Bueno,2,KIA,GRIS,2,,24,FEMENINO,SIN DATOS,0,0,Morelia,Los Manantiales de Morelia,julio,jueves,16,-101.242413371801,19.6976349906786
53650,53656,2025,,2025/07/24,18:10:00,COLISIÓN POR CAMBIO DE CARRIL,ASFALTO,Bueno,Bueno,2,CHEVROLET,CAFÉ,2,,35,FEMENINO,SIN DATOS,0,0,Morelia,Infonavit  Las  Camelinas,julio,jueves,18,-101.174254417419,19.6819700482744
53651,53657,2025,,2025/07/24,18:10:00,COLISIÓN POR CORTE DE CIRCULACIÓN,ASFALTO,Lluvioso,Bueno,2,HONDA,BLANCO/NEGRO,2,,27,MASCULINO,SIN DATOS,0,0,Morelia,Nueva Chapultepec,julio,jueves,18,-101.17575109005,19.6870626485076
53652,53658,2025,,2025/07/24,18:20:00,COLISIÓN POR CORTE DE CIRCULACIÓN,ASFALTO,Bueno,Bueno,2,CHEVROLET,ROJO,2,,50,MASCULINO,SIN DATOS,0,0,Morelia,Centro,julio,jueves,18,-101.199499703944,19.6982066449603
53653,53659,2025,,2025/07/24,18:58:00,COLISIÓN POR ALCANCE,ASFALTO,Lluvioso,Regular,2,CHEVROLET,NEGRO,2,,31,MASCULINO,SIN DATOS,0,0,Morelia,Libertad,julio,jueves,19,-101.23810775578,19.6873593856557
53654,53660,2025,,2025/07/24,19:45:00,COLISIÓN CONTRA OBJETO FIJO,CONCRETO,Lluvioso,Malo,4,NISSAN,ROJO,3,,46,MASCULINO,SIN DATOS,0,0,Morelia,Morelos,julio,jueves,20,-101.206367835402,19.698801971324
53655,53661,2025,,2025/07/24,23:10:00,COLISIÓN CON PEATÓN,CONCRETO,Bueno,Regular,1,NISSAN,BLANCO,2,,29,FEMENINO,SIN DATOS,1,0,Morelia,El Realito,julio,jueves,23,-101.202308982611,19.7265693061682
53656,53662,2025,,2025/07/25,"00:00:00",COLISIÓN POR CAMBIO DE CARRIL,ASFALTO,Bueno,Bueno,2,BMW,BLANCO,2,,45,MASCULINO,SIN DATOS,0,0,Morelia,Clara Cordova Moran,julio,viernes,0,-101.182824745774,19.7323497340216
53657,53663,2025,,2025/07/25,"00:14:00",COLISIÓN POR CORTE DE CIRCULACIÓN,CONCRETO,Bueno,Bueno,2,CHEVROLET,BLANCO,2,MINISTERIO PÚBLICO,42,MASCULINO,SIN DATOS,0,0,Morelia,Las Aguilas,julio,viernes,0,-101.229375824332,19.6977972384293
53658,53664,2025,,2025/07/25,"06:45:00",COLISIÓN POR ALCANCE,ASFALTO,Bueno,Bueno,2,FORD,AMARILLO,2,,69,MASCULINO,SIN DATOS,0,0,Morelia,Sentimientos de La Nacion,julio,viernes,7,-101.233217418194,19.6782107897037
53659,53665,2025,,2025/07/25,"07:40:00",COLISIÓN POR CAMBIO DE CARRIL,ASFALTO,Bueno,Bueno,2,INTERNACIONAL,VERDE,2,MINISTERIO PÚBLICO,,MASCULINO,SIN DATOS,0,0,Morelia,Dr Miguel Silva,julio,viernes,8,-101.188263595104,19.7211850768361
53660,53666,2025,,2025/07/25,10:15:00,COLISIÓN POR ALCANCE,CONCRETO,Bueno,Bueno,2,CHEVROLET,ROJO,2,,25,MASCULINO,SIN DATOS,0,0,Morelia,Unidos Santa Cruz,julio,viernes,10,-101.213261783123,19.7201239898476
53661,53667,2025,,2025/07/25,10:50:00,COLISIÓN POR CAMBIO DE CARRIL,ASFALTO,Bueno,Bueno,2,Mercedes-Benz,Blanco,2,,,,SIN DATOS,0,0,Morelia,Nueva Valladolid,julio,viernes,11,-101.207911446691,19.7010756178556
53662,53668,2025,,2025/07/25,12:45:00,COLISIÓN POR MANIOBRA DE REVERSA,ASFALTO,Bueno,Bueno,2,GENERAL MOTORS,BLANCO,2,,25,MASCULINO,SIN DATOS,0,0,Morelia,Nueva Chapultepec,julio,viernes,13,-101.174190714955,19.6885883135434
53663,53669,2025,"202500078",2025/07/25,14:59:00,COLISIÓN POR ALCANCE,ASFALTO,Bueno,Bueno,2,VOLKSWAGEN,BLANCO,2,,36,MASCULINO,SIN DATOS,0,0,Morelia,Felix Arreguin,julio,viernes,15,-101.227893233299,19.7191664174944
53664,53670,2025,,2025/07/25,18:30:00,COLISIÓN POR CAMBIO DE CARRIL,ASFALTO,Bueno,Bueno,2,DINA,BLANCO,2,,,MASCULINO,SIN DATOS,0,0,Morelia,Santiaguito,julio,viernes,19,-101.188691407442,19.7186046222112
53665,53671,2025,LEG57437,2025/07/25,19:20:00,COLISIÓN POR CORTE DE CIRCULACIÓN,ASFALTO,Bueno,Bueno,2,VOLKSWAGEN,GRIS,2,,18,MASCULINO,SIN DATOS,0,0,Morelia,Ejidal Ocolusen,julio,viernes,19,-101.153408288956,19.6872558433942
53666,53672,2025,,2025/07/25,20:10:00,COLISIÓN POR CAMBIO DE CARRIL,ASFALTO,Lluvioso,Bueno,2,CHEVROLET,BLANCO/VERDE,2,,27,MASCULINO,SIN DATOS,0,0,Morelia,Comision Federal de Electricidad,julio,viernes,20,-101.181343495846,19.6815242959899
53667,53673,2025,"202500234",2025/07/25,21:50:00,COLISIÓN POR CORTE DE CIRCULACIÓN,CONCRETO,Bueno,Bueno,2,ITALIKA,ROJO,2,,30,MASCULINO,SIN DATOS,0,0,Morelia,Ferrocarrilero,julio,viernes,22,-101.213606446981,19.7010693048459
53668,53674,2025,,2025/07/25,22:30:00,COLISIÓN CONTRA OBJETO FIJO,ASFALTO,Bueno,Bueno,1,NISSAN,BLANCO/ROJO,1,,,,SIN DATOS,0,0,Morelia,Sin datos,julio,viernes,23,-101.317859888077,19.6868846059548
53669,53675,2025,,2025/07/26,"00:25:00",COLISIÓN POR CAMBIO DE CARRIL,CONCRETO,Nublado,Regular,2,VENTO,BLANCO,2,,26,MASCULINO,SIN DATOS,0,0,Morelia,La Soledad,julio,sábado,0,-101.185101270676,19.7283543306686
53670,53676,2025,,2025/07/26,"01:40:00",COLISIÓN POR NO RESPETAR SEMÁFORO,ASFALTO,Bueno,Bueno,2,FORD,BLANCO,2,,,MASCULINO,SIN DATOS,0,0,Morelia,Fovissste La Huerta,julio,sábado,2,-101.212141290307,19.6922693585917
53671,53677,2025,,2025/07/26,"03:06:00",COLISIÓN CONTRA OBJETO FIJO,ASFALTO,Bueno,Bueno,1,FORD,ROJO,1,,,MASCULINO,SIN DATOS,0,0,Morelia,Sentimientos de La Nacion,julio,sábado,3,-101.2345101,19.6807587
53672,53678,2025,MOR20250079025,2025/07/26,"09:20:00",COLISIÓN CON PEATÓN,ASFALTO,Bueno,Bueno,1,FORD,ROJO,2,MINISTERIO PÚBLICO,33,MASCULINO,SIN DATOS,1,0,Morelia,Tinijaro,julio,sábado,9,-101.258497238159,19.6971147866642
53673,53679,2025,LEG57455,2025/07/26,10:35:00,COLISIÓN POR CAMBIO DE CARRIL,CONCRETO,Bueno,Bueno,2,JEEP,NEGRO,2,MINISTERIO PÚBLICO,22,MASCULINO,SIN DATOS,0,0,Morelia,Club de Golf Tres Marias,julio,sábado,11,-101.113201975822,19.7061625600591
53674,53680,2025,,2025/07/26,12:57:00,COLISIÓN CONTRA OBJETO FIJO,ASFALTO,Bueno,Bueno,1,TOYOTA,BLANCO/NARANJA,1,,58,MASCULINO,SIN DATOS,0,0,Morelia,Centro,julio,sábado,13,-101.189608722925,19.7052459375955
53675,53681,2025,,2025/07/26,13:30:00,COLISIÓN POR INVASIÓN DE CARRIL,CONCRETO,Bueno,Bueno,2,MITSUBISHI,BLANCO  Y AZUL,2,,45,MASCULINO,SIN DATOS,0,0,Morelia,Villas Oriente,julio,sábado,14,-101.142212748528,19.7528856659495
53676,53682,2025,,2025/07/26,13:55:00,COLISIÓN POR CORTE DE CIRCULACIÓN,ASFALTO,Nublado,Bueno,2,FORD,BLANCO,2,,25,MASCULINO,SIN DATOS,0,0,Morelia,Sentimientos de La Nacion,julio,sábado,14,-101.234720796347,19.6858195032868
53677,53683,2025,,2025/07/26,14:20:00,COLISIÓN POR CAMBIO DE CARRIL,ASFALTO,Bueno,Bueno,2,FORD,BLANCO,2,MINISTERIO PÚBLICO,28,FEMENINO,SIN DATOS,0,0,Morelia,La Rinconada,julio,sábado,14,-101.159327924252,19.6914467260763
53678,53684,2025,,2025/07/26,15:19:00,COLISIÓN POR CORTE DE CIRCULACIÓN,ASFALTO,Bueno,Bueno,2,FORD,AZUL,2,,76,MASCULINO,SIN DATOS,0,0,Morelia,Loma Bonita,julio,sábado,15,-101.197436749935,19.7190578459756
53679,53685,2025,LEG57458,2025/07/26,15:35:00,COLISIÓN POR CAMBIO DE CARRIL,ASFALTO,Bueno,Bueno,2,CHEVROLET,GRIS,2,,25,MASCULINO,SIN DATOS,0,0,Morelia,Enrique Ramirez,julio,sábado,16,-101.165902018547,19.7098769736284
53680,53686,2025,,2025/07/26,18:15:00,COLISIÓN POR ALCANCE,CONCRETO,Lluvioso,Bueno,2,FREIGHTLINER,BLANCO,2,,43,MASCULINO,SIN DATOS,0,0,Morelia,Lomas de Huerta,julio,sábado,18,-101.21428001672,19.6743286344236
53681,53687,2025,LEG57467,2025/07/26,19:41:00,COLISIÓN POR CORTE DE CIRCULACIÓN,CONCRETO,Nublado,Regular,2,S/D,S/D,2,MINISTERIO PÚBLICO,18,MASCULINO,SIN DATOS,1,0,Morelia,Loma Real,julio,sábado,20,-101.198946833611,19.7303236414916
53682,53688,2025,,2025/07/26,20:30:00,COLISIÓN CONTRA OBJETO FIJO,ASFALTO,Lluvioso,Bueno,1,SEAT,NEGRO,1,,29,MASCULINO,SIN DATOS,0,0,Morelia,Gertrudis Bocanegra,julio,sábado,21,-101.213213503361,19.7023849306732
53683,53689,2025,,2025/07/26,20:55:00,COLISIÓN CON PEATÓN,SIN_DATOS,Bueno,Bueno,2,FORD,VERDE,2,,63,MASCULINO,SIN DATOS,0,0,Morelia,Union,julio,sábado,21,-101.154807396233,19.7138539013664
53684,53690,2025,,2025/07/26,21:07:00,SUBIDA AL CAMELLÓN,CONCRETO,Bueno,Bueno,1,DODGE,NEGRO,1,,48,MASCULINO,SIN DATOS,0,0,Morelia,Irrigacion,julio,sábado,21,-101.225033998489,19.7047787863856
53685,53691,2025,,2025/07/26,21:30:00,COLISIÓN POR CAMBIO DE CARRIL,ASFALTO,Lluvioso,Regular,2,CHEVROLET,PLATA,1,MINISTERIO PÚBLICO,61,MASCULINO,SIN DATOS,0,0,Morelia,Residencial Alborada,julio,sábado,22,-101.234633624554,19.7024884631486
53686,53692,2025,,2025/07/26,22:00:00,COLISIÓN POR ALCANCE,ASFALTO,Bueno,Bueno,3,CHEVROLET,ROJO,4,MINISTERIO PÚBLICO,18,MASCULINO,SIN DATOS,1,0,Morelia,Lomas del Tecnologico,julio,sábado,22,-101.188561320305,19.7199491402152
53687,53693,2025,,2025/07/27,"00:00:00",COLISIÓN POR CORTE DE CIRCULACIÓN,ASFALTO,Lluvioso,Bueno,2,ITALIKA,NEGRO Y AMARILLO,2,,25,MASCULINO,SIN DATOS,0,0,Morelia,Vasco de Quiroga,julio,domingo,0,-101.170006804168,19.7049905828126
53688,53694,2025,LEG57466,2025/07/27,"01:00:00",SUBIDA AL CAMELLÓN,ASFALTO,Bueno,Regular,1,NISSAN,BLANCO,1,,34,MASCULINO,SIN DATOS,0,0,Morelia,Rafael Carrillo,julio,domingo,1,-101.234445534647,19.7104722565662
53689,53695,2025,MOR/20250079380,2025/07/27,"01:15:00",COLISIÓN POR CAMBIO DE CARRIL,ASFALTO,Nublado,Regular,2,CHEVROLET,PLATA,2,,39,MASCULINO,SIN DATOS,0,0,Morelia,Sin datos,julio,domingo,1,-101.325694620609,19.6858592790324
53690,53696,2025,LEG57470,2025/07/27,"09:45:00",COLISIÓN POR CORTE DE CIRCULACIÓN,ASFALTO,Bueno,Bueno,2,ITALIKA,GRIS,2,,,MASCULINO,SIN DATOS,0,0,Morelia,Ventura Puente,julio,domingo,10,-101.179460585117,19.6923823676401
53691,53697,2025,,2025/07/27,13:00:00,COLISIÓN POR CORTE DE CIRCULACIÓN,CONCRETO,Bueno,Bueno,2,TOYOTA AVANZA,BLANCO,2,,45,MASCULINO,SIN DATOS,0,0,Morelia,Villas del Pedregal,julio,domingo,13,-101.303408145905,19.6663970265513
53692,53698,2025,,2025/07/27,17:50:00,COLISIÓN POR CORTE DE CIRCULACIÓN,ASFALTO,Lluvioso,Bueno,2,ITALIKA,BLANCO,2,,25,MASCULINO,SIN DATOS,0,0,Morelia,Isaac Arriaga,julio,domingo,18,-101.171408928931,19.7077060343637
53693,53699,2025,,2025/07/27,21:20:00,COLISIÓN CONTRA OBJETO FIJO,CONCRETO,Bueno,Regular,1,PLYMOUTH GRAN VOYAGER,ROJO,1,,40,FEMENINO,SIN DATOS,0,0,Morelia,Tres Puentes,julio,domingo,21,-101.215758919716,19.703766199891
53694,53700,2025,,2025/07/27,21:45:00,COLISIÓN CONTRA OBJETO FIJO,ASFALTO,Lluvioso,Bueno,1,HONDA,BLANCO,1,,21,MASCULINO,SIN DATOS,0,0,Morelia,Sin datos,julio,domingo,22,-101.135877370834,19.7294627021823
53695,53701,2025,LEG57475,2025/07/28,"07:30:00",COLISIÓN POR CORTE DE CIRCULACIÓN,CONCRETO,Bueno,Bueno,2,KIA,AZUL,2,,29,MASCULINO,ALIENTO ETÍLICO,0,0,Morelia,Villas del Pedregal,julio,lunes,8,-101.300980746746,19.6783446445635
53696,53702,2025,,2025/07/28,13:00:00,COLISIÓN POR CAMBIO DE CARRIL,ASFALTO,Bueno,Regular,2,TOYOTA,BLANCO Y GRIS,2,,37,MASCULINO,SIN DATOS,0,0,Morelia,Elias Perez Avalos,julio,lunes,13,-101.171369701624,19.7146669499711
53697,53703,2025,LEG57477,2025/07/28,13:15:00,COLISIÓN CONTRA OBJETO FIJO,ASFALTO,Bueno,Bueno,1,FREIGTHLINER,BLANCO,1,,25,MASCULINO,SIN DATOS,0,0,Morelia,Ferrocarrilero,julio,lunes,13,-101.212749481201,19.701907670347
53698,53704,2025,LEG57478,2025/07/28,15:05:00,COLISIÓN POR CAMBIO DE CARRIL,ASFALTO,Bueno,Bueno,2,MAZDA,GRIS,2,,31,MASCULINO,SIN DATOS,0,0,Morelia,Las Americas,julio,lunes,15,-101.151061356068,19.6896398238552
53699,53705,2025,,2025/07/28,15:35:00,COLISIÓN POR CORTE DE CIRCULACIÓN,CONCRETO,Nublado,Bueno,2,FORD,AZUL,2,,72,MASCULINO,SIN DATOS,0,0,Morelia,Industrial,julio,lunes,16,-101.197597682476,19.7113080477469
53700,53706,2025,LEG57480,2025/07/28,16:30:00,CAIDA DE MOTOCICLETA,ASFALTO,Bueno,Bueno,2,BENELLI,NEGRO,1,,18,MASCULINO,SIN DATOS,0,0,Morelia,La Colina,julio,lunes,17,-101.215556412935,19.7088631568656
53701,53707,2025,LEG57481,2025/07/28,16:30:00,COLISIÓN POR CAMBIO DE CARRIL,ASFALTO,Bueno,Bueno,2,VOLVO,BLANCO,2,,34,MASCULINO,SIN DATOS,0,0,Morelia,El Eden,julio,lunes,17,-101.249653995037,19.6460075557618
53702,53708,2025,LEG57484,2025/07/28,22:20:00,COLISIÓN CONTRA OBJETO FIJO,ASFALTO,Lluvioso,Malo,1,NISSAN,BLANCO,0,,,,,0,0,Morelia,La Huerta,julio,lunes,22,-101.236637234688,19.6606622072033
53703,53709,2025,LEG57483,2025/07/29,"01:50:00",COLISIÓN CONTRA OBJETO FIJO,ASFALTO,Nublado,Regular,1,VOLKSWAGEN,GRIS,0,,,,,0,0,Morelia,Americas Britania,julio,martes,2,-101.149317920208,19.6945692979825
53704,53710,2025,,2025/07/29,12:30:00,COLISIÓN POR ALCANCE,ASFALTO,Bueno,Bueno,2,STERLING,BLANCO,2,,23,MASCULINO,SIN DATOS,0,0,Morelia,Vicente Lombardo Toledano (Ejidal Isacc Arriaga) (Etnias de Mexico),julio,martes,13,-101.149205937982,19.7201643882915
53705,53711,2025,,2025/07/29,12:35:00,COLISIÓN POR CAMBIO DE CARRIL,CONCRETO,Bueno,Bueno,2,CHEVROLET/C1500,NEGRO,2,,64,MASCULINO,SIN DATOS,0,0,Morelia,Solidaridad,julio,martes,13,-101.204579137266,19.7297369535143
53706,53712,2025,,2025/07/29,13:05:00,COLISIÓN POR CAMBIO DE CARRIL,ASFALTO,Bueno,Bueno,2,NISSAN,ORO ROSA,2,MINISTERIO PÚBLICO,59,MASCULINO,SIN DATOS,0,0,Morelia,Eucaliptos (Gigantes de Michoacan),julio,martes,13,-101.151330582798,19.6977997636849
53707,53713,2025,,2025/07/29,15:30:00,COLISIÓN POR CAMBIO DE CARRIL,ASFALTO,Bueno,Bueno,2,KIA,GRIS,2,,26,FEMENINO,SIN DATOS,0,0,Morelia,Camelinas,julio,martes,16,-101.171086728573,19.6820155073612
53708,53714,2025,,2025/07/29,15:50:00,COLISIÓN POR CORTE DE CIRCULACIÓN,ASFALTO,Bueno,Bueno,3,FORD/FIESTA,CAFE,3,,56,MASCULINO,SIN DATOS,0,0,Morelia,Ana Maria Gallaga (Riviera Norte),julio,martes,16,-101.224341988564,19.6768166720641
53709,53715,2025,,2025/07/29,19:50:00,COLISIÓN POR CAMBIO DE CARRIL,ASFALTO,Bueno,Regular,2,NISSAN,PLATA,2,,45,,SIN DATOS,0,0,Morelia,Elias Perez Avalos,julio,martes,20,-101.166353970766,19.7109753730796
53710,53716,2025,,2025/07/29,23:23:00,COLISIÓN POR CAMBIO DE CARRIL,ASFALTO,Bueno,Bueno,2,NISSAN,BLANCO CON FRANJAS COLOR ORO,2,,66,MASCULINO,SIN DATOS,0,0,Morelia,Elias Perez Avalos,julio,martes,23,-101.166463941336,19.7109198220242
53711,53717,2025,,2025/07/30,"00:00:00",COLISIÓN CONTRA OBJETO FIJO,CONCRETO,Nublado,Bueno,2,CHEVROLET,GRIS MERCURIO,2,,58,,SIN DATOS,0,0,Morelia,Articulo Constitucional,julio,miércoles,0,-101.172803342342,19.7151744720042
53712,53718,2025,,2025/07/30,"06:03:00",COLISIÓN POR CAMBIO DE CARRIL,ASFALTO,Bueno,Bueno,2,INTERNACIONAL,BLANCO,2,,38,MASCULINO,SIN DATOS,0,0,Morelia,Libertad,julio,miércoles,6,-101.236881315708,19.6848213182446
53713,53719,2025,LEG57493,2025/07/30,"09:50:00",COLISIÓN POR CAMBIO DE CARRIL,ASFALTO,Bueno,Bueno,3,NISSAN,GRIS,1,,39,MASCULINO,SIN DATOS,0,0,Morelia,Villas del Pedregal,julio,miércoles,10,-101.306422948837,19.6761309738833
53714,53720,2025,,2025/07/30,11:50:00,COLISIÓN POR CORTE DE CIRCULACIÓN,ASFALTO,Bueno,Bueno,2,ITALIKA,BlANCO/VERDE,2,,28,,SIN DATOS,0,0,Morelia,Nueva Valladolid,julio,miércoles,12,-101.2115401,19.7007627
53715,53721,2025,LEG57494,2025/07/30,12:15:00,SALIDA DE SUPERFICIE DE RODAMIENTO,ASFALTO,Bueno,Bueno,1,WOLKKSWAGEN,NEGRO,0,,,,,0,0,Morelia,Libertad,julio,miércoles,12,-101.236921548843,19.6848137418638
53716,53722,2025,,2025/07/30,15:25:00,COLISIÓN POR CORTE DE CIRCULACIÓN,ASFALTO,Nublado,Bueno,2,NISSAN,BLANCO Y ROJO,2,,58,MASCULINO,SIN DATOS,0,0,Morelia,Independencia,julio,miércoles,15,-101.177900880575,19.7193040254762
53717,53723,2025,,2025/07/30,16:00:00,COLISIÓN POR ALCANCE,ASFALTO,Nublado,Regular,2,NISSAN,BLANCO,2,,43,MASCULINO,SIN DATOS,0,0,Morelia,Centro,julio,miércoles,16,-101.200122982264,19.6983666825409
53718,53724,2025,,2025/07/30,16:25:00,COLISIÓN POR CORTE DE CIRCULACIÓN,ASFALTO,Bueno,Bueno,2,HYUNDAI,ARENA,2,,28,FEMENINO,SIN DATOS,0,0,Morelia,Valle de Altozano,julio,miércoles,16,-101.164196133614,19.6651215174131
53719,53725,2025,,2025/07/31,"08:40:00",COLISIÓN CON PEATÓN,ASFALTO,Bueno,Bueno,1,NISSAN,BLANCO,1,,37,MASCULINO,SIN DATOS,0,0,Morelia,El Durazno,julio,jueves,9,-101.176283173263,19.6577258902071
53720,53726,2025,,2025/07/31,"09:10:00",COLISIÓN POR CORTE DE CIRCULACIÓN,ASFALTO,Bueno,Bueno,2,SUZUKI,PLATA,2,,26,MASCULINO,SIN DATOS,0,0,Morelia,Jardines de Torremolinos,julio,jueves,9,-101.225683093071,19.6767295393089
53721,53727,2025,,2025/07/31,"09:30:00",COLISIÓN POR CORTE DE CIRCULACIÓN,ASFALTO,Bueno,Bueno,2,JEEP,BLANCO,2,,61,MASCULINO,SIN DATOS,0,0,Morelia,Jardines de Torremolinos,julio,jueves,10,-101.225672364235,19.6767270137211
53722,53728,2025,MOR20247161,2025/07/31,12:30:00,COLISIÓN POR CAMBIO DE CARRIL,ASFALTO,Bueno,Bueno,2,NISSAN,GRIS,2,,,MASCULINO,SIN DATOS,0,0,Morelia,Torreon Nuevo,julio,jueves,13,-101.20295137167,19.7452492181844
53723,53729,2025,,2025/07/31,13:40:00,SUBIDA AL CAMELLÓN,ASFALTO,Bueno,Bueno,1,JEEP,NEGRO,1,,18,FEMENINO,SIN DATOS,0,0,Morelia,Las Americas,julio,jueves,14,-101.151061356068,19.6897458899577
53724,53730,2025,,2025/07/31,13:40:00,COLISIÓN POR INVASIÓN DE CARRIL,ASFALTO,Bueno,Bueno,2,ISUZU,AZUL,2,,0,MASCULINO,SIN DATOS,0,0,Morelia,Campestre del Vergel,julio,jueves,14,-101.242033839226,19.6770300839747
53725,53731,2025,MOR20236789,2025/07/31,14:30:00,COLISIÓN POR CAMBIO DE CARRIL,ASFALTO,Bueno,Bueno,2,BMW,BLANCO,2,,,MASCULINO,SIN DATOS,0,0,Morelia,Centro,julio,jueves,15,-101.191472858191,19.7029354196517
53726,53732,2025,,2025/07/31,14:45:00,SALIDA DE SUPERFICIE DE RODAMIENTO,ASFALTO,Lluvioso,Bueno,1,CHEVROLET/BEAT,OCRE,1,,56,MASCULINO,SIN DATOS,0,0,Charo,San Pedro Y San Pablo,julio,jueves,15,-101.052023135126,19.7465685826468
53727,53733,2025,,2025/07/31,15:05:00,COLISIÓN POR MANIOBRA DE REVERSA,ASFALTO,Bueno,Bueno,2,HONDA,BLANCO,2,,31,MASCULINO,SIN DATOS,0,0,Morelia,Indeco El Vivero,julio,jueves,15,-101.229942440987,19.6769189582816
53728,53734,2025,,2025/07/31,16:20:00,COLISIÓN POR NO RESPETAR SEMÁFORO,ASFALTO,Bueno,Bueno,2,HONDA,BLANCO,2,,0,MASCULINO,SIN DATOS,0,0,Morelia,Ventura Puente,julio,jueves,16,-101.18910446763,19.6906600758338
53729,53735,2025,LEG57515,2025/08/01,"07:44:00",COLISIÓN POR CAMBIO DE CARRIL,ASFALTO,Bueno,Bueno,2,FREIGTHLINER,ROJO,2,,49,MASCULINO,SIN DATOS,0,0,Morelia,Sentimientos de La Nacion,agosto,viernes,8,-101.23430237174,19.6788838512148
53730,53736,2025,,2025/08/01,11:05:00,COLISIÓN POR CAMBIO DE CARRIL,CONCRETO,Nublado,Bueno,2,NISSAN,AZUL,2,,35,MASCULINO,SIN DATOS,0,0,Morelia,Centro,agosto,viernes,11,-101.178280413151,19.6991248860233