fid,id_accidente,anio_origen,folio_c5i,dia_incidente,hora_ocurrencia,tipo_incidente_vial,superficie_ocurrencia,condiciones_climaticas,condiciones_via,numero_vehiculos_involucrados,marca_vehiculo_ocasiona_siniestro,color_vehiculo_ocasiona_siniestro,numero_personas_involucradas,lugar_remite_presunto_responsable,edad_presunto_responsable,sexo_presunto_responsable,resultados_toxicologia,numero_personas_lesionadas,numero_personas_fallecidas,municipio,colonia,mes,dia_semana,hora_redondeada,lon,lat
53731,53737,2025,,2025/08/01,13:05:00,COLISIÓN POR ALCANCE,ASFALTO,Bueno,Bueno,2,FORD,NEGRO,2,,62,MASCULINO,SIN DATOS,0,0,Morelia,Loma Real,agosto,viernes,13,-101.199354529381,19.7314496724126
53732,53738,2025,LEG57517,2025/08/01,13:10:00,COLISIÓN POR CORTE DE CIRCULACIÓN,ASFALTO,Bueno,Bueno,2,NISSAN,BLANCO,3,,33,MASCULINO,SIN DATOS,1,0,Morelia,Consuelo Alfaro de Vazquez,agosto,viernes,13,-101.138589084148,19.7281472991463
53733,53739,2025,,2025/08/01,16:15:00,COLISIÓN POR ALCANCE,ASFALTO,Bueno,Bueno,2,CHEVROLET,BLANCO,2,,47,MASCULINO,SIN DATOS,0,0,Morelia,Ana Maria Gallaga (Riviera Norte),agosto,viernes,16,-101.224338971078,19.6767970987682
53734,53740,2025,LEG57518,2025/08/01,18:01:00,COLISIÓN POR CAMBIO DE CARRIL,ASFALTO,Bueno,Bueno,3,GMC,BLANCO,3,,50,MASCULINO,SIN DATOS,0,0,Morelia,Felicitas del Rio,agosto,viernes,18,-101.198423802853,19.6896107819339
53735,53741,2025,,2025/08/01,18:10:00,CAIDA DE MOTOCICLETA,ASFALTO,Bueno,Bueno,1,ITALIKA,NEGRO,2,,28,MASCULINO,SIN DATOS,1,0,Morelia,Nicolas Bravo(Los Ejidos),agosto,viernes,18,-101.216666847467,19.7002271471265
53736,53742,2025,,2025/08/01,18:38:00,COLISIÓN POR ALCANCE,CONCRETO,Lluvioso,Regular,2,BYD,PLATA,2,,28,MASCULINO,SIN DATOS,0,0,Morelia,Sentimientos de La Nacion,agosto,viernes,19,-101.23321339488,19.6782076327482
53737,53743,2025,,2025/08/01,18:50:00,COLISIÓN POR CORTE DE CIRCULACIÓN,CONCRETO,Nublado,Bueno,2,VOLKSWAGEN,BLANCO CANDY,2,,58,MASCULINO,SIN DATOS,0,0,Morelia,Las Americas,agosto,viernes,19,-101.152229458094,19.6885400152455
53738,53744,2025,MOR/20250081263,2025/08/01,19:00:00,COLISIÓN POR CORTE DE CIRCULACIÓN,CONCRETO,Nublado,Regular,2,ITALIKA,ROJO,2,,16,MASCULINO,SIN DATOS,0,0,Morelia,Prados Verdes,agosto,viernes,19,-101.198612228036,19.7169331117603
53739,53745,2025,LEG57521,2025/08/01,20:25:00,COLISIÓN POR CORTE DE CIRCULACIÓN,ASFALTO,Lluvioso,Malo,2,ITALIKA,ROJO,2,,18,MASCULINO,SIN DATOS,0,0,Morelia,Ilustres Novohispanos,agosto,viernes,20,-101.151753365993,19.7093441840511
53740,53746,2025,,2025/08/01,20:45:00,SALIDA DE SUPERFICIE DE RODAMIENTO,ASFALTO,Lluvioso,Malo,1,MITSUBISHI,NEGRO,1,,25,MASCULINO,SIN DATOS,0,0,Morelia,Villas del Pedregal,agosto,viernes,21,-101.298513785005,19.6869439534944
53741,53747,2025,,2025/08/02,"00:10:00",COLISIÓN POR CORTE DE CIRCULACIÓN,ASFALTO,Lluvioso,Regular,2,S/D,S/D,1,,45,FEMENINO,SIN DATOS,0,0,Morelia,Dr Miguel Silva,agosto,sábado,0,-101.18816703558,19.7211282668843
53742,53748,2025,LEG57527,2025/08/02,"00:15:00",COLISIÓN POR CORTE DE CIRCULACIÓN,CONCRETO,Bueno,Bueno,2,NISSAN,BLANCO,2,,47,MASCULINO,SIN DATOS,0,0,Morelia,Ventura Puente,agosto,sábado,0,-101.191892623901,19.692402254699
53743,53749,2025,,2025/08/02,"07:10:00",COLISIÓN POR CORTE DE CIRCULACIÓN,CONCRETO,Nublado,Regular,2,ITALIKA,NEGRO/AZUL,2,,34,MASCULINO,SIN DATOS,0,0,Morelia,Jardines de Torremolinos,agosto,sábado,7,-101.225747801363,19.6768469790983
53744,53750,2025,,2025/08/02,10:07:00,COLISIÓN POR CAMBIO DE CARRIL,ASFALTO,Bueno,Bueno,2,KENWORTH,BLANCO,2,,27,MASCULINO,SIN DATOS,0,0,Morelia,Sentimientos de La Nacion,agosto,sábado,10,-101.233191937208,19.6782003717501
53745,53751,2025,,2025/08/02,13:00:00,COLISIÓN POR ALCANCE,CONCRETO,Bueno,Bueno,2,NISSAN,BLANCO,2,,41,MASCULINO,SIN DATOS,0,0,Morelia,Quinceo,agosto,sábado,13,-101.222453713417,19.7274529841559
53746,53752,2025,,2025/08/02,14:00:00,COLISIÓN POR CAMBIO DE CARRIL,ASFALTO,Bueno,Bueno,2,SUZUKI,BEIGE,2,,49,FEMENINO,SIN DATOS,0,0,Morelia,El Realito,agosto,sábado,14,-101.202722042799,19.7254659642204
53747,53753,2025,,2025/08/02,17:20:00,COLISIÓN POR ALCANCE,ASFALTO,Bueno,Bueno,2,VOLKSWAGEN,BLANCO,2,MINISTERIO PÚBLICO,45,FEMENINO,SIN DATOS,0,0,Morelia,Los Pinos de Michoacan,agosto,sábado,17,-101.213403269649,19.6877123127394
53748,53754,2025,LEG57533,2025/08/02,19:20:00,COLISIÓN POR ALCANCE,ASFALTO,Bueno,Bueno,2,FORD,ROJO,2,,,MASCULINO,SIN DATOS,0,0,Morelia,Sin datos,agosto,sábado,19,-101.264939904213,19.6401321212336
53749,53755,2025,,2025/08/02,20:55:00,COLISIÓN CONTRA OBJETO FIJO,CONCRETO,Bueno,Bueno,1,RAM,PLATA,1,,30,MASCULINO,SIN DATOS,0,0,Morelia,Justo Mendoza,agosto,sábado,21,-101.232622378656,19.7126478215394
53750,53756,2025,,2025/08/02,21:00:00,COLISIÓN POR CORTE DE CIRCULACIÓN,ASFALTO,Bueno,Bueno,2,KIA,GRIS,2,,34,MASCULINO,SIN DATOS,0,0,Morelia,Villas del Pedregal,agosto,sábado,21,-101.304507851601,19.6876125588303
53751,53757,2025,,2025/08/02,22:15:00,COLISIÓN POR ALCANCE,ASFALTO,Lluvioso,Bueno,2,RENAULT,BLANCO,2,,30,FEMENINO,SIN DATOS,0,0,Morelia,Chapultepec Oriente,agosto,sábado,22,-101.159378215671,19.6899556228495
53752,53758,2025,,2025/08/02,22:41:00,COLISIÓN POR CORTE DE CIRCULACIÓN,ASFALTO,Lluvioso,Regular,2,NISSAN,ROJO,2,,18,MASCULINO,SIN DATOS,0,0,Morelia,Lomas del Valle,agosto,sábado,23,-101.231792159379,19.6899908518785
53753,53759,2025,,2025/08/03,"00:40:00",COLISIÓN CONTRA OBJETO FIJO,CONCRETO,Bueno,Bueno,1,NISSAN VERSA,GRIS,1,,26,MASCULINO,SIN DATOS,0,0,Morelia,Sin datos,agosto,domingo,1,-101.180645786226,19.747463825654
53754,53760,2025,,2025/08/03,"01:55:00",COLISIÓN POR CAMBIO DE CARRIL,ASFALTO,Bueno,Bueno,3,NISSAN,ROJO,3,,,MASCULINO,SIN DATOS,0,0,Morelia,Chapultepec Norte,agosto,domingo,2,-101.164332926273,19.6959405335226
53755,53761,2025,,2025/08/03,"02:30:00",SALIDA DE SUPERFICIE DE RODAMIENTO,ASFALTO,Bueno,Malo,1,MAZDA,CAFE,1,,,,SIN DATOS,0,0,Morelia,Sin datos,agosto,domingo,3,-101.276988051832,19.6276763858299
53756,53762,2025,,2025/08/03,"03:00:00",COLISIÓN CONTRA OBJETO FIJO,ASFALTO,Lluvioso,Bueno,1,NISSAN,GRIS,1,,52,MASCULINO,SIN DATOS,0,0,Morelia,Los Manantiales de Morelia,agosto,domingo,3,-101.240386962891,19.6927182376368
53757,53763,2025,,2025/08/03,"06:05:00",COLISIÓN CONTRA OBJETO FIJO,CONCRETO,Bueno,Bueno,2,NISSAN,GRIS,2,,40,MASCULINO,SIN DATOS,0,0,Morelia,El Porvenir,agosto,domingo,6,-101.203967928886,19.710936234838
53758,53764,2025,,2025/08/03,"07:15:00",COLISIÓN POR CORTE DE CIRCULACIÓN,CONCRETO,Bueno,Regular,2,KIA,GRIS,2,,32,MASCULINO,SIN DATOS,0,0,Morelia,Vista Bella,agosto,domingo,7,-101.195877045393,19.6785094374211
53759,53765,2025,,2025/08/03,12:10:00,COLISIÓN POR NO RESPETAR SEMÁFORO,ASFALTO,Bueno,Bueno,2,CHEVROLET,GRIS,2,,73,MASCULINO,SIN DATOS,0,0,Morelia,Nueva Chapultepec,agosto,domingo,12,-101.173184216023,19.6864028798994
53760,53766,2025,MOR/20250082105,2025/08/03,15:03:00,COLISIÓN CONTRA OBJETO FIJO,ASFALTO,Bueno,Bueno,2,ITALIKA,NEGRO,2,,33,MASCULINO,SIN DATOS,0,0,Morelia,Nueva Chapultepec,agosto,domingo,15,-101.16470977664,19.6871573519125
53761,53767,2025,,2025/08/03,18:30:00,COLISIÓN POR ALCANCE,CONCRETO,Bueno,Bueno,2,CHEVROLET,BLANCO,2,,47,FEMENINO,SIN DATOS,0,0,Morelia,Alberto Oviedo Mota,agosto,domingo,19,-101.199271380901,19.6849968376339
53762,53768,2025,LEG57550,2025/08/03,19:00:00,COLISIÓN POR CAMBIO DE CARRIL,ASFALTO,Bueno,Bueno,2,ITALIKA,AZUL/NEGRO,2,MINISTERIO PÚBLICO,30,MASCULINO,SIN DATOS,0,0,Morelia,Sin datos,agosto,domingo,19,-101.279508322477,19.6557266380251
53763,53769,2025,,2025/08/03,21:10:00,COLISIÓN POR ALCANCE,ASFALTO,Bueno,Bueno,3,VOLKSWAGEN,ROJO,3,,34,MASCULINO,ALIENTO ETÍLICO,0,0,Morelia,Lomas de Huerta,agosto,domingo,21,-101.210147738457,19.6723400075984
53764,53770,2025,,2025/08/03,22:30:00,COLISIÓN POR CORTE DE CIRCULACIÓN,ASFALTO,Bueno,Bueno,2,NISSAN,GRIS,2,MINISTERIO PÚBLICO,32,MASCULINO,SIN DATOS,0,0,Morelia,Sin datos,agosto,domingo,23,-101.278354637325,19.6431533851313
53765,53771,2025,,2025/08/04,"02:20:00",COLISIÓN CONTRA OBJETO FIJO,CONCRETO,Bueno,Bueno,2,MAZDA.,ROJO,0,,,,,0,0,Morelia,Rincon de Altozano,agosto,lunes,2,-101.164010390639,19.6586301552772
53766,53772,2025,,2025/08/04,"09:05:00",COLISIÓN POR CAMBIO DE CARRIL,ASFALTO,Bueno,Bueno,2,CHEVROLET/TAHOE,NEGRO,2,,42,MASCULINO,SIN DATOS,0,0,Morelia,Indeco El Vivero,agosto,lunes,9,-101.231840103865,19.6777132527353
53767,53773,2025,,2025/08/04,11:20:00,COLISIÓN POR ALCANCE,CONCRETO,Bueno,Bueno,2,CHEVROLET,NEGRO,2,,34,FEMENINO,SIN DATOS,0,0,Morelia,Centro,agosto,lunes,11,-101.178127527237,19.6991387748129
53768,53774,2025,,2025/08/04,15:10:00,COLISIÓN POR INVASIÓN DE CARRIL,CONCRETO,Bueno,Bueno,3,FORD,GRIS,3,,40,MASCULINO,SIN DATOS,0,0,Morelia,La Aldea,agosto,lunes,15,-101.131950616837,19.7563541334317
53769,53775,2025,,2025/08/04,16:25:00,COLISIÓN CONTRA OBJETO FIJO,CONCRETO,Bueno,Bueno,1,MAZDA CX7,BLANCO,0,,,,,0,0,Morelia,Torremolinos,agosto,lunes,16,-101.224148869514,19.6814308520109
53770,53776,2025,,2025/08/04,16:55:00,COLISIÓN POR ALCANCE,ASFALTO,Bueno,Bueno,2,FORD,GRIS,2,,,MASCULINO,SIN DATOS,0,0,Morelia,Comision Federal de Electricidad,agosto,lunes,17,-101.18133276701,19.6813992830868
53771,53777,2025,,2025/08/04,17:20:00,COLISIÓN POR INVASIÓN DE CARRIL,ASFALTO,Bueno,Bueno,2,NISSAN,BLANCO,3,,51,MASCULINO,SIN DATOS,1,0,Morelia,Sin datos,agosto,lunes,17,-101.355050057173,19.6783616921083
53775,53781,2025,LEG57567,2025/08/05,"08:51:00",COLISIÓN POR CAMBIO DE CARRIL,ASFALTO,Bueno,Bueno,2,BMW,BLANCO,2,,70,MASCULINO,SIN DATOS,0,0,Morelia,Sin datos,agosto,martes,9,-101.115889549255,19.703496007399
53776,53782,2025,LEG57564,2025/08/05,"09:00:00",COLISIÓN POR CAMBIO DE CARRIL,ASFALTO,Bueno,Bueno,3,DODGE,BLANCO,3,,20,FEMENINO,SIN DATOS,0,0,Morelia,Prados de La Huerta,agosto,martes,9,-101.223432719707,19.6683405798736
53777,53783,2025,LEG57568,2025/08/05,"09:38:00",COLISIÓN POR CAMBIO DE CARRIL,ASFALTO,Bueno,Bueno,2,GMC,BLANCO,2,,66,MASCULINO,SIN DATOS,0,0,Morelia,Jardines del Rincon,agosto,martes,10,-101.150331459939,19.6907967613259
53778,53784,2025,,2025/08/05,"09:55:00",COLISIÓN POR CORTE DE CIRCULACIÓN,ASFALTO,Bueno,Bueno,2,VOLKSWAGEN,NEGRO,2,,24,FEMENINO,SIN DATOS,0,0,Morelia,Comision Federal de Electricidad,agosto,martes,10,-101.175838261843,19.6867242412165
53779,53785,2025,LEG57565,2025/08/05,11:30:00,COLISIÓN POR CAMBIO DE CARRIL,CONCRETO,Bueno,Bueno,2,TOYOTA,AZUL,2,,37,FEMENINO,SIN DATOS,0,0,Morelia,Juana Pavon,agosto,martes,12,-101.20583742857,19.6688697173404
53780,53786,2025,LEG57569,2025/08/05,15:00:00,COLISIÓN CONTRA OBJETO FIJO,ASFALTO,Bueno,Bueno,1,DODGE,GUINDA,1,MINISTERIO PÚBLICO,,,SIN DATOS,0,0,Tzitzio,Tzitzio,agosto,martes,15,-100.92648435384,19.5846852537204
53781,53787,2025,,2025/08/05,16:15:00,COLISIÓN POR CORTE DE CIRCULACIÓN,CONCRETO,Nublado,Bueno,2,NISSAN,BLANCO,2,,59,MASCULINO,SIN DATOS,0,0,Morelia,Lomas de La Aurora (Jardines de La Aurora),agosto,martes,16,-101.26288600266,19.6996911688786
53788,53794,2025,,2025/08/06,13:30:00,COLISIÓN POR MANIOBRA DE REVERSA,CONCRETO,Bueno,Regular,2,NISSAN,BLANCO,4,,54,FEMENINO,SIN DATOS,2,0,Morelia,El Parian,agosto,miércoles,14,-101.268394589424,19.6907964456551
53790,53796,2025,,2025/08/06,15:10:00,COLISIÓN POR CAMBIO DE CARRIL,ASFALTO,Bueno,Bueno,2,FORD/FOCUS,BLANCO,2,,52,MASCULINO,SIN DATOS,0,0,Morelia,Jardines de Guadalupe,agosto,miércoles,15,-101.226596385241,19.7105852527591
53797,53803,2025,LEG57588,2025/08/07,11:00:00,COLISIÓN POR CAMBIO DE CARRIL,ASFALTO,Bueno,Bueno,2,FORD,GUINDA,2,,35,MASCULINO,SIN DATOS,0,0,Morelia,Granjas del Maestro,agosto,jueves,11,-101.188577413559,19.7133312250803
53799,53805,2025,LEG57589,2025/08/07,12:50:00,COLISIÓN POR ALCANCE,ASFALTO,Bueno,Bueno,2,HONDA,PLATA,2,,59,MASCULINO,SIN DATOS,0,0,Morelia,Morelos,agosto,jueves,13,-101.183168068528,19.7280179043086
53800,53806,2025,LEG57590,2025/08/07,14:49:00,COLISIÓN POR NO RESPETAR SEMÁFORO,ASFALTO,Bueno,Bueno,2,HONDA,GRIS,2,MINISTERIO PÚBLICO,63,MASCULINO,SIN DATOS,0,0,Morelia,Insurgentes,agosto,jueves,15,-101.155001521111,19.6953016351837
53801,53807,2025,LEG57591,2025/08/07,15:27:00,COLISIÓN POR CORTE DE CIRCULACIÓN,TERRACERIA,Bueno,Bueno,1,DINA,BLANCO,1,,43,MASCULINO,SIN DATOS,0,0,Morelia,Sentimientos de La Nacion,agosto,jueves,15,-101.234883069992,19.6802072359588
53802,53808,2025,,2025/08/07,19:15:00,COLISIÓN POR CORTE DE CIRCULACIÓN,ASFALTO,Bueno,Bueno,2,VOLKSWAGEN,ROJO,2,,64,MASCULINO,SIN DATOS,0,0,Morelia,Lomas de Guayangareo,agosto,jueves,19,-101.15950461477,19.7032488566241
53803,53809,2025,,2025/08/08,"00:00:00",COLISIÓN POR CORTE DE CIRCULACIÓN,SIN_DATOS,Bueno,Bueno,0,,,0,,,,,0,0,Morelia,Ferrocarrilero,agosto,viernes,0,-101.2129945,19.7020735
53804,53810,2025,MOR/20250083779,2025/08/08,"00:30:00",COLISIÓN POR ALCANCE,ASFALTO,Nublado,Regular,2,FORD,GRIS,2,,39,MASCULINO,CON CERTIFICADO,0,0,Morelia,Campestre Los Manantiales,agosto,viernes,1,-101.238180845976,19.6878101725264
53805,53811,2025,,2025/08/08,"06:30:00",SUBIDA AL CAMELLÓN,ASFALTO,Nublado,Bueno,1,NISSAN,BLANCO/ROJO,1,,70,MASCULINO,SIN DATOS,0,0,Morelia,Santillan La Huerta,agosto,viernes,7,-101.220623105764,19.6742702293201
53806,53812,2025,,2025/08/08,"08:15:00",COLISIÓN POR CAMBIO DE CARRIL,ASFALTO,Bueno,Bueno,2,CHEVROLET,PLATA,2,,70,MASCULINO,SIN DATOS,0,0,Morelia,Jesus Romero Flores,agosto,viernes,8,-101.177435517311,19.7320240461146
53807,53813,2025,,2025/08/08,"08:20:00",COLISIÓN POR CORTE DE CIRCULACIÓN,ASFALTO,Bueno,Bueno,2,NISSAN,ROJO,2,,62,FEMENINO,SIN DATOS,0,0,Morelia,Vasco de Quiroga,agosto,viernes,8,-101.16999104619,19.7049864794568
53808,53814,2025,,2025/08/08,"08:25:00",COLISIÓN POR CORTE DE CIRCULACIÓN,ASFALTO,Bueno,Bueno,2,VOLKSWAGEN,BLANCO,2,,,MASCULINO,SIN DATOS,0,0,Morelia,Nueva Valladolid,agosto,viernes,8,-101.210668087006,19.7019985771855
53809,53815,2025,,2025/08/08,"09:10:00",CAIDA DE MOTOCICLETA,CONCRETO,Bueno,Bueno,1,VENTO,BLANCO,2,,45,MASCULINO,SIN DATOS,1,0,Morelia,Industrial,agosto,viernes,9,-101.196815818548,19.7072635101248
53810,53816,2025,,2025/08/08,"09:30:00",COLISIÓN POR CORTE DE CIRCULACIÓN,ASFALTO,Bueno,Bueno,2,JEEP,NARANJA,2,MINISTERIO PÚBLICO,51,MASCULINO,SIN DATOS,0,0,Morelia,Felix Ireta,agosto,viernes,10,-101.180444955826,19.6875033345423
53811,53817,2025,,2025/08/08,10:00:00,SALIDA DE SUPERFICIE DE RODAMIENTO,ASFALTO,Bueno,Bueno,1,VOLKSWAGEN,AZUL,0,,,,,0,0,Morelia,Sin datos,agosto,viernes,10,-101.104474067688,19.7299272565209
53812,53818,2025,,2025/08/08,10:09:00,COLISIÓN POR ALCANCE,ASFALTO,Bueno,Bueno,2,NISSAN,BLANCO,2,,31,MASCULINO,SIN DATOS,0,0,Morelia,Ana Maria Gallaga (Riviera Norte),agosto,viernes,10,-101.222920417786,19.6766613484239
53813,53819,2025,,2025/08/08,12:25:00,COLISIÓN POR CAMBIO DE CARRIL,ASFALTO,Bueno,Bueno,2,NISSAN,PLATA,2,,84,MASCULINO,SIN DATOS,0,0,Morelia,Gertrudis Bocanegra,agosto,viernes,12,-101.212709248066,19.7019745878859
53814,53820,2025,,2025/08/08,15:00:00,COLISIÓN CONTRA OBJETO FIJO,ASFALTO,Bueno,Bueno,1,RAM,BLANCO,1,,,FEMENINO,SIN DATOS,0,0,Morelia,Ejidal Ocolusen,agosto,viernes,15,-101.152307242155,19.6843692602269
53815,53821,2025,,2025/08/08,15:15:00,COLISIÓN CON PEATÓN,SIN_DATOS,Bueno,Bueno,2,MITSUBISHI,ROJO,2,,46,MASCULINO,SIN DATOS,0,0,Morelia,Lomas del Valle,agosto,viernes,15,-101.22854501009,19.6890362558864
53816,53822,2025,,2025/08/08,16:40:00,COLISIÓN POR CORTE DE CIRCULACIÓN,ASFALTO,Bueno,Bueno,2,MERCEDES BENZ,BLANCO/ROJO,2,,,MASCULINO,SIN DATOS,0,0,Morelia,Los Manantiales de Morelia,agosto,viernes,17,-101.242988705635,19.7002637627717
53817,53823,2025,,2025/08/08,16:45:00,COLISIÓN POR ALCANCE,ASFALTO,Lluvioso,Bueno,3,FREIGHTLINER,AMARILLO,3,,40,MASCULINO,SIN DATOS,0,0,Morelia,Sentimientos de La Nacion,agosto,viernes,17,-101.234301030636,19.6788895337108
53818,53824,2025,,2025/08/08,18:10:00,COLISIÓN POR CORTE DE CIRCULACIÓN,CONCRETO,Lluvioso,Regular,2,MAZDA,ROJO,2,,34,MASCULINO,SIN DATOS,0,0,Morelia,Granjas del Maestro,agosto,viernes,18,-101.188579425216,19.7133148125122
53819,53825,2025,,2025/08/08,20:30:00,COLISIÓN POR CAMBIO DE CARRIL,CONCRETO,Lluvioso,Regular,2,VELOCI,GRIS Y NEGRO,2,,23,MASCULINO,SIN DATOS,0,0,Morelia,Veinte de Noviembre,agosto,viernes,21,-101.166591346264,19.7221230693433
53820,53826,2025,,2025/08/09,"00:05:00",VOLCADURA,ASFALTO,Bueno,Bueno,1,NISSAN,NEGRO,1,,,FEMENINO,SIN DATOS,0,0,Morelia,La Luz,agosto,sábado,0,-101.289160251617,19.6878821467832
53821,53827,2025,,2025/08/09,"01:30:00",COLISIÓN CONTRA OBJETO FIJO,CONCRETO,Bueno,Bueno,1,JEEP,Azul,1,,23,MASCULINO,SIN DATOS,0,0,Morelia,Santa Maria de Guido,agosto,sábado,2,-101.192989647388,19.6773205257631
53823,53829,2025,,2025/08/09,11:39:00,COLISIÓN POR ALCANCE,ASFALTO,Bueno,Bueno,2,FORD,BLANCO,2,,27,MASCULINO,SIN DATOS,0,0,Morelia,Fracc Rio Florido,agosto,sábado,12,-101.279191821814,19.6820773822086
53824,53830,2025,,2025/08/09,15:00:00,COLISIÓN POR ALCANCE,CONCRETO,Bueno,Bueno,2,FORD,BLANCO/ROJO,2,,30,MASCULINO,SIN DATOS,0,0,Morelia,Dr Miguel Silva,agosto,sábado,15,-101.178454756737,19.7197622970752
53825,53831,2025,,2025/08/09,17:20:00,COLISIÓN POR CORTE DE CIRCULACIÓN,CONCRETO,Bueno,Bueno,2,CHEVROLET,BLANCO,2,,56,MASCULINO,SIN DATOS,0,0,Morelia,Jardines de Torremolinos,agosto,sábado,17,-101.225732043385,19.6786249817375
53826,53832,2025,,2025/08/09,20:25:00,COLISIÓN POR CORTE DE CIRCULACIÓN,ASFALTO,Bueno,Bueno,2,VOLKSWAGEN,NEGRO,2,,21,FEMENINO,SIN DATOS,0,0,Morelia,Rector Diaz Rubio,agosto,sábado,20,-101.198954880238,19.6680955848463
53827,53833,2025,,2025/08/09,21:45:00,COLISIÓN POR CAMBIO DE CARRIL,ASFALTO,Bueno,Bueno,2,BAJAJ,NEGRO,2,,,MASCULINO,SIN DATOS,0,0,Morelia,Eduardo Ruiz,agosto,sábado,22,-101.21672719717,19.7171919192802
53828,53834,2025,,2025/08/09,22:00:00,COLISIÓN CONTRA OBJETO FIJO,ASFALTO,Bueno,Regular,1,VOLVO,BLANCO,1,,31,MASCULINO,SIN DATOS,0,0,Charo,San Pedro Y San Pablo,agosto,sábado,22,-101.046878993511,19.7526559467363
53829,53835,2025,LEG57621,2025/08/10,"01:20:00",COLISIÓN POR CAMBIO DE CARRIL,ASFALTO,Nublado,Regular,2,DODGE,GRIS,2,MINISTERIO PÚBLICO,42,MASCULINO,SIN DATOS,1,0,Morelia,Lomas de Morelia (Dr Ignacio Chavez),agosto,domingo,1,-101.176244616508,19.7179898012903
53830,53836,2025,,2025/08/10,"03:45:00",COLISIÓN CONTRA OBJETO FIJO,CONCRETO,Bueno,Bueno,1,JEEP,VERDE,0,,,,,0,0,Morelia,Las Flores,agosto,domingo,4,-101.205947399139,19.7045666740346
53831,53837,2025,,2025/08/10,"07:16:00",SUBIDA AL CAMELLÓN,ASFALTO,Bueno,Bueno,1,NISSAN,GRIS,1,,31,FEMENINO,SIN DATOS,0,0,Morelia,Morelia 450,agosto,domingo,7,-101.214755773544,19.6743908279429
53832,53838,2025,,2025/08/10,"09:20:00",COLISIÓN POR ALCANCE,ASFALTO,Bueno,Bueno,2,HONDA,BLANCO y ROJO,2,,23,MASCULINO,SIN DATOS,0,0,Morelia,Residencial Alborada,agosto,domingo,9,-101.234638988972,19.7024884631486
53833,53839,2025,,2025/08/10,14:25:00,COLISIÓN POR ALCANCE,ASFALTO,Bueno,Bueno,2,FORD MUSTANG,GRIS,2,,33,FEMENINO,SIN DATOS,0,0,Morelia,Felix Ireta,agosto,domingo,14,-101.181539297104,19.6815255587459
53835,53841,2025,,2025/08/10,15:10:00,COLISIÓN POR CAMBIO DE CARRIL,ASFALTO,Bueno,Bueno,2,KENWORTH,AZUL,4,,66,MASCULINO,SIN DATOS,2,0,Morelia,Clara Cordova Moran,agosto,domingo,15,-101.182850897312,19.7323484716666
53836,53842,2025,,2025/08/10,15:40:00,COLISIÓN POR CORTE DE CIRCULACIÓN,CONCRETO,Bueno,Bueno,2,ITALIKA,BLANCO,2,,16,MASCULINO,SIN DATOS,0,0,Morelia,Socialista,agosto,domingo,16,-101.237468719482,19.6447044132372
53837,53843,2025,,2025/08/10,16:25:00,COLISIÓN POR CORTE DE CIRCULACIÓN,ASFALTO,Bueno,Bueno,1,CHEVROLET SILVERADO,AZUL MARINO,1,,30,MASCULINO,SIN DATOS,0,0,Morelia,Lomas de Morelia (Dr Ignacio Chavez),agosto,domingo,16,-101.175106018782,19.7169318492835
53838,53844,2025,,2025/08/10,18:00:00,COLISIÓN POR CORTE DE CIRCULACIÓN,ASFALTO,Bueno,Bueno,2,NISSAN,GRIS,2,MINISTERIO PÚBLICO,49,MASCULINO,SIN DATOS,0,0,Morelia,Vistas de Altozano,agosto,domingo,18,-101.167,19.6551
53842,53848,2025,LEG57634,2025/08/11,"00:10:00",COLISIÓN CONTRA OBJETO FIJO,CONCRETO,Bueno,Bueno,1,CHEVROLET,BLANCO,1,,,MASCULINO,SIN DATOS,0,0,Morelia,La Quemada,agosto,lunes,0,-101.240059827697,19.7032952648833
53844,53850,2025,,2025/08/11,"07:05:00",COLISIÓN POR CORTE DE CIRCULACIÓN,CONCRETO,Bueno,Bueno,2,HONDA,BLANCO,2,MINISTERIO PÚBLICO,16,MASCULINO,SIN DATOS,0,0,Morelia,Ferrocarrilero,agosto,lunes,7,-101.223609235,19.6918737849991
53845,53851,2025,LEG57639,2025/08/11,"08:40:00",COLISIÓN POR INVASIÓN DE CARRIL,ASFALTO,Bueno,Bueno,2,MAN,BLANCO,5,MINISTERIO PÚBLICO,40,MASCULINO,SIN DATOS,3,0,Charo,La Goleta,agosto,lunes,9,-101.075382828712,19.7433094391493
53846,53852,2025,LEG57640,2025/08/11,"09:45:00",COLISIÓN POR CORTE DE CIRCULACIÓN,CONCRETO,Bueno,Bueno,2,TOYOTA,BLANCO Y GUINDA,2,,28,MASCULINO,SIN DATOS,0,0,Morelia,Solidaridad,agosto,lunes,10,-101.206423793588,19.7263163530405
53848,53854,2025,,2025/08/11,10:06:00,SALIDA DE SUPERFICIE DE RODAMIENTO,CONCRETO,Bueno,Bueno,1,CHEVROLET,ARENA,1,,45,FEMENINO,SIN DATOS,0,0,Morelia,Ciudad Industrial,agosto,lunes,10,-101.14554366932,19.7284851395985
53850,53856,2025,,2025/08/11,13:45:00,SUBIDA AL CAMELLÓN,ASFALTO,Bueno,Bueno,1,GENERAL MOTOR,BLANCO Y VERDE,3,,60,MASCULINO,SIN DATOS,2,0,Morelia,Solidaridad,agosto,lunes,14,-101.206293404102,19.7305155217612