fid,id_accidente,anio_origen,folio_c5i,dia_incidente,hora_ocurrencia,tipo_incidente_vial,superficie_ocurrencia,condiciones_climaticas,condiciones_via,numero_vehiculos_involucrados,marca_vehiculo_ocasiona_siniestro,color_vehiculo_ocasiona_siniestro,numero_personas_involucradas,lugar_remite_presunto_responsable,edad_presunto_responsable,sexo_presunto_responsable,resultados_toxicologia,numero_personas_lesionadas,numero_personas_fallecidas,municipio,colonia,mes,dia_semana,hora_redondeada,lon,lat
53851,53857,2025,LEG57642,2025/08/11,16:05:00,COLISIÓN POR CORTE DE CIRCULACIÓN,ASFALTO,Bueno,Bueno,2,NISSAN,PLATA,2,,72,FEMENINO,SIN DATOS,0,0,Morelia,Guadalupe,agosto,lunes,16,-101.226050555706,19.7083814969612
53852,53858,2025,,2025/08/11,16:20:00,COLISIÓN POR CAMBIO DE CARRIL,ASFALTO,Bueno,Bueno,2,CHEVROLET,BLANCO,2,,30,,SIN DATOS,0,0,Morelia,Primo Tapia Oriente,agosto,lunes,16,-101.15854203701,19.7134713630927
53859,53865,2025,,2025/08/12,16:30:00,COLISIÓN POR ALCANCE,ASFALTO,Bueno,Bueno,2,NISSAN,BLANCO,2,,23,FEMENINO,SIN DATOS,0,0,Morelia,Infonavit  Las  Camelinas,agosto,martes,17,-101.173830628395,19.6836002535725
53860,53866,2025,LEG57654,2025/08/12,19:00:00,COLISIÓN POR CORTE DE CIRCULACIÓN,CONCRETO,Bueno,Bueno,2,VENTO,GRIS,2,,25,MASCULINO,SIN DATOS,0,0,Tarímbaro,Centro,agosto,martes,19,-101.176869,19.792979
53865,53871,2025,,2025/08/13,"08:40:00",COLISIÓN POR CAMBIO DE CARRIL,ASFALTO,Bueno,Bueno,1,VOLKSWAGEN,BLANCO,2,,19,MASCULINO,SIN DATOS,0,0,Morelia,Insurgentes,agosto,miércoles,9,-101.155416805,19.6953315299991
53867,53873,2025,LEG57662,2025/08/13,10:20:00,COLISIÓN POR ALCANCE,ASFALTO,Bueno,Bueno,2,TOYOTA,BLANCO,2,,72,MASCULINO,SIN DATOS,0,0,Morelia,Camelinas,agosto,miércoles,10,-101.17262119,19.6818144849991
53868,53874,2025,,2025/08/13,16:20:00,COLISIÓN POR CORTE DE CIRCULACIÓN,ASFALTO,Bueno,Bueno,2,TOYOTA,BLANCO Y ROSA,2,,52,MASCULINO,SIN DATOS,0,0,Morelia,Villas del Real,agosto,miércoles,16,-101.200514920056,19.7329424085671
53869,53875,2025,,2025/08/13,18:00:00,COLISIÓN POR ALCANCE,ASFALTO,Bueno,Bueno,2,CHEVROLET,AZUL,1,,52,MASCULINO,SIN DATOS,0,0,Morelia,Centro,agosto,miércoles,18,-101.18754847,19.7028479949991
53870,53876,2025,,2025/08/13,19:47:00,COLISIÓN POR CORTE DE CIRCULACIÓN,ASFALTO,Nublado,Regular,2,TOYOTA,BLANCO CON ROJO,2,,29,MASCULINO,SIN DATOS,0,0,Morelia,Centro,agosto,miércoles,20,-101.1904631,19.7026851599992
53871,53877,2025,MOR2021111,2025/08/14,"09:25:00",COLISIÓN POR CAMBIO DE CARRIL,ASFALTO,Bueno,Bueno,2,JEEP,BLANCO,2,,30,MASCULINO,SIN DATOS,0,0,Morelia,Sin datos,agosto,jueves,9,-101.126722991467,19.7108970965868
53873,53879,2025,,2025/08/14,15:10:00,COLISIÓN POR CORTE DE CIRCULACIÓN,ASFALTO,Bueno,Bueno,2,TOYOTA,BLANCO,2,MINISTERIO PÚBLICO,64,MASCULINO,SIN DATOS,0,0,Morelia,Lazaro Cardenas,agosto,jueves,15,-101.164931058884,19.7093744849278
53876,53882,2025,,2025/08/15,"00:35:00",COLISIÓN CONTRA OBJETO FIJO,ASFALTO,Bueno,Bueno,1,NISSAN,ROJO,1,,,MASCULINO,SIN DATOS,0,0,Morelia,Sin datos,agosto,viernes,1,-101.114532351494,19.7368322935177
53877,53883,2025,LEG57676,2025/08/15,"09:38:00",COLISIÓN POR ALCANCE,ASFALTO,Bueno,Bueno,2,FORD,BLANCO,2,,34,MASCULINO,SIN DATOS,0,0,Morelia,Villa Universidad,agosto,viernes,10,-101.200976595283,19.6851022754479
53878,53884,2025,,2025/08/15,10:25:00,COLISIÓN POR CAMBIO DE CARRIL,ASFALTO,Bueno,Bueno,2,TOYOTA,BLANCO,2,,48,MASCULINO,SIN DATOS,0,0,Morelia,3 de Agosto,agosto,viernes,10,-101.171746551991,19.7310785375375
53879,53885,2025,,2025/08/15,13:05:00,COLISIÓN POR CORTE DE CIRCULACIÓN,ASFALTO,Bueno,Bueno,2,RAM,ROJO,2,,35,MASCULINO,SIN DATOS,0,0,Morelia,Irrigacion,agosto,viernes,13,-101.225023269653,19.7047636355127
53880,53886,2025,,2025/08/15,13:55:00,COLISIÓN POR CORTE DE CIRCULACIÓN,ASFALTO,Bueno,Bueno,2,FREIGHTLINER,BLANCO/AMARILLO,2,,44,MASCULINO,SIN DATOS,0,0,Morelia,Sentimientos de La Nacion,agosto,viernes,14,-101.233193278313,19.678207001357
53883,53889,2025,LEG57683,2025/08/15,16:00:00,COLISIÓN POR CORTE DE CIRCULACIÓN,ASFALTO,Bueno,Bueno,1,CHEVROLET,BLANCO,1,,39,MASCULINO,SIN DATOS,0,0,Morelia,Irrigacion,agosto,viernes,16,-101.225013546646,19.7047380684115
53887,53893,2025,,2025/08/15,21:14:00,SALIDA DE SUPERFICIE DE RODAMIENTO,ASFALTO,Nublado,Regular,1,NISSAN,AZUL,1,,34,MASCULINO,SIN DATOS,0,0,Morelia,Sin datos,agosto,viernes,21,-101.302297711372,19.5883045594969
53891,53897,2025,,2025/08/16,"02:50:00",COLISIÓN POR CORTE DE CIRCULACIÓN,ASFALTO,Bueno,Bueno,1,TOYOTA,GRIS,1,,19,MASCULINO,SIN DATOS,0,0,Morelia,Industrial,agosto,sábado,3,-101.194023638964,19.709041174969
53892,53898,2025,,2025/08/16,"02:55:00",COLISIÓN POR ALCANCE,CONCRETO,Lluvioso,Regular,2,SUZUKI,NEGRO Y NARANJA,2,MINISTERIO PÚBLICO,22,MASCULINO,SIN DATOS,0,0,Morelia,Juarez,agosto,sábado,3,-101.195521652699,19.6923242847872
53893,53899,2025,,2025/08/16,"04:45:00",COLISIÓN CONTRA OBJETO FIJO,ASFALTO,Lluvioso,Bueno,1,CHEVROLET,NEGRO,0,,,,,0,0,Morelia,Prados Verdes,agosto,sábado,5,-101.202166657895,19.7185994461126
53894,53900,2025,LEG57693,2025/08/16,"06:00:00",COLISIÓN CONTRA OBJETO FIJO,CONCRETO,Bueno,Bueno,3,FORD,BLANCO||,3,,61,MASCULINO,SIN DATOS,0,0,Morelia,Lomas de San Juan,agosto,sábado,6,-101.183039681886,19.7298664251429
53895,53901,2025,,2025/08/16,"08:25:00",COLISIÓN POR ALCANCE,CONCRETO,Bueno,Regular,2,VENTO,BLANCO,2,,,MASCULINO,SIN DATOS,0,0,Morelia,Ferrocarrilero,agosto,sábado,8,-101.219572685659,19.6953202592326
53896,53902,2025,"2025000124",2025/08/16,"09:52:00",COLISIÓN CONTRA OBJETO FIJO,ASFALTO,Bueno,Bueno,1,CHEVROLET,BLANCO,1,,51,MASCULINO,SIN DATOS,0,0,Morelia,Jardines de Sindurio,agosto,sábado,10,-101.256315261126,19.6974973640529
53897,53903,2025,,2025/08/16,10:00:00,COLISIÓN POR ALCANCE,ASFALTO,Bueno,Bueno,2,HONDA,BLANCO,2,,,FEMENINO,SIN DATOS,0,0,Morelia,Gertrudis Sanchez,agosto,sábado,10,-101.20049547404,19.7412705472472
53898,53904,2025,"202500000",2025/08/16,10:45:00,COLISIÓN POR ALCANCE,ASFALTO,Bueno,Bueno,3,MAZDA,BLANCO,3,,24,MASCULINO,SIN DATOS,0,0,Morelia,Nueva Valladolid,agosto,sábado,11,-101.210537999868,19.6955263862735
53899,53905,2025,,2025/08/16,11:00:00,COLISIÓN POR CORTE DE CIRCULACIÓN,ASFALTO,Bueno,Bueno,3,DODGE,AZUL,3,,24,MASCULINO,SIN DATOS,0,0,Morelia,Lomas del Valle,agosto,sábado,11,-101.22744128108,19.689985801121
53901,53907,2025,,2025/08/16,15:00:00,COLISIÓN POR ALCANCE,ASFALTO,Bueno,Bueno,1,VOLKSWAGEN,GUINDA,1,,,MASCULINO,SIN DATOS,0,0,Morelia,Adolfo Lopez Mateos,agosto,sábado,15,-101.232739984989,19.7026854271852
53902,53908,2025,,2025/08/16,17:35:00,COLISIÓN POR CAMBIO DE CARRIL,ASFALTO,Bueno,Bueno,2,TOYOTA HIACE,BLANCO/ROSA,2,,43,MASCULINO,SIN DATOS,0,0,Morelia,Industrial,agosto,sábado,18,-101.188271641731,19.7122126415873
53903,53909,2025,,2025/08/16,19:10:00,COLISIÓN CON PEATÓN,SIN_DATOS,Bueno,Bueno,3,GMC,ROJO,3,MINISTERIO PÚBLICO,38,FEMENINO,SIN DATOS,0,0,Morelia,Isaac Arriaga,agosto,sábado,19,-101.171382442117,19.7077476984943
53904,53910,2025,,2025/08/16,21:00:00,COLISIÓN POR CAMBIO DE CARRIL,ASFALTO,Bueno,Bueno,2,MITSUBISHI,VERDE,2,,26,MASCULINO,SIN DATOS,0,0,Morelia,San Guillermo,agosto,sábado,21,-101.177528388798,19.7394481137043
53905,53911,2025,,2025/08/16,21:01:00,COLISIÓN POR ALCANCE,ASFALTO,Bueno,Bueno,2,HONDA,AZUL,2,,37,FEMENINO,SIN DATOS,0,0,Morelia,Sentimientos de La Nacion,agosto,sábado,21,-101.236874610186,19.6848143732289
53906,53912,2025,,2025/08/17,"00:00:00",SALIDA DE SUPERFICIE DE RODAMIENTO,ASFALTO,Bueno,Bueno,1,VOLKSWAGEN,ROJO,1,,,MASCULINO,SIN DATOS,0,0,Morelia,Ciudad Industrial,agosto,domingo,0,-101.164416074753,19.725130162985
53907,53913,2025,,2025/08/17,"05:00:00",VOLCADURA,ASFALTO,Bueno,Bueno,1,HONDA,GRIS,1,,33,MASCULINO,SIN DATOS,0,0,Charo,Sin datos,agosto,domingo,5,-100.954921804368,19.6498420867812
53908,53914,2025,LEG57711,2025/08/17,"08:40:00",SALIDA DE SUPERFICIE DE RODAMIENTO,ASFALTO,Bueno,Bueno,1,HONDA,BLANCO,1,,29,MASCULINO,SIN DATOS,0,0,Morelia,Ampliacion La Soledad,agosto,domingo,9,-101.182450242341,19.7391315919577
53909,53915,2025,,2025/08/17,14:10:00,COLISIÓN POR CORTE DE CIRCULACIÓN,ASFALTO,Nublado,Bueno,2,HERO,AZUL,2,,28,MASCULINO,SIN DATOS,0,0,Morelia,Felix Arreguin,agosto,domingo,14,-101.226532682776,19.7214842755823
53911,53917,2025,LEG57714,2025/08/17,18:14:00,SALIDA DE SUPERFICIE DE RODAMIENTO,ASFALTO,Bueno,Bueno,1,TSUBARU,AZUL,1,,55,MASCULINO,SIN DATOS,0,0,Charo,De Santiago,agosto,domingo,18,-101.044372,19.745476
53912,53918,2025,,2025/08/17,21:05:00,COLISIÓN POR INVASIÓN DE CARRIL,SIN_DATOS,Bueno,Bueno,2,HONDA,GRIS,2,,46,MASCULINO,ALIENTO ETÍLICO,0,0,Morelia,Ignacio Lopez Rayon,agosto,domingo,21,-101.252577602863,19.6912421721314
53914,53920,2025,,2025/08/17,22:30:00,COLISIÓN POR CAMBIO DE CARRIL,SIN_DATOS,Bueno,Bueno,2,JEEP,GRIS,2,,39,FEMENINO,SIN DATOS,0,0,Morelia,Leandro Valle,agosto,domingo,23,-101.233477592468,19.7165505808537
53915,53921,2025,,2025/08/18,"08:05:00",COLISIÓN POR ALCANCE,ASFALTO,Bueno,Bueno,2,CHEVROLET,ROJO,2,,36,FEMENINO,SIN DATOS,0,0,Morelia,Los Ciruelos,agosto,lunes,8,-101.232112136326,19.6693617555333
53917,53923,2025,,2025/08/18,11:00:00,COLISIÓN POR ALCANCE,ASFALTO,Bueno,Bueno,2,JEEP,ROJO,2,,45,MASCULINO,SIN DATOS,0,0,Morelia,Camelinas,agosto,lunes,11,-101.17262119,19.6818144849991
53920,53926,2025,,2025/08/18,14:00:00,COLISIÓN POR CORTE DE CIRCULACIÓN,ASFALTO,Bueno,Bueno,2,FORD,ROJO,1,,51,MASCULINO,SIN DATOS,0,0,Morelia,Jardines de Torremolinos,agosto,lunes,14,-101.225713938475,19.6786477117571
53921,53927,2025,,2025/08/18,17:00:00,COLISIÓN POR ALCANCE,ASFALTO,Nublado,Bueno,3,CHRYSLER,AZUL,3,,50,FEMENINO,SIN DATOS,0,0,Morelia,Del Empleado,agosto,lunes,17,-101.18002517,19.6886070099991
53923,53929,2025,,2025/08/19,"07:10:00",COLISIÓN CONTRA OBJETO FIJO,ASFALTO,Bueno,Bueno,1,VOLKSWAGEN,BLANCO,1,,70,MASCULINO,SIN DATOS,0,0,Morelia,Progreso del Sur,agosto,martes,7,-101.19784196,19.6584584849991
53924,53930,2025,LEG57727,2025/08/19,10:00:00,SALIDA DE SUPERFICIE DE RODAMIENTO,ASFALTO,Bueno,Bueno,1,NISSAN,BLANCO,1,,,,SIN DATOS,0,0,Morelia,Sin datos,agosto,martes,10,-101.245341673493,19.7911570621668
53925,53931,2025,,2025/08/19,10:00:00,COLISIÓN POR ALCANCE,ASFALTO,Bueno,Bueno,5,FORD,BLANCO,5,,42,MASCULINO,SIN DATOS,0,0,Morelia,El Lago 3,agosto,martes,10,-101.219244450331,19.7272510010467
53926,53932,2025,,2025/08/19,10:00:00,COLISIÓN CONTRA OBJETO FIJO,ASFALTO,Bueno,Bueno,2,NISSAN,ROJO,2,MINISTERIO PÚBLICO,20,FEMENINO,SIN DATOS,0,0,Morelia,Villas Lomas del Paraiso,agosto,martes,10,-101.182464659214,19.6753657160952
53927,53933,2025,,2025/08/19,13:05:00,COLISIÓN CONTRA OBJETO FIJO,ASFALTO,Bueno,Bueno,3,FREIGHTLINER,BLANCO AZUL,3,,45,MASCULINO,SIN DATOS,0,0,Morelia,Nueva Valladolid,agosto,martes,13,-101.213567890227,19.697235052427
53928,53934,2025,LEG57731,2025/08/19,13:25:00,COLISIÓN POR MANIOBRA DE REVERSA,ASFALTO,Bueno,Bueno,2,FREIGHTLINER,ROJO,2,,45,MASCULINO,SIN DATOS,0,0,Morelia,Irrigacion,agosto,martes,13,-101.225079596043,19.7046070764088
53929,53935,2025,,2025/08/19,16:15:00,COLISIÓN POR CAMBIO DE CARRIL,ASFALTO,Bueno,Bueno,2,NISSAN,BLANCO Y AMARILLO,2,MINISTERIO PÚBLICO,69,MASCULINO,SIN DATOS,0,0,Morelia,Centro,agosto,martes,16,-101.191310584545,19.7060590299613
53930,53936,2025,,2025/08/19,16:30:00,COLISIÓN POR CORTE DE CIRCULACIÓN,ASFALTO,Bueno,Bueno,2,CHEVROLET,ROJO,2,MINISTERIO PÚBLICO,28,,SIN DATOS,0,0,Morelia,Los Gigantes,agosto,martes,17,-101.184354946017,19.6562425560874
53933,53939,2025,,2025/08/19,21:10:00,COLISIÓN CONTRA OBJETO FIJO,ASFALTO,Lluvioso,Regular,2,MAZDA,BLANCO,2,,21,MASCULINO,SIN DATOS,0,0,Morelia,Torreon Nuevo,agosto,martes,21,-101.20358663,19.7462449699991
53936,53942,2025,,2025/08/20,"00:00:00",COLISIÓN POR CAMBIO DE CARRIL,ASFALTO,Bueno,Bueno,2,KIA,BLANCO,2,,,FEMENINO,SIN DATOS,0,0,Morelia,Sin datos,agosto,miércoles,0,-101.132005602121,19.759674224256
53937,53943,2025,,2025/08/20,"07:40:00",COLISIÓN POR CORTE DE CIRCULACIÓN,CONCRETO,Bueno,Bueno,2,FORD,GRIS,2,,33,MASCULINO,SIN DATOS,0,0,Morelia,Villas del Pedregal,agosto,miércoles,8,-101.302209,19.685042
53938,53944,2025,,2025/08/20,10:49:00,COLISIÓN POR CORTE DE CIRCULACIÓN,CONCRETO,Bueno,Bueno,2,BYD,NEGRO,2,,38,MASCULINO,SIN DATOS,0,0,Morelia,Camponubes,agosto,miércoles,11,-101.2902890993,19.6979150011112
53939,53945,2025,,2025/08/20,10:54:00,COLISIÓN POR CORTE DE CIRCULACIÓN,ASFALTO,Bueno,Bueno,2,Ford,Blanco,2,,25,MASCULINO,SIN DATOS,0,0,Morelia,Ignacio Zaragoza,agosto,miércoles,11,-101.205280870199,19.725585893062
53940,53946,2025,,2025/08/20,14:00:00,COLISIÓN POR MANIOBRA DE REVERSA,ASFALTO,Bueno,Bueno,2,PEUGEOT,BLANCO,2,,60,FEMENINO,SIN DATOS,0,0,Morelia,Chapultepec Oriente,agosto,miércoles,14,-101.159856319428,19.6913747534218
53941,53947,2025,,2025/08/20,14:30:00,COLISIÓN POR ALCANCE,ASFALTO,Bueno,Bueno,2,FORD,ROJO,2,,26,FEMENINO,SIN DATOS,0,0,Morelia,Camelinas,agosto,miércoles,15,-101.17262119,19.6818144849991
53945,53951,2025,,2025/08/21,"09:20:00",COLISIÓN POR CORTE DE CIRCULACIÓN,ASFALTO,Bueno,Bueno,2,ITALIKA,NEGRO Y AMARILLO,2,,43,MASCULINO,SIN DATOS,0,0,Morelia,Felicitas del Rio,agosto,jueves,9,-101.202260032296,19.6908924095339
53946,53952,2025,,2025/08/21,11:00:00,COLISIÓN POR CORTE DE CIRCULACIÓN,ASFALTO,Bueno,Bueno,3,NISSA,BLANCO Y GRIS,3,,58,MASCULINO,SIN DATOS,0,0,Morelia,Felicitas del Rio,agosto,jueves,11,-101.197002232075,19.6924385564668
53947,53953,2025,,2025/08/21,11:10:00,COLISIÓN POR MANIOBRA DE REVERSA,ASFALTO,Bueno,Bueno,2,TOYOTA,GRIS,2,,59,MASCULINO,SIN DATOS,0,0,Morelia,Agua Clara,agosto,jueves,11,-101.224616579711,19.7027659172265
53948,53954,2025,LEG57755,2025/08/21,14:27:00,COLISIÓN POR CAMBIO DE CARRIL,ASFALTO,Bueno,Bueno,2,VOLKSWAGEN,BLANCO,2,,23,MASCULINO,SIN DATOS,0,0,Morelia,Elias Perez Avalos,agosto,jueves,14,-101.168877929449,19.7128277372413
53949,53955,2025,,2025/08/21,16:12:00,COLISIÓN POR CORTE DE CIRCULACIÓN,ASFALTO,Nublado,Bueno,2,NISSAN,PLATA,2,,25,MASCULINO,SIN DATOS,0,0,Morelia,Sin datos,agosto,jueves,16,-101.117684617639,19.6883367202895
53950,53956,2025,,2025/08/21,16:25:00,COLISIÓN POR MANIOBRA DE REVERSA,ASFALTO,Bueno,Bueno,2,NISSAN,BLANCO,2,,52,,SIN DATOS,0,0,Morelia,Lomas del Tecnologico,agosto,jueves,16,-101.194474250078,19.7231134471126
53951,53957,2025,MOR/2025008904,2025/08/21,20:45:00,COLISIÓN POR CORTE DE CIRCULACIÓN,ASFALTO,Nublado,Regular,2,CHRYSLER,BLANCO Y VERDE,2,MINISTERIO PÚBLICO,62,MASCULINO,SIN DATOS,0,0,Morelia,Villa Universidad,agosto,jueves,21,-101.199352667542,19.6833167641249
53953,53959,2025,,2025/08/22,"00:00:00",COLISIÓN POR INVASIÓN DE CARRIL,ASFALTO,Nublado,Malo,2,ITALIKA/125Z,NEGRO ROJO,1,,22,MASCULINO,SIN DATOS,0,0,Morelia,Leandro Valle,agosto,viernes,0,-101.231848821044,19.7216483928002
53954,53960,2025,,2025/08/22,"08:55:00",COLISIÓN POR CORTE DE CIRCULACIÓN,ASFALTO,Bueno,Bueno,2,CHEVROLET,ARENA,2,,36,MASCULINO,SIN DATOS,0,0,Morelia,Diego Rivera,agosto,viernes,9,-101.175290114293,19.7197431909038
53955,53961,2025,,2025/08/22,"09:35:00",COLISIÓN POR NO RESPETAR SEMÁFORO,ASFALTO,Bueno,Bueno,2,NISSAN,BLANCO Y GRIS,2,,58,MASCULINO,SIN DATOS,0,0,Morelia,Pascual Ortiz de Ayala,agosto,viernes,10,-101.149821521984,19.69504229591
53956,53962,2025,,2025/08/22,10:30:00,COLISIÓN POR CORTE DE CIRCULACIÓN,ASFALTO,Bueno,Bueno,2,VOLKSWAGEN,BLANCO,2,,44,FEMENINO,SIN DATOS,0,0,Morelia,Alberto Oviedo Mota,agosto,viernes,11,-101.196140686849,19.6817272495021
53957,53963,2025,,2025/08/22,11:40:00,COLISIÓN POR ALCANCE,ASFALTO,Bueno,Bueno,2,JEEP,AZUL,2,,40,MASCULINO,SIN DATOS,0,0,Morelia,Diego Rivera,agosto,viernes,12,-101.175290114293,19.7197431909038
53958,53964,2025,,2025/08/22,13:00:00,COLISIÓN POR CORTE DE CIRCULACIÓN,ASFALTO,Bueno,Bueno,2,PETERBILT,BLANCO,2,,0,MASCULINO,SIN DATOS,0,0,Morelia,Sentimientos de La Nacion,agosto,viernes,13,-101.233194944297,19.682432823539
53959,53965,2025,,2025/08/22,20:25:00,COLISIÓN POR CORTE DE CIRCULACIÓN,CONCRETO,Bueno,Bueno,2,TOYOTA,BLANCO Y NARANJA,2,,43,MASCULINO,SIN DATOS,0,0,Morelia,Prados del Campestre,agosto,viernes,20,-101.167157292366,19.6831936508607
53960,53966,2025,,2025/08/22,21:00:00,COLISIÓN POR MANIOBRA DE REVERSA,ASFALTO,Bueno,Bueno,2,HONDA,GRIS,2,,38,MASCULINO,SIN DATOS,0,0,Morelia,Torreon Nuevo,agosto,viernes,21,-101.20358663,19.7462449699991
53961,53967,2025,,2025/08/23,"00:00:00",COLISIÓN POR CORTE DE CIRCULACIÓN,ASFALTO,Bueno,Bueno,2,MAZDA,PLAT,2,,21,MASCULINO,SIN DATOS,0,0,Morelia,Las Americas,agosto,sábado,0,-101.153627559543,19.6874389363722
53962,53968,2025,,2025/08/23,"00:50:00",COLISIÓN POR CORTE DE CIRCULACIÓN,ASFALTO,Bueno,Bueno,2,VOLKSWAGEN,BLANCO,2,,29,FEMENINO,SIN DATOS,0,0,Morelia,Felix Ireta,agosto,sábado,1,-101.187005639076,19.6812553287139
53963,53969,2025,,2025/08/23,"01:05:00",COLISIÓN CONTRA OBJETO FIJO,ASFALTO,Bueno,Bueno,1,NISSAN,NEGRO,1,,56,MASCULINO,SIN DATOS,0,0,Morelia,Isaac Arriaga,agosto,sábado,1,-101.168556064367,19.7089717353069
53964,53970,2025,,2025/08/23,"07:30:00",COLISIÓN CONTRA OBJETO FIJO,CONCRETO,Bueno,Bueno,1,SEAT,GRIS,0,,,,,0,0,Morelia,Tierra Y Libertad,agosto,sábado,8,-101.223232895136,19.7160317008345
53965,53971,2025,,2025/08/23,10:37:00,COLISIÓN POR CAMBIO DE CARRIL,ASFALTO,Bueno,Bueno,2,MG,BLANCO,2,MINISTERIO PÚBLICO,39,FEMENINO,SIN DATOS,0,0,Morelia,Sin datos,agosto,sábado,11,-101.282089948654,19.6177613798162
53966,53972,2025,,2025/08/23,10:40:00,COLISIÓN POR CORTE DE CIRCULACIÓN,ASFALTO,Bueno,Bueno,2,ITALIKA,NEGRO,2,MINISTERIO PÚBLICO,24,MASCULINO,SIN DATOS,0,0,Morelia,Eduardo Ruiz,agosto,sábado,11,-101.221059635282,19.7213700246504
53967,53973,2025,LEG57778,2025/08/23,13:20:00,COLISIÓN CONTRA OBJETO FIJO,CONCRETO,Bueno,Bueno,2,VELOCI,NEGRO Y ROJO,2,,37,MASCULINO,SIN DATOS,0,0,Morelia,Villas del Pedregal,agosto,sábado,13,-101.307160556316,19.6824915642452
53968,53974,2025,LEG57776,2025/08/23,14:10:00,COLISIÓN POR NO RESPETAR SEMÁFORO,ASFALTO,Bueno,Bueno,2,VOLKSWAGEN,ROJO,2,,49,MASCULINO,SIN DATOS,0,0,Morelia,Morelos,agosto,sábado,14,-101.209213659167,19.6981624530953
53969,53975,2025,,2025/08/23,15:40:00,COLISIÓN CONTRA OBJETO FIJO,CONCRETO,Lluvioso,Bueno,1,FORD,GRIS,0,,,,,0,0,Morelia,Del Empleado,agosto,sábado,16,-101.178913414478,19.6886965900667
53970,53976,2025,LEG57774,2025/08/23,17:00:00,SALIDA DE SUPERFICIE DE RODAMIENTO,ASFALTO,Bueno,Regular,1,VOLKSWAGEN,GRIS,1,,65,MASCULINO,SIN DATOS,0,0,Morelia,Sin datos,agosto,sábado,17,-101.140764690936,19.7540127999338
53971,53977,2025,,2025/08/23,19:20:00,COLISIÓN POR CORTE DE CIRCULACIÓN,ASFALTO,Bueno,Bueno,2,CHEVROLET,PLATA,2,,44,MASCULINO,SIN DATOS,0,0,Morelia,Ciudad Industrial,agosto,sábado,19,-101.138133108616,19.7298363655609
53972,53978,2025,,2025/08/23,20:10:00,SUBIDA AL CAMELLÓN,ASFALTO,Bueno,Bueno,1,CHEVROLET,ROJO,1,,62,MASCULINO,SIN DATOS,0,0,Morelia,Sin datos,agosto,sábado,20,-101.287882179022,19.6889276639183
53973,53979,2025,LEG57780,2025/08/23,20:40:00,COLISIÓN POR INVASIÓN DE CARRIL,CONCRETO,Nublado,Regular,2,VOLKSWAGEN,NEGRO,2,,57,FEMENINO,SIN DATOS,0,0,Morelia,Gertrudis Sanchez,agosto,sábado,21,-101.200155168772,19.7396358805457
53974,53980,2025,LEG57781,2025/08/23,23:40:00,COLISIÓN POR CORTE DE CIRCULACIÓN,ASFALTO,Nublado,Regular,2,S/D,S/D,1,,59,MASCULINO,CON CERTIFICADO,0,0,Morelia,Tenencia Morelos,agosto,sábado,0,-101.24779522419,19.6483457338399
53975,53981,2025,,2025/08/24,"00:00:00",COLISIÓN CONTRA OBJETO FIJO,ASFALTO,Bueno,Bueno,2,NISSAN,BLANCO,2,,0,FEMENINO,SIN DATOS,0,0,Morelia,Martires de Uruapan,agosto,domingo,0,-101.198582047618,19.7276531380563
53976,53982,2025,LEG57786,2025/08/24,"00:30:00",COLISIÓN POR CORTE DE CIRCULACIÓN,ASFALTO,Bueno,Bueno,2,HONDA,NEGRO,2,,0,,SIN DATOS,1,0,Morelia,El Lago 2,agosto,domingo,1,-101.213408634067,19.7258680410871
53977,53983,2025,MOR/20250090029,2025/08/24,"02:20:00",SUBIDA AL CAMELLÓN,ASFALTO,Bueno,Bueno,1,VOLKSWAGEN,GRIS,1,,26,MASCULINO,SIN DATOS,0,0,Morelia,Jardines del Rincon,agosto,domingo,2,-101.15037035197,19.6906745966999
53978,53984,2025,,2025/08/24,"03:45:00",VOLCADURA,ASFALTO,Bueno,Bueno,1,NISSAN,BLANCO,0,,,,,0,0,Morelia,Ciudad Industrial,agosto,domingo,4,-101.163294911385,19.7238904696065
53979,53985,2025,,2025/08/24,"03:50:00",COLISIÓN CONTRA OBJETO FIJO,CONCRETO,Bueno,Bueno,2,ITALIKA,BLANCO Y NEGRO,2,,29,MASCULINO,SIN DATOS,0,0,Morelia,San Rafael,agosto,domingo,4,-101.153094470501,19.7015093210218
53980,53986,2025,LEG57790,2025/08/24,"03:59:00",COLISIÓN POR ALCANCE,ASFALTO,Bueno,Bueno,2,NISSAN,BLANCO,2,,48,MASCULINO,SIN DATOS,0,0,Morelia,San Pascual,agosto,domingo,4,-101.267353892326,19.6953584543093
53981,53987,2025,LEG57782,2025/08/24,13:20:00,COLISIÓN POR CORTE DE CIRCULACIÓN,ASFALTO,Bueno,Bueno,2,VELOCI,ROJO,2,,37,MASCULINO,SIN DATOS,0,0,Morelia,Villas del Pedregal,agosto,domingo,13,-101.307281255722,19.6825281839469
53982,53988,2025,,2025/08/24,16:30:00,VOLCADURA,ASFALTO,Bueno,Bueno,1,POLARIS,AZUL,1,MINISTERIO PÚBLICO,,,,0,1,Charo,Sin datos,agosto,domingo,17,-101.001245565712,19.6596787048638
53983,53989,2025,LEG57784,2025/08/24,18:15:00,COLISIÓN POR CORTE DE CIRCULACIÓN,ASFALTO,Bueno,Bueno,2,CHEVROLET,GRIS,2,,20,MASCULINO,SIN DATOS,0,0,Morelia,Arkos San Antonio,agosto,domingo,18,-101.269116103649,19.6677255658736
53984,53990,2025,LEG57785,2025/08/24,21:10:00,COLISIÓN POR CAMBIO DE CARRIL,ASFALTO,Bueno,Bueno,2,KIA,GRIS,2,MINISTERIO PÚBLICO,74,MASCULINO,SIN DATOS,0,0,Morelia,Real Universidad,agosto,domingo,21,-101.211521029472,19.6874149448904