fid,id_accidente,anio_origen,folio_c5i,dia_incidente,hora_ocurrencia,tipo_incidente_vial,superficie_ocurrencia,condiciones_climaticas,condiciones_via,numero_vehiculos_involucrados,marca_vehiculo_ocasiona_siniestro,color_vehiculo_ocasiona_siniestro,numero_personas_involucradas,lugar_remite_presunto_responsable,edad_presunto_responsable,sexo_presunto_responsable,resultados_toxicologia,numero_personas_lesionadas,numero_personas_fallecidas,municipio,colonia,mes,dia_semana,hora_redondeada,lon,lat
53985,53991,2025,,2025/08/24,23:45:00,SUBIDA AL CAMELLÓN,ASFALTO,Bueno,Bueno,1,GMC,Blanco,1,,36,MASCULINO,SIN DATOS,0,0,Morelia,Los Manantiales de Morelia,agosto,domingo,0,-101.240381598473,19.6927207629725
53986,53992,2025,LEG57783,2025/08/24,23:46:00,SALIDA DE SUPERFICIE DE RODAMIENTO,ASFALTO,Bueno,Bueno,1,CHEVROLET,ROJO,1,,58,MASCULINO,SIN DATOS,0,0,Morelia,El Realito,agosto,domingo,0,-101.205225884914,19.7257500060678
53987,53993,2025,,2025/08/25,"06:30:00",COLISIÓN POR ALCANCE,ASFALTO,Bueno,Bueno,7,DODGE/CHARGER,BLANCO AZUL,7,,40,MASCULINO,SIN DATOS,0,0,Morelia,Los Manantiales de Morelia,agosto,lunes,7,-101.240104660392,19.7009310498722
53988,53994,2025,,2025/08/25,"08:05:00",COLISIÓN POR CAMBIO DE CARRIL,ASFALTO,Bueno,Bueno,2,NISSAN,BLANCO,2,,,MASCULINO,SIN DATOS,0,0,Morelia,Tzindurio de Morelos,agosto,lunes,8,-101.245791614056,19.6995579631698
53989,53995,2025,,2025/08/25,"09:15:00",COLISIÓN POR CORTE DE CIRCULACIÓN,ASFALTO,Bueno,Bueno,2,FORD,ROJO,2,,65,MASCULINO,SIN DATOS,0,0,Morelia,Sentimientos de La Nacion,agosto,lunes,9,-101.234294325113,19.6788870081571
53990,53996,2025,,2025/08/25,14:00:00,COLISIÓN POR MANIOBRA DE REVERSA,ASFALTO,Bueno,Bueno,2,NISSAN,GRIS,2,,49,MASCULINO,SIN DATOS,0,0,Morelia,Montaña Monarca,agosto,lunes,14,-101.165993213654,19.6731507414379
53991,53997,2025,,2025/08/25,14:00:00,COLISIÓN POR CORTE DE CIRCULACIÓN,ASFALTO,Bueno,Bueno,2,ITALIKA,VERDE,2,,28,MASCULINO,SIN DATOS,0,0,Morelia,Torrecillas del Sur,agosto,lunes,14,-101.190218254924,19.6533708858122
53992,53998,2025,,2025/08/25,14:30:00,COLISIÓN POR ALCANCE,ASFALTO,Bueno,Bueno,2,HONDA,NEGRO CON ROJO,2,,48,,SIN DATOS,0,0,Morelia,Hacienda San Jose,agosto,lunes,15,-101.214679330587,19.6947953127521
53993,53999,2025,,2025/08/25,15:05:00,COLISIÓN POR CORTE DE CIRCULACIÓN,ASFALTO,Bueno,Bueno,2,MITSUBISHI,GRIS,2,MINISTERIO PÚBLICO,22,FEMENINO,SIN DATOS,0,0,Morelia,Vasco de Quiroga,agosto,lunes,15,-101.172544509172,19.7049391330357
53994,54000,2025,,2025/08/25,15:05:00,COLISIÓN POR CORTE DE CIRCULACIÓN,CONCRETO,Bueno,Bueno,3,NAVISTAR,VERDE,3,,43,MASCULINO,SIN DATOS,0,0,Morelia,Chapultepec Sur,agosto,lunes,15,-101.178300529718,19.6933975514914
53995,54001,2025,LEG57806,2025/08/25,16:40:00,COLISIÓN CONTRA OBJETO FIJO,ASFALTO,Bueno,Bueno,1,VOLKSWAGEN,GRIS,1,,37,FEMENINO,SIN DATOS,0,0,Morelia,Sin datos,agosto,lunes,17,-101.104871034622,19.7295030982654
53998,54004,2025,,2025/08/25,21:10:00,COLISIÓN POR CORTE DE CIRCULACIÓN,ASFALTO,Bueno,Bueno,2,NISSAN,ROJO,2,,43,MASCULINO,SIN DATOS,0,0,Morelia,Nueva Jacarndas,agosto,lunes,21,-101.188423186541,19.6782726660207
53999,54005,2025,,2025/08/25,22:40:00,COLISIÓN POR ALCANCE,ASFALTO,Bueno,Bueno,2,PULSAR,GRIS Y NEGRO,2,,17,FEMENINO,SIN DATOS,0,0,Morelia,Ejidal Ocolusen,agosto,lunes,23,-101.153428405523,19.6872356400183
54000,54006,2025,,2025/08/25,22:50:00,COLISIÓN CONTRA OBJETO FIJO,ASFALTO,Bueno,Bueno,1,VOLKSWAGEN,PLATA,1,,35,MASCULINO,SIN DATOS,0,0,Morelia,Las Americas,agosto,lunes,23,-101.15816116333,19.687920027958
54001,54007,2025,,2025/08/25,23:43:00,VOLCADURA,ASFALTO,Bueno,Bueno,1,NISSAN,ROJO,1,,34,MASCULINO,SIN DATOS,0,0,Morelia,Montaña Monarca,agosto,lunes,0,-101.161873340607,19.6725041752179
54003,54009,2025,,2025/08/26,"00:00:00",COLISIÓN POR CAMBIO DE CARRIL,CONCRETO,Bueno,Bueno,0,,,0,,,,,0,0,Morelia,Real San Diego,agosto,martes,0,-101.219328939915,19.6659625968556
54007,54013,2025,,2025/08/26,12:20:00,COLISIÓN CONTRA OBJETO FIJO,CONCRETO,Bueno,Bueno,2,NISSAN,BLANCO,2,,77,MASCULINO,SIN DATOS,0,0,Morelia,El Porvenir,agosto,martes,12,-101.204732915,19.7140368149991
54008,54014,2025,,2025/08/26,16:25:00,COLISIÓN POR ALCANCE,ASFALTO,Bueno,Bueno,2,NISSAN,BLANCO,2,,21,MASCULINO,SIN DATOS,0,0,Morelia,Vicente Lombardo Toledano (Ejidal Isacc Arriaga) (Etnias de Mexico),agosto,martes,16,-101.148616522551,19.720628338438
54009,54015,2025,,2025/08/26,17:45:00,COLISIÓN POR CORTE DE CIRCULACIÓN,ASFALTO,Bueno,Bueno,2,MAZDA,GRIS,2,,,MASCULINO,SIN DATOS,0,0,Morelia,Ciudad Industrial,agosto,martes,18,-101.14554366932,19.7284851395985
54010,54016,2025,,2025/08/26,19:20:00,COLISIÓN POR CORTE DE CIRCULACIÓN,ASFALTO,Bueno,Bueno,2,ITALIKA,NEGRO,2,,28,MASCULINO,SIN DATOS,0,0,Morelia,Torreon Nuevo,agosto,martes,19,-101.209681806823,19.74825979587
54014,54020,2025,,2025/08/27,13:45:00,COLISIÓN POR CORTE DE CIRCULACIÓN,ASFALTO,Bueno,Bueno,2,NISSAN,BLANCO Y AZUL,2,,73,MASCULINO,SIN DATOS,0,0,Morelia,Tzindurio de Morelos,agosto,miércoles,14,-101.245815753937,19.6995731145356
54015,54021,2025,,2025/08/27,16:20:00,COLISIÓN POR CORTE DE CIRCULACIÓN,CONCRETO,Lluvioso,Regular,2,MERCEDES BENZ,AMARILLO,2,MINISTERIO PÚBLICO,24,MASCULINO,SIN DATOS,0,0,Morelia,Ilustres Novohispanos,agosto,miércoles,16,-101.150783747435,19.7107519062164
54016,54022,2025,,2025/08/27,17:10:00,COLISIÓN POR CORTE DE CIRCULACIÓN,ASFALTO,Lluvioso,Bueno,2,FORD,PLATA ESTELAR,2,,38,MASCULINO,SIN DATOS,0,0,Morelia,Chapultepec Sur,agosto,miércoles,17,-101.176693215966,19.691026253795
54017,54023,2025,,2025/08/27,19:15:00,COLISIÓN CONTRA OBJETO FIJO,ASFALTO,Lluvioso,Regular,1,CHEVROLET,BLANCO,1,,36,MASCULINO,SIN DATOS,0,0,Morelia,Los Sauces,agosto,miércoles,19,-101.206,19.6795
54019,54025,2025,,2025/08/27,20:45:00,COLISIÓN POR CORTE DE CIRCULACIÓN,CONCRETO,Lluvioso,Regular,2,MERCEDES BENZ,VERDE,2,,,MASCULINO,SIN DATOS,0,0,Morelia,Lomas de San Juan,agosto,miércoles,21,-101.183039681886,19.7298664251429
54020,54026,2025,,2025/08/27,23:00:00,COLISIÓN CON PEATÓN,SIN_DATOS,Bueno,Bueno,2,VENTO,NEGRO,2,,14,MASCULINO,SIN DATOS,0,0,Morelia,Quinceo,agosto,miércoles,23,-101.224677139991,19.7335753309229
54021,54027,2025,,2025/08/28,"00:00:00",COLISIÓN CONTRA OBJETO FIJO,ASFALTO,Lluvioso,Regular,2,TOYOTA,BLANCO Y ROSA,2,,32,MASCULINO,SIN DATOS,0,0,Morelia,Lomas del Tecnologico,agosto,jueves,0,-101.19436035,19.7204595699992
54022,54028,2025,,2025/08/28,"00:00:00",COLISIÓN POR CORTE DE CIRCULACIÓN,CONCRETO,Bueno,Bueno,2,TOYOTA YARIS,AZUL,2,,44,MASCULINO,SIN DATOS,0,0,Morelia,Villas del Pedregal,agosto,jueves,0,-101.30264505744,19.6695604979919
54025,54031,2025,,2025/08/28,13:10:00,COLISIÓN CON PEATÓN,SIN_DATOS,Bueno,Bueno,2,NISSAN,VERDE,2,,31,MASCULINO,SIN DATOS,0,0,Morelia,Vicente Lombardo Toledano (Ejidal Isacc Arriaga) (Etnias de Mexico),agosto,jueves,13,-101.147785037756,19.7154118200639
54026,54032,2025,,2025/08/28,13:15:00,COLISIÓN POR MANIOBRA DE REVERSA,CONCRETO,Bueno,Bueno,2,NISSAN/URVAN,BLANCO ROJO,2,,59,MASCULINO,SIN DATOS,0,0,Morelia,Adolfo Lopez Mateos,agosto,jueves,13,-101.225227117538,19.6967612489904
54027,54033,2025,"202500011",2025/08/28,15:55:00,COLISIÓN POR CORTE DE CIRCULACIÓN,CONCRETO,Bueno,Bueno,2,DODGE,NEGRO,2,,38,,SIN DATOS,0,0,Morelia,Lomas del Punhuato,agosto,jueves,16,-101.146100610495,19.6982322131053
54028,54034,2025,,2025/08/28,20:00:00,COLISIÓN POR MANIOBRA DE REVERSA,ASFALTO,Lluvioso,Regular,2,NISSAN,BLANCO,2,,36,MASCULINO,SIN DATOS,0,0,Morelia,Fray Antonio de Lisboa,agosto,jueves,20,-101.147123202682,19.6942697332221
54029,54035,2025,,2025/08/28,21:00:00,COLISIÓN CONTRA OBJETO FIJO,CONCRETO,Lluvioso,Bueno,1,HYUNDAI,BLANCO,1,,,,SIN DATOS,0,0,Morelia,Ampliacion La Soledad,agosto,jueves,21,-101.182673871517,19.7392306825819
54030,54036,2025,,2025/08/29,"07:40:00",COLISIÓN POR CAMBIO DE CARRIL,ASFALTO,Bueno,Bueno,2,FREIGHTLINER,BLANCO,2,,41,MASCULINO,SIN DATOS,0,0,Morelia,Sentimientos de La Nacion,agosto,viernes,8,-101.233199983835,19.678207001357
54031,54037,2025,,2025/08/29,10:55:00,COLISIÓN POR CAMBIO DE CARRIL,ASFALTO,Bueno,Bueno,2,MAZDA,BLANCO,2,,43,MASCULINO,SIN DATOS,0,0,Morelia,Comision Federal de Electricidad,agosto,viernes,11,-101.180042624474,19.6814535816324
54032,54038,2025,,2025/08/29,11:30:00,COLISIÓN POR NO RESPETAR SEMÁFORO,ASFALTO,Bueno,Bueno,2,SUZUKI,BLANCO,2,,22,MASCULINO,SIN DATOS,0,0,Morelia,Cinco de Diciembre,agosto,viernes,12,-101.161444187164,19.6875210124668
54033,54039,2025,LEG57844,2025/08/29,13:00:00,COLISIÓN POR CAMBIO DE CARRIL,ASFALTO,Bueno,Bueno,2,MERCEDES BENZ,BLANCO,2,,32,FEMENINO,SIN DATOS,0,0,Morelia,Ocolusen Iii,agosto,viernes,13,-101.152370274067,19.6846218067628
54034,54040,2025,LEG57846,2025/08/29,13:50:00,COLISIÓN POR NO RESPETAR SEMÁFORO,ASFALTO,Bueno,Bueno,2,DODGE,COBRE,2,,74,FEMENINO,SIN DATOS,0,0,Morelia,Nueva Chapultepec,agosto,viernes,14,-101.173157393932,19.6863833077748
54035,54041,2025,,2025/08/29,14:45:00,COLISIÓN POR CAMBIO DE CARRIL,CONCRETO,Bueno,Bueno,2,FORD,BLANCO,2,MINISTERIO PÚBLICO,29,MASCULINO,SIN DATOS,0,0,Morelia,Villas del Pedregal,agosto,viernes,15,-101.298508420587,19.6869414280677
54036,54042,2025,LEG57847,2025/08/29,15:15:00,COLISIÓN POR CORTE DE CIRCULACIÓN,ASFALTO,Bueno,Bueno,1,FREIGTHLINER,BLANCO,1,,30,MASCULINO,SIN DATOS,0,0,Morelia,Jardines de Torremolinos,agosto,viernes,15,-101.225755512714,19.6767345904844
54037,54043,2025,,2025/08/29,16:50:00,COLISIÓN POR CORTE DE CIRCULACIÓN,CONCRETO,Nublado,Bueno,2,TOYOTA,BLANCO Y ROSA,2,MINISTERIO PÚBLICO,33,MASCULINO,SIN DATOS,0,0,Morelia,Eva Samano,agosto,viernes,17,-101.202370002866,19.7308203836891
54038,54044,2025,,2025/08/29,22:30:00,COLISIÓN POR CAMBIO DE CARRIL,ASFALTO,Bueno,Bueno,2,VOLKSWAGEN,NEGRO,2,,30,MASCULINO,SIN DATOS,0,0,Morelia,Indeco El Vivero,agosto,viernes,23,-101.231248676777,19.6774884766439
54039,54045,2025,,2025/08/29,23:35:00,COLISIÓN POR ALCANCE,ASFALTO,Lluvioso,Bueno,2,VOLKSWAGEN,ROJO,2,,33,FEMENINO,SIN DATOS,0,0,Morelia,Vicente Lombardo Toledano (Ejidal Isacc Arriaga) (Etnias de Mexico),agosto,viernes,0,-101.149390004575,19.7200286747287
54040,54046,2025,,2025/08/30,"01:15:00",SALIDA DE SUPERFICIE DE RODAMIENTO,ASFALTO,Bueno,Bueno,1,CHRYSLER JEEP,ROJO FLAMA,1,,,,SIN DATOS,0,0,Morelia,Ciudad Industrial,agosto,sábado,1,-101.134742796421,19.7307452728333
54041,54047,2025,,2025/08/30,"06:30:00",COLISIÓN POR CORTE DE CIRCULACIÓN,CONCRETO,Bueno,Bueno,2,VOLSKWAGEN,BLANCO,2,,52,MASCULINO,ALIENTO ETÍLICO,0,0,Morelia,Centro,agosto,sábado,7,-101.19687281549,19.7030458959961
54042,54048,2025,,2025/08/30,"09:15:00",COLISIÓN POR ALCANCE,CONCRETO,Bueno,Bueno,2,HONDA,BLANCO,2,,0,MASCULINO,SIN DATOS,0,0,Morelia,Tierra Y Libertad,agosto,sábado,9,-101.224129758775,19.7170495751961
54043,54049,2025,,2025/08/30,"09:15:00",COLISIÓN POR CORTE DE CIRCULACIÓN,ASFALTO,Bueno,Bueno,2,PLYMOUTH,BLANCO,2,,32,MASCULINO,SIN DATOS,0,0,Morelia,Los Angeles,agosto,sábado,9,-101.176775693893,19.7409038531999
54044,54050,2025,,2025/08/30,12:23:00,COLISIÓN POR CORTE DE CIRCULACIÓN,ASFALTO,Bueno,Bueno,2,CHEVROLET,VERDE Y BLANCO,2,,,MASCULINO,SIN DATOS,0,0,Morelia,Elias Perez Avalos,agosto,sábado,12,-101.165706217289,19.7103516851215
54045,54051,2025,,2025/08/30,15:41:00,COLISIÓN POR CORTE DE CIRCULACIÓN,ASFALTO,Bueno,Bueno,2,CHEVROLET,AZUL,2,,40,,SIN DATOS,0,0,Morelia,Isaac Arriaga,agosto,sábado,16,-101.172274947166,19.7073209562792
54046,54052,2025,,2025/08/30,15:45:00,COLISIÓN POR CAMBIO DE CARRIL,ASFALTO,Bueno,Bueno,2,FORD,BLANCO Y AZUL,2,,23,MASCULINO,SIN DATOS,0,0,Morelia,Ejidal Ocolusen,agosto,sábado,16,-101.153425723314,19.6872331145961
54047,54053,2025,,2025/08/30,15:50:00,COLISIÓN CONTRA OBJETO FIJO,ASFALTO,Bueno,Bueno,1,FREIGHTLINER,BLANCO,1,,,MASCULINO,SIN DATOS,0,0,Morelia,Nueva Valladolid,agosto,sábado,16,-101.213674843311,19.6973597373088
54048,54054,2025,,2025/08/30,15:50:00,COLISIÓN POR CORTE DE CIRCULACIÓN,CONCRETO,Bueno,Bueno,1,HONDA,PLATA,2,,25,MASCULINO,SIN DATOS,0,0,Morelia,Ventura Puente,agosto,sábado,16,-101.188081204891,19.6908040217529
54049,54055,2025,"202500025",2025/08/30,15:59:00,COLISIÓN POR CORTE DE CIRCULACIÓN,ASFALTO,Bueno,Bueno,2,NISSAN,ROJO,2,MINISTERIO PÚBLICO,30,MASCULINO,SIN DATOS,0,0,Morelia,Chapultepec Norte,agosto,sábado,16,-101.169525682926,19.6946798502498
54050,54056,2025,,2025/08/30,18:25:00,COLISIÓN POR CORTE DE CIRCULACIÓN,ASFALTO,Bueno,Bueno,2,TOYOTA,BLANCO,2,,35,MASCULINO,SIN DATOS,0,0,Morelia,Plan de La Garita,agosto,sábado,18,-101.188378930092,19.7107695815729
54051,54057,2025,,2025/08/30,18:35:00,COLISIÓN POR CAMBIO DE CARRIL,ASFALTO,Nublado,Regular,2,VOLKSWAGEN /JETTA,ROJO,2,,46,MASCULINO,SIN DATOS,0,0,Morelia,Nueva Valladolid,agosto,sábado,19,-101.208858937025,19.7020755954389
54052,54058,2025,,2025/08/30,20:30:00,COLISIÓN POR CORTE DE CIRCULACIÓN,CONCRETO,Bueno,Bueno,2,TOYOTA,BLANCO,2,,41,MASCULINO,SIN DATOS,0,0,Morelia,El Lago 1,agosto,sábado,21,-101.217136904597,19.7282173616732
54053,54059,2025,"202500027",2025/08/31,"00:05:00",COLISIÓN CONTRA OBJETO FIJO,ASFALTO,Bueno,Bueno,1,Hyinday,Blanca,1,,34,MASCULINO,SIN DATOS,0,0,Morelia,Nicolaitas Ilustres,agosto,domingo,0,-101.226833760738,19.72174686305
54054,54060,2025,,2025/08/31,"00:25:00",VOLCADURA,ASFALTO,Bueno,Regular,1,VOLKSWAGEN GOLF,BLANCO,0,MINISTERIO PÚBLICO,,,,0,0,Morelia,Leandro Valle,agosto,domingo,0,-101.230639815331,19.715823390864
54055,54061,2025,,2025/08/31,"02:15:00",COLISIÓN CONTRA OBJETO FIJO,CONCRETO,Bueno,Bueno,2,ITALIKA,ROJO,2,,30,MASCULINO,SIN DATOS,0,0,Morelia,Villas del Pedregal,agosto,domingo,2,-101.299673169851,19.6718184585837
54056,54062,2025,,2025/08/31,"02:34:00",COLISIÓN CONTRA OBJETO FIJO,ASFALTO,Bueno,Bueno,2,Nissan,Gris,2,MINISTERIO PÚBLICO,39,MASCULINO,SIN DATOS,0,0,Morelia,Sin datos,agosto,domingo,3,-101.282073184848,19.6177528528246
54057,54063,2025,,2025/08/31,11:00:00,COLISIÓN POR CORTE DE CIRCULACIÓN,ASFALTO,Bueno,Bueno,2,Jeep,Rojo,2,,54,MASCULINO,SIN DATOS,0,0,Morelia,Elias Perez Avalos,agosto,domingo,11,-101.166484057903,19.7109097218302
54058,54064,2025,,2025/08/31,11:20:00,COLISIÓN CONTRA OBJETO FIJO,CONCRETO,Lluvioso,Bueno,1,DODGE,BLANCO,1,,69,MASCULINO,SIN DATOS,0,0,Morelia,Los Manantiales de Morelia,agosto,domingo,11,-101.240372210741,19.7009417819977
54059,54065,2025,,2025/08/31,12:30:00,COLISIÓN POR MANIOBRA DE REVERSA,ASFALTO,Bueno,Bueno,2,CHEVROLET,GRIS,2,,25,MASCULINO,SIN DATOS,0,0,Morelia,Jardines del Rincon,agosto,domingo,13,-101.150382757187,19.6907105831886
54060,54066,2025,,2025/08/31,16:20:00,COLISIÓN POR NO RESPETAR SEMÁFORO,ASFALTO,Bueno,Bueno,2,Volkswagen,Blanco,2,,62,MASCULINO,SIN DATOS,0,0,Morelia,Eva Samano,agosto,domingo,16,-101.199216395617,19.7307926116121
54061,54067,2025,"202500026",2025/08/31,18:00:00,COLISIÓN CONTRA OBJETO FIJO,ASFALTO,Bueno,Bueno,1,Volkswagen,Gris,1,,45,MASCULINO,SIN DATOS,0,0,Morelia,El Eden,agosto,domingo,18,-101.247690618038,19.6487259016405
54062,54068,2025,,2025/08/31,19:10:00,COLISIÓN POR ALCANCE,ASFALTO,Bueno,Bueno,2,INTERNATIONAL,BLANCO Y AZUL,2,,,MASCULINO,SIN DATOS,0,0,Morelia,Santillan La Huerta,agosto,domingo,19,-101.219553885717,19.6760966650679
54063,54069,2025,,2025/08/31,20:15:00,COLISIÓN POR NO RESPETAR SEMÁFORO,CONCRETO,Lluvioso,Bueno,2,GSX,NEGRO,3,MINISTERIO PÚBLICO,68,MASCULINO,SIN DATOS,1,0,Morelia,Camelinas,agosto,domingo,20,-101.172563284636,19.6818639770217
54064,54070,2025,LEG57878,2025/08/31,20:30:00,COLISIÓN POR CORTE DE CIRCULACIÓN,CONCRETO,Lluvioso,Regular,1,VOLKSWAGEN,BLANCO,1,,29,MASCULINO,SIN DATOS,0,0,Morelia,Lomas de Santa Maria,agosto,domingo,21,-101.188533285,19.6762698049992
54068,54074,2025,,2025/08/31,22:45:00,COLISIÓN CONTRA OBJETO FIJO,ASFALTO,Lluvioso,Regular,1,FORD,BLANCO,1,,42,MASCULINO,SIN DATOS,0,0,Morelia,Solidaridad,agosto,domingo,23,-101.203611195087,19.7365924526301
54069,54075,2025,,2025/08/31,23:37:00,VOLCADURA,ASFALTO,Lluvioso,Bueno,1,Renault,Gris,1,,42,,SIN DATOS,0,0,Morelia,Clara Cordova Moran,agosto,domingo,0,-101.180839911103,19.7373959181857
54071,54077,2025,LEG57882,2025/09/01,11:40:00,COLISIÓN POR CORTE DE CIRCULACIÓN,ASFALTO,Bueno,Bueno,2,HONDA,NEGRO,2,,68,MASCULINO,SIN DATOS,0,0,Morelia,Torreon Nuevo,septiembre,lunes,12,-101.203762739897,19.7466313792006
54072,54078,2025,"20250076",2025/09/01,12:05:00,COLISIÓN CONTRA OBJETO FIJO,ASFALTO,Bueno,Bueno,1,FORD,BLANCA,1,MINISTERIO PÚBLICO,24,,SIN DATOS,0,0,Morelia,Campestre Los Manantiales,septiembre,lunes,12,-101.238361224532,19.6882458056915
54073,54079,2025,,2025/09/01,13:25:00,COLISIÓN POR CORTE DE CIRCULACIÓN,ASFALTO,Bueno,Bueno,2,CHEVROLET AVEO,BLANCO,2,MINISTERIO PÚBLICO,,MASCULINO,SIN DATOS,0,0,Morelia,Centro,septiembre,lunes,13,-101.187418699265,19.7070173120867
54079,54085,2025,,2025/09/02,"07:20:00",COLISIÓN POR ALCANCE,ASFALTO,Bueno,Bueno,3,CHEVROLET,PLATA,2,,18,MASCULINO,SIN DATOS,0,0,Morelia,Santillan La Huerta,septiembre,martes,7,-101.219553885717,19.6760966650679
54080,54086,2025,,2025/09/02,"08:00:00",COLISIÓN POR CAMBIO DE CARRIL,ASFALTO,Bueno,Bueno,2,FREINGHTLINER,BLANCO,2,,34,MASCULINO,SIN DATOS,0,0,Morelia,Lomas de San Juan,septiembre,martes,8,-101.183039681886,19.7298664251429
54082,54088,2025,,2025/09/02,"09:10:00",COLISIÓN POR CAMBIO DE CARRIL,ASFALTO,Bueno,Bueno,2,TOYOTA,BLANCO Y ROJO,2,,73,MASCULINO,SIN DATOS,0,0,Morelia,Cuauhtemoc,septiembre,martes,9,-101.17854569,19.6974281599991
54084,54090,2025,,2025/09/02,13:00:00,COLISIÓN POR CORTE DE CIRCULACIÓN,ASFALTO,Bueno,Bueno,2,HONDA,BLACO,2,,41,MASCULINO,SIN DATOS,0,0,Morelia,Vasco de Quiroga,septiembre,martes,13,-101.175945214927,19.698257149934
54085,54091,2025,,2025/09/02,14:38:00,COLISIÓN POR NO RESPETAR SEMÁFORO,ASFALTO,Bueno,Bueno,2,NISSAN,ROJO,2,,36,MASCULINO,SIN DATOS,0,0,Morelia,Primo Tapia Oriente,septiembre,martes,15,-101.158524602652,19.7134612630599
54090,54096,2025,,2025/09/03,"09:40:00",COLISIÓN POR CORTE DE CIRCULACIÓN,ASFALTO,Bueno,Bueno,2,NISSAN,NARANJA,2,,35,MASCULINO,SIN DATOS,0,0,Morelia,Prados Verdes,septiembre,miércoles,10,-101.199782310949,19.7166640281338
54092,54098,2025,MOR2025888,2025/09/03,10:15:00,COLISIÓN CON PEATÓN,ASFALTO,Bueno,Bueno,3,HONDA,BLANCO,3,,36,FEMENINO,SIN DATOS,0,0,Morelia,Junta de Jaujilla,septiembre,miércoles,10,-101.226013675332,19.6921323586887
54093,54099,2025,,2025/09/03,12:05:00,COLISIÓN POR CAMBIO DE CARRIL,ASFALTO,Bueno,Bueno,2,VOLKSWAGEN CRAFTER,AMARILLO,2,,21,MASCULINO,SIN DATOS,0,0,Morelia,Centro,septiembre,miércoles,12,-101.190057992935,19.6959506346616
54095,54101,2025,,2025/09/03,14:00:00,COLISIÓN CONTRA OBJETO FIJO,CONCRETO,Bueno,Bueno,2,GEELY,BLANCO,2,,,FEMENINO,SIN DATOS,0,0,Morelia,Cuauhtemoc,septiembre,miércoles,14,-101.183760166168,19.6945781365549
54096,54102,2025,,2025/09/03,15:15:00,COLISIÓN POR MANIOBRA DE REVERSA,ASFALTO,Bueno,Bueno,2,VOLKSWAGEN,GRIS,2,,35,FEMENINO,SIN DATOS,0,0,Morelia,Sin datos,septiembre,miércoles,15,-101.168200671673,19.6684327686271
54097,54103,2025,,2025/09/03,16:40:00,COLISIÓN POR CORTE DE CIRCULACIÓN,ASFALTO,Bueno,Bueno,2,CHEVROLET,NEGRO,2,,40,MASCULINO,SIN DATOS,0,0,Morelia,Enrique Arreguin Robles,septiembre,miércoles,17,-101.185348033905,19.7239640056582
54098,54104,2025,,2025/09/03,17:05:00,COLISIÓN POR NO RESPETAR SEMÁFORO,ASFALTO,Bueno,Bueno,2,NISSAN,PLATA,2,MINISTERIO PÚBLICO,59,MASCULINO,SIN DATOS,0,0,Morelia,Poblado de Ocolusen,septiembre,miércoles,17,-101.154241785407,19.6950112260048
54099,54105,2025,,2025/09/03,19:50:00,COLISIÓN POR ALCANCE,CONCRETO,Nublado,Regular,2,MAZDA/M2H,NEGRO,2,,35,FEMENINO,SIN DATOS,0,0,Morelia,Ventura Puente,septiembre,miércoles,20,-101.185032874346,19.6949518814556
54101,54107,2025,,2025/09/04,"00:00:00",COLISIÓN POR CAMBIO DE CARRIL,ASFALTO,Bueno,Bueno,2,MAZDA,BLANCO,2,,30,MASCULINO,SIN DATOS,0,0,Morelia,Las Americas,septiembre,jueves,0,-101.15905970335,19.688010942741
54102,54108,2025,,2025/09/04,"00:00:00",COLISIÓN POR CORTE DE CIRCULACIÓN,CONCRETO,Bueno,Bueno,0,,,0,,,,,0,0,Morelia,Ferrocarrilero,septiembre,jueves,0,-101.217442005873,19.6976084754663
54104,54110,2025,,2025/09/04,"07:55:00",COLISIÓN CONTRA OBJETO FIJO,ASFALTO,Bueno,Bueno,2,MAZDA,GRIS,2,,42,FEMENINO,SIN DATOS,0,0,Morelia,Independencia,septiembre,jueves,8,-101.177891492844,19.7193078128502
54106,54112,2025,,2025/09/04,13:39:00,COLISIÓN CONTRA OBJETO FIJO,ASFALTO,Bueno,Bueno,3,JEEP,BLANCO,3,,44,MASCULINO,SIN DATOS,0,0,Morelia,Leandro Valle,septiembre,jueves,14,-101.229764074087,19.7219539028646
54107,54113,2025,,2025/09/04,14:05:00,COLISIÓN POR CORTE DE CIRCULACIÓN,ASFALTO,Bueno,Bueno,2,RENAULT,AZUL,2,,50,MASCULINO,SIN DATOS,0,0,Morelia,Ana Maria Gallaga (Riviera Norte),septiembre,jueves,14,-101.222829222679,19.6767194369574
54108,54114,2025,,2025/09/04,15:30:00,COLISIÓN POR CORTE DE CIRCULACIÓN,ASFALTO,Bueno,Bueno,2,HYUNDAI,ROJO,1,,45,MASCULINO,SIN DATOS,0,0,Morelia,Felix Ireta,septiembre,jueves,16,-101.181241571903,19.6831090470611
54109,54115,2025,,2025/09/04,18:00:00,COLISIÓN POR CAMBIO DE CARRIL,ASFALTO,Bueno,Bueno,2,BAJAJ,NEGRO,2,,47,MASCULINO,SIN DATOS,0,0,Morelia,Morelos,septiembre,jueves,18,-101.207106113434,19.6916626438456
54111,54117,2025,,2025/09/04,19:05:00,COLISIÓN POR ALCANCE,ASFALTO,Nublado,Bueno,6,TOYOTA,BLANCO Y CREMA,6,,63,MASCULINO,SIN DATOS,0,0,Morelia,Centro,septiembre,jueves,19,-101.18875609,19.7086253949991