fid,id_accidente,anio_origen,folio_c5i,dia_incidente,hora_ocurrencia,tipo_incidente_vial,superficie_ocurrencia,condiciones_climaticas,condiciones_via,numero_vehiculos_involucrados,marca_vehiculo_ocasiona_siniestro,color_vehiculo_ocasiona_siniestro,numero_personas_involucradas,lugar_remite_presunto_responsable,edad_presunto_responsable,sexo_presunto_responsable,resultados_toxicologia,numero_personas_lesionadas,numero_personas_fallecidas,municipio,colonia,mes,dia_semana,hora_redondeada,lon,lat
54114,54120,2025,,2025/09/05,"00:00:00",COLISIÓN POR CORTE DE CIRCULACIÓN,ASFALTO,Bueno,Bueno,1,NISSAN,BLANCO,1,,37,MASCULINO,SIN DATOS,0,0,Morelia,Ciudad Industrial,septiembre,viernes,0,-101.137956082821,19.7286497288395
54115,54121,2025,,2025/09/05,"04:35:00",COLISIÓN CONTRA OBJETO FIJO,ASFALTO,Bueno,Bueno,1,VOLKSWAGEN,NEGRO,0,,,,,0,0,Morelia,Elias Perez Avalos,septiembre,viernes,5,-101.171483024955,19.7147527995824
54116,54122,2025,,2025/09/05,"07:50:00",VOLCADURA,ASFALTO,Bueno,Bueno,1,VOLKSWAGEN,CAFÉ,0,,,,,0,0,Charo,Sin datos,septiembre,viernes,8,-101.084839291871,19.7329414618044
54117,54123,2025,,2025/09/05,"09:05:00",COLISIÓN POR ALCANCE,ASFALTO,Bueno,Bueno,2,CHEVROLET,ROJO,2,,,MASCULINO,SIN DATOS,0,0,Morelia,Lomas de Hidalgo,septiembre,viernes,9,-101.163474619389,19.6959960897794
54118,54124,2025,"2025000234",2025/09/05,12:10:00,COLISIÓN POR CORTE DE CIRCULACIÓN,ASFALTO,Bueno,Bueno,2,NISSAN,BLANCO/ROJO,2,,51,MASCULINO,SIN DATOS,0,0,Morelia,Chapultepec Norte,septiembre,viernes,12,-101.16698294878,19.6952915340037
54119,54125,2025,,2025/09/05,13:10:00,COLISIÓN POR CAMBIO DE CARRIL,ASFALTO,Bueno,Bueno,2,CHEVROLET,NEGRO,2,,30,MASCULINO,SIN DATOS,0,0,Morelia,Nueva Valladolid,septiembre,viernes,13,-101.208821386099,19.6992322084574
54120,54126,2025,,2025/09/05,13:50:00,COLISIÓN POR CORTE DE CIRCULACIÓN,CONCRETO,Bueno,Bueno,2,VENTO,NEGRO/ROJO,3,,,MASCULINO,SIN DATOS,1,0,Morelia,Jardines del Rincon,septiembre,viernes,14,-101.147864162922,19.6882375981211
54121,54127,2025,LEG57931,2025/09/05,15:10:00,COLISIÓN POR CORTE DE CIRCULACIÓN,ASFALTO,Bueno,Bueno,2,HONDA,NEGRO,2,,23,MASCULINO,SIN DATOS,0,0,Morelia,Unidos Santa Cruz,septiembre,viernes,15,-101.213268488646,19.7201056842994
54122,54128,2025,,2025/09/05,15:25:00,COLISIÓN POR ALCANCE,ASFALTO,Bueno,Bueno,3,VOLKSWAGEN,BLANCO,3,MINISTERIO PÚBLICO,38,FEMENINO,SIN DATOS,0,0,Morelia,Vista Bella,septiembre,viernes,15,-101.192189007998,19.6822364888493
54123,54129,2025,LEG57933,2025/09/05,18:00:00,COLISIÓN POR CAMBIO DE CARRIL,ASFALTO,Bueno,Bueno,2,NISSAN,GUINDA,2,,30,MASCULINO,SIN DATOS,0,0,Morelia,Vasco de Quiroga,septiembre,viernes,18,-101.168275773525,19.6966608694014
54124,54130,2025,LEG57934,2025/09/05,18:50:00,COLISIÓN POR CORTE DE CIRCULACIÓN,ASFALTO,Bueno,Bueno,2,MAZDA,GRIS,2,MINISTERIO PÚBLICO,52,MASCULINO,SIN DATOS,1,0,Morelia,Centro,septiembre,viernes,19,-101.191491633654,19.7029411012941
54125,54131,2025,,2025/09/05,19:00:00,COLISIÓN POR CORTE DE CIRCULACIÓN,CONCRETO,Bueno,Bueno,2,HONDA,BLANCO,2,,41,MASCULINO,SIN DATOS,0,0,Morelia,Ferrocarrilero,septiembre,viernes,19,-101.217429935932,19.6976223643876
54126,54132,2025,,2025/09/05,19:20:00,COLISIÓN POR MANIOBRA DE REVERSA,ASFALTO,Bueno,Bueno,2,DODGE,GRIS,2,,44,MASCULINO,SIN DATOS,0,0,Morelia,Xangari,septiembre,viernes,19,-101.220689155161,19.6741237429128
54127,54133,2025,"2025009477",2025/09/05,20:24:00,COLISIÓN POR CORTE DE CIRCULACIÓN,ASFALTO,Bueno,Bueno,2,ITALIKA,ROJO,2,,16,MASCULINO,SIN DATOS,0,0,Morelia,La Colina,septiembre,viernes,20,-101.216294020414,19.7116659720904
54128,54134,2025,,2025/09/05,20:25:00,COLISIÓN POR CAMBIO DE CARRIL,ASFALTO,Bueno,Bueno,2,VOLKSWAGEN,NEGRO,2,,30,FEMENINO,SIN DATOS,0,0,Morelia,Lomas del Valle,septiembre,viernes,20,-101.229330897331,19.6884288975375
54129,54135,2025,,2025/09/05,21:30:00,COLISIÓN POR ALCANCE,CONCRETO,Lluvioso,Bueno,2,FORD,ROJO,2,,43,MASCULINO,SIN DATOS,0,0,Morelia,Ferrocarrilero,septiembre,viernes,22,-101.219750717282,19.6951703197942
54130,54136,2025,"2025003456",2025/09/05,22:00:00,COLISIÓN POR CORTE DE CIRCULACIÓN,ASFALTO,Bueno,Bueno,2,Italika,Rojo y negro,0,,,,,0,0,Morelia,La Colina,septiembre,viernes,22,-101.216137111187,19.7122252667269
54131,54137,2025,,2025/09/05,22:55:00,COLISIÓN POR CORTE DE CIRCULACIÓN,CONCRETO,Nublado,Regular,2,HYUNDAI,ROJO,2,,38,MASCULINO,SIN DATOS,0,0,Morelia,Centro,septiembre,viernes,23,-101.187800578773,19.6983531093401
54132,54138,2025,,2025/09/06,"04:00:00",COLISIÓN POR CORTE DE CIRCULACIÓN,CONCRETO,Bueno,Bueno,2,CHEVROLET,ARENA,2,,28,MASCULINO,SIN DATOS,0,0,Morelia,Gertrudis Sanchez,septiembre,sábado,4,-101.200503855944,19.7412793832379
54133,54139,2025,,2025/09/06,"04:45:00",COLISIÓN POR MANIOBRA DE REVERSA,ASFALTO,Lluvioso,Regular,2,VOLKSWAGEN,ROJO,2,,,MASCULINO,SIN DATOS,0,0,Morelia,Chapultepec Oriente,septiembre,sábado,5,-101.15950897336,19.6937258433991
54134,54140,2025,"20250657",2025/09/06,"05:30:00",COLISIÓN CONTRA OBJETO FIJO,CONCRETO,Bueno,Bueno,1,CHEVROLET,GRIS,1,,36,MASCULINO,SIN DATOS,0,0,Morelia,Los Manantiales de Morelia,septiembre,sábado,6,-101.23919069767,19.6972890299447
54135,54141,2025,,2025/09/06,"07:15:00",COLISIÓN POR CORTE DE CIRCULACIÓN,CONCRETO,Bueno,Bueno,2,BAJAJ,VERDE,2,,27,MASCULINO,SIN DATOS,0,0,Morelia,Centro,septiembre,sábado,7,-101.191747114062,19.6959638924056
54136,54142,2025,,2025/09/06,"08:00:00",COLISIÓN CONTRA OBJETO FIJO,ASFALTO,Bueno,Bueno,1,FORD,ROJO,1,,19,MASCULINO,SIN DATOS,0,0,Morelia,Sin datos,septiembre,sábado,8,-101.35194003582,19.6792513188765
54137,54143,2025,,2025/09/06,"08:05:00",COLISIÓN POR ALCANCE,ASFALTO,Bueno,Bueno,2,CHEVROLET,BLANCO/VERDE/AZUL,2,,43,MASCULINO,SIN DATOS,0,0,Morelia,Lomas del Tecnologico,septiembre,sábado,8,-101.196072846651,19.7243840757598
54138,54144,2025,LEG57957,2025/09/06,13:20:00,COLISIÓN POR CORTE DE CIRCULACIÓN,ASFALTO,Bueno,Bueno,2,DODGE,BLANCO,2,,26,MASCULINO,ALIENTO ETÍLICO,0,0,Morelia,Ventura Puente,septiembre,sábado,13,-101.190653443336,19.6936122039688
54139,54145,2025,,2025/09/06,17:35:00,COLISIÓN POR CAMBIO DE CARRIL,ASFALTO,Bueno,Bueno,2,CHEVROLET,AZUL,2,,,MASCULINO,SIN DATOS,0,0,Morelia,Ejidal Ocolusen,septiembre,sábado,18,-101.153486073017,19.6873328687414
54140,54146,2025,LEG57961,2025/09/06,20:00:00,COLISIÓN POR MANIOBRA DE REVERSA,ASFALTO,Nublado,Regular,3,VOLKSWAGEN,BLANCO,3,,30,,SIN DATOS,0,0,Morelia,Hacienda San Jose,septiembre,sábado,20,-101.215302944183,19.6954607286844
54141,54147,2025,,2025/09/06,20:25:00,COLISIÓN POR CORTE DE CIRCULACIÓN,CONCRETO,Bueno,Regular,2,TOYOTA,ROSA/BLANCO,2,,28,MASCULINO,SIN DATOS,0,0,Morelia,Juarez,septiembre,sábado,20,-101.199439018965,19.6934070214597
54142,54148,2025,LEG57962,2025/09/06,22:00:00,COLISIÓN POR ALCANCE,ASFALTO,Lluvioso,Malo,3,S/D,S/D,2,MINISTERIO PÚBLICO,32,MASCULINO,SIN DATOS,0,0,Morelia,Alberto Oviedo Mota,septiembre,sábado,22,-101.202126592398,19.6776551645622
54143,54149,2025,,2025/09/06,22:05:00,COLISIÓN CONTRA OBJETO FIJO,ASFALTO,Lluvioso,Bueno,1,AUDI,PLATA,0,,,,,0,0,Morelia,Montaña Monarca,septiembre,sábado,22,-101.16465613246,19.6656140419464
54144,54150,2025,,2025/09/06,22:15:00,COLISIÓN POR INVASIÓN DE CARRIL,ASFALTO,Lluvioso,Bueno,2,NISSAN,ROJO,2,,37,MASCULINO,SIN DATOS,0,0,Morelia,Nicolaitas Ilustres,septiembre,sábado,22,-101.224679946899,19.7247312402996
54145,54151,2025,LEG57960,2025/09/07,"05:40:00",COLISIÓN POR CORTE DE CIRCULACIÓN,ASFALTO,Bueno,Bueno,1,|FORD,BLANCO,0,MINISTERIO PÚBLICO,,,,0,0,Morelia,Loma de La Virgen,septiembre,domingo,6,-101.200659424067,19.6641326751281
54146,54152,2025,,2025/09/07,"08:20:00",COLISIÓN CONTRA OBJETO FIJO,ASFALTO,Bueno,Bueno,2,VOLKSWAGEN,BLANCO,2,,50,MASCULINO,SIN DATOS,0,0,Morelia,Prados Verdes,septiembre,domingo,8,-101.201145909727,19.7170173820597
54147,54153,2025,,2025/09/07,"08:30:00",COLISIÓN CONTRA OBJETO FIJO,ASFALTO,Bueno,Bueno,1,CHRYSLER,BLANCO,1,,37,MASCULINO,SIN DATOS,0,0,Morelia,Indeco El Vivero,septiembre,domingo,9,-101.229745298624,19.6770035653504
54148,54154,2025,LEG57964,2025/09/07,"09:16:00",COLISIÓN POR ALCANCE,ASFALTO,Bueno,Bueno,2,NISSAN,BLANCO,2,,,MASCULINO,SIN DATOS,0,0,Morelia,Rinconada del Valle,septiembre,domingo,9,-101.221083775163,19.6797078110349
54149,54155,2025,MOR20256731,2025/09/07,13:13:00,COLISIÓN POR NO RESPETAR SEMÁFORO,ASFALTO,Bueno,Bueno,2,HONDA,GRIS,2,MINISTERIO PÚBLICO,,MASCULINO,SIN DATOS,0,0,Morelia,Los Pinos de Michoacan,septiembre,domingo,13,-101.21523052454,19.6853491385613
54150,54156,2025,,2025/09/07,15:00:00,COLISIÓN POR ALCANCE,ASFALTO,Bueno,Bueno,2,VOLKSWAGEN,GRIS,2,,35,MASCULINO,SIN DATOS,0,0,Morelia,Junta de Jaujilla,septiembre,domingo,15,-101.226037144661,19.6921525614468
54151,54157,2025,,2025/09/07,16:00:00,COLISIÓN POR NO RESPETAR SEMÁFORO,ASFALTO,Bueno,Bueno,2,FREIGHTLINER,BLANCO,2,,38,MASCULINO,SIN DATOS,0,0,Morelia,Clara Cordova Moran,septiembre,domingo,16,-101.182848885655,19.7323465781342
54152,54158,2025,LEG57959,2025/09/07,18:34:00,COLISIÓN POR ALCANCE,ASFALTO,Bueno,Bueno,2,HONDA,BLANCO,2,,53,MASCULINO,SIN DATOS,0,0,Morelia,Vasco de Quiroga,septiembre,domingo,19,-101.167724579573,19.6967132688173
54154,54160,2025,,2025/09/07,20:30:00,COLISIÓN POR ALCANCE,ASFALTO,Bueno,Bueno,2,VOLKSWAGEN,PLATA,2,,33,MASCULINO,SIN DATOS,0,0,Morelia,Centro,septiembre,domingo,21,-101.18754847,19.7028479949991
54157,54163,2025,,2025/09/08,"07:20:00",VOLCADURA,ASFALTO,Bueno,Bueno,1,NISSAN,GRIS,2,,26,FEMENINO,SIN DATOS,1,0,Morelia,El Lago 2,septiembre,lunes,7,-101.217451393604,19.7270414433011
54158,54164,2025,,2025/09/08,"09:20:00",COLISIÓN POR CORTE DE CIRCULACIÓN,ASFALTO,Bueno,Bueno,2,HONDA,BLANCO,2,,24,MASCULINO,SIN DATOS,0,0,Morelia,Junta de Jaujilla,septiembre,lunes,9,-101.226047873497,19.6913551819049
54159,54165,2025,LEG57981,2025/09/08,"09:25:00",COLISIÓN POR CORTE DE CIRCULACIÓN,ASFALTO,Bueno,Bueno,2,TOYOTA,BLANCO,2,MINISTERIO PÚBLICO,35,MASCULINO,SIN DATOS,0,0,Morelia,Sin datos,septiembre,lunes,9,-101.357067748904,19.6692542564799
54161,54167,2025,LEG57980,2025/09/08,10:20:00,COLISIÓN POR CORTE DE CIRCULACIÓN,ASFALTO,Bueno,Bueno,2,ITALIKA,GRIS,2,,19,MASCULINO,SIN DATOS,0,0,Morelia,Molino de Parras,septiembre,lunes,10,-101.205181628466,19.6980112536934
54163,54169,2025,LEG57978,2025/09/08,10:45:00,COLISIÓN POR CORTE DE CIRCULACIÓN,ASFALTO,Bueno,Bueno,3,NISSAN,ROJO,3,,20,FEMENINO,SIN DATOS,0,0,Morelia,Gertrudis Sanchez,septiembre,lunes,11,-101.205776745,19.7441101549991
54164,54170,2025,,2025/09/08,11:00:00,COLISIÓN POR CAMBIO DE CARRIL,ASFALTO,Bueno,Bueno,2,MAZDA,ROJO,2,,22,MASCULINO,SIN DATOS,0,0,Morelia,Lomas de Guayangareo,septiembre,lunes,11,-101.160960056503,19.7026870450485
54165,54171,2025,,2025/09/08,12:30:00,COLISIÓN CONTRA OBJETO FIJO,CONCRETO,Bueno,Bueno,2,CHEVROLET,GRIS,2,,64,MASCULINO,SIN DATOS,0,0,Morelia,Isaac Arriaga,septiembre,lunes,13,-101.173130571842,19.7089174460954
54166,54172,2025,LEG57986,2025/09/08,13:50:00,COLISIÓN POR CORTE DE CIRCULACIÓN,CONCRETO,Bueno,Bueno,2,VOLKSWAGEN,AZUL,2,MINISTERIO PÚBLICO,45,FEMENINO,SIN DATOS,0,0,Morelia,Quinceo,septiembre,lunes,14,-101.224240064621,19.7254179926585
54167,54173,2025,LEG57987,2025/09/08,15:45:00,COLISIÓN POR CORTE DE CIRCULACIÓN,CONCRETO,Bueno,Bueno,1,NISSAN,NEGRO,2,,51,MASCULINO,SIN DATOS,0,0,Morelia,Ciudad Industrial,septiembre,lunes,16,-101.137537658215,19.7288996807114
54169,54175,2025,,2025/09/08,19:50:00,COLISIÓN POR CORTE DE CIRCULACIÓN,ASFALTO,Lluvioso,Malo,2,S/D,S/D,1,,46,MASCULINO,SIN DATOS,0,0,Morelia,El Eden,septiembre,lunes,20,-101.254533742186,19.6458726207089
54170,54176,2025,LEG57990,2025/09/09,"08:58:00",COLISIÓN POR CORTE DE CIRCULACIÓN,ASFALTO,Bueno,Bueno,2,ITALIKA,VERDE,2,,,MASCULINO,SIN DATOS,0,0,Morelia,Balcones de Morelia,septiembre,martes,9,-101.200928986073,19.6720849160405
54172,54178,2025,,2025/09/09,13:20:00,COLISIÓN POR CORTE DE CIRCULACIÓN,CONCRETO,Nublado,Bueno,2,NISSAN,AZUL,2,,63,FEMENINO,SIN DATOS,0,0,Morelia,Independencia,septiembre,martes,13,-101.176358610392,19.7107317058066
54173,54179,2025,,2025/09/09,15:09:00,SALIDA DE SUPERFICIE DE RODAMIENTO,ASFALTO,Bueno,Bueno,1,HONDA,GRIS,1,,,MASCULINO,SIN DATOS,0,0,Morelia,Sin datos,septiembre,martes,15,-101.118271350861,19.7224285785003
54174,54180,2025,,2025/09/09,17:30:00,COLISIÓN POR CAMBIO DE CARRIL,CONCRETO,Bueno,Bueno,2,FORD,AZUL,2,MINISTERIO PÚBLICO,47,MASCULINO,SIN DATOS,0,0,Morelia,El Realito,septiembre,martes,18,-101.203686495,19.7267281949991
54177,54183,2025,,2025/09/09,20:35:00,COLISIÓN POR CORTE DE CIRCULACIÓN,ASFALTO,Lluvioso,Regular,2,NISSAN,ROJO,2,,37,MASCULINO,SIN DATOS,0,0,Morelia,Lazaro Cardenas,septiembre,martes,21,-101.16128881,19.7085779849991
54180,54186,2025,LEG58000,2025/09/10,"08:00:00",COLISIÓN POR NO RESPETAR SEMÁFORO,ASFALTO,Bueno,Bueno,2,NISSAN,PLATA,2,MINISTERIO PÚBLICO,67,MASCULINO,SIN DATOS,0,0,Morelia,Bosques de Oriente,septiembre,miércoles,8,-101.155472248793,19.7155910933647
54181,54187,2025,,2025/09/10,10:30:00,COLISIÓN CONTRA OBJETO FIJO,ASFALTO,Bueno,Bueno,2,FREIGHTLINER,AMARILLO Y BLANCO,2,MINISTERIO PÚBLICO,33,MASCULINO,SIN DATOS,0,0,Tarímbaro,Los Angeles,septiembre,miércoles,11,-101.171655356884,19.7507733727014
54182,54188,2025,LEG57999,2025/09/10,10:55:00,COLISIÓN POR CAMBIO DE CARRIL,ASFALTO,Bueno,Bueno,2,KENWORTH,BLANCO,2,,54,MASCULINO,SIN DATOS,0,0,Morelia,Loma de Los Piñones,septiembre,miércoles,11,-101.205064952373,19.6740271375795
54183,54189,2025,,2025/09/10,11:05:00,COLISIÓN POR ALCANCE,CONCRETO,Bueno,Bueno,2,VOLKSWAGEN,PLATA,2,,23,MASCULINO,SIN DATOS,0,0,Morelia,Margarita Maza de Juarez,septiembre,miércoles,11,-101.255526905,19.6928898149991
54184,54190,2025,,2025/09/10,14:15:00,COLISIÓN POR CAMBIO DE CARRIL,ASFALTO,Lluvioso,Malo,2,RAM,BLANCO,2,MINISTERIO PÚBLICO,48,MASCULINO,SIN DATOS,0,0,Morelia,El Eden,septiembre,miércoles,14,-101.249560117722,19.6459737695494
54185,54191,2025,LEG58004,2025/09/10,15:20:00,COLISIÓN POR ALCANCE,CONCRETO,Bueno,Bueno,2,CHEVROLET,GRIS,2,,30,MASCULINO,SIN DATOS,0,0,Morelia,Colinas del Sur,septiembre,miércoles,15,-101.198582053184,19.6669918397194
54186,54192,2025,LEG58005,2025/09/10,16:20:00,COLISIÓN POR CORTE DE CIRCULACIÓN,ASFALTO,Bueno,Bueno,2,FIAT,ROJO,2,,30,MASCULINO,SIN DATOS,0,0,Morelia,Nueva Valladolid,septiembre,miércoles,16,-101.210563145578,19.7009007473963
54187,54193,2025,LEG58008,2025/09/10,18:15:00,COLISIÓN POR CORTE DE CIRCULACIÓN,ASFALTO,Nublado,Regular,2,VOLKSWAGEN,BLANCO,2,,48,MASCULINO,SIN DATOS,0,0,Morelia,Lomas del Valle,septiembre,miércoles,18,-101.228115856648,19.6893961240915
54189,54195,2025,,2025/09/11,"08:30:00",COLISIÓN POR INVASIÓN DE CARRIL,ASFALTO,Bueno,Bueno,2,NISSAN,BLANCO,2,,70,MASCULINO,SIN DATOS,0,0,Morelia,Insurgentes,septiembre,jueves,9,-101.155416805,19.6953315299991
54190,54196,2025,MOR20257400,2025/09/11,11:49:00,COLISIÓN CONTRA OBJETO FIJO,CONCRETO,Bueno,Bueno,1,CHEVROLET,GRIS,1,,20,MASCULINO,SIN DATOS,0,0,Morelia,Victor Manuel Tinoco Rubi,septiembre,jueves,12,-101.243160367012,19.7005162842344
54191,54197,2025,,2025/09/11,12:00:00,COLISIÓN POR INVASIÓN DE CARRIL,ASFALTO,Bueno,Bueno,2,DODGE,BLANCO,2,,29,MASCULINO,SIN DATOS,0,0,Morelia,Dr Miguel Silva,septiembre,jueves,12,-101.178095340729,19.7195098059986
54192,54198,2025,,2025/09/11,12:40:00,COLISIÓN POR CAMBIO DE CARRIL,ASFALTO,Bueno,Bueno,2,FORD,BLANCO Y AZUL,2,,45,MASCULINO,SIN DATOS,0,0,Morelia,Dr Miguel Silva,septiembre,jueves,13,-101.178292483091,19.7196133273883
54193,54199,2025,LEG58013,2025/09/11,15:00:00,VOLCADURA,CONCRETO,Bueno,Bueno,1,TOYOTA,BLANCO,1,,51,MASCULINO,SIN DATOS,0,0,Morelia,Enrique Arreguin Robles,septiembre,jueves,15,-101.184127628803,19.7195830284519
54194,54200,2025,,2025/09/11,18:00:00,SALIDA DE SUPERFICIE DE RODAMIENTO,ASFALTO,Bueno,Bueno,1,NISSAN,VERDE,1,,36,FEMENINO,SIN DATOS,0,0,Morelia,Industrial,septiembre,jueves,18,-101.193901598454,19.7121962289045
54195,54201,2025,,2025/09/11,18:08:00,COLISIÓN POR CORTE DE CIRCULACIÓN,CONCRETO,Bueno,Bueno,2,CHEVROLET,ARENA,2,MINISTERIO PÚBLICO,52,MASCULINO,SIN DATOS,0,0,Morelia,Adolfo Lopez Mateos,septiembre,jueves,18,-101.225374639034,19.6959279070979
54196,54202,2025,,2025/09/11,18:50:00,COLISIÓN POR CAMBIO DE CARRIL,ASFALTO,Nublado,Bueno,2,VOLKSWAGEN,BLANCO,2,,77,FEMENINO,SIN DATOS,0,0,Morelia,Cinco de Diciembre,septiembre,jueves,19,-101.160811185837,19.6877710286188
54197,54203,2025,,2025/09/11,19:19:00,COLISIÓN POR CORTE DE CIRCULACIÓN,ASFALTO,Bueno,Bueno,2,Kia,Gris,2,,24,MASCULINO,SIN DATOS,0,0,Morelia,La Charca,septiembre,jueves,19,-101.200330853462,19.659269199864
54199,54205,2025,"2025000786",2025/09/11,22:41:00,COLISIÓN CONTRA OBJETO FIJO,ASFALTO,Bueno,Bueno,1,VOLKSWAGEN,GRIS,1,,40,MASCULINO,ALIENTO ETÍLICO,0,0,Morelia,Barrio Alto,septiembre,jueves,23,-101.19696199894,19.7247817368971
54200,54206,2025,,2025/09/12,"07:45:00",COLISIÓN POR CORTE DE CIRCULACIÓN,ASFALTO,Nublado,Bueno,2,FREIGHTLINER,ROJO,2,,34,MASCULINO,SIN DATOS,0,0,Morelia,Sentimientos de La Nacion,septiembre,viernes,8,-101.235561333597,19.6813689769137
54201,54207,2025,,2025/09/12,"08:00:00",COLISIÓN POR CAMBIO DE CARRIL,ASFALTO,Bueno,Bueno,2,TOYOTA,BLANCO/CORAL,2,,58,MASCULINO,SIN DATOS,0,0,Morelia,Dr Miguel Silva,septiembre,viernes,8,-101.178258955479,19.7195842909077
54202,54208,2025,,2025/09/12,"08:25:00",COLISIÓN POR CORTE DE CIRCULACIÓN,ASFALTO,Bueno,Bueno,1,GMC,ROJO,1,,42,MASCULINO,SIN DATOS,0,0,Morelia,Sin datos,septiembre,viernes,8,-101.282081902027,19.6177765389112
54203,54209,2025,LEG58022,2025/09/12,"09:00:00",COLISIÓN CON PEATÓN,ASFALTO,Bueno,Bueno,1,CHEVROLET,BLANCO/AZUL,2,,26,MASCULINO,SIN DATOS,1,0,Morelia,Eduardo Ruiz,septiembre,viernes,9,-101.221124343574,19.7214236784131
54204,54210,2025,,2025/09/12,"09:55:00",COLISIÓN POR ALCANCE,ASFALTO,Bueno,Bueno,2,HYUNDAI,NEGRO,2,,23,FEMENINO,SIN DATOS,0,0,Morelia,Felicitas del Rio,septiembre,viernes,10,-101.197053864598,19.6902092969865
54205,54211,2025,LEG58027,2025/09/12,10:00:00,COLISIÓN POR ALCANCE,ASFALTO,Bueno,Bueno,3,CHEVROLET,GRIS,3,,31,MASCULINO,SIN DATOS,0,0,Morelia,Lomas del Valle,septiembre,viernes,10,-101.230637902618,19.6877930852968
54206,54212,2025,,2025/09/12,12:25:00,COLISIÓN POR CORTE DE CIRCULACIÓN,ASFALTO,Nublado,Bueno,3,NISSAN,ROJO,3,,17,MASCULINO,SIN DATOS,0,0,Morelia,Felix Ireta,septiembre,viernes,12,-101.192011982203,19.6866472155765
54207,54213,2025,,2025/09/12,12:30:00,COLISIÓN POR ALCANCE,ASFALTO,Bueno,Bueno,2,VOLVO,PLATA,2,MINISTERIO PÚBLICO,31,MASCULINO,SIN DATOS,0,0,Morelia,Alfonso Garcia Robles,septiembre,viernes,13,-101.183132529259,19.7190401715353
54208,54214,2025,LEG58033,2025/09/12,12:55:00,COLISIÓN POR ALCANCE,CONCRETO,Bueno,Bueno,2,SEAT,GRIS,2,,32,FEMENINO,SIN DATOS,0,0,Morelia,Granjas del Maestro,septiembre,viernes,13,-101.193803697824,19.7126671459819
54209,54215,2025,,2025/09/12,13:10:00,COLISIÓN POR CORTE DE CIRCULACIÓN,ASFALTO,Bueno,Bueno,2,FORD,AMARILLO,2,,33,MASCULINO,SIN DATOS,0,0,Morelia,Nueva Valladolid,septiembre,viernes,13,-101.209636107087,19.7009821852874
54210,54216,2025,LEG58034,2025/09/12,13:20:00,COLISIÓN POR CAMBIO DE CARRIL,ASFALTO,Bueno,Bueno,2,NISSAN,PLATA,2,,54,MASCULINO,SIN DATOS,0,0,Morelia,Indeco El Vivero,septiembre,viernes,13,-101.229741275311,19.6770111421006
54211,54217,2025,,2025/09/12,14:35:00,COLISIÓN CONTRA OBJETO FIJO,CONCRETO,Nublado,Bueno,2,FORD,NEGRO,2,,76,MASCULINO,SIN DATOS,0,0,Morelia,San Jose del Cerrito,septiembre,viernes,15,-101.223438084126,19.660739876794
54212,54218,2025,,2025/09/12,15:00:00,COLISIÓN CONTRA OBJETO FIJO,ASFALTO,Bueno,Regular,1,NISSAN,ROJO,1,,24,MASCULINO,SIN DATOS,0,0,Morelia,Sin datos,septiembre,viernes,15,-101.290675699711,19.5998499106886
54213,54219,2025,,2025/09/12,15:00:00,COLISIÓN POR CORTE DE CIRCULACIÓN,ASFALTO,Bueno,Bueno,2,ITALIKA,ROJO,2,MINISTERIO PÚBLICO,20,MASCULINO,SIN DATOS,0,0,Morelia,Lomas del Valle,septiembre,viernes,15,-101.228856146336,19.6887300516014
54214,54220,2025,,2025/09/12,18:00:00,COLISIÓN CONTRA OBJETO FIJO,ASFALTO,Nublado,Regular,1,NISSAN,AMARILLO,1,,,,SIN DATOS,0,0,Morelia,Sin datos,septiembre,viernes,18,-101.126898676157,19.7289047302402
54215,54221,2025,LEG58038,2025/09/12,18:00:00,COLISIÓN POR CORTE DE CIRCULACIÓN,ASFALTO,Bueno,Bueno,2,S/D,S/D,3,,21,FEMENINO,SIN DATOS,1,0,Morelia,Josefa Ortiz de Dominguez,septiembre,viernes,18,-101.208425089717,19.7243146427613
54216,54222,2025,,2025/09/12,18:05:00,COLISIÓN POR CAMBIO DE CARRIL,ASFALTO,Bueno,Bueno,2,DINA,BLANCO,2,,49,MASCULINO,SIN DATOS,0,0,Morelia,Dr Miguel Silva,septiembre,viernes,18,-101.183874160051,19.7192674141899
54217,54223,2025,,2025/09/12,19:55:00,COLISIÓN POR CORTE DE CIRCULACIÓN,ASFALTO,Lluvioso,Regular,2,FREIGHTLINER,BLANCO,2,,63,MASCULINO,SIN DATOS,0,0,Morelia,Sentimientos de La Nacion,septiembre,viernes,20,-101.235671639442,19.6816518343056
54218,54224,2025,MOR/20250097986,2025/09/13,"00:00:00",COLISIÓN POR ALCANCE,ASFALTO,Lluvioso,Malo,3,MITSUBISHI,BLANCO,3,,38,MASCULINO,SIN DATOS,0,0,Morelia,Villa Universidad,septiembre,sábado,0,-101.214082539082,19.6879301296032
54220,54226,2025,,2025/09/13,11:20:00,COLISIÓN POR MANIOBRA DE REVERSA,ASFALTO,Bueno,Bueno,2,FORD,BLANCO,2,,25,MASCULINO,SIN DATOS,0,0,Morelia,La Colina,septiembre,sábado,11,-101.216242723167,19.712947423048
54221,54227,2025,,2025/09/13,12:30:00,COLISIÓN POR CORTE DE CIRCULACIÓN,ASFALTO,Bueno,Bueno,2,FORD,ROJO,2,,22,MASCULINO,SIN DATOS,0,0,Tarímbaro,Sin datos,septiembre,sábado,13,-101.169799938798,19.7545952966267