fid,id_accidente,anio_origen,folio_c5i,dia_incidente,hora_ocurrencia,tipo_incidente_vial,superficie_ocurrencia,condiciones_climaticas,condiciones_via,numero_vehiculos_involucrados,marca_vehiculo_ocasiona_siniestro,color_vehiculo_ocasiona_siniestro,numero_personas_involucradas,lugar_remite_presunto_responsable,edad_presunto_responsable,sexo_presunto_responsable,resultados_toxicologia,numero_personas_lesionadas,numero_personas_fallecidas,municipio,colonia,mes,dia_semana,hora_redondeada,lon,lat
54222,54228,2025,,2025/09/13,13:20:00,COLISIÓN POR ALCANCE,CONCRETO,Bueno,Bueno,2,RENAULT,AZUL,2,,,MASCULINO,SIN DATOS,0,0,Morelia,Ampliacion La Soledad,septiembre,sábado,13,-101.18289783597,19.7338879061116
54223,54229,2025,,2025/09/13,13:30:00,COLISIÓN POR CAMBIO DE CARRIL,ASFALTO,Bueno,Bueno,2,FREIGHTLINER,ROJO,2,,30,MASCULINO,SIN DATOS,0,0,Morelia,Sentimientos de La Nacion,septiembre,sábado,14,-101.232669577003,19.6778995135834
54224,54230,2025,,2025/09/13,15:52:00,COLISIÓN CON PEATÓN,ASFALTO,Bueno,Bueno,2,FORD,AZUL,2,,56,FEMENINO,SIN DATOS,0,0,Morelia,Loma Bonita,septiembre,sábado,16,-101.196551956236,19.7228227728204
54225,54231,2025,LEG58045,2025/09/13,15:59:00,COLISIÓN POR CAMBIO DE CARRIL,CONCRETO,Bueno,Bueno,2,CHEVROLET,ROJO,2,,,MASCULINO,SIN DATOS,0,0,Morelia,Felix Ireta,septiembre,sábado,16,-101.190696358681,19.6907484636942
54226,54232,2025,,2025/09/13,16:20:00,COLISIÓN POR CORTE DE CIRCULACIÓN,ASFALTO,Bueno,Bueno,2,TOYOTA,BLANCO,2,,,MASCULINO,SIN DATOS,0,0,Morelia,Eduardo Ruiz,septiembre,sábado,16,-101.2240254879,19.7250291699943
54227,54233,2025,,2025/09/13,16:30:00,COLISIÓN CONTRA OBJETO FIJO,ASFALTO,Bueno,Bueno,2,S/D,BLANCO,1,,,,SIN DATOS,0,0,Morelia,La Colina,septiembre,sábado,17,-101.214187507615,19.7056089863572
54228,54234,2025,,2025/09/13,19:00:00,COLISIÓN POR CORTE DE CIRCULACIÓN,CONCRETO,Nublado,Bueno,2,VENTO,NEGRO,2,,17,MASCULINO,SIN DATOS,0,0,Morelia,El Comal,septiembre,sábado,19,-101.133972331882,19.7393133632468
54229,54235,2025,,2025/09/13,19:15:00,COLISIÓN POR NO RESPETAR SEMÁFORO,ASFALTO,Bueno,Bueno,2,VOLKSWAGEN,NEGRO,2,,25,MASCULINO,SIN DATOS,0,0,Morelia,Morelia 450,septiembre,sábado,19,-101.217110753059,19.675585443953
54230,54236,2025,,2025/09/14,"00:26:00",COLISIÓN CON PEATÓN,ASFALTO,Bueno,Bueno,1,IZUKA,AZUL,3,,17,MASCULINO,SIN DATOS,2,0,Morelia,Loma Bonita,septiembre,domingo,0,-101.196951270103,19.7245065302472
54231,54237,2025,LEG58052,2025/09/14,"01:05:00",COLISIÓN POR ALCANCE,ASFALTO,Bueno,Bueno,2,MAZDA,ROJO,2,MINISTERIO PÚBLICO,,MASCULINO,SIN DATOS,0,0,Morelia,Lomas del Tecnologico,septiembre,domingo,1,-101.192119941115,19.7229985661309
54232,54238,2025,,2025/09/14,"04:20:00",CAIDA DE MOTOCICLETA,ASFALTO,Bueno,Regular,1,VENTÓ,NEGRO,2,,24,MASCULINO,SIN DATOS,1,0,Morelia,Fidel Velazquez,septiembre,domingo,4,-101.234647706151,19.7023527345848
54233,54239,2025,,2025/09/14,"07:55:00",COLISIÓN CONTRA OBJETO FIJO,CONCRETO,Bueno,Bueno,2,VOLKSWAGEN,AMARILLO,2,,,MASCULINO,SIN DATOS,0,0,Morelia,Villas del Pedregal,septiembre,domingo,8,-101.308394372463,19.676493396676
54234,54240,2025,,2025/09/14,11:00:00,COLISIÓN POR ALCANCE,ASFALTO,Bueno,Bueno,2,NISSAN,BLANCO,2,MINISTERIO PÚBLICO,51,FEMENINO,SIN DATOS,0,0,Morelia,Lomas de Morelia (Dr Ignacio Chavez),septiembre,domingo,11,-101.175343394279,19.7173585658518
54235,54241,2025,,2025/09/14,15:20:00,VOLCADURA,ASFALTO,Bueno,Bueno,1,FORD,VINO MARRON,1,,48,MASCULINO,SIN DATOS,0,0,Morelia,Los Angeles,septiembre,domingo,15,-101.172455996275,19.7492284210651
54237,54243,2025,MOR202578513,2025/09/14,19:46:00,COLISIÓN POR INVASIÓN DE CARRIL,ASFALTO,Bueno,Bueno,1,ITALIKA,NEGRO CON AMARILLO,0,MINISTERIO PÚBLICO,,,,0,0,Morelia,Sin datos,septiembre,domingo,20,-101.114533357322,19.7368067315455
54238,54244,2025,,2025/09/14,23:30:00,COLISIÓN POR INVASIÓN DE CARRIL,ASFALTO,Bueno,Regular,2,HYUNDAY,GRIS,2,,26,MASCULINO,SIN DATOS,0,0,Morelia,Praderas del Indio,septiembre,domingo,0,-101.223494028547,19.6450845894654
54239,54245,2025,,2025/09/15,"00:00:00",COLISIÓN POR CAMBIO DE CARRIL,CONCRETO,Bueno,Bueno,2,IZUZU,AZUL,2,,28,MASCULINO,SIN DATOS,0,0,Morelia,Juarez,septiembre,lunes,0,-101.195368650728,19.6962137203868
54240,54246,2025,,2025/09/15,"09:00:00",COLISIÓN POR ALCANCE,ASFALTO,Bueno,Bueno,2,ITALIKA,BLANCA ROJO,2,,,MASCULINO,SIN DATOS,0,0,Morelia,Xangari,septiembre,lunes,9,-101.220690496266,19.6741104833607
54242,54248,2025,,2025/09/15,12:25:00,COLISIÓN POR CORTE DE CIRCULACIÓN,CONCRETO,Bueno,Bueno,2,TOYOTA,PLATA,2,,55,FEMENINO,SIN DATOS,0,0,Morelia,Chapultepec Norte,septiembre,lunes,12,-101.17304507643,19.6945547774697
54243,54249,2025,,2025/09/15,12:50:00,COLISIÓN POR CORTE DE CIRCULACIÓN,ASFALTO,Bueno,Bueno,2,CHEVROLET,GRIS,2,,30,FEMENINO,SIN DATOS,0,0,Morelia,Chapultepec Oriente,septiembre,lunes,13,-101.160669364035,19.6901597364896
54244,54250,2025,,2025/09/15,14:00:00,COLISIÓN POR CORTE DE CIRCULACIÓN,ASFALTO,Bueno,Bueno,2,VENTO,PLATA,2,,56,MASCULINO,SIN DATOS,0,0,Morelia,Felix Ireta,septiembre,lunes,14,-101.180825829506,19.6854021730424
54245,54251,2025,,2025/09/15,18:30:00,COLISIÓN POR CAMBIO DE CARRIL,ASFALTO,Bueno,Regular,2,CHRYSLER,GRIS,2,,41,MASCULINO,SIN DATOS,0,0,Morelia,Ferrocarrilero,septiembre,lunes,19,-101.212762221694,19.7018502222488
54246,54252,2025,,2025/09/15,22:20:00,COLISIÓN POR MANIOBRA DE REVERSA,ASFALTO,Lluvioso,Bueno,2,HYUNDAI/CRETA,BLANCO,2,MINISTERIO PÚBLICO,44,MASCULINO,SIN DATOS,0,0,Morelia,Camelinas,septiembre,lunes,22,-101.174157857895,19.6818399847048
54247,54253,2025,,2025/09/15,23:00:00,COLISIÓN POR CAMBIO DE CARRIL,ASFALTO,Bueno,Bueno,2,VENTO,NEGRO,2,,28,MASCULINO,SIN DATOS,0,0,Morelia,San Rafael,septiembre,lunes,23,-101.152968146101,19.7007687948401
54248,54254,2025,,2025/09/16,"03:30:00",COLISIÓN POR CORTE DE CIRCULACIÓN,ASFALTO,Bueno,Bueno,2,CHEVROLET,AZUL,2,MINISTERIO PÚBLICO,,MASCULINO,SIN DATOS,0,0,Morelia,Ventura Puente,septiembre,martes,4,-101.179300993681,19.6935717988185
54249,54255,2025,LEG58075,2025/09/16,10:20:00,COLISIÓN POR CORTE DE CIRCULACIÓN,ASFALTO,Bueno,Bueno,2,PEUGEOT,NEGRO,2,,44,MASCULINO,SIN DATOS,0,0,Morelia,Las Margaritas,septiembre,martes,10,-101.210664063692,19.7105322266227
54251,54257,2025,,2025/09/16,22:30:00,COLISIÓN CONTRA OBJETO FIJO,CONCRETO,Lluvioso,Malo,2,ITALIKA,AZUL,2,MINISTERIO PÚBLICO,29,MASCULINO,SIN DATOS,0,0,Morelia,Centro,septiembre,martes,23,-101.191515102983,19.7047371214817
54252,54258,2025,,2025/09/16,23:00:00,COLISIÓN POR ALCANCE,ASFALTO,Bueno,Bueno,2,SEAT,ROJO,2,,32,MASCULINO,SIN DATOS,0,0,Morelia,Santiaguito,septiembre,martes,23,-101.189113855362,19.7153259708064
54253,54259,2025,,2025/09/16,23:15:00,COLISIÓN POR NO RESPETAR SEMÁFORO,ASFALTO,Nublado,Bueno,2,DODGE,ROJO,3,,21,MASCULINO,SIN DATOS,1,0,Morelia,Centro,septiembre,martes,23,-101.200124323368,19.6983736269687
54254,54260,2025,,2025/09/16,23:30:00,VOLCADURA,ASFALTO,Lluvioso,Malo,1,DINA,BLANCO,6,,39,MASCULINO,SIN DATOS,5,0,Morelia,Sin datos,septiembre,martes,0,-101.341427452862,19.5554271086756
54257,54263,2025,,2025/09/17,"07:38:00",COLISIÓN POR ALCANCE,ASFALTO,Bueno,Bueno,2,NISSAN,GRIS,2,,66,MASCULINO,SIN DATOS,0,0,Morelia,Bosques de La Huerta,septiembre,miércoles,8,-101.219725269377,19.669264086876
54262,54268,2025,,2025/09/17,13:00:00,COLISIÓN POR CORTE DE CIRCULACIÓN,ASFALTO,Bueno,Bueno,2,NISSAN,BLANCO,2,,,MASCULINO,SIN DATOS,0,0,Morelia,Centro,septiembre,miércoles,13,-101.189830675721,19.6959525286251
54263,54269,2025,,2025/09/17,13:39:00,COLISIÓN POR CAMBIO DE CARRIL,ASFALTO,Bueno,Bueno,2,KENWORTH,BLANCO,2,,24,MASCULINO,SIN DATOS,0,0,Morelia,Primo Tapia Oriente,septiembre,miércoles,14,-101.158454194665,19.7136051884675
54264,54270,2025,,2025/09/17,15:30:00,COLISIÓN POR CORTE DE CIRCULACIÓN,ASFALTO,Nublado,Bueno,2,CHEVROLET,ARENA,2,MINISTERIO PÚBLICO,37,FEMENINO,SIN DATOS,0,0,Morelia,Tres Puentes,septiembre,miércoles,16,-101.21371909976,19.7026664883461
54268,54274,2025,LEG58090,2025/09/18,"08:50:00",COLISIÓN POR CORTE DE CIRCULACIÓN,ASFALTO,Bueno,Bueno,2,BENELLI,ROJO,2,,28,MASCULINO,SIN DATOS,0,0,Morelia,Vasco de Quiroga,septiembre,jueves,9,-101.17583155632,19.6998243744765
54269,54275,2025,,2025/09/18,"09:10:00",COLISIÓN POR CORTE DE CIRCULACIÓN,ASFALTO,Bueno,Bueno,2,FIAT,ROJO,2,,35,FEMENINO,SIN DATOS,0,0,Morelia,Ventura Puente,septiembre,jueves,9,-101.182048916817,19.6888023411194
54270,54276,2025,,2025/09/18,14:45:00,COLISIÓN POR CAMBIO DE CARRIL,ASFALTO,Nublado,Bueno,2,NISSAN,BLANCO Y AMARILLO,2,,33,MASCULINO,SIN DATOS,0,0,Morelia,Felix Ireta,septiembre,jueves,15,-101.180399358273,19.687664961208
54271,54277,2025,LEG58092,2025/09/18,16:28:00,COLISIÓN POR CORTE DE CIRCULACIÓN,ASFALTO,Bueno,Bueno,2,SUZUKI,GRIS,2,,,MASCULINO,SIN DATOS,0,0,Morelia,Valle de Altozano,septiembre,jueves,16,-101.164374500513,19.6649661824388
54272,54278,2025,LEG58093,2025/09/18,16:55:00,COLISIÓN POR ALCANCE,ASFALTO,Bueno,Bueno,3,RENAULT,NARANJA,3,MINISTERIO PÚBLICO,40,MASCULINO,SIN DATOS,0,0,Morelia,Bello Horizonte,septiembre,jueves,17,-101.238198280334,19.6872987755595
54273,54279,2025,LEG58094,2025/09/18,17:00:00,COLISIÓN POR CORTE DE CIRCULACIÓN,ASFALTO,Bueno,Bueno,2,TOYOTA,BLANCO Y NARANJA,2,,48,MASCULINO,SIN DATOS,0,0,Morelia,Ventura Puente,septiembre,jueves,17,-101.191908717155,19.6924006763611
54274,54280,2025,LEG58097,2025/09/18,19:20:00,COLISIÓN POR CAMBIO DE CARRIL,ASFALTO,Bueno,Bueno,2,HYUNDAI,BLANCO,2,,66,MASCULINO,SIN DATOS,0,0,Morelia,Granjas del Maestro,septiembre,jueves,19,-101.188393682241,19.7128981852206
54275,54281,2025,LEG58095,2025/09/18,19:30:00,COLISIÓN CONTRA OBJETO FIJO,ASFALTO,Bueno,Bueno,1,VOLKSWAGEN,ROJO,1,,46,MASCULINO,SIN DATOS,0,0,Morelia,Elias Perez Avalos,septiembre,jueves,20,-101.171479672194,19.7147515370885
54276,54282,2025,MOR/20250100117,2025/09/18,20:26:00,COLISIÓN POR ALCANCE,ASFALTO,Bueno,Bueno,2,ITALIKA,GRIS,2,MINISTERIO PÚBLICO,34,MASCULINO,SIN DATOS,0,0,Morelia,Alberto Oviedo Mota,septiembre,jueves,20,-101.19784578681,19.6811745121671
54277,54283,2025,,2025/09/19,"08:01:00",COLISIÓN POR CAMBIO DE CARRIL,ASFALTO,Bueno,Bueno,2,KTM,NEGRO/NARANJA,2,MINISTERIO PÚBLICO,18,MASCULINO,SIN DATOS,0,0,Morelia,Alberto Oviedo Mota,septiembre,viernes,8,-101.202172189951,19.6774537499725
54278,54284,2025,,2025/09/19,"08:30:00",COLISIÓN POR CORTE DE CIRCULACIÓN,CONCRETO,Bueno,Bueno,2,HONDA,BLANCO,4,MINISTERIO PÚBLICO,19,MASCULINO,SIN DATOS,2,0,Morelia,Villas del Pedregal,septiembre,viernes,9,-101.300774216652,19.6798486098752
54279,54285,2025,,2025/09/19,"09:40:00",COLISIÓN POR CORTE DE CIRCULACIÓN,CONCRETO,Bueno,Bueno,2,RAM,BLANCO,2,,20,MASCULINO,SIN DATOS,0,0,Morelia,Industrial,septiembre,viernes,10,-101.197513192892,19.7122681921938
54280,54286,2025,,2025/09/19,"09:45:00",COLISIÓN POR CORTE DE CIRCULACIÓN,ASFALTO,Bueno,Bueno,2,BAJAJ,ROJO,2,MINISTERIO PÚBLICO,,MASCULINO,SIN DATOS,0,0,Morelia,Juarez,septiembre,viernes,10,-101.196294799447,19.6971425645912
54281,54287,2025,,2025/09/19,12:00:00,VOLCADURA,CONCRETO,Bueno,Bueno,1,FORD,VERDE,1,,,MASCULINO,SIN DATOS,0,0,Morelia,La Aldea,septiembre,viernes,12,-101.128957606852,19.7457295047163
54282,54288,2025,,2025/09/19,12:30:00,COLISIÓN POR ALCANCE,ASFALTO,Bueno,Bueno,2,NISSAN,BLANCO,2,,,MASCULINO,SIN DATOS,0,0,Morelia,Josefa Ortiz de Dominguez,septiembre,viernes,13,-101.2101109,19.6716149
54283,54289,2025,,2025/09/19,13:30:00,COLISIÓN POR CORTE DE CIRCULACIÓN,ASFALTO,Bueno,Bueno,2,DINA,CAFÉ,2,,56,MASCULINO,SIN DATOS,0,0,Morelia,Lomas de Morelia (Dr Ignacio Chavez),septiembre,viernes,14,-101.175367534161,19.7173812903709
54284,54290,2025,,2025/09/19,13:54:00,COLISIÓN POR CAMBIO DE CARRIL,ASFALTO,Bueno,Bueno,2,CFMOTO,BLANCO,2,,31,MASCULINO,SIN DATOS,0,0,Morelia,Chapultepec Oriente,septiembre,viernes,14,-101.1600266397,19.6900691385988
54285,54291,2025,LEG58106,2025/09/19,14:57:00,COLISIÓN POR INVASIÓN DE CARRIL,ASFALTO,Bueno,Bueno,3,BAJAJ,NEGRO,3,,46,MASCULINO,SIN DATOS,0,0,Morelia,Lomas del Valle,septiembre,viernes,15,-101.23259447515,19.686858720319
54286,54292,2025,,2025/09/19,15:20:00,COLISIÓN POR CAMBIO DE CARRIL,ASFALTO,Bueno,Bueno,2,NISSAN,BLANCO/VERDE,2,,58,MASCULINO,SIN DATOS,0,0,Morelia,Gertrudis Bocanegra,septiembre,viernes,15,-101.211696714163,19.7020115187799
54287,54293,2025,,2025/09/19,16:21:00,COLISIÓN POR MANIOBRA DE REVERSA,CONCRETO,Bueno,Bueno,2,CHEVROLET,ROJO,2,MINISTERIO PÚBLICO,20,FEMENINO,SIN DATOS,0,0,Morelia,Cuauhtemoc,septiembre,viernes,16,-101.179974228144,19.6949076886919
54288,54294,2025,LEG58109,2025/09/19,16:40:00,COLISIÓN POR CAMBIO DE CARRIL,ASFALTO,Bueno,Bueno,2,FREIGTHLINER,BLANCO,2,,24,MASCULINO,SIN DATOS,0,0,Morelia,Nueva Valladolid,septiembre,viernes,17,-101.208901181817,19.7010124877479
54289,54295,2025,,2025/09/19,18:00:00,COLISIÓN POR CORTE DE CIRCULACIÓN,CONCRETO,Bueno,Bueno,2,CHEVROLET,AZUL,2,,35,MASCULINO,SIN DATOS,0,0,Morelia,Industrial,septiembre,viernes,18,-101.193920373917,19.7113061539651
54290,54296,2025,,2025/09/19,18:00:00,COLISIÓN POR CORTE DE CIRCULACIÓN,SIN_DATOS,Bueno,Bueno,2,VENTO,NEGRO/AMARILLO,3,MINISTERIO PÚBLICO,19,MASCULINO,SIN DATOS,1,0,Charo,Sin datos,septiembre,viernes,18,-101.037283726037,19.6861449696136
54291,54297,2025,,2025/09/19,19:00:00,COLISIÓN POR MANIOBRA DE REVERSA,CONCRETO,Bueno,Regular,2,CHEVROLET,GRIS OSCURO,2,,37,FEMENINO,SIN DATOS,0,0,Morelia,Elias Perez Avalos,septiembre,viernes,19,-101.171483695507,19.7147654245214
54292,54298,2025,,2025/09/19,20:00:00,COLISIÓN POR ALCANCE,ASFALTO,Bueno,Bueno,2,TOYOTA,NEGRO,2,,,FEMENINO,SIN DATOS,0,0,Morelia,Felix Ireta,septiembre,viernes,20,-101.181566789746,19.6813742985338
54293,54299,2025,,2025/09/19,20:20:00,COLISIÓN POR MANIOBRA DE REVERSA,SIN_DATOS,Bueno,Bueno,2,NISSAN,BLANCO,2,,40,MASCULINO,SIN DATOS,0,0,Morelia,Centro,septiembre,viernes,20,-101.195984249935,19.7056584814823
54294,54300,2025,,2025/09/19,21:45:00,COLISIÓN POR ALCANCE,CONCRETO,Bueno,Bueno,2,TOYOTA,PLATA,2,,21,MASCULINO,SIN DATOS,0,0,Morelia,Industrial,septiembre,viernes,22,-101.197424009442,19.7129953983524
54295,54301,2025,,2025/09/20,"00:00:00",COLISIÓN POR CORTE DE CIRCULACIÓN,SIN_DATOS,Bueno,Bueno,2,SUZUKI,BLANCO,2,,54,FEMENINO,SIN DATOS,0,0,Morelia,Cosmos,septiembre,sábado,0,-101.21637314558,19.6834360973224
54296,54302,2025,,2025/09/20,"00:30:00",COLISIÓN POR CORTE DE CIRCULACIÓN,CONCRETO,Bueno,Bueno,3,NISSAN,ROJO,3,,18,MASCULINO,SIN DATOS,0,0,Morelia,Felix Ireta,septiembre,sábado,1,-101.192008964717,19.6879806378191
54297,54303,2025,,2025/09/20,"03:00:00",COLISIÓN CONTRA OBJETO FIJO,ASFALTO,Bueno,Bueno,1,BYD,GRIS,1,,,MASCULINO,SIN DATOS,0,0,Morelia,Las Americas,septiembre,sábado,3,-101.159051656723,19.688010942741
54298,54304,2025,,2025/09/20,"04:05:00",COLISIÓN CONTRA OBJETO FIJO,CONCRETO,Bueno,Bueno,1,NISSAN,BLANCO,0,MINISTERIO PÚBLICO,,,,0,0,Morelia,Sin datos,septiembre,sábado,4,-101.131723634899,19.6929922363228
54299,54305,2025,,2025/09/20,"08:28:00",COLISIÓN CON PEATÓN,SIN_DATOS,Bueno,Bueno,2,NISSAN,BLANCO/ROSA,2,,54,MASCULINO,SIN DATOS,0,0,Morelia,Torreon Nuevo,septiembre,sábado,8,-101.203971616924,19.7443627243255
54300,54306,2025,,2025/09/20,"09:59:00",COLISIÓN POR CORTE DE CIRCULACIÓN,CONCRETO,Bueno,Bueno,2,NISSAN,BLANCO/ROJO,2,,49,MASCULINO,SIN DATOS,0,0,Morelia,Morelos,septiembre,sábado,10,-101.205920577049,19.6985466062569
54301,54307,2025,,2025/09/20,11:00:00,COLISIÓN POR CORTE DE CIRCULACIÓN,ASFALTO,Bueno,Bueno,2,KENWORTH,AZUL,2,,26,MASCULINO,SIN DATOS,0,0,Morelia,Felix Ireta,septiembre,sábado,11,-101.190728545189,19.690776242726
54302,54308,2025,,2025/09/20,11:45:00,COLISIÓN POR ALCANCE,CONCRETO,Bueno,Bueno,2,FORD,BLANCO,2,,20,MASCULINO,SIN DATOS,0,0,Morelia,Ampliacion La Soledad,septiembre,sábado,12,-101.184717714787,19.7300105731887
54303,54309,2025,,2025/09/20,12:17:00,COLISIÓN POR ALCANCE,ASFALTO,Bueno,Bueno,2,PEUGEOT,BLANCO,2,MINISTERIO PÚBLICO,41,FEMENINO,SIN DATOS,0,0,Morelia,Tierra Y Libertad,septiembre,sábado,12,-101.227356791496,19.7134852506368
54304,54310,2025,,2025/09/20,12:50:00,COLISIÓN POR CORTE DE CIRCULACIÓN,ASFALTO,Bueno,Bueno,1,MERCEDEZ BENZ,BLANCO,1,,34,MASCULINO,SIN DATOS,0,0,Morelia,El Eden,septiembre,sábado,13,-101.249659359455,19.6460129236641
54305,54311,2025,MOR20250100895,2025/09/20,13:00:00,COLISIÓN POR ALCANCE,ASFALTO,Bueno,Bueno,2,CHEVROLET,BLANCO,2,,21,MASCULINO,SIN DATOS,0,0,Morelia,Alfonso Espinoza Guerrero (Barranca Seca),septiembre,sábado,13,-101.175238788128,19.6729992027141
54306,54312,2025,,2025/09/20,17:00:00,COLISIÓN POR CORTE DE CIRCULACIÓN,ASFALTO,Bueno,Bueno,2,NISSAN,BLANCO/ROJO,2,,26,MASCULINO,SIN DATOS,0,0,Morelia,Lomas de Hidalgo,septiembre,sábado,17,-101.158627197146,19.6956154027696
54307,54313,2025,,2025/09/20,18:50:00,COLISIÓN POR ALCANCE,ASFALTO,Bueno,Bueno,2,NISSAN,GRIS,2,,42,MASCULINO,SIN DATOS,0,0,Morelia,Centro,septiembre,sábado,19,-101.19045227766,19.70473017733
54308,54314,2025,,2025/09/21,"00:00:00",COLISIÓN CONTRA OBJETO FIJO,ASFALTO,Bueno,Bueno,3,MINICOOPER,NEGRO,3,,43,MASCULINO,SIN DATOS,0,0,Morelia,Fuentes de Morelia,septiembre,domingo,0,-101.203741282225,19.6707273675043
54309,54315,2025,,2025/09/21,10:30:00,COLISIÓN POR CAMBIO DE CARRIL,CONCRETO,Bueno,Bueno,2,ITALIKA,NEGRO,2,,,MASCULINO,SIN DATOS,0,0,Morelia,Tzindurio Norte,septiembre,domingo,11,-101.246106773615,19.6997296785652
54310,54316,2025,,2025/09/21,14:00:00,COLISIÓN POR CAMBIO DE CARRIL,ASFALTO,Bueno,Bueno,2,MAZDA,GRIS,2,,17,MASCULINO,SIN DATOS,0,0,Morelia,Nueva Jacarndas,septiembre,domingo,14,-101.190430819988,19.6822933126113
54311,54317,2025,,2025/09/21,14:45:00,COLISIÓN POR CORTE DE CIRCULACIÓN,CONCRETO,Bueno,Bueno,2,CHEVROLET,BLANCO,2,,43,MASCULINO,SIN DATOS,0,0,Morelia,Nicolas Romero,septiembre,domingo,15,-101.149173080921,19.7044454668506
54312,54318,2025,MOR/20250100951,2025/09/21,15:30:00,COLISIÓN CON PEATÓN,ASFALTO,Bueno,Bueno,1,TOYOTA,GRIS,2,MINISTERIO PÚBLICO,31,FEMENINO,SIN DATOS,1,0,Morelia,Ciudad Industrial,septiembre,domingo,16,-101.142797470093,19.7250847161471
54315,54321,2025,,2025/09/22,"08:10:00",COLISIÓN POR CAMBIO DE CARRIL,ASFALTO,Bueno,Bueno,2,FORD,VERDE,2,MINISTERIO PÚBLICO,50,,SIN DATOS,0,0,Morelia,Francisco J Mujica,septiembre,lunes,8,-101.189976856112,19.7223136970263
54317,54323,2025,,2025/09/22,"08:33:00",COLISIÓN POR CORTE DE CIRCULACIÓN,ASFALTO,Bueno,Bueno,2,VOLKSWAGEN,BLANCO,2,,53,FEMENINO,SIN DATOS,0,0,Morelia,Buenavista,septiembre,lunes,9,-101.160573810339,19.7058368187934
54319,54325,2025,,2025/09/22,"09:30:00",COLISIÓN POR ALCANCE,ASFALTO,Bueno,Bueno,2,NISSAN,ROJO,2,,48,MASCULINO,SIN DATOS,0,0,Morelia,Sin datos,septiembre,lunes,10,-101.286008656025,19.5931385969855
54320,54326,2025,,2025/09/22,12:35:00,COLISIÓN POR CORTE DE CIRCULACIÓN,CONCRETO,Bueno,Bueno,2,ITALIKA,GRIS,2,,22,MASCULINO,SIN DATOS,0,0,Morelia,Felicitas del Rio,septiembre,lunes,13,-101.200321465731,19.6920051443881
54321,54327,2025,,2025/09/22,14:50:00,COLISIÓN POR CORTE DE CIRCULACIÓN,ASFALTO,Bueno,Bueno,2,GMC,ROJO,2,,46,MASCULINO,SIN DATOS,0,0,Morelia,Primo Tapia Oriente,septiembre,lunes,15,-101.158509850502,19.7135862509212
54322,54328,2025,LEG58148,2025/09/22,16:03:00,COLISIÓN POR CAMBIO DE CARRIL,ASFALTO,Bueno,Bueno,2,FREIGTHLINER,BLANCO,2,,52,MASCULINO,SIN DATOS,0,0,Morelia,Primo Tapia Oriente,septiembre,lunes,16,-101.156853251159,19.7146820999058
54323,54329,2025,,2025/09/22,16:30:00,COLISIÓN POR CORTE DE CIRCULACIÓN,ASFALTO,Bueno,Bueno,2,CHEVROLET,GRIS,2,,,MASCULINO,SIN DATOS,0,0,Morelia,Colinas del Sur,septiembre,lunes,17,-101.198576018214,19.6669804738833
54324,54330,2025,LEG58147,2025/09/22,16:55:00,COLISIÓN POR CORTE DE CIRCULACIÓN,ASFALTO,Bueno,Bueno,2,BMW,GRIS,2,MINISTERIO PÚBLICO,32,FEMENINO,SIN DATOS,0,0,Morelia,San Jose del Cerrito,septiembre,lunes,17,-101.223408579826,19.6606994633532
54329,54335,2025,,2025/09/22,20:05:00,COLISIÓN POR INVASIÓN DE CARRIL,ASFALTO,Bueno,Bueno,2,GMC,AZUL,3,MINISTERIO PÚBLICO,19,MASCULINO,SIN DATOS,1,0,Morelia,Lomas del Durazno,septiembre,lunes,20,-101.191085278988,19.6650836308479
54332,54338,2025,,2025/09/23,10:00:00,COLISIÓN POR ALCANCE,ASFALTO,Bueno,Bueno,2,NISSAN/VERSA,BLANCO,2,,52,MASCULINO,SIN DATOS,0,0,Morelia,Camelinas,septiembre,martes,10,-101.17262119,19.6818144849991
54333,54339,2025,,2025/09/23,10:00:00,SUBIDA AL CAMELLÓN,ASFALTO,Bueno,Bueno,1,CHEVROLET,AZUL,1,,0,MASCULINO,SIN DATOS,0,0,Morelia,Sin datos,septiembre,martes,10,-101.136619001627,19.6894690446555
54334,54340,2025,,2025/09/23,10:00:00,COLISIÓN POR CORTE DE CIRCULACIÓN,ASFALTO,Bueno,Bueno,2,RAM,BLANCA,5,,48,MASCULINO,SIN DATOS,3,0,Morelia,Sin datos,septiembre,martes,10,-101.29611119628,19.5940861827175
54335,54341,2025,,2025/09/23,11:50:00,COLISIÓN POR INVASIÓN DE CARRIL,ASFALTO,Bueno,Bueno,2,CHRYSLER,BLANCO CON NARANJA,2,,,MASCULINO,SIN DATOS,0,0,Morelia,Nueva Valladolid,septiembre,martes,12,-101.207340806723,19.7021778655213
54336,54342,2025,,2025/09/23,12:55:00,COLISIÓN POR CORTE DE CIRCULACIÓN,ASFALTO,Bueno,Bueno,2,VOLKSWAGEN,NEGRO,2,,,MASCULINO,SIN DATOS,0,0,Morelia,Sin datos,septiembre,martes,13,-101.290675699711,19.5998492789892
54337,54343,2025,,2025/09/23,13:30:00,COLISIÓN POR CAMBIO DE CARRIL,ASFALTO,Bueno,Bueno,2,VOLKSWAGEN,BLANCO,1,,43,MASCULINO,SIN DATOS,0,0,Morelia,Jardines del Toreo,septiembre,martes,14,-101.214219331741,19.6879010873718