fid,id_accidente,anio_origen,folio_c5i,dia_incidente,hora_ocurrencia,tipo_incidente_vial,superficie_ocurrencia,condiciones_climaticas,condiciones_via,numero_vehiculos_involucrados,marca_vehiculo_ocasiona_siniestro,color_vehiculo_ocasiona_siniestro,numero_personas_involucradas,lugar_remite_presunto_responsable,edad_presunto_responsable,sexo_presunto_responsable,resultados_toxicologia,numero_personas_lesionadas,numero_personas_fallecidas,municipio,colonia,mes,dia_semana,hora_redondeada,lon,lat
54338,54344,2025,,2025/09/23,13:40:00,COLISIÓN POR CAMBIO DE CARRIL,ASFALTO,Bueno,Bueno,2,FREIGHTLAINDER,BLANCO,2,,28,MASCULINO,SIN DATOS,0,0,Morelia,Sentimientos de La Nacion,septiembre,martes,14,-101.234292984009,19.6788156612467
54339,54345,2025,,2025/09/23,14:00:00,COLISIÓN POR ALCANCE,CONCRETO,Bueno,Bueno,2,CHEVROLET,NEGRO,2,,78,FEMENINO,SIN DATOS,0,0,Morelia,Centro,septiembre,martes,14,-101.18146687746,19.7020112031313
54340,54346,2025,,2025/09/23,14:15:00,COLISIÓN POR INVASIÓN DE CARRIL,CONCRETO,Bueno,Bueno,2,VOLKSWAGEN,BLANCO,2,,40,FEMENINO,SIN DATOS,0,0,Morelia,Sentimientos de La Nacion,septiembre,martes,14,-101.233197972178,19.6782063699659
54341,54347,2025,"202500023",2025/09/23,14:20:00,COLISIÓN POR CORTE DE CIRCULACIÓN,ASFALTO,Bueno,Bueno,2,NISSAN,ROJO,2,,46,FEMENINO,SIN DATOS,0,0,Morelia,Felix Ireta,septiembre,martes,14,-101.195745617151,19.6815445000863
54342,54348,2025,,2025/09/23,16:36:00,COLISIÓN POR CAMBIO DE CARRIL,ASFALTO,Bueno,Bueno,2,SUZUKI,GRIS,2,,30,FEMENINO,SIN DATOS,0,0,Morelia,Quinceo,septiembre,martes,17,-101.221453249454,19.7276650661457
54347,54353,2025,LEG58155,2025/09/23,21:28:00,COLISIÓN POR CAMBIO DE CARRIL,ASFALTO,Bueno,Bueno,2,HYUNDAI,GRIS,2,,29,MASCULINO,SIN DATOS,0,0,Morelia,Ventura Puente,septiembre,martes,21,-101.190733909607,19.6930364296154
54348,54354,2025,,2025/09/23,22:25:00,COLISIÓN POR ALCANCE,CONCRETO,Bueno,Bueno,2,FORD,BLANCO ROJO  AZUL,2,,,MASCULINO,SIN DATOS,0,0,Morelia,Rinconada del Valle,septiembre,martes,22,-101.217633783817,19.6805557591299
54349,54355,2025,,2025/09/24,"07:30:00",COLISIÓN POR CORTE DE CIRCULACIÓN,ASFALTO,Bueno,Bueno,2,FORD,BLANCO,2,,47,,SIN DATOS,0,0,Morelia,Sentimientos de La Nacion,septiembre,miércoles,8,-101.233311295509,19.6781463877974
54350,54356,2025,,2025/09/24,"07:40:00",COLISIÓN POR ALCANCE,ASFALTO,Bueno,Regular,3,NISSAN,ROJO,3,,48,FEMENINO,SIN DATOS,0,0,Morelia,Elias Perez Avalos,septiembre,miércoles,8,-101.171336174011,19.714645487561
54351,54357,2025,,2025/09/24,"07:40:00",COLISIÓN POR ALCANCE,ASFALTO,Nublado,Bueno,4,NISSAN,PLATA,4,,40,MASCULINO,SIN DATOS,0,0,Morelia,Centro,septiembre,miércoles,8,-101.18754847,19.7028479949991
54352,54358,2025,LEG58176,2025/09/24,"08:10:00",COLISIÓN POR CORTE DE CIRCULACIÓN,ASFALTO,Bueno,Bueno,2,VOLKSWAGUEN,BLANCO,2,,31,MASCULINO,SIN DATOS,0,0,Morelia,Felix Ireta,septiembre,miércoles,8,-101.191849708557,19.6826115253057
54354,54360,2025,LEG58181,2025/09/24,"09:00:00",COLISIÓN POR ALCANCE,ASFALTO,Bueno,Bueno,2,NISSAN,BLANCO,2,,31,MASCULINO,SIN DATOS,0,0,Morelia,Jardines del Rincon,septiembre,miércoles,9,-101.153129339218,19.6865007404867
54355,54361,2025,,2025/09/24,12:50:00,COLISIÓN POR CAMBIO DE CARRIL,ASFALTO,Bueno,Bueno,2,CHEVROLET,BLANCO Y ROJO,2,,23,MASCULINO,SIN DATOS,0,0,Morelia,Diego Rivera,septiembre,miércoles,13,-101.177717149258,19.7195123309114
54356,54362,2025,LEG58182,2025/09/24,13:14:00,COLISIÓN POR CAMBIO DE CARRIL,ASFALTO,Bueno,Bueno,2,ISUZU,ROJO,1,,53,FEMENINO,SIN DATOS,0,0,Morelia,Centro,septiembre,miércoles,13,-101.190587729672,19.6998072011192
54357,54363,2025,,2025/09/24,18:10:00,COLISIÓN CONTRA OBJETO FIJO,ASFALTO,Bueno,Bueno,1,HYUNDAI,GRIS,1,,36,FEMENINO,SIN DATOS,0,0,Morelia,Hacienda San Jose,septiembre,miércoles,18,-101.216009104914,19.6945742925218
54362,54368,2025,LEG58193,2025/09/25,"09:06:00",COLISIÓN POR ALCANCE,ASFALTO,Bueno,Bueno,2,MERCEDES BENZ,BLANCA,2,,19,MASCULINO,SIN DATOS,0,0,Morelia,Alberto Oviedo Mota,septiembre,jueves,9,-101.202086359262,19.6777877571005
54363,54369,2025,,2025/09/25,11:20:00,COLISIÓN POR CORTE DE CIRCULACIÓN,ASFALTO,Bueno,Bueno,2,ITALIKA/AT110,BLANCO,2,,17,MASCULINO,SIN DATOS,0,0,Morelia,Chapultepec Oriente,septiembre,jueves,11,-101.158959120512,19.6954203240008
54364,54370,2025,,2025/09/25,12:00:00,COLISIÓN POR CORTE DE CIRCULACIÓN,CONCRETO,Bueno,Bueno,2,YAMAHA,BLANCO,2,MINISTERIO PÚBLICO,43,MASCULINO,SIN DATOS,0,0,Morelia,Ventura Puente,septiembre,jueves,12,-101.181123554707,19.6938742058672
54365,54371,2025,"202500089",2025/09/25,12:06:00,COLISIÓN CONTRA OBJETO FIJO,CONCRETO,Bueno,Bueno,1,MINICOOPER,GRIS,1,,19,,SIN DATOS,0,0,Morelia,Vistas de Altozano,septiembre,jueves,12,-101.167269945145,19.6471749123974
54366,54372,2025,,2025/09/25,13:30:00,COLISIÓN POR ALCANCE,ASFALTO,Bueno,Bueno,2,NISSAN,BLANCO,2,,50,MASCULINO,SIN DATOS,0,0,Morelia,Bosques de Oriente,septiembre,jueves,14,-101.155075281858,19.7162374855692
54367,54373,2025,"202500076",2025/09/25,16:00:00,COLISIÓN POR INVASIÓN DE CARRIL,ASFALTO,Bueno,Bueno,2,NISSAN,GRIS,2,,30,MASCULINO,SIN DATOS,0,0,Morelia,Juarez,septiembre,jueves,16,-101.197010278702,19.6970737510814
54369,54375,2025,,2025/09/25,18:00:00,COLISIÓN POR ALCANCE,ASFALTO,Bueno,Bueno,2,HINO,BLANCO,2,,30,MASCULINO,SIN DATOS,0,0,Morelia,Jardines de La Loma,septiembre,jueves,18,-101.224958896637,19.6772119258516
54370,54376,2025,,2025/09/25,19:00:00,COLISIÓN POR CORTE DE CIRCULACIÓN,ASFALTO,Bueno,Bueno,2,VOLKSWAGEN,NEGRO,2,,52,MASCULINO,SIN DATOS,0,0,Morelia,La Esperanza,septiembre,jueves,19,-101.153903156519,19.6994241260426
54372,54378,2025,,2025/09/25,20:30:00,COLISIÓN POR ALCANCE,ASFALTO,Bueno,Bueno,2,CHEVROLET,PLATA,2,,47,MASCULINO,SIN DATOS,0,0,Morelia,Tlalpujahua,septiembre,jueves,21,-101.217730343342,19.6760678339401
54374,54380,2025,,2025/09/26,"05:50:00",COLISIÓN CONTRA OBJETO FIJO,ASFALTO,Bueno,Bueno,1,MAZDA,BLANCO,1,,31,MASCULINO,SIN DATOS,0,0,Morelia,Sentimientos de La Nacion,septiembre,viernes,6,-101.233260333538,19.6782347825642
54375,54381,2025,,2025/09/26,"08:30:00",COLISIÓN POR CORTE DE CIRCULACIÓN,ASFALTO,Bueno,Bueno,2,HONDA,BLANCO,2,MINISTERIO PÚBLICO,33,MASCULINO,SIN DATOS,0,0,Morelia,La Esperanza,septiembre,viernes,9,-101.249561458826,19.7026664883461
54376,54382,2025,,2025/09/26,10:32:00,COLISIÓN POR CORTE DE CIRCULACIÓN,ASFALTO,Bueno,Bueno,2,CHEVROLET,BLANCO,2,,32,MASCULINO,SIN DATOS,0,0,Morelia,Torreon Nuevo,septiembre,viernes,11,-101.206051670015,19.7462053719441
54378,54384,2025,,2025/09/26,14:32:00,COLISIÓN POR MANIOBRA DE REVERSA,ASFALTO,Nublado,Bueno,2,CHEVROLET,COBRE,2,,,MASCULINO,SIN DATOS,0,0,Morelia,Villas del Parian (Arkos San Jose),septiembre,viernes,15,-101.261302493513,19.6919132848675
54379,54385,2025,,2025/09/26,15:02:00,COLISIÓN POR ALCANCE,ASFALTO,Nublado,Bueno,2,TOYOTA,GRIS,2,,42,MASCULINO,SIN DATOS,0,0,Morelia,Sentimientos de La Nacion,septiembre,viernes,15,-101.233197301626,19.6781997403589
54380,54386,2025,,2025/09/26,15:02:00,COLISIÓN POR ALCANCE,ASFALTO,Nublado,Bueno,2,KENWORTH,BLANCO,2,,32,MASCULINO,SIN DATOS,0,0,Morelia,Sentimientos de La Nacion,septiembre,viernes,15,-101.23520091176,19.6809977258289
54381,54387,2025,,2025/09/26,15:20:00,COLISIÓN POR CORTE DE CIRCULACIÓN,ASFALTO,Bueno,Bueno,2,DODGE,ROJO,2,,49,MASCULINO,SIN DATOS,0,0,Morelia,Sentimientos de La Nacion,septiembre,viernes,15,-101.231999695301,19.6776513762023
54382,54388,2025,,2025/09/26,18:00:00,COLISIÓN POR ALCANCE,ASFALTO,Bueno,Bueno,2,NISSAN,BLANCO,2,MINISTERIO PÚBLICO,24,MASCULINO,SIN DATOS,0,0,Morelia,Ampliacion La Soledad,septiembre,viernes,18,-101.182762384415,19.7357012512288
54383,54389,2025,LEG58211,2025/09/26,18:40:00,COLISIÓN POR CAMBIO DE CARRIL,ASFALTO,Bueno,Bueno,2,FORD,ROJO,2,,21,MASCULINO,SIN DATOS,0,0,Morelia,Independencia,septiembre,viernes,19,-101.1752602458,19.7133312250803
54384,54390,2025,LEG58214,2025/09/26,18:40:00,COLISIÓN CONTRA OBJETO FIJO,ASFALTO,Lluvioso,Regular,1,CHEVROLET,GRIS,1,,40,MASCULINO,SIN DATOS,0,0,Morelia,Elias Perez Avalos,septiembre,viernes,19,-101.171483695507,19.7147603745459
54385,54391,2025,,2025/09/26,19:20:00,COLISIÓN POR ALCANCE,ASFALTO,Lluvioso,Regular,2,TOYOTA,PLATA,2,,55,MASCULINO,SIN DATOS,0,0,Morelia,Pascual Ortiz de Ayala,septiembre,viernes,19,-101.152533888817,19.6950768837783
54386,54392,2025,,2025/09/26,23:30:00,SUBIDA AL CAMELLÓN,ASFALTO,Bueno,Bueno,1,VOLKSWAGEN,BLANCO/ROJO,1,,82,MASCULINO,SIN DATOS,0,0,Morelia,Leandro Valle,septiembre,viernes,0,-101.228330433369,19.719396184884
54387,54393,2025,,2025/09/26,23:45:00,COLISIÓN CONTRA OBJETO FIJO,CONCRETO,Bueno,Bueno,1,RENAULT,PLATA,1,,,,SIN DATOS,0,0,Morelia,Torrecillas,septiembre,viernes,0,-101.183954910064,19.670379223732
54388,54394,2025,,2025/09/27,"00:00:00",COLISIÓN POR CORTE DE CIRCULACIÓN,ASFALTO,Nublado,Bueno,2,BAJAJ,NEGRO,2,,18,MASCULINO,SIN DATOS,0,0,Morelia,Centro,septiembre,sábado,0,-101.200175955892,19.7030496837551
54389,54395,2025,MOR202571,2025/09/27,"08:20:00",COLISIÓN POR CORTE DE CIRCULACIÓN,ASFALTO,Bueno,Bueno,1,SEAT,BLANCO,1,,,MASCULINO,SIN DATOS,0,0,Morelia,Ferrocarrilero,septiembre,sábado,8,-101.213982962072,19.7006845264378
54390,54396,2025,,2025/09/27,"08:30:00",COLISIÓN CONTRA OBJETO FIJO,CONCRETO,Bueno,Bueno,2,VOLKSWAGEN,GRIS,1,,31,MASCULINO,SIN DATOS,0,0,Morelia,Quinceo,septiembre,sábado,9,-101.224386915565,19.7345806152129
54391,54397,2025,,2025/09/27,"09:40:00",COLISIÓN POR ALCANCE,ASFALTO,Bueno,Bueno,2,HONDA,GUINDA,2,,50,MASCULINO,SIN DATOS,0,0,Morelia,La Quemada,septiembre,sábado,10,-101.241304278374,19.7008824396476
54392,54398,2025,,2025/09/27,10:20:00,COLISIÓN POR ALCANCE,ASFALTO,Bueno,Bueno,3,DODGE,BLANCO,6,MINISTERIO PÚBLICO,40,FEMENINO,SIN DATOS,3,0,Morelia,La Colina,septiembre,sábado,10,-101.216159909964,19.7038255411716
54393,54399,2025,,2025/09/27,10:50:00,COLISIÓN POR CORTE DE CIRCULACIÓN,ASFALTO,Bueno,Bueno,2,MERCEDES BENZ,BLANCO,2,,51,MASCULINO,SIN DATOS,0,0,Morelia,Independencia,septiembre,sábado,11,-101.178079247475,19.7194593077354
54394,54400,2025,,2025/09/27,12:00:00,COLISIÓN POR ALCANCE,ASFALTO,Bueno,Bueno,2,HONDA,GRIS,2,,,MASCULINO,SIN DATOS,0,0,Morelia,Nueva Jacarndas,septiembre,sábado,12,-101.189246624708,19.6820344486436
54395,54401,2025,MOR20258165,2025/09/27,12:43:00,COLISIÓN POR MANIOBRA DE REVERSA,ASFALTO,Bueno,Bueno,2,DODGE,GRIS,2,MINISTERIO PÚBLICO,,MASCULINO,SIN DATOS,0,0,Morelia,San Rafael,septiembre,sábado,13,-101.154816448689,19.7005427989649
54396,54402,2025,,2025/09/27,13:00:00,COLISIÓN POR ALCANCE,ASFALTO,Bueno,Bueno,2,MAZDA,GRIS,2,,41,MASCULINO,SIN DATOS,0,0,Morelia,Bosques Tres Marias,septiembre,sábado,13,-101.103566139936,19.7229979349165
54397,54403,2025,,2025/09/27,14:40:00,COLISIÓN POR ALCANCE,ASFALTO,Bueno,Bueno,2,VELOCI,ROJO,2,,20,MASCULINO,SIN DATOS,0,0,Morelia,Virreyes,septiembre,sábado,15,-101.157503351569,19.6955213356907
54398,54404,2025,"202500098",2025/09/27,14:50:00,COLISIÓN POR ALCANCE,ASFALTO,Bueno,Bueno,2,CHEVROLET,AZUL,2,,30,MASCULINO,SIN DATOS,0,0,Morelia,Hermanos Lopez Rayon,septiembre,sábado,15,-101.220251619816,19.6753303575612
54399,54405,2025,,2025/09/27,18:18:00,COLISIÓN POR CORTE DE CIRCULACIÓN,CONCRETO,Lluvioso,Bueno,2,CHEVROLET,BLANCO,2,MINISTERIO PÚBLICO,26,MASCULINO,SIN DATOS,0,0,Morelia,Guadalupe,septiembre,sábado,18,-101.223520562053,19.7072256335282
54400,54406,2025,,2025/09/27,21:40:00,COLISIÓN POR CORTE DE CIRCULACIÓN,ASFALTO,Bueno,Malo,2,TOYOTA,BLANCO Y GUINDA,2,,36,MASCULINO,SIN DATOS,0,0,Morelia,Francisco J Mujica,septiembre,sábado,22,-101.187752634287,19.7249736238221
54401,54407,2025,LEG58232,2025/09/27,22:30:00,COLISIÓN CONTRA OBJETO FIJO,ASFALTO,Lluvioso,Bueno,1,TOYOTA,AZUL,1,,,,SIN DATOS,0,0,Morelia,San Isidro Itzicuaro Norte,septiembre,sábado,23,-101.263560155211,19.7029567282709
54402,54408,2025,,2025/09/28,"01:30:00",COLISIÓN POR MANIOBRA DE REVERSA,ASFALTO,Lluvioso,Regular,2,MAZDA,BLANCO,2,MINISTERIO PÚBLICO,38,MASCULINO,SIN DATOS,0,0,Morelia,Quinceo,septiembre,domingo,2,-101.225425601006,19.7278821974151
54403,54409,2025,LEG58231,2025/09/28,"02:45:00",COLISIÓN CONTRA OBJETO FIJO,ASFALTO,Bueno,Bueno,1,HIUNDAY,GRIS,1,,30,MASCULINO,SIN DATOS,0,0,Morelia,Indeco Expropiacion Petrolera,septiembre,domingo,3,-101.225735731423,19.6836826473192
54404,54410,2025,,2025/09/28,"08:20:00",VOLCADURA,ASFALTO,Bueno,Bueno,1,DODGE,NEGRO,1,,21,MASCULINO,SIN DATOS,0,0,Morelia,Sin datos,septiembre,domingo,8,-101.478443741798,19.7883240949515
54405,54411,2025,MOR/2025010446O,2025/09/28,"09:02:00",COLISIÓN CONTRA OBJETO FIJO,ASFALTO,Bueno,Bueno,1,HONDA,AZUL,1,,28,FEMENINO,SIN DATOS,0,0,Morelia,Sin datos,septiembre,domingo,9,-101.151742301881,19.6696242719239
54406,54412,2025,,2025/09/28,10:55:00,COLISIÓN POR CORTE DE CIRCULACIÓN,CONCRETO,Bueno,Bueno,2,TOYOTA,BLANCO,2,MINISTERIO PÚBLICO,40,MASCULINO,SIN DATOS,0,0,Morelia,Lomas de Las Americas Sur,septiembre,domingo,11,-101.147137284279,19.6943495961688
54407,54413,2025,,2025/09/28,13:10:00,COLISIÓN POR CORTE DE CIRCULACIÓN,ASFALTO,Bueno,Bueno,3,S/D,S/D,3,,,,SIN DATOS,0,0,Morelia,El Eden,septiembre,domingo,13,-101.249615103006,19.64598639991
54409,54415,2025,,2025/09/28,17:00:00,COLISIÓN CON PEATÓN,ASFALTO,Nublado,Regular,1,MAZDA,NEGRO,2,,18,FEMENINO,SIN DATOS,1,0,Morelia,Morelia 450,septiembre,domingo,17,-101.217100024223,19.6755450342546
54410,54416,2025,MOR20256173,2025/09/28,18:45:00,COLISIÓN POR CORTE DE CIRCULACIÓN,CONCRETO,Bueno,Bueno,2,CHEVROLET,BLANCO,2,MINISTERIO PÚBLICO,,MASCULINO,SIN DATOS,0,0,Morelia,Diego de Basalenque,septiembre,domingo,19,-101.151994764805,19.7049605967484
54411,54417,2025,LEG58240,2025/09/28,19:00:00,COLISIÓN POR ALCANCE,ASFALTO,Bueno,Bueno,2,VENTO,NEGRO/NARANJA,2,,20,MASCULINO,SIN DATOS,0,0,Morelia,Cinco de Diciembre,septiembre,domingo,19,-101.16362079978,19.6859729239655
54412,54418,2025,,2025/09/28,20:29:00,SUBIDA AL CAMELLÓN,ASFALTO,Bueno,Bueno,1,CHRYSLER,GRIS,1,,,MASCULINO,SIN DATOS,0,0,Morelia,El Lago 1,septiembre,domingo,20,-101.221354007721,19.7277054626833
54413,54419,2025,,2025/09/28,21:30:00,COLISIÓN POR ALCANCE,ASFALTO,Lluvioso,Malo,2,VOLKSWAGEN,BLANCO,2,,43,MASCULINO,SIN DATOS,0,0,Morelia,Fidel Velazquez,septiembre,domingo,22,-101.2350936234,19.702363466615
54414,54420,2025,LEG58242,2025/09/28,22:10:00,COLISIÓN POR NO RESPETAR SEMÁFORO,ASFALTO,Lluvioso,Malo,2,SUZUKI,AZUL,3,,32,FEMENINO,SIN DATOS,1,0,Morelia,Jardines de Torremolinos,septiembre,domingo,22,-101.225677728653,19.6768633954061
54415,54421,2025,,2025/09/28,23:20:00,COLISIÓN POR INVASIÓN DE CARRIL,ASFALTO,Lluvioso,Regular,3,FORD,BLANCO,3,,44,MASCULINO,SIN DATOS,0,0,Morelia,Justo Mendoza,septiembre,domingo,23,-101.231339871883,19.7126595709193
54416,54422,2025,MOR/20250104743,2025/09/29,"00:20:00",COLISIÓN CONTRA OBJETO FIJO,CONCRETO,Lluvioso,Malo,1,MERCEDES BENZ,BLANCO/NARANJA,1,,21,MASCULINO,SIN DATOS,0,0,Morelia,Villas del Pedregal,septiembre,lunes,0,-101.30570679903,19.6727302211266
54417,54423,2025,,2025/09/29,"06:40:00",COLISIÓN POR CORTE DE CIRCULACIÓN,CONCRETO,Lluvioso,Bueno,2,ITALIKA,NEGRO,2,,18,MASCULINO,SIN DATOS,0,0,Morelia,Niño Artillero,septiembre,lunes,7,-101.250191777945,19.6986072120946
54418,54424,2025,,2025/09/29,"08:10:00",COLISIÓN POR CORTE DE CIRCULACIÓN,ASFALTO,Bueno,Bueno,2,VOLKSWAGEN,GRIS,2,,31,MASCULINO,SIN DATOS,0,0,Morelia,Prados Verdes,septiembre,lunes,8,-101.199202984571,19.7144624257113
54419,54425,2025,,2025/09/29,"08:25:00",COLISIÓN POR CORTE DE CIRCULACIÓN,ASFALTO,Bueno,Bueno,2,KENWORTH,BLANCO,2,,27,MASCULINO,SIN DATOS,0,0,Morelia,Independencia,septiembre,lunes,8,-101.17794983089,19.7193491583435
54420,54426,2025,LEG58252,2025/09/29,"09:21:00",COLISIÓN POR INVASIÓN DE CARRIL,ASFALTO,Bueno,Bueno,2,RENAULT,NEGRO,2,,29,MASCULINO,SIN DATOS,0,0,Charo,San Pedro Y San Pablo,septiembre,lunes,9,-101.054392531514,19.74657016045
54421,54427,2025,"20250032",2025/09/29,"09:31:00",SALIDA DE SUPERFICIE DE RODAMIENTO,ASFALTO,Bueno,Bueno,1,NISSAN,BLANCO,1,,59,MASCULINO,SIN DATOS,0,0,Charo,San Pedro Y San Pablo,septiembre,lunes,10,-101.048820912838,19.751121110979
54422,54428,2025,,2025/09/29,10:35:00,COLISIÓN POR ALCANCE,ASFALTO,Bueno,Bueno,4,NISSAN,BLANCO,4,MINISTERIO PÚBLICO,28,MASCULINO,SIN DATOS,0,0,Morelia,San Guillermo,septiembre,lunes,11,-101.177554540336,19.7394067734121
54423,54429,2025,,2025/09/29,14:50:00,COLISIÓN POR ALCANCE,ASFALTO,Bueno,Bueno,2,MAZDA,GRIS,2,,36,FEMENINO,SIN DATOS,0,0,Morelia,Enrique Arreguin Robles,septiembre,lunes,15,-101.188014149666,19.7215044746336
54424,54430,2025,,2025/09/29,14:54:00,COLISIÓN POR ALCANCE,ASFALTO,Bueno,Bueno,2,CHEVROLET,NEGRO,2,,,MASCULINO,SIN DATOS,0,0,Morelia,Infonavit  Las  Camelinas,septiembre,lunes,15,-101.175780605004,19.6817497505115
54425,54431,2025,,2025/09/29,18:00:00,COLISIÓN POR CAMBIO DE CARRIL,ASFALTO,Bueno,Bueno,2,SEAT,ROJO,2,,32,MASCULINO,SIN DATOS,0,0,Morelia,Prados Verdes,septiembre,lunes,18,-101.201523095369,19.7145293379979
54426,54432,2025,,2025/09/29,18:00:00,COLISIÓN POR CORTE DE CIRCULACIÓN,ASFALTO,Bueno,Bueno,2,NISSAN,GUINDA,2,,23,MASCULINO,SIN DATOS,0,0,Morelia,La Esperanza,septiembre,lunes,18,-101.153939366341,19.6994380148063
54427,54433,2025,,2025/09/29,18:00:00,COLISIÓN POR CAMBIO DE CARRIL,ASFALTO,Bueno,Bueno,2,HONDA,BLANCO,2,,,MASCULINO,SIN DATOS,0,0,Morelia,Rafael Carrillo,septiembre,lunes,18,-101.235103011131,19.709571440486
54428,54434,2025,,2025/09/29,22:20:00,COLISIÓN CONTRA OBJETO FIJO,CONCRETO,Lluvioso,Bueno,1,ITALIKA,NEGRO,1,,16,FEMENINO,SIN DATOS,0,0,Morelia,Vicente Guerrero,septiembre,lunes,22,-101.227586318557,19.7026583883604
54429,54435,2025,,2025/09/30,"00:12:00",COLISIÓN CONTRA OBJETO FIJO,ASFALTO,Bueno,Bueno,1,FORD,AZUL,1,,58,MASCULINO,SIN DATOS,0,0,Morelia,Jacarandas,septiembre,martes,0,-101.211651451886,19.707842705297
54430,54436,2025,,2025/09/30,"08:30:00",COLISIÓN POR CORTE DE CIRCULACIÓN,ASFALTO,Bueno,Bueno,2,FORD,ARENA,2,MINISTERIO PÚBLICO,25,MASCULINO,SIN DATOS,0,0,Morelia,Prados Verdes,septiembre,martes,9,-101.197371706367,19.7135288070173
54431,54437,2025,,2025/09/30,"08:30:00",COLISIÓN POR INVASIÓN DE CARRIL,ASFALTO,Bueno,Bueno,3,NISSAN,CAFE,3,MINISTERIO PÚBLICO,41,MASCULINO,SIN DATOS,0,0,Morelia,Nueva Jacarndas,septiembre,martes,9,-101.188631057739,19.6816669873661
54432,54438,2025,,2025/09/30,15:20:00,COLISIÓN POR CORTE DE CIRCULACIÓN,CONCRETO,Bueno,Bueno,2,ITALIKA,GRIS,2,MINISTERIO PÚBLICO,32,MASCULINO,SIN DATOS,0,0,Morelia,Chapultepec Sur,septiembre,martes,15,-101.17685649544,19.6931585924391
54433,54439,2025,,2025/09/30,15:37:00,COLISIÓN CONTRA OBJETO FIJO,CONCRETO,Bueno,Bueno,2,MERCEDES BENZ,BLANCO,2,,31,MASCULINO,SIN DATOS,0,0,Morelia,Lomas de Vista Bella,septiembre,martes,16,-101.196708530188,19.6716991208586
54435,54441,2025,,2025/09/30,19:10:00,SUBIDA AL CAMELLÓN,ASFALTO,Bueno,Bueno,1,MAZDA,NEGRO,1,,54,FEMENINO,SIN DATOS,0,0,Morelia,Los Angeles,septiembre,martes,19,-101.172693695,19.7488773499992
54436,54442,2025,LEG58265,2025/10/01,"00:30:00",SALIDA DE SUPERFICIE DE RODAMIENTO,ASFALTO,Nublado,Regular,1,VOLKSWAGEN,PLATA,1,,22,FEMENINO,SIN DATOS,0,0,Charo,Sin datos,octubre,miércoles,1,-100.960750579834,19.639265644591
54439,54445,2025,,2025/10/01,10:00:00,COLISIÓN CONTRA OBJETO FIJO,ASFALTO,Bueno,Bueno,2,MACK,BLANCO,2,,,MASCULINO,SIN DATOS,0,0,Morelia,Bonanza,octubre,miércoles,10,-101.20361213,19.6571945349991
54440,54446,2025,,2025/10/01,11:00:00,COLISIÓN POR ALCANCE,ASFALTO,Bueno,Bueno,2,FORD,ARENA,2,,23,FEMENINO,SIN DATOS,0,0,Morelia,Sin datos,octubre,miércoles,11,-101.164619922638,19.6650084891337
54441,54447,2025,,2025/10/01,13:00:00,COLISIÓN POR CORTE DE CIRCULACIÓN,ASFALTO,Bueno,Bueno,2,FORD,CAFÉ,2,,72,MASCULINO,SIN DATOS,0,0,Morelia,Fovissste La Huerta,octubre,miércoles,13,-101.212135925889,19.6922939806817
54442,54448,2025,,2025/10/01,15:30:00,COLISIÓN POR CORTE DE CIRCULACIÓN,ASFALTO,Bueno,Bueno,2,ITALIKA,NEGRO/AZUL,2,MINISTERIO PÚBLICO,17,MASCULINO,SIN DATOS,0,0,Morelia,San Pascual,octubre,miércoles,16,-101.26732237637,19.6952473413338
54443,54449,2025,,2025/10/01,18:00:00,COLISIÓN POR CORTE DE CIRCULACIÓN,ASFALTO,Bueno,Bueno,2,FORD/RANGER,BLANCO,2,,62,MASCULINO,SIN DATOS,0,0,Morelia,Union Popular Solidaria,octubre,miércoles,18,-101.220220133013,19.7056458409566
54446,54452,2025,,2025/10/02,"06:30:00",COLISIÓN CONTRA OBJETO FIJO,ASFALTO,Bueno,Bueno,2,MG/ZS,PLATA,2,,45,FEMENINO,SIN DATOS,0,0,Morelia,Tinijaro,octubre,jueves,7,-101.257557123899,19.6972562015151
54448,54454,2025,MOR/20250106063,2025/10/02,"09:45:00",COLISIÓN POR ALCANCE,ASFALTO,Bueno,Bueno,2,NISSAN,BLANCO,2,,78,MASCULINO,SIN DATOS,0,0,Morelia,La Luz,octubre,jueves,10,-101.29361640662,19.6865487237205
54449,54455,2025,,2025/10/02,10:10:00,COLISIÓN CONTRA OBJETO FIJO,ASFALTO,Bueno,Bueno,1,FORD,GRIS,0,,,,,0,0,Morelia,Molino de Parras,octubre,jueves,10,-101.203889815,19.6980470999992
54450,54456,2025,N/S,2025/10/02,16:50:00,COLISIÓN POR CAMBIO DE CARRIL,ASFALTO,Bueno,Bueno,2,TOYOTA,GRIS,2,,71,FEMENINO,SIN DATOS,0,0,Morelia,Carlos Salazar,octubre,jueves,17,-101.210499107838,19.711498057066
54451,54457,2025,LEG58285,2025/10/02,17:20:00,COLISIÓN POR CORTE DE CIRCULACIÓN,ASFALTO,Bueno,Bueno,2,SEAT,GRIS,2,,21,MASCULINO,SIN DATOS,0,0,Morelia,Comision Federal de Electricidad,octubre,jueves,17,-101.18131801486,19.6815040918909