fid,id_accidente,anio_origen,folio_c5i,dia_incidente,hora_ocurrencia,tipo_incidente_vial,superficie_ocurrencia,condiciones_climaticas,condiciones_via,numero_vehiculos_involucrados,marca_vehiculo_ocasiona_siniestro,color_vehiculo_ocasiona_siniestro,numero_personas_involucradas,lugar_remite_presunto_responsable,edad_presunto_responsable,sexo_presunto_responsable,resultados_toxicologia,numero_personas_lesionadas,numero_personas_fallecidas,municipio,colonia,mes,dia_semana,hora_redondeada,lon,lat
54452,54458,2025,,2025/10/02,18:05:00,COLISIÓN CONTRA OBJETO FIJO,ASFALTO,Bueno,Bueno,2,NISSAN,BLANCO,2,,,,SIN DATOS,0,0,Morelia,Industrial,octubre,jueves,18,-101.200489103794,19.7069617596565
54453,54459,2025,,2025/10/02,18:10:00,COLISIÓN POR CAMBIO DE CARRIL,ASFALTO,Bueno,Bueno,2,MG,NEGRO,2,,40,MASCULINO,SIN DATOS,0,0,Morelia,Centro,octubre,jueves,18,-101.198801994324,19.6996072051035
54454,54460,2025,,2025/10/02,18:35:00,CAIDA DE MOTOCICLETA,ASFALTO,Bueno,Bueno,1,ITALIKA,AMARILLA,1,,27,MASCULINO,SIN DATOS,0,0,Morelia,Santiaguito,octubre,jueves,19,-101.189137995243,19.7153259708064
54455,54461,2025,,2025/10/02,19:15:00,CAIDA DE MOTOCICLETA,ASFALTO,Bueno,Regular,1,ITALIKA,BLANCO/VERDE,2,,29,,SIN DATOS,1,0,Morelia,Sin datos,octubre,jueves,19,-101.278514564037,19.643571456886
54456,54462,2025,,2025/10/02,19:45:00,COLISIÓN POR CAMBIO DE CARRIL,ASFALTO,Nublado,Bueno,3,CHEVROLET,BLANCO,3,,34,MASCULINO,SIN DATOS,0,0,Morelia,El Realito,octubre,jueves,20,-101.204259619117,19.7256540631003
54457,54463,2025,"202500111",2025/10/02,21:32:00,COLISIÓN POR ALCANCE,ASFALTO,Bueno,Bueno,2,VOLKSWAGEN,NEGRO,2,MINISTERIO PÚBLICO,22,,SIN DATOS,0,0,Morelia,El Eden,octubre,jueves,22,-101.24964594841,19.6459977672337
54459,54465,2025,LEG58290,2025/10/03,"06:18:00",COLISIÓN POR ALCANCE,ASFALTO,Bueno,Bueno,3,DODGE,AZUL,3,,29,MASCULINO,SIN DATOS,0,0,Morelia,Tinijaro,octubre,viernes,6,-101.261130161583,19.6966485586927
54460,54466,2025,,2025/10/03,"08:55:00",CAIDA DE MOTOCICLETA,ASFALTO,Bueno,Bueno,1,VENTO,AMARILLO,1,,20,MASCULINO,SIN DATOS,0,0,Morelia,Josefa Ortiz de Dominguez,octubre,viernes,9,-101.209146939218,19.6720476625365
54461,54467,2025,,2025/10/03,11:00:00,COLISIÓN POR CORTE DE CIRCULACIÓN,ASFALTO,Bueno,Bueno,2,FORD,BLANCO,2,,,MASCULINO,SIN DATOS,0,0,Morelia,Jose Ma Pino Suarez,octubre,viernes,11,-101.162476502359,19.7217276108585
54462,54468,2025,,2025/10/03,11:05:00,COLISIÓN POR CAMBIO DE CARRIL,ASFALTO,Bueno,Bueno,2,FAMSA INTERNATIONAL,AZUL,2,,25,MASCULINO,SIN DATOS,0,0,Morelia,Jardines de Torremolinos,octubre,viernes,11,-101.225688792765,19.6768482418913
54463,54469,2025,,2025/10/03,11:20:00,COLISIÓN POR CORTE DE CIRCULACIÓN,ASFALTO,Bueno,Bueno,2,VOLKSWAGEN,GRIS,2,MINISTERIO PÚBLICO,40,MASCULINO,SIN DATOS,0,0,Morelia,Virreyes,octubre,viernes,11,-101.157498657703,19.6955131284933
54464,54470,2025,,2025/10/03,13:25:00,COLISIÓN POR CAMBIO DE CARRIL,ASFALTO,Bueno,Bueno,2,KENWORTH,BLANCO,2,,40,MASCULINO,SIN DATOS,0,0,Morelia,Las Americas,octubre,viernes,13,-101.153628230095,19.6874376736627
54465,54471,2025,,2025/10/03,13:45:00,COLISIÓN POR CAMBIO DE CARRIL,ASFALTO,Bueno,Bueno,2,NISSAN,AZUL,2,,37,MASCULINO,SIN DATOS,0,0,Morelia,Sentimientos de La Nacion,octubre,viernes,14,-101.233228817582,19.6782117367904
54466,54472,2025,,2025/10/03,14:20:00,COLISIÓN POR CORTE DE CIRCULACIÓN,CONCRETO,Bueno,Bueno,2,TOYOTA,GRIS,2,MINISTERIO PÚBLICO,31,MASCULINO,SIN DATOS,0,0,Morelia,Ventura Puente,octubre,viernes,14,-101.180213950574,19.6937195300995
54467,54473,2025,,2025/10/03,14:30:00,COLISIÓN POR ALCANCE,ASFALTO,Bueno,Bueno,2,RENAULT,GRIS,2,,51,MASCULINO,SIN DATOS,0,0,Morelia,Jardines del Toreo,octubre,viernes,15,-101.215481981635,19.6854368979908
54468,54474,2025,,2025/10/03,15:40:00,COLISIÓN POR ALCANCE,ASFALTO,Bueno,Bueno,3,NISSAN,BLANCO,3,,,MASCULINO,SIN DATOS,0,0,Morelia,La Esperanza,octubre,viernes,16,-101.253311857581,19.697903299127
54469,54475,2025,,2025/10/03,17:10:00,COLISIÓN POR CAMBIO DE CARRIL,CONCRETO,Bueno,Bueno,2,MERCEDES BENZ,GRIS,2,,46,MASCULINO,SIN DATOS,0,0,Morelia,Irrigacion,octubre,viernes,17,-101.225014552474,19.7047371214817
54470,54476,2025,,2025/10/03,18:00:00,COLISIÓN POR ALCANCE,ASFALTO,Bueno,Bueno,2,CHEVROLET,GRIS OSCURO,2,,46,MASCULINO,SIN DATOS,0,0,Morelia,Industrial,octubre,viernes,18,-101.19797386229,19.7069529217681
54471,54477,2025,,2025/10/03,18:10:00,COLISIÓN POR ALCANCE,ASFALTO,Bueno,Bueno,2,CHEVROLET,BLANCO,2,,50,MASCULINO,SIN DATOS,0,0,Morelia,Dr Miguel Silva,octubre,viernes,18,-101.184256374836,19.7194542579083
54472,54478,2025,,2025/10/03,20:03:00,COLISIÓN POR CORTE DE CIRCULACIÓN,CONCRETO,Bueno,Bueno,2,MAZDA,AZUL,2,,49,MASCULINO,SIN DATOS,0,0,Morelia,Dr Miguel Silva,octubre,viernes,20,-101.185868382454,19.7162816724408
54473,54479,2025,,2025/10/03,21:45:00,COLISIÓN POR ALCANCE,CONCRETO,Bueno,Bueno,2,VOLKSWAGEN,NEGRO,2,MINISTERIO PÚBLICO,20,MASCULINO,SIN DATOS,0,0,Morelia,Centro,octubre,viernes,22,-101.183179467916,19.7029741699345
54474,54480,2025,,2025/10/04,"08:00:00",COLISIÓN CONTRA OBJETO FIJO,CONCRETO,Bueno,Bueno,2,TOYOTA,BLANCO/ROSA,1,,44,MASCULINO,SIN DATOS,0,0,Morelia,Loma Colorada,octubre,sábado,8,-101.210811249912,19.7541301829704
54475,54481,2025,,2025/10/04,12:50:00,COLISIÓN POR CORTE DE CIRCULACIÓN,ASFALTO,Bueno,Bueno,2,PONTIAC,GRIS,2,,29,MASCULINO,SIN DATOS,0,0,Morelia,Lomas del Tecnologico,octubre,sábado,13,-101.194523870945,19.7231254401774
54476,54482,2025,,2025/10/04,14:20:00,CAIDA DE MOTOCICLETA,CONCRETO,Bueno,Bueno,1,ITALIKA,NEGRO,1,,18,MASCULINO,SIN DATOS,0,0,Morelia,Camponubes,octubre,sábado,14,-101.29184782505,19.6973445857334
54477,54483,2025,,2025/10/05,"01:15:00",SALIDA DE SUPERFICIE DE RODAMIENTO,ASFALTO,Bueno,Bueno,1,VOLKSWAGEN,BLANCO,1,,27,,SIN DATOS,0,0,Morelia,La Luz,octubre,domingo,1,-101.297090873122,19.6868148409998
54478,54484,2025,LEG58312,2025/10/05,"04:47:00",COLISIÓN POR CORTE DE CIRCULACIÓN,ASFALTO,Bueno,Bueno,2,MAZDA,ROJO,2,,31,FEMENINO,SIN DATOS,0,0,Morelia,Molino de Parras,octubre,domingo,5,-101.203544139862,19.6994506409541
54479,54485,2025,,2025/10/05,11:00:00,COLISIÓN POR ALCANCE,ASFALTO,Bueno,Bueno,2,CHEVROLET,Arena,2,,0,MASCULINO,SIN DATOS,0,0,Morelia,Indeco El Vivero,octubre,domingo,11,-101.229953169823,19.6769176954892
54480,54486,2025,,2025/10/05,17:30:00,COLISIÓN CONTRA OBJETO FIJO,ASFALTO,Bueno,Bueno,2,VENTO,NEGRO,2,,22,MASCULINO,SIN DATOS,0,0,Morelia,Arboledas de La Huerta,octubre,domingo,18,-101.223548145,19.6683762899991
54481,54487,2025,,2025/10/05,18:40:00,COLISIÓN POR ALCANCE,ASFALTO,Bueno,Bueno,2,CHEVROLET,BLANCO,2,,,FEMENINO,SIN DATOS,0,0,Morelia,Elias Perez Avalos,octubre,domingo,19,-101.167813022979,19.7136335493406
54484,54490,2025,,2025/10/05,21:00:00,SALIDA DE SUPERFICIE DE RODAMIENTO,ASFALTO,Nublado,Regular,1,NISSAN,BLANCO,1,,33,MASCULINO,SIN DATOS,0,0,Morelia,Sin datos,octubre,domingo,21,-101.345986202359,19.5546473748354
54485,54491,2025,LEG58310,2025/10/05,21:18:00,COLISIÓN POR ALCANCE,ASFALTO,Bueno,Bueno,2,VOLKSWAGEN,BLANCO,2,,36,MASCULINO,SIN DATOS,0,0,Morelia,Sin datos,octubre,domingo,21,-101.284005045891,19.6904378432833
54486,54492,2025,,2025/10/05,22:10:00,COLISIÓN POR CORTE DE CIRCULACIÓN,CONCRETO,Bueno,Bueno,2,ITALIKA,VERDE AZUL,2,MINISTERIO PÚBLICO,34,MASCULINO,SIN DATOS,0,0,Morelia,Felix Ireta,octubre,domingo,22,-101.186475902796,19.6870841146177
54488,54494,2025,,2025/10/06,"01:40:00",CAIDA DE MOTOCICLETA,CONCRETO,Bueno,Bueno,1,ITALIKA,NEGRO,1,,21,MASCULINO,SIN DATOS,0,0,Tarímbaro,Galaxias Tarimbaro,octubre,lunes,2,-101.194938272238,19.7601569916393
54489,54495,2025,,2025/10/06,"07:20:00",COLISIÓN POR CORTE DE CIRCULACIÓN,ASFALTO,Nublado,Bueno,1,VENTO,Gris/Negro,1,,24,FEMENINO,SIN DATOS,0,0,Morelia,Los Manantiales de Morelia,octubre,lunes,7,-101.242162585258,19.6970011496399
54490,54496,2025,,2025/10/06,"08:15:00",COLISIÓN POR CAMBIO DE CARRIL,ASFALTO,Bueno,Bueno,2,MAZDA,GRIS,2,,46,FEMENINO,SIN DATOS,0,0,Morelia,Emiliano Zapata,octubre,lunes,8,-101.232768396902,19.6530668887289
54491,54497,2025,,2025/10/06,"09:25:00",COLISIÓN POR CORTE DE CIRCULACIÓN,ASFALTO,Nublado,Bueno,2,DODGE,ROJO,2,MINISTERIO PÚBLICO,65,MASCULINO,SIN DATOS,0,0,Morelia,Sentimientos de La Nacion,octubre,lunes,9,-101.236875616014,19.6848187927844
54492,54498,2025,,2025/10/06,11:20:00,COLISIÓN POR ALCANCE,ASFALTO,Nublado,Bueno,3,TOYOTA,GRIS,3,MINISTERIO PÚBLICO,19,MASCULINO,SIN DATOS,0,0,Morelia,Sin datos,octubre,lunes,11,-101.1518965289,19.6800440233073
54493,54499,2025,,2025/10/06,11:40:00,SALIDA DE SUPERFICIE DE RODAMIENTO,ASFALTO,Bueno,Bueno,1,HONDA,GRIS,1,,27,MASCULINO,SIN DATOS,0,0,Morelia,Bosques Tres Marias,octubre,lunes,12,-101.103980541229,19.7244080616977
54494,54500,2025,,2025/10/06,12:00:00,COLISIÓN POR ALCANCE,ASFALTO,Nublado,Bueno,2,CRYSLER,PLATA,2,,36,MASCULINO,SIN DATOS,0,0,Morelia,Fovissste La Huerta,octubre,lunes,12,-101.212140619755,19.6923040820508
54495,54501,2025,LEG58329,2025/10/06,21:10:00,COLISIÓN POR ALCANCE,ASFALTO,Bueno,Bueno,2,NISSAN,BLANCO,2,,47,MASCULINO,SIN DATOS,0,0,Morelia,Elias Perez Avalos,octubre,lunes,21,-101.167813022979,19.7136335493406
54496,54502,2025,,2025/10/06,22:30:00,COLISIÓN CONTRA OBJETO FIJO,ASFALTO,Bueno,Bueno,1,KTM,BLANCO,2,MINISTERIO PÚBLICO,22,MASCULINO,SIN DATOS,1,0,Morelia,Lomas de Morelia (Dr Ignacio Chavez),octubre,lunes,23,-101.175452644618,19.7162004988672
54497,54503,2025,,2025/10/07,"06:00:00",COLISIÓN POR CAMBIO DE CARRIL,ASFALTO,Bueno,Bueno,2,VOLKSWAGEN,BLANCO,2,,48,,SIN DATOS,0,0,Morelia,Los Manantiales de Morelia,octubre,martes,6,-101.241320706904,19.695177895685
54498,54504,2025,,2025/10/07,"07:20:00",COLISIÓN POR CORTE DE CIRCULACIÓN,ASFALTO,Bueno,Bueno,2,NISSAN,PLATA,2,,47,MASCULINO,SIN DATOS,0,0,Morelia,Prados Verdes,octubre,martes,7,-101.19377628,19.7139633849992
54499,54505,2025,,2025/10/07,"09:50:00",COLISIÓN POR CORTE DE CIRCULACIÓN,ASFALTO,Bueno,Bueno,2,INTERNATIONAL,ROJO,2,,25,MASCULINO,SIN DATOS,0,0,Morelia,Mariano Michelena,octubre,martes,10,-101.230023577809,19.6769252722435
54500,54506,2025,,2025/10/07,14:00:00,COLISIÓN POR CORTE DE CIRCULACIÓN,ASFALTO,Bueno,Bueno,2,NISSAN,BLANCO,2,,41,MASCULINO,SIN DATOS,0,0,Morelia,Vasco de Quiroga,octubre,martes,14,-101.16996858269,19.7049934235974
54501,54507,2025,,2025/10/07,15:40:00,COLISIÓN POR CORTE DE CIRCULACIÓN,CONCRETO,Bueno,Bueno,2,NISSAN,BLANCO,2,,0,MASCULINO,SIN DATOS,0,0,Morelia,Centro,octubre,martes,16,-101.191534612119,19.7039071558488
54502,54508,2025,,2025/10/07,17:30:00,COLISIÓN POR MANIOBRA DE REVERSA,CONCRETO,Nublado,Bueno,2,FREIGHTLINER,BLANCO,2,,,MASCULINO,SIN DATOS,0,0,Morelia,Montaña Monarca,octubre,martes,18,-101.161794885993,19.672435351121
54503,54509,2025,,2025/10/07,17:30:00,COLISIÓN POR CORTE DE CIRCULACIÓN,CONCRETO,Bueno,Bueno,2,CHEVROLET,BLANCO,2,,,MASCULINO,SIN DATOS,0,0,Morelia,Margarita Maza de Juarez,octubre,martes,18,-101.255526905,19.6928898149991
54505,54511,2025,LEG58327,2025/10/07,22:39:00,COLISIÓN POR MANIOBRA DE REVERSA,ASFALTO,Bueno,Bueno,2,NISSAN,AZUL,2,MINISTERIO PÚBLICO,72,MASCULINO,SIN DATOS,0,0,Morelia,Morelos,octubre,martes,23,-101.20619815,19.7022964949991
54506,54512,2025,,2025/10/08,"00:00:00",COLISIÓN POR CORTE DE CIRCULACIÓN,ASFALTO,Lluvioso,Regular,2,CHEVROLET,NEGRO,2,,24,MASCULINO,SIN DATOS,0,0,Morelia,Felicitas del Rio,octubre,miércoles,0,-101.199174821377,19.6881176412747
54507,54513,2025,,2025/10/08,"01:50:00",SALIDA DE SUPERFICIE DE RODAMIENTO,ASFALTO,Bueno,Bueno,1,FORD,GRIS,1,,,,SIN DATOS,0,0,Morelia,Articulo Constitucional,octubre,miércoles,2,-101.17155611515,19.7144447507629
54508,54514,2025,,2025/10/08,"07:10:00",COLISIÓN CONTRA OBJETO FIJO,ASFALTO,Bueno,Bueno,1,NISSAN,BLANCO,1,,40,MASCULINO,SIN DATOS,0,0,Morelia,Margarita Maza de Juarez,octubre,miércoles,7,-101.25212439,19.6948042549992
54509,54515,2025,,2025/10/08,12:00:00,COLISIÓN POR CORTE DE CIRCULACIÓN,ASFALTO,Bueno,Bueno,2,SUZUKI,GRIS,2,,,MASCULINO,SIN DATOS,0,0,Morelia,La Loma,octubre,miércoles,12,-101.18509054184,19.681066546248
54510,54516,2025,LEG58344,2025/10/08,14:10:00,COLISIÓN POR INVASIÓN DE CARRIL,ASFALTO,Bueno,Bueno,2,VENTO,NEGRO Y NARANJA,3,MINISTERIO PÚBLICO,21,MASCULINO,SIN DATOS,1,0,Morelia,Sentimientos de La Nacion,octubre,miércoles,14,-101.235206946731,19.6810018297997
54511,54517,2025,LEG58345,2025/10/08,14:25:00,COLISIÓN POR CORTE DE CIRCULACIÓN,ASFALTO,Bueno,Bueno,1,BAJAJ,ROJO,1,MINISTERIO PÚBLICO,17,MASCULINO,SIN DATOS,0,0,Morelia,Eduardo Ruiz,octubre,miércoles,14,-101.223817616701,19.7238399727274
54516,54522,2025,,2025/10/08,19:50:00,COLISIÓN POR CORTE DE CIRCULACIÓN,ASFALTO,Lluvioso,Bueno,2,NAVISTAR,BLANCO/VERDE,2,,31,MASCULINO,SIN DATOS,0,0,Morelia,Santillan La Huerta,octubre,miércoles,20,-101.219553885717,19.6760966650679
54517,54523,2025,LEG58352,2025/10/08,20:10:00,COLISIÓN POR ALCANCE,ASFALTO,Lluvioso,Regular,2,RENAULT,BLANCO,2,,67,MASCULINO,SIN DATOS,0,0,Morelia,Fuentes de Morelia,octubre,miércoles,20,-101.20316769,19.6693875049992
54518,54524,2025,,2025/10/08,20:30:00,COLISIÓN POR ALCANCE,ASFALTO,Lluvioso,Malo,2,CHEVROLET,ROJO,2,,28,MASCULINO,SIN DATOS,0,0,Morelia,Felicitas del Rio,octubre,miércoles,21,-101.201575398445,19.6908103351675
54519,54525,2025,,2025/10/08,21:03:00,COLISIÓN CONTRA OBJETO FIJO,ASFALTO,Bueno,Bueno,2,TOYOTA,BLANCO,2,,,MASCULINO,SIN DATOS,0,0,Morelia,Infonavit Colonial Universidad,octubre,miércoles,21,-101.20722681284,19.6865941815077
54521,54527,2025,,2025/10/09,"09:30:00",COLISIÓN POR CORTE DE CIRCULACIÓN,ASFALTO,Nublado,Bueno,2,HONDA,BLANCO,2,,41,FEMENINO,SIN DATOS,0,0,Morelia,Insurgentes,octubre,jueves,10,-101.154540928257,19.6969391869908
54522,54528,2025,,2025/10/09,11:20:00,SALIDA DE SUPERFICIE DE RODAMIENTO,ASFALTO,Bueno,Bueno,1,TOYOTA,GRIS,1,,50,MASCULINO,SIN DATOS,0,0,Hidalgo,Sin datos,octubre,jueves,11,-100.710039138794,19.6598046819047
54523,54529,2025,"202500112",2025/10/09,15:30:00,COLISIÓN POR CORTE DE CIRCULACIÓN,ASFALTO,Lluvioso,Bueno,2,BAJAJ,AZUL,2,,25,MASCULINO,SIN DATOS,0,0,Morelia,Lomas de Santa Maria,octubre,jueves,16,-101.1873845011,19.6734531870456
54524,54530,2025,,2025/10/09,18:20:00,COLISIÓN CON PEATÓN,ASFALTO,Lluvioso,Regular,1,CHEVROLET,AZUL MARINO,0,,,,,0,0,Morelia,Loma Bonita,octubre,jueves,18,-101.196995861828,19.7187700048479
54526,54532,2025,,2025/10/09,22:30:00,SUBIDA AL CAMELLÓN,ASFALTO,Bueno,Regular,1,CHEVROLET,GRIS,1,,,MASCULINO,SIN DATOS,0,0,Morelia,Clara Cordova Moran,octubre,jueves,23,-101.182848215103,19.7323888670199
54527,54533,2025,,2025/10/10,"00:00:00",COLISIÓN POR CORTE DE CIRCULACIÓN,ASFALTO,Bueno,Bueno,2,MERCEDES BENZ,AZUL,3,,55,FEMENINO,SIN DATOS,1,0,Morelia,Nueva Chapultepec,octubre,viernes,0,-101.169944107533,19.6896271969335
54528,54534,2025,,2025/10/10,"00:10:00",CAIDA DE MOTOCICLETA,ASFALTO,Nublado,Malo,1,HONDA,ROJO,2,,24,MASCULINO,SIN DATOS,1,0,Morelia,Lomas del Valle,octubre,viernes,0,-101.228853464127,19.6887360660374
54529,54535,2025,,2025/10/10,"01:05:00",SUBIDA AL CAMELLÓN,ASFALTO,Bueno,Bueno,1,MERCEDES BENZ,BLANCO,1,,,MASCULINO,SIN DATOS,0,0,Morelia,La Quemada,octubre,viernes,1,-101.241956055164,19.7055451661672
54530,54536,2025,,2025/10/10,"06:40:00",COLISIÓN POR INVASIÓN DE CARRIL,SIN_DATOS,Bueno,Bueno,3,NISSAN,AZUL,4,MINISTERIO PÚBLICO,19,MASCULINO,SIN DATOS,1,0,Morelia,Buenos Aires (Lomas de La Aldea),octubre,viernes,7,-101.145297288895,19.7363141105169
54531,54537,2025,,2025/10/10,"08:45:00",COLISIÓN POR CAMBIO DE CARRIL,ASFALTO,Bueno,Bueno,2,DODGE,AZUL,2,,29,MASCULINO,SIN DATOS,0,0,Morelia,Sin datos,octubre,viernes,9,-101.095485985279,19.7299020090372
54532,54538,2025,,2025/10/10,"09:30:00",COLISIÓN POR ALCANCE,ASFALTO,Bueno,Bueno,2,INTERNATIONAL,BLANCO/NARANJA,2,,37,MASCULINO,SIN DATOS,0,0,Morelia,San Pascual,octubre,viernes,10,-101.267357580364,19.6953571916623
54533,54539,2025,,2025/10/10,10:00:00,COLISIÓN POR CORTE DE CIRCULACIÓN,ASFALTO,Nublado,Bueno,2,NISSAN,BLANCO,2,,74,MASCULINO,SIN DATOS,0,0,Morelia,Rafael Carrillo,octubre,viernes,10,-101.237613558769,19.7070236248617
54534,54540,2025,,2025/10/10,10:23:00,COLISIÓN CON PEATÓN,SIN_DATOS,Bueno,Bueno,2,NAVISTAR,VERDE,2,,22,MASCULINO,SIN DATOS,0,0,Charo,Sin datos,octubre,viernes,10,-101.069873571396,19.682088431286
54535,54541,2025,,2025/10/10,10:30:00,COLISIÓN POR CORTE DE CIRCULACIÓN,ASFALTO,Nublado,Regular,2,CHEVROLET,AZUL,2,,32,FEMENINO,SIN DATOS,0,0,Morelia,Morelos,octubre,viernes,11,-101.207080632448,19.7023148568256
54536,54542,2025,,2025/10/10,11:30:00,SUBIDA AL CAMELLÓN,ASFALTO,Nublado,Bueno,1,SEAT,AZUL,1,,28,MASCULINO,SIN DATOS,0,0,Morelia,Barrio Alto,octubre,viernes,12,-101.194940954447,19.7243070682506
54537,54543,2025,,2025/10/10,13:20:00,COLISIÓN CONTRA OBJETO FIJO,ASFALTO,Bueno,Bueno,2,ITALIKA,NEGRO/AZUL,2,,26,MASCULINO,SIN DATOS,0,0,Morelia,Cinco de Diciembre,octubre,viernes,13,-101.163428351283,19.6858921097991
54538,54544,2025,,2025/10/10,15:50:00,COLISIÓN POR CAMBIO DE CARRIL,ASFALTO,Nublado,Bueno,2,MERCEDES BENZ,NEGRO,2,MINISTERIO PÚBLICO,32,MASCULINO,SIN DATOS,0,0,Morelia,Francisco J Mujica,octubre,viernes,16,-101.188105344772,19.722160942411
54539,54545,2025,,2025/10/10,15:54:00,COLISIÓN POR ALCANCE,ASFALTO,Bueno,Bueno,2,HONDA,BLANCO,2,,29,MASCULINO,SIN DATOS,0,0,Morelia,Valle de Altozano,octubre,viernes,16,-101.164316833019,19.663974813407
54540,54546,2025,,2025/10/10,16:20:00,COLISIÓN POR CORTE DE CIRCULACIÓN,ASFALTO,Nublado,Bueno,2,NISSAN,GRIS,2,,34,FEMENINO,SIN DATOS,0,0,Morelia,Primo Tapia Oriente,octubre,viernes,16,-101.160031333566,19.7155330189372
54541,54547,2025,,2025/10/10,16:45:00,COLISIÓN POR CORTE DE CIRCULACIÓN,CONCRETO,Nublado,Bueno,2,MAZDA,GRIS,2,,36,MASCULINO,SIN DATOS,0,0,Morelia,Centro,octubre,viernes,17,-101.19042545557,19.7079055170725
54542,54548,2025,,2025/10/10,17:05:00,CAIDA DE MOTOCICLETA,ASFALTO,Bueno,Bueno,1,VELOCI,NEGRO,2,,25,FEMENINO,SIN DATOS,1,0,Morelia,Montaña Monarca,octubre,viernes,17,-101.161784157157,19.6724385081903
54543,54549,2025,,2025/10/10,18:04:00,COLISIÓN POR CAMBIO DE CARRIL,CONCRETO,Bueno,Bueno,2,TOYOTA,BLANCO/ROJO,2,,33,FEMENINO,SIN DATOS,0,0,Morelia,Centro,octubre,viernes,18,-101.19048345834,19.7029240563663
54544,54550,2025,,2025/10/10,18:05:00,COLISIÓN POR CORTE DE CIRCULACIÓN,ASFALTO,Bueno,Bueno,2,TOYOTA,PLATA,2,,47,MASCULINO,SIN DATOS,0,0,Morelia,Central de Abastos,octubre,viernes,18,-101.171016991138,19.7177511945876
54545,54551,2025,"2025001234",2025/10/10,18:18:00,COLISIÓN POR ALCANCE,ASFALTO,Lluvioso,Bueno,2,NISSAN,ROJO,2,,44,MASCULINO,SIN DATOS,0,0,Morelia,Felix Ireta,octubre,viernes,18,-101.195735558867,19.6815287156362
54547,54553,2025,,2025/10/10,21:10:00,COLISIÓN POR CORTE DE CIRCULACIÓN,CONCRETO,Nublado,Regular,1,ITALIKA,GRIS/NEGRO,3,MINISTERIO PÚBLICO,,MASCULINO,SIN DATOS,2,0,Morelia,Vicente Lombardo Toledano (Ejidal Isacc Arriaga) (Etnias de Mexico),octubre,viernes,21,-101.148464977741,19.7116217839431
54548,54554,2025,MOR/20250109322,2025/10/11,"01:40:00",COLISIÓN CONTRA OBJETO FIJO,ASFALTO,Nublado,Regular,1,FREIGHTLINER,BLANCO/AZUL,1,,23,MASCULINO,SIN DATOS,0,0,Morelia,Nueva Valladolid,octubre,sábado,2,-101.213576942682,19.697254938883
54549,54555,2025,MOR/20250109321,2025/10/11,"01:40:00",COLISIÓN CONTRA OBJETO FIJO,CONCRETO,Nublado,Regular,1,BAJAJ,ROSA/NEGRO,2,MINISTERIO PÚBLICO,27,MASCULINO,SIN DATOS,1,0,Morelia,Agustin Arriaga Rivera,octubre,sábado,2,-101.226014277708,19.6881515417106
54550,54556,2025,,2025/10/11,"08:05:00",SUBIDA AL CAMELLÓN,ASFALTO,Bueno,Bueno,1,NISSAN,NEGRO,1,,43,FEMENINO,SIN DATOS,0,0,Morelia,Ana Maria Gallaga (Riviera Norte),octubre,sábado,8,-101.222774237394,19.6768015185449
54551,54557,2025,,2025/10/11,12:20:00,COLISIÓN CON PEATÓN,ASFALTO,Bueno,Bueno,1,NISSAN,AZUL,2,,45,FEMENINO,SIN DATOS,1,0,Morelia,Nicolas Bravo(Los Ejidos),octubre,sábado,12,-101.216792240739,19.7039309665839
54552,54558,2025,,2025/10/11,12:30:00,COLISIÓN POR INVASIÓN DE CARRIL,ASFALTO,Bueno,Bueno,2,VOLKSWAGEN,ROJO,2,,41,MASCULINO,SIN DATOS,0,0,Morelia,Industrial,octubre,sábado,13,-101.188443303108,19.7108036697549
54553,54559,2025,"2025009872",2025/10/11,15:30:00,COLISIÓN POR ALCANCE,ASFALTO,Bueno,Bueno,2,HONDA,NEGRO,2,,25,MASCULINO,SIN DATOS,0,0,Morelia,Real Santa Rita,octubre,sábado,16,-101.220726370811,19.674186252215
54554,54560,2025,,2025/10/11,15:30:00,COLISIÓN POR CORTE DE CIRCULACIÓN,ASFALTO,Bueno,Regular,2,MAZDA,PLATA,2,,,MASCULINO,SIN DATOS,0,0,Morelia,Prados Verdes,octubre,sábado,16,-101.197109520435,19.7166692539061
54555,54561,2025,,2025/10/11,15:50:00,COLISIÓN POR CAMBIO DE CARRIL,ASFALTO,Bueno,Bueno,2,FORD,ARENA,2,,19,MASCULINO,SIN DATOS,0,0,Morelia,Santillan La Huerta,octubre,sábado,16,-101.220127567649,19.6753865523705
54556,54562,2025,,2025/10/11,16:30:00,COLISIÓN POR ALCANCE,CONCRETO,Bueno,Bueno,3,CHEVROLET,GUINDA,3,,74,MASCULINO,SIN DATOS,0,0,Morelia,Lomas de Huerta,octubre,sábado,17,-101.214272975922,19.6743207418433
54557,54563,2025,,2025/10/11,20:10:00,COLISIÓN POR CORTE DE CIRCULACIÓN,ASFALTO,Bueno,Bueno,1,TOYOTA,ROJO,2,MINISTERIO PÚBLICO,,FEMENINO,SIN DATOS,0,0,Morelia,Enrique Arreguin Robles,octubre,sábado,20,-101.184172555804,19.7195621979298
54558,54564,2025,"202500888",2025/10/11,22:10:00,COLISIÓN POR ALCANCE,ASFALTO,Bueno,Bueno,2,NISSAN,BLANCO,2,,26,MASCULINO,SIN DATOS,0,0,Morelia,Chapultepec Sur,octubre,sábado,22,-101.174530684948,19.6923924690036