fid,id_accidente,anio_origen,folio_c5i,dia_incidente,hora_ocurrencia,tipo_incidente_vial,superficie_ocurrencia,condiciones_climaticas,condiciones_via,numero_vehiculos_involucrados,marca_vehiculo_ocasiona_siniestro,color_vehiculo_ocasiona_siniestro,numero_personas_involucradas,lugar_remite_presunto_responsable,edad_presunto_responsable,sexo_presunto_responsable,resultados_toxicologia,numero_personas_lesionadas,numero_personas_fallecidas,municipio,colonia,mes,dia_semana,hora_redondeada,lon,lat
54559,54565,2025,,2025/10/12,"06:20:00",VOLCADURA,ASFALTO,Nublado,Regular,1,S/D,SIN DATO,4,MINISTERIO PÚBLICO,24,MASCULINO,SIN DATOS,3,0,Morelia,Tierra Y Libertad,octubre,domingo,6,-101.227431893349,19.7134549505391
54560,54566,2025,,2025/10/12,"08:50:00",COLISIÓN POR NO RESPETAR SEMÁFORO,ASFALTO,Nublado,Bueno,2,NISSAN,GRIS,2,,73,MASCULINO,CON CERTIFICADO,0,0,Morelia,Fidel Velazquez,octubre,domingo,9,-101.234684586525,19.7024669991043
54561,54567,2025,,2025/10/12,11:00:00,COLISIÓN POR CORTE DE CIRCULACIÓN,ASFALTO,Bueno,Bueno,1,NISSAN,GRIS,1,,30,MASCULINO,SIN DATOS,0,0,Charo,San Bartolo,octubre,domingo,11,-101.040629446507,19.7550073975529
54562,54568,2025,,2025/10/12,12:40:00,COLISIÓN POR CAMBIO DE CARRIL,CONCRETO,Bueno,Bueno,2,HONDA,BLANCO,2,MINISTERIO PÚBLICO,26,MASCULINO,SIN DATOS,0,0,Morelia,Lomas de Huerta,octubre,domingo,13,-101.214282363653,19.674334001378
54563,54569,2025,,2025/10/12,15:00:00,COLISIÓN POR CORTE DE CIRCULACIÓN,ASFALTO,Bueno,Bueno,2,DINA,BLANCO,2,,22,MASCULINO,SIN DATOS,0,0,Morelia,Ciudad Industrial,octubre,domingo,15,-101.141566336155,19.725975976777
54564,54570,2025,,2025/10/12,15:08:00,COLISIÓN POR CAMBIO DE CARRIL,ASFALTO,Bueno,Bueno,3,HONDA,BLANCO,3,MINISTERIO PÚBLICO,,FEMENINO,SIN DATOS,0,0,Morelia,Alberto Oviedo Mota,octubre,domingo,15,-101.197755932808,19.6811770376848
54565,54571,2025,,2025/10/12,16:38:00,COLISIÓN POR CORTE DE CIRCULACIÓN,ASFALTO,Bueno,Bueno,2,NISSAN,BLANCO,2,,35,MASCULINO,SIN DATOS,0,0,Morelia,Sentimientos de La Nacion,octubre,domingo,17,-101.233253628016,19.6782057385748
54566,54572,2025,,2025/10/12,17:25:00,COLISIÓN POR MANIOBRA DE REVERSA,ASFALTO,Bueno,Bueno,2,GMC,BLANCO,2,,38,FEMENINO,SIN DATOS,0,0,Morelia,La Loma,octubre,domingo,17,-101.180039942265,19.6814523188757
54567,54573,2025,,2025/10/12,19:00:00,COLISIÓN CONTRA OBJETO FIJO,CONCRETO,Bueno,Bueno,1,VOLKSWAGEN,ROJO,0,,,,,0,0,Morelia,Melchor Ocampo,octubre,domingo,19,-101.201279014349,19.7076618451224
54568,54574,2025,"58397",2025/10/12,22:30:00,SALIDA DE SUPERFICIE DE RODAMIENTO,ASFALTO,Bueno,Bueno,1,TOYOTA,GRIS,1,,18,MASCULINO,SIN DATOS,0,0,Morelia,La Capilla,octubre,domingo,23,-101.158174574375,19.6598198370308
54569,54575,2025,,2025/10/13,"00:00:00",VOLCADURA,CONCRETO,Bueno,Bueno,1,MERCEDEZ BENZ,BLANCO,1,MINISTERIO PÚBLICO,17,MASCULINO,SIN DATOS,0,0,Charo,Sin datos,octubre,lunes,0,-101.045407801867,19.7734094898906
54570,54576,2025,,2025/10/13,"00:02:00",COLISIÓN POR CAMBIO DE CARRIL,ASFALTO,Bueno,Regular,2,MAZDA,ROJO,2,,27,MASCULINO,SIN DATOS,0,0,Tarímbaro,Sin datos,octubre,lunes,0,-101.170934177935,19.7524022454627
54571,54577,2025,,2025/10/13,"09:50:00",COLISIÓN POR ALCANCE,ASFALTO,Bueno,Bueno,2,NISSAN,BLANCO,2,,,MASCULINO,SIN DATOS,0,0,Morelia,Cinco de Diciembre,octubre,lunes,10,-101.162221357226,19.6869723645428
54572,54578,2025,"202500113",2025/10/13,10:28:00,COLISIÓN POR CORTE DE CIRCULACIÓN,ASFALTO,Bueno,Bueno,2,HONDA,BLANCO,2,,35,MASCULINO,SIN DATOS,0,0,Morelia,La Quemada,octubre,lunes,10,-101.238490641117,19.7014455597858
54573,54579,2025,,2025/10/13,10:45:00,COLISIÓN POR ALCANCE,ASFALTO,Bueno,Bueno,2,MAZDA,GRIS,2,,,MASCULINO,SIN DATOS,0,0,Morelia,Diego Rivera,octubre,lunes,11,-101.174120977521,19.7167620460719
54574,54580,2025,,2025/10/13,12:00:00,COLISIÓN CONTRA OBJETO FIJO,CONCRETO,Bueno,Bueno,1,VOLKSWAGEN,BLANCO,1,,31,MASCULINO,SIN DATOS,0,0,Morelia,Tinijaro,octubre,lunes,12,-101.257437765598,19.6972385246655
54575,54581,2025,,2025/10/13,14:30:00,COLISIÓN POR ALCANCE,ASFALTO,Bueno,Bueno,2,NISSAN,ROJO,2,,31,MASCULINO,SIN DATOS,0,0,Morelia,Primo Tapia Oriente,octubre,lunes,15,-101.160207688808,19.712642527027
54576,54582,2025,,2025/10/13,15:50:00,COLISIÓN POR ALCANCE,ASFALTO,Bueno,Bueno,2,TOYOTA,BLANCO  Y ROSA,2,,68,MASCULINO,SIN DATOS,0,0,Morelia,Gertrudis Sanchez,octubre,lunes,16,-101.213724464178,19.7430830288926
54577,54583,2025,,2025/10/13,16:35:00,COLISIÓN POR ALCANCE,ASFALTO,Bueno,Bueno,2,VOLKSWAGEN,GRIS,2,,20,MASCULINO,SIN DATOS,0,0,Morelia,Jardines de Guadalupe,octubre,lunes,17,-101.226388514042,19.7100328963088
54578,54584,2025,,2025/10/13,17:40:00,COLISIÓN POR ALCANCE,CONCRETO,Bueno,Bueno,2,NISSAN,BLANCO/Amarillo,3,,41,MASCULINO,SIN DATOS,1,0,Morelia,Juarez,octubre,lunes,18,-101.195510923862,19.6922927180105
54579,54585,2025,,2025/10/13,18:10:00,COLISIÓN POR CORTE DE CIRCULACIÓN,ASFALTO,Bueno,Bueno,2,VENTO,ROJO,2,MINISTERIO PÚBLICO,26,MASCULINO,SIN DATOS,0,0,Morelia,Ana Maria Gallaga (Riviera Norte),octubre,lunes,18,-101.224331259727,19.6768116208912
54580,54586,2025,,2025/10/13,19:50:00,COLISIÓN POR ALCANCE,ASFALTO,Bueno,Bueno,2,CMAX HYBRID,BLANCO,2,,18,MASCULINO,SIN DATOS,0,0,Morelia,Centro,octubre,lunes,20,-101.191540248692,19.7029344727113
54581,54587,2025,,2025/10/13,20:00:00,COLISIÓN POR MANIOBRA DE REVERSA,CONCRETO,Bueno,Regular,2,CHEVROLET/CHEVY,GRIS,2,,47,MASCULINO,SIN DATOS,0,0,Morelia,Indeco La Huerta,octubre,lunes,20,-101.231141388416,19.6517899454491
54582,54588,2025,"2025000324",2025/10/13,22:14:00,COLISIÓN POR CORTE DE CIRCULACIÓN,ASFALTO,Bueno,Bueno,2,CHEVROLET,BLANCO,2,,50,MASCULINO,SIN DATOS,0,0,Morelia,2 de Octubre,octubre,lunes,22,-101.378389298916,19.6720066205304
54583,54589,2025,,2025/10/13,22:45:00,COLISIÓN POR CORTE DE CIRCULACIÓN,SIN_DATOS,Bueno,Bueno,2,BAJAJ,NEGRO,2,,18,MASCULINO,SIN DATOS,0,0,Morelia,Centro,octubre,lunes,23,-101.196893267334,19.703040530004
54584,54590,2025,LEG58428,2025/10/14,"00:00:00",COLISIÓN POR CORTE DE CIRCULACIÓN,ASFALTO,Bueno,Bueno,2,FORD,VERDE,2,,63,,SIN DATOS,0,0,Morelia,Ana Maria Gallaga (Riviera Norte),octubre,martes,0,-101.224310472608,19.6767974144665
54585,54591,2025,,2025/10/14,"00:30:00",COLISIÓN CONTRA OBJETO FIJO,ASFALTO,Bueno,Bueno,1,CHEVROLET,BLANCO,1,,,MASCULINO,SIN DATOS,0,0,Morelia,Enrique Ramirez,octubre,martes,1,-101.16586714983,19.7082015843051
54586,54592,2025,,2025/10/14,"07:10:00",COLISIÓN POR CORTE DE CIRCULACIÓN,ASFALTO,Bueno,Bueno,2,VOLKSWAGEN,VERDE,2,,40,MASCULINO,SIN DATOS,0,0,Morelia,Lomas de Guayangareo,octubre,martes,7,-101.157946586609,19.7025768444771
54587,54593,2025,,2025/10/14,"07:27:00",COLISIÓN POR ALCANCE,ASFALTO,Bueno,Bueno,2,FORD,PLATA,2,,50,MASCULINO,SIN DATOS,0,0,Morelia,Los Angeles,octubre,martes,7,-101.175642460585,19.7432561083045
54588,54594,2025,,2025/10/14,"08:20:00",COLISIÓN POR CORTE DE CIRCULACIÓN,ASFALTO,Bueno,Bueno,2,NISSAN,DORADO,2,,71,MASCULINO,SIN DATOS,0,0,Morelia,Vista Bella,octubre,martes,8,-101.195845864713,19.679057167253
54589,54595,2025,,2025/10/14,"08:40:00",COLISIÓN CONTRA OBJETO FIJO,ASFALTO,Bueno,Bueno,2,VOLKSWAGEN,ROJO,1,MINISTERIO PÚBLICO,65,,SIN DATOS,0,0,Morelia,Lomas del Bosque,octubre,martes,9,-101.105753845641,19.7253105880537
54590,54596,2025,,2025/10/14,"09:50:00",COLISIÓN POR ALCANCE,ASFALTO,Bueno,Bueno,2,NISSAN,BLANCO,2,,49,MASCULINO,SIN DATOS,0,0,Morelia,Hospitales de Don Vasco,octubre,martes,10,-101.155497729778,19.7010806682631
54591,54597,2025,MOR20250110907,2025/10/14,18:08:00,COLISIÓN POR ALCANCE,ASFALTO,Bueno,Bueno,3,NISSAN,GRIS,3,,28,MASCULINO,SIN DATOS,0,0,Morelia,Ejidal Ocolusen,octubre,martes,18,-101.152222752571,19.6840965095208
54592,54598,2025,,2025/10/14,19:00:00,COLISIÓN POR ALCANCE,ASFALTO,Bueno,Bueno,2,HONDA,BLANCO,2,,31,,SIN DATOS,0,0,Morelia,Cuauhtemoc,octubre,martes,19,-101.185854971409,19.6973950909791
54593,54599,2025,LEG58434,2025/10/14,19:53:00,SUBIDA AL CAMELLÓN,ASFALTO,Bueno,Bueno,1,NISSAN,PLATA,1,,83,MASCULINO,SIN DATOS,0,0,Morelia,Eduardo Ruiz,octubre,martes,20,-101.224054321647,19.7247659567121
54594,54600,2025,,2025/10/14,21:09:00,COLISIÓN POR ALCANCE,ASFALTO,Bueno,Bueno,2,BMW,GRIS,3,,53,,SIN DATOS,1,0,Charo,Sin datos,octubre,martes,21,-101.010974943638,19.7002738636378
54595,54601,2025,MOR 20250111059,2025/10/15,"00:00:00",COLISIÓN CONTRA OBJETO FIJO,ASFALTO,Bueno,Bueno,1,SEAT,NARANJA,1,,27,MASCULINO,SIN DATOS,0,0,Morelia,La Calera,octubre,miércoles,0,-101.235666275024,19.6687358545663
54596,54602,2025,,2025/10/15,"08:20:00",COLISIÓN POR CORTE DE CIRCULACIÓN,CONCRETO,Bueno,Bueno,2,MITSUBISHI/MIRAGE,ROJO,2,,48,MASCULINO,SIN DATOS,0,0,Morelia,Solidaridad,octubre,miércoles,8,-101.204662621021,19.7351710723984
54597,54603,2025,,2025/10/15,"08:25:00",COLISIÓN POR CORTE DE CIRCULACIÓN,ASFALTO,Bueno,Bueno,2,NISSAN,GRIS,2,,38,MASCULINO,SIN DATOS,0,0,Morelia,Libertad,octubre,miércoles,8,-101.238003484905,19.6874562986265
54598,54604,2025,,2025/10/15,"09:40:00",COLISIÓN CONTRA OBJETO FIJO,CONCRETO,Bueno,Bueno,2,CHEVROLET,GRIS,2,MINISTERIO PÚBLICO,,MASCULINO,SIN DATOS,0,0,Morelia,Villas de Sur 11,octubre,miércoles,10,-101.19829505682,19.6491856382427
54599,54605,2025,,2025/10/15,"09:55:00",COLISIÓN POR CORTE DE CIRCULACIÓN,ASFALTO,Bueno,Bueno,2,ITALIKA,NARANJA,2,,31,MASCULINO,SIN DATOS,0,0,Morelia,Lomas del Punhuato,octubre,miércoles,10,-101.146756075323,19.6979159253958
54600,54606,2025,,2025/10/15,11:40:00,COLISIÓN CON PEATÓN,ASFALTO,Bueno,Bueno,1,FORD,BLANCO,2,,42,MASCULINO,SIN DATOS,1,0,Morelia,Eduardo Ruiz,octubre,miércoles,12,-101.224087178707,19.7248499072784
54601,54607,2025,,2025/10/15,13:05:00,COLISIÓN CONTRA OBJETO FIJO,CONCRETO,Bueno,Bueno,2,ISUZU,BLANCO Y AZUL,1,,38,MASCULINO,SIN DATOS,0,0,Morelia,Centro,octubre,miércoles,13,-101.199402809143,19.7056764730431
54602,54608,2025,,2025/10/15,15:05:00,COLISIÓN POR ALCANCE,ASFALTO,Bueno,Bueno,2,CHEVROLET,GRIS,2,MINISTERIO PÚBLICO,,MASCULINO,SIN DATOS,0,0,Morelia,Felix Ireta,octubre,miércoles,15,-101.187598407269,19.6872709959244
54603,54609,2025,MOR/2025011184,2025/10/15,18:00:00,COLISIÓN POR ALCANCE,ASFALTO,Bueno,Regular,2,NISSAN,ROJO,2,,44,MASCULINO,SIN DATOS,0,0,Morelia,Villa Universidad,octubre,miércoles,18,-101.214081197977,19.6879175025467
54604,54610,2025,,2025/10/15,20:20:00,COLISIÓN CONTRA OBJETO FIJO,CONCRETO,Bueno,Bueno,2,VELOCI,ROJO,2,MINISTERIO PÚBLICO,16,MASCULINO,SIN DATOS,0,0,Morelia,Los Manantiales de Morelia,octubre,miércoles,20,-101.241695210338,19.695787753717
54605,54611,2025,LEG58452,2025/10/16,"08:05:00",CAIDA DE MOTOCICLETA,ASFALTO,Bueno,Bueno,1,ITALIKA,VERDE Y NEGRO,2,MINISTERIO PÚBLICO,26,MASCULINO,SIN DATOS,1,0,Morelia,Jardines del Quinceo,octubre,jueves,8,-101.208768747747,19.7259254805568
54606,54612,2025,,2025/10/16,"08:39:00",COLISIÓN POR CAMBIO DE CARRIL,CONCRETO,Bueno,Bueno,2,ITALIKA,NEGRO,2,,36,FEMENINO,SIN DATOS,0,0,Morelia,Ciudad Industrial,octubre,jueves,9,-101.137907132506,19.7306404962864
54607,54613,2025,,2025/10/16,"09:50:00",COLISIÓN POR CAMBIO DE CARRIL,CONCRETO,Nublado,Bueno,2,TOYOTA,BLANCO,2,MINISTERIO PÚBLICO,52,MASCULINO,SIN DATOS,0,0,Morelia,Felicitas del Rio,octubre,jueves,10,-101.202891692519,19.6948483441043
54608,54614,2025,,2025/10/16,11:59:00,COLISIÓN POR ALCANCE,ASFALTO,Bueno,Bueno,2,MERCEDES BEANZ,BLANCO,2,,50,MASCULINO,SIN DATOS,0,0,Morelia,Sin datos,octubre,jueves,12,-101.279592812061,19.6539420665462
54609,54615,2025,LEG58454,2025/10/16,13:10:00,COLISIÓN POR CORTE DE CIRCULACIÓN,ASFALTO,Bueno,Bueno,2,NISSAN,BLANCO Y NARANJA,2,,54,MASCULINO,SIN DATOS,0,0,Morelia,Sentimientos de La Nacion,octubre,jueves,13,-101.233187243342,19.6782006874456
54610,54616,2025,,2025/10/16,14:48:00,COLISIÓN POR INVASIÓN DE CARRIL,ASFALTO,Bueno,Bueno,2,MERCEDES BENZ,AMARILLO,2,MINISTERIO PÚBLICO,33,MASCULINO,SIN DATOS,0,0,Morelia,Nueva Jacarndas,octubre,jueves,15,-101.188039630651,19.6813778162148
54611,54617,2025,,2025/10/16,14:48:00,COLISIÓN POR CORTE DE CIRCULACIÓN,ASFALTO,Bueno,Bueno,2,ISUZU,BLANCO,2,,36,MASCULINO,SIN DATOS,0,0,Morelia,Elias Perez Avalos,octubre,jueves,15,-101.165605634451,19.7104678377191
54612,54618,2025,LEG58460,2025/10/16,15:10:00,COLISIÓN CONTRA OBJETO FIJO,ASFALTO,Nublado,Bueno,2,CHEVROLET,BLANCO,2,,41,,SIN DATOS,0,0,Morelia,Industrial,octubre,jueves,15,-101.189771667123,19.7107493811653
54613,54619,2025,,2025/10/16,19:00:00,COLISIÓN POR CAMBIO DE CARRIL,ASFALTO,Bueno,Bueno,2,VOLVO,BLANCO,2,,41,MASCULINO,SIN DATOS,0,0,Morelia,Sentimientos de La Nacion,octubre,jueves,19,-101.233193278313,19.6781994246634
54614,54620,2025,LEG58461,2025/10/16,19:00:00,COLISIÓN POR CORTE DE CIRCULACIÓN,ASFALTO,Bueno,Bueno,2,TVS,NEGRO,3,MINISTERIO PÚBLICO,18,MASCULINO,SIN DATOS,1,0,Morelia,Ignacio Lopez Rayon,octubre,jueves,19,-101.254350543022,19.6907879225447
54615,54621,2025,LEG58463,2025/10/16,21:00:00,COLISIÓN POR CAMBIO DE CARRIL,ASFALTO,Bueno,Bueno,2,HYUNDAI,BLANCO,2,,45,MASCULINO,SIN DATOS,0,0,Morelia,Josefa Ortiz de Dominguez,octubre,jueves,21,-101.209994852543,19.6721139611394
54616,54622,2025,,2025/10/16,22:00:00,COLISIÓN CON PEATÓN,ASFALTO,Bueno,Bueno,1,TOYOTA HIACE,BLANCO GRIS,2,,36,MASCULINO,SIN DATOS,1,0,Morelia,La Quemada,octubre,jueves,22,-101.238720388332,19.7013794853828
54617,54623,2025,,2025/10/17,"00:00:00",COLISIÓN POR CAMBIO DE CARRIL,ASFALTO,Bueno,Bueno,2,TOYOTA,BLANCO/GRIS,2,,41,MASCULINO,SIN DATOS,0,0,Morelia,Felix Ireta,octubre,viernes,0,-101.195824407041,19.6824375817386
54618,54624,2025,,2025/10/17,"00:00:00",COLISIÓN POR CORTE DE CIRCULACIÓN,ASFALTO,Bueno,Bueno,2,INTERNATIONAL,NARANJA,2,,54,MASCULINO,SIN DATOS,0,0,Morelia,Lindavista,octubre,viernes,0,-101.216176003218,19.7038886701693
54619,54625,2025,,2025/10/17,13:00:00,COLISIÓN POR CORTE DE CIRCULACIÓN,ASFALTO,Bueno,Bueno,2,GM,BLANCO,2,,28,MASCULINO,SIN DATOS,0,0,Morelia,Tres Puentes,octubre,viernes,13,-101.21221370995,19.7092412872814
54620,54626,2025,,2025/10/17,13:50:00,COLISIÓN POR CAMBIO DE CARRIL,ASFALTO,Bueno,Bueno,2,NISSAN,BLANCO,2,,,FEMENINO,SIN DATOS,0,0,Morelia,Heroes de Bajan,octubre,viernes,14,-101.227391660213,19.6904100641929
54621,54627,2025,,2025/10/17,14:50:00,COLISIÓN POR ALCANCE,ASFALTO,Bueno,Bueno,2,VOLKSWAGEN,ARENA,2,,47,FEMENINO,SIN DATOS,0,0,Morelia,Indeco La Huerta,octubre,viernes,15,-101.230830252171,19.6499042897983
54622,54628,2025,,2025/10/17,19:45:00,COLISIÓN POR CAMBIO DE CARRIL,CONCRETO,Bueno,Bueno,3,TOYOTA,BLANCO,3,,49,MASCULINO,SIN DATOS,0,0,Morelia,Felix Ireta,octubre,viernes,20,-101.18811942637,19.6896909628777
54623,54629,2025,,2025/10/17,21:00:00,COLISIÓN CONTRA OBJETO FIJO,ASFALTO,Bueno,Bueno,2,NISSAN,VERDE,2,,54,MASCULINO,SIN DATOS,0,0,Morelia,Las Margaritas,octubre,viernes,21,-101.208277903497,19.708276074482
54624,54630,2025,,2025/10/18,"01:30:00",COLISIÓN CONTRA OBJETO FIJO,ASFALTO,Bueno,Regular,1,SEAT,NEGRO,2,,27,MASCULINO,SIN DATOS,1,0,Morelia,Cumbres de Morelia,octubre,sábado,2,-101.140297316015,19.6910492977249
54625,54631,2025,,2025/10/18,12:55:00,COLISIÓN POR NO RESPETAR SEMÁFORO,CONCRETO,Bueno,Bueno,2,VOLKSWAGEN,BLANCO,2,,23,MASCULINO,SIN DATOS,0,0,Morelia,Ventura Puente,octubre,sábado,13,-101.194420605898,19.6959670490112
54626,54632,2025,,2025/10/18,13:30:00,COLISIÓN POR CORTE DE CIRCULACIÓN,CONCRETO,Bueno,Bueno,2,MAZDA,GRIS,2,,26,FEMENINO,SIN DATOS,0,0,Morelia,Rey Tariacuri (Eucaliptos),octubre,sábado,14,-101.198722198606,19.6785915180916
54627,54633,2025,,2025/10/18,13:30:00,COLISIÓN POR CAMBIO DE CARRIL,ASFALTO,Bueno,Bueno,2,TOYOTA,BLANCO/NARANJA,2,,23,MASCULINO,SIN DATOS,0,0,Morelia,Centro,octubre,sábado,14,-101.188440620899,19.7107721066236
54628,54634,2025,,2025/10/18,14:10:00,COLISIÓN CONTRA OBJETO FIJO,ASFALTO,Bueno,Bueno,2,FORD,AZUL,2,,58,FEMENINO,SIN DATOS,0,0,Morelia,Enrique Arreguin Robles,octubre,sábado,14,-101.185321211815,19.7239990378426
54629,54635,2025,,2025/10/18,14:15:00,COLISIÓN POR CAMBIO DE CARRIL,ASFALTO,Bueno,Bueno,2,FREIGHTLINER,BLANCO,2,,50,MASCULINO,SIN DATOS,0,0,Morelia,Sentimientos de La Nacion,octubre,sábado,14,-101.235489249229,19.6817099210296
54630,54636,2025,LEG58476,2025/10/18,14:40:00,COLISIÓN POR MANIOBRA DE REVERSA,SIN_DATOS,Bueno,Bueno,2,CHEVROLET,BLANCO,2,,24,MASCULINO,SIN DATOS,0,0,Morelia,Centro,octubre,sábado,15,-101.190430819988,19.7078764784658
54631,54637,2025,LEG58480,2025/10/18,14:40:00,COLISIÓN POR ALCANCE,CONCRETO,Bueno,Bueno,3,NISSAN,BLANCO,3,MINISTERIO PÚBLICO,35,MASCULINO,SIN DATOS,0,0,Morelia,Rafael Carrillo,octubre,sábado,15,-101.23336493969,19.7120737649869
54632,54638,2025,,2025/10/18,20:20:00,COLISIÓN POR CAMBIO DE CARRIL,ASFALTO,Bueno,Bueno,2,CHEVROLET,ROJO,2,,24,FEMENINO,SIN DATOS,0,0,Morelia,Real Universidad,octubre,sábado,20,-101.21033616364,19.6871706103847
54633,54639,2025,,2025/10/18,21:30:00,SUBIDA AL CAMELLÓN,ASFALTO,Bueno,Bueno,1,FIAT,BLANCO,1,,,MASCULINO,SIN DATOS,0,0,Morelia,Los Manantiales de Morelia,octubre,sábado,22,-101.24027363956,19.6927346523179
54634,54640,2025,,2025/10/18,23:45:00,COLISIÓN POR CORTE DE CIRCULACIÓN,ASFALTO,Bueno,Bueno,1,CHEVROLET,ROJO,2,,20,MASCULINO,SIN DATOS,0,0,Morelia,Vasco de Quiroga,octubre,sábado,0,-101.175861395895,19.6992240014503
54635,54641,2025,,2025/10/19,15:30:00,COLISIÓN POR ALCANCE,ASFALTO,Bueno,Bueno,2,VOLKSWAGEN,ROJO,2,,33,,SIN DATOS,0,0,Morelia,Jardines de Guadalupe,octubre,domingo,16,-101.227351427078,19.7133965597095
54636,54642,2025,"202500223",2025/10/19,16:30:00,COLISIÓN POR CORTE DE CIRCULACIÓN,ASFALTO,Bueno,Bueno,2,TOYOTA,BLANCO Y GRIS,2,,53,MASCULINO,SIN DATOS,0,0,Morelia,Josefa Ortiz de Dominguez,octubre,domingo,17,-101.209882199764,19.672072287735
54637,54643,2025,,2025/10/19,18:20:00,COLISIÓN POR INVASIÓN DE CARRIL,CONCRETO,Bueno,Bueno,2,BAJAJ,ROJO,2,MINISTERIO PÚBLICO,,MASCULINO,SIN DATOS,0,0,Morelia,El Lago 1,octubre,domingo,18,-101.211577355862,19.7283429691895
54638,54644,2025,,2025/10/19,18:30:00,COLISIÓN POR CORTE DE CIRCULACIÓN,ASFALTO,Bueno,Bueno,3,NISSAN,AZUL,3,,60,MASCULINO,SIN DATOS,0,0,Morelia,El Eden,octubre,domingo,19,-101.248138546944,19.6480893410937
54639,54645,2025,,2025/10/19,18:46:00,COLISIÓN POR CORTE DE CIRCULACIÓN,ASFALTO,Bueno,Bueno,2,KIA,ROJO,2,,38,MASCULINO,SIN DATOS,0,0,Morelia,Independencia,octubre,domingo,19,-101.176123917103,19.7056433306928
54640,54646,2025,,2025/10/19,19:00:00,COLISIÓN POR INVASIÓN DE CARRIL,ASFALTO,Bueno,Bueno,2,VOLVO,AZUL,2,,54,MASCULINO,SIN DATOS,0,0,Morelia,Felix Arreguin,octubre,domingo,19,-101.226532012224,19.7214943751083
54641,54647,2025,LEG58484,2025/10/19,20:48:00,COLISIÓN POR CORTE DE CIRCULACIÓN,CONCRETO,Bueno,Bueno,2,ITALIKA,VERDE,2,,16,MASCULINO,SIN DATOS,0,0,Morelia,Niño Artillero,octubre,domingo,21,-101.254802495241,19.6968723609149
54642,54648,2025,,2025/10/19,21:00:00,COLISIÓN CONTRA OBJETO FIJO,CONCRETO,Bueno,Bueno,1,HONDA,PLATA,1,,28,MASCULINO,SIN DATOS,0,0,Morelia,Fidel Velazquez,octubre,domingo,21,-101.237540468574,19.7066795782641
54643,54649,2025,,2025/10/20,"05:15:00",COLISIÓN CONTRA OBJETO FIJO,CONCRETO,Bueno,Bueno,1,MITSUBISHI/ECLIPSE,PLATA,1,,,,SIN DATOS,0,0,Morelia,Sin datos,octubre,lunes,5,-101.342284083366,19.7280437832846
54644,54650,2025,,2025/10/20,"07:35:00",COLISIÓN POR ALCANCE,ASFALTO,Bueno,Bueno,2,CHEVROLET,BLANCO,2,,20,MASCULINO,SIN DATOS,0,0,Morelia,Praderas del Indio,octubre,lunes,8,-101.230382323265,19.6477003306277
54645,54651,2025,,2025/10/20,"07:48:00",COLISIÓN POR CORTE DE CIRCULACIÓN,ASFALTO,Bueno,Bueno,2,TOYOTA,PLATA,2,,41,FEMENINO,SIN DATOS,0,0,Morelia,Nueva Chapultepec,octubre,lunes,8,-101.173064857721,19.6863845704925
54646,54652,2025,,2025/10/20,10:00:00,COLISIÓN POR MANIOBRA DE REVERSA,ASFALTO,Bueno,Bueno,3,FORD,BLANCO,2,,31,FEMENINO,SIN DATOS,0,0,Morelia,Juarez,octubre,lunes,10,-101.196976583451,19.6933775382918
54647,54653,2025,LEG58498,2025/10/20,12:50:00,COLISIÓN POR ALCANCE,ASFALTO,Bueno,Bueno,2,VOLKSWAGEN,BLANCO,2,,32,MASCULINO,SIN DATOS,0,0,Morelia,Americas Britania,octubre,lunes,13,-101.149207949638,19.6945920257391
54648,54654,2025,,2025/10/20,16:15:00,COLISIÓN CONTRA OBJETO FIJO,CONCRETO,Bueno,Bueno,2,CUPRA,GRIS,2,,26,MASCULINO,SIN DATOS,0,0,Morelia,Montaña Monarca,octubre,lunes,16,-101.165385693312,19.671524218318
54649,54655,2025,,2025/10/20,16:55:00,COLISIÓN POR ALCANCE,ASFALTO,Bueno,Bueno,2,TOYOTA,BLANCO,2,,39,MASCULINO,SIN DATOS,0,0,Morelia,Niño Artillero,octubre,lunes,17,-101.250195801258,19.6986223635505
54650,54656,2025,,2025/10/20,19:33:00,SALIDA DE SUPERFICIE DE RODAMIENTO,ASFALTO,Bueno,Regular,1,Nissan,Plata,2,,0,MASCULINO,SIN DATOS,1,0,Morelia,Sin datos,octubre,lunes,20,-101.342796050012,19.555192999357
54651,54657,2025,,2025/10/20,21:00:00,COLISIÓN POR ALCANCE,CONCRETO,Bueno,Bueno,2,SEAT,AMARILLO,1,,,,SIN DATOS,0,0,Morelia,Obrera,octubre,lunes,21,-101.181582212448,19.7099350501101
54652,54658,2025,,2025/10/20,23:00:00,COLISIÓN CONTRA OBJETO FIJO,ASFALTO,Bueno,Bueno,1,VOLKSWAGEN Lupo,S/D,1,,,,SIN DATOS,0,0,Morelia,La Esperanza,octubre,lunes,23,-101.25213637948,19.7008205720677
54653,54659,2025,,2025/10/21,"08:10:00",COLISIÓN CONTRA OBJETO FIJO,ASFALTO,Bueno,Bueno,2,NISSAN,BLANCO,2,,,,SIN DATOS,0,0,Indaparapeo,San Lucas Pio,octubre,martes,8,-100.921563506126,19.7956026369438
54654,54660,2025,,2025/10/21,"08:50:00",COLISIÓN POR ALCANCE,ASFALTO,Bueno,Bueno,2,CATERPILLAR,AMARILLO,2,,29,MASCULINO,SIN DATOS,0,0,Morelia,Paraiso del Sur,octubre,martes,9,-101.195509582758,19.6576336952976