fid,id_accidente,anio_origen,folio_c5i,dia_incidente,hora_ocurrencia,tipo_incidente_vial,superficie_ocurrencia,condiciones_climaticas,condiciones_via,numero_vehiculos_involucrados,marca_vehiculo_ocasiona_siniestro,color_vehiculo_ocasiona_siniestro,numero_personas_involucradas,lugar_remite_presunto_responsable,edad_presunto_responsable,sexo_presunto_responsable,resultados_toxicologia,numero_personas_lesionadas,numero_personas_fallecidas,municipio,colonia,mes,dia_semana,hora_redondeada,lon,lat
54655,54661,2025,,2025/10/21,"09:00:00",COLISIÓN CON PEATÓN,SIN_DATOS,Bueno,Bueno,2,ITALIKA,BLANCO,2,,19,MASCULINO,SIN DATOS,0,0,Morelia,Lomas de Huerta,octubre,martes,9,-101.210149079561,19.6723267478987
54656,54662,2025,LEG58504,2025/10/21,"09:11:00",COLISIÓN POR CORTE DE CIRCULACIÓN,CONCRETO,Bueno,Bueno,2,NISSAN,BLANCO,2,,47,,SIN DATOS,0,0,Morelia,Arkos San Pedro,octubre,martes,9,-101.285847723484,19.6328376565567
54657,54663,2025,,2025/10/21,"09:30:00",COLISIÓN POR ALCANCE,ASFALTO,Bueno,Bueno,3,TOYOTA,GRIS,3,,64,MASCULINO,SIN DATOS,0,0,Morelia,Independencia,octubre,martes,10,-101.177960559726,19.7193570487036
54658,54664,2025,,2025/10/21,16:30:00,COLISIÓN POR INVASIÓN DE CARRIL,ASFALTO,Bueno,Bueno,2,CHRYSLER,VERDE,2,,,MASCULINO,SIN DATOS,0,0,Morelia,Vasco de Quiroga,octubre,martes,17,-101.171559467912,19.7067679572772
54659,54665,2025,,2025/10/21,16:40:00,COLISIÓN POR ALCANCE,ASFALTO,Bueno,Bueno,2,MAZDA/CX30,NEGRO,2,,44,FEMENINO,SIN DATOS,0,0,Morelia,Jardines del Toreo,octubre,martes,17,-101.215461194515,19.685456470231
54660,54666,2025,,2025/10/21,19:50:00,COLISIÓN POR CAMBIO DE CARRIL,ASFALTO,Bueno,Bueno,2,NISSAN,AZUL,2,,26,MASCULINO,SIN DATOS,0,0,Morelia,Loma de Los Piñones,octubre,martes,20,-101.203758716583,19.6750348609364
54661,54667,2025,,2025/10/21,20:30:00,COLISIÓN POR ALCANCE,ASFALTO,Bueno,Bueno,2,VENTO,BLANCO NEGRO,2,,27,MASCULINO,SIN DATOS,0,0,Morelia,La Quemada,octubre,martes,21,-101.237008720636,19.7018205512449
54662,54668,2025,,2025/10/22,"00:05:00",COLISIÓN POR NO RESPETAR SEMÁFORO,ASFALTO,Bueno,Bueno,2,ITALIKA/250Z,NEGRO  AMARILLO,1,MINISTERIO PÚBLICO,,,,1,0,Morelia,Morelia 450,octubre,miércoles,0,-101.217091977596,19.6755298806151
54663,54669,2025,,2025/10/22,"07:30:00",COLISIÓN POR CORTE DE CIRCULACIÓN,CONCRETO,Bueno,Regular,2,CARABELA,NEGRO,3,MINISTERIO PÚBLICO,15,MASCULINO,SIN DATOS,1,0,Morelia,Ricardo Flores Magon,octubre,miércoles,8,-101.243113428354,19.7070678142792
54664,54670,2025,,2025/10/22,"08:51:00",COLISIÓN POR ALCANCE,CONCRETO,Bueno,Bueno,2,PEUGEOT,GRIS,2,,17,FEMENINO,SIN DATOS,0,0,Morelia,La Floresta,octubre,miércoles,9,-101.151935756207,19.6833527563926
54665,54671,2025,,2025/10/22,10:35:00,COLISIÓN POR ALCANCE,ASFALTO,Bueno,Bueno,2,NISSAN,BLANCO/ROJO,2,,64,MASCULINO,SIN DATOS,0,0,Morelia,Felicitas del Rio,octubre,miércoles,11,-101.195400953293,19.6920054600565
54666,54672,2025,,2025/10/22,12:50:00,COLISIÓN POR MANIOBRA DE REVERSA,ASFALTO,Bueno,Bueno,2,DODGE,AZUL,2,,33,MASCULINO,SIN DATOS,0,0,Morelia,Gustavo Diaz Ordaz,octubre,miércoles,13,-101.20360314846,19.6911121160923
54667,54673,2025,,2025/10/22,14:49:00,COLISIÓN POR CORTE DE CIRCULACIÓN,ASFALTO,Bueno,Bueno,2,INTERNACIONAL,BLANCO,2,,35,MASCULINO,SIN DATOS,0,0,Morelia,Sentimientos de La Nacion,octubre,miércoles,15,-101.23322814703,19.6780958764802
54668,54674,2025,,2025/10/22,15:37:00,COLISIÓN POR CORTE DE CIRCULACIÓN,ASFALTO,Bueno,Bueno,1,MAZDA,BLANCO,1,,,MASCULINO,SIN DATOS,0,0,Morelia,Cuauhtemoc,octubre,miércoles,16,-101.184681504965,19.6967145314536
54669,54675,2025,,2025/10/22,18:44:00,COLISIÓN CONTRA OBJETO FIJO,ASFALTO,Bueno,Bueno,1,VOLKSWAGEN,BLANCO,2,,32,MASCULINO,SIN DATOS,1,0,Morelia,Plan de La Garita,octubre,miércoles,19,-101.186686456203,19.711359179845
54670,54676,2025,,2025/10/22,20:23:00,COLISIÓN CONTRA OBJETO FIJO,ASFALTO,Bueno,Bueno,1,KIA,ROJO,1,,,MASCULINO,SIN DATOS,0,0,Morelia,Sin datos,octubre,miércoles,20,-101.118550300598,19.7018899940113
54671,54677,2025,,2025/10/22,20:30:00,COLISIÓN POR ALCANCE,ASFALTO,Bueno,Bueno,2,PULSAR,ROJO Y NEGRO,5,MINISTERIO PÚBLICO,17,MASCULINO,SIN DATOS,3,0,Morelia,Fracc Heroes Republicanos,octubre,miércoles,21,-101.276366114616,19.6924682292101
54672,54678,2025,,2025/10/22,21:10:00,COLISIÓN POR MANIOBRA DE REVERSA,ASFALTO,Bueno,Bueno,2,TOYOTA,BLANCO Y MORADO,2,,53,MASCULINO,SIN DATOS,0,0,Morelia,Lomas de Morelia (Dr Ignacio Chavez),octubre,miércoles,21,-101.175188831985,19.7168668317182
54673,54679,2025,,2025/10/23,"00:00:00",CAIDA ACUATICA DE VEHÍCULO,ASFALTO,Bueno,Bueno,1,SEAT,AZUL,1,,,,SIN DATOS,0,0,Morelia,Ciudad Industrial,octubre,jueves,0,-101.145490407944,19.7251685401815
54674,54680,2025,,2025/10/23,"08:10:00",COLISIÓN POR CORTE DE CIRCULACIÓN,ASFALTO,Bueno,Bueno,2,ITALIKA,GRIS,3,MINISTERIO PÚBLICO,,MASCULINO,SIN DATOS,1,0,Morelia,Morelos,octubre,jueves,8,-101.209219023585,19.6981659253137
54675,54681,2025,"202500897",2025/10/23,"08:36:00",COLISIÓN POR CORTE DE CIRCULACIÓN,ASFALTO,Bueno,Bueno,2,FORD,BLANCO,2,,36,MASCULINO,SIN DATOS,0,0,Morelia,Emiliano Zapata,octubre,jueves,9,-101.230435967445,19.6544573588632
54676,54682,2025,,2025/10/23,14:15:00,COLISIÓN POR CORTE DE CIRCULACIÓN,ASFALTO,Bueno,Bueno,2,VOLKSWAGEN,BLANCO,2,,,MASCULINO,SIN DATOS,0,0,Morelia,Centro,octubre,jueves,14,-101.193242039222,19.7070663753396
54677,54683,2025,,2025/10/23,15:30:00,COLISIÓN POR CORTE DE CIRCULACIÓN,ASFALTO,Bueno,Bueno,2,ITALIKA/125Z,NEGRO AZUL,2,,17,MASCULINO,SIN DATOS,0,0,Morelia,Torreon Nuevo,octubre,jueves,16,-101.205287575722,19.7489116031543
54678,54684,2025,,2025/10/23,15:40:00,COLISIÓN POR CORTE DE CIRCULACIÓN,ASFALTO,Bueno,Bueno,2,MAZDA,BLANCO,2,MINISTERIO PÚBLICO,48,MASCULINO,SIN DATOS,0,0,Morelia,Centro,octubre,jueves,16,-101.185841560364,19.6984455964763
54679,54685,2025,,2025/10/23,16:00:00,COLISIÓN POR CORTE DE CIRCULACIÓN,ASFALTO,Bueno,Bueno,2,JEEP,GRIS,1,,41,FEMENINO,SIN DATOS,0,0,Morelia,Centro,octubre,jueves,16,-101.19862228632,19.6979803193514
54680,54686,2025,,2025/10/23,17:00:00,COLISIÓN CONTRA OBJETO FIJO,ASFALTO,Bueno,Bueno,1,DODGE,GRIS,1,,18,MASCULINO,SIN DATOS,0,0,Morelia,Enrique Arreguin Robles,octubre,jueves,17,-101.183199584484,19.7236127365738
54681,54687,2025,,2025/10/23,18:00:00,COLISIÓN POR ALCANCE,CONCRETO,Bueno,Bueno,2,FORD,BLANCO,2,,23,MASCULINO,SIN DATOS,0,0,Morelia,Felicitas del Rio,octubre,jueves,18,-101.195604801178,19.6891574747406
54682,54688,2025,,2025/10/23,18:00:00,COLISIÓN POR CORTE DE CIRCULACIÓN,CONCRETO,Bueno,Bueno,2,FORD,BLANCO,2,,33,MASCULINO,SIN DATOS,0,0,Morelia,Ciudad Jardin,octubre,jueves,18,-101.256614327431,19.7107405434862
54683,54689,2025,LEG58533,2025/10/23,18:40:00,COLISIÓN POR ALCANCE,ASFALTO,Bueno,Bueno,2,PEUGEOT,GRIS,2,,23,MASCULINO,SIN DATOS,0,0,Morelia,Granjas del Maestro,octubre,jueves,19,-101.188386976719,19.7128893476602
54684,54690,2025,,2025/10/23,19:00:00,COLISIÓN POR CAMBIO DE CARRIL,ASFALTO,Bueno,Bueno,2,VOLKSWAGEN,BLANCO,2,,26,MASCULINO,SIN DATOS,0,0,Morelia,Las Americas,octubre,jueves,19,-101.156508252025,19.6876870585911
54685,54691,2025,,2025/10/23,19:20:00,COLISIÓN POR ALCANCE,ASFALTO,Bueno,Bueno,2,VOLKSWAGEN,BLANCO,2,,34,MASCULINO,SIN DATOS,0,0,Morelia,Felix Ireta,octubre,jueves,19,-101.191771924496,19.6824372660513
54686,54692,2025,,2025/10/23,22:00:00,COLISIÓN POR CORTE DE CIRCULACIÓN,ASFALTO,Bueno,Regular,2,S/D,S/D,1,,24,MASCULINO,SIN DATOS,0,0,Morelia,La Quemada,octubre,jueves,22,-101.241980195045,19.7055767303299
54687,54693,2025,LEG58546,2025/10/24,"00:00:00",COLISIÓN POR CORTE DE CIRCULACIÓN,ASFALTO,Bueno,Bueno,2,TOYOTA,BLANCO,2,,43,MASCULINO,ALIENTO ETÍLICO,0,0,Morelia,Cuauhtemoc,octubre,viernes,0,-101.17908641696,19.6947839488886
54688,54694,2025,,2025/10/24,"02:30:00",COLISIÓN CONTRA OBJETO FIJO,ASFALTO,Bueno,Bueno,1,SEAT,VERDE,1,,,,SIN DATOS,0,0,Morelia,Las Americas,octubre,viernes,3,-101.153408288956,19.6873745381762
54689,54695,2025,,2025/10/24,"07:30:00",COLISIÓN POR CAMBIO DE CARRIL,ASFALTO,Bueno,Bueno,2,VOLKSWAGEN,PLATA,2,MINISTERIO PÚBLICO,42,MASCULINO,SIN DATOS,0,0,Morelia,El Lago 1,octubre,viernes,8,-101.208970248699,19.7262461312836
54690,54696,2025,,2025/10/24,"09:00:00",COLISIÓN POR CORTE DE CIRCULACIÓN,ASFALTO,Bueno,Bueno,2,MITSUBISHI,ROJO,2,MINISTERIO PÚBLICO,33,FEMENINO,SIN DATOS,0,0,Morelia,Ciudad Industrial,octubre,viernes,9,-101.13798558712,19.7286547783761
54691,54697,2025,,2025/10/24,10:30:00,COLISIÓN POR CAMBIO DE CARRIL,ASFALTO,Bueno,Bueno,2,HONDA,BLANCO,2,,17,MASCULINO,SIN DATOS,0,0,Morelia,Centro,octubre,viernes,11,-101.200196743011,19.7004215887326
54692,54698,2025,,2025/10/24,11:53:00,COLISIÓN POR CORTE DE CIRCULACIÓN,ASFALTO,Bueno,Bueno,2,INTERNACIONAL,BLANCO,2,,45,MASCULINO,SIN DATOS,0,0,Morelia,Sentimientos de La Nacion,octubre,viernes,12,-101.233299225569,19.6781741690151
54693,54699,2025,,2025/10/24,13:00:00,COLISIÓN POR CAMBIO DE CARRIL,ASFALTO,Bueno,Bueno,2,FORD,AMARILLO/VERDE,2,,67,MASCULINO,SIN DATOS,0,0,Morelia,Elias Perez Avalos,octubre,viernes,13,-101.165537238121,19.7104728878301
54694,54700,2025,,2025/10/24,15:10:00,COLISIÓN POR ALCANCE,ASFALTO,Bueno,Bueno,2,JEEP,GRIS,2,,45,FEMENINO,SIN DATOS,0,0,Morelia,Lomas de Huerta,octubre,viernes,15,-101.210146397352,19.6723336934558
54695,54701,2025,,2025/10/24,15:18:00,COLISIÓN POR ALCANCE,ASFALTO,Bueno,Bueno,3,SCANIA,BLANCO/NARANJA,3,,55,MASCULINO,SIN DATOS,0,0,Tarímbaro,Sin datos,octubre,viernes,15,-101.170943230391,19.752397196677
54696,54702,2025,,2025/10/24,18:30:00,COLISIÓN POR CORTE DE CIRCULACIÓN,ASFALTO,Bueno,Bueno,2,FORD,VERDE,2,,53,FEMENINO,SIN DATOS,0,0,Morelia,Indeco El Vivero,octubre,viernes,19,-101.231739521027,19.6776753691465
54697,54703,2025,R10 MOR/2025011,2025/10/24,19:00:00,COLISIÓN POR CORTE DE CIRCULACIÓN,ASFALTO,Nublado,Bueno,2,ITALIKA,GRIS/NEGRO,2,MINISTERIO PÚBLICO,,,SIN DATOS,0,1,Morelia,Lomas de La Maestranza,octubre,viernes,19,-101.330831050873,19.684667265097
54698,54704,2025,,2025/10/24,19:10:00,COLISIÓN POR ALCANCE,ASFALTO,Bueno,Bueno,2,VOLKSWAGEN,NEGRO,2,,32,MASCULINO,SIN DATOS,0,0,Morelia,Ciudad Industrial,octubre,viernes,19,-101.144822537899,19.7274782320266
54699,54705,2025,LEG58554,2025/10/24,19:42:00,COLISIÓN POR ALCANCE,ASFALTO,Bueno,Bueno,1,NISSAN,BLANCO,2,,71,MASCULINO,SIN DATOS,0,0,Morelia,Nueva Valladolid,octubre,viernes,20,-101.209093630314,19.6985661768945
54700,54706,2025,,2025/10/24,21:00:00,COLISIÓN POR CORTE DE CIRCULACIÓN,ASFALTO,Bueno,Bueno,2,VENTO,NEGRO,2,,,MASCULINO,SIN DATOS,0,0,Morelia,Ejidal Ocolusen,octubre,viernes,21,-101.152515113354,19.6848718274411
54701,54707,2025,,2025/10/24,21:10:00,COLISIÓN CONTRA OBJETO FIJO,CONCRETO,Bueno,Bueno,2,S/D,S/D,0,,,,,0,0,Morelia,Gertrudis Sanchez,octubre,viernes,21,-101.199937909842,19.7431185209538
54702,54708,2025,,2025/10/24,21:30:00,COLISIÓN POR CAMBIO DE CARRIL,ASFALTO,Bueno,Bueno,2,CHEVROLET,AZUL,2,,57,MASCULINO,SIN DATOS,0,0,Morelia,Barrio Alto,octubre,viernes,22,-101.194561421871,19.7243297917817
54703,54709,2025,,2025/10/24,22:00:00,COLISIÓN POR MANIOBRA DE REVERSA,CONCRETO,Bueno,Bueno,2,TOYOTA,ARENA,2,,40,MASCULINO,SIN DATOS,0,0,Morelia,Morelia 450,octubre,viernes,22,-101.214771866798,19.6743933535675
54704,54710,2025,,2025/10/25,"00:00:00",COLISIÓN POR ALCANCE,ASFALTO,Bueno,Bueno,2,CHEVROLET,ROJO,2,,26,MASCULINO,SIN DATOS,0,0,Morelia,Niño Artillero,octubre,sábado,0,-101.256118789315,19.6974632730355
54705,54711,2025,,2025/10/25,"05:00:00",SUBIDA AL CAMELLÓN,ASFALTO,Bueno,Bueno,1,GREAT WALL  MOTORS,NEGRO,1,,33,MASCULINO,SIN DATOS,0,0,Morelia,Lomas de Las Americas Sur,octubre,sábado,5,-101.143698692322,19.6921424600681
54706,54712,2025,LEG58558,2025/10/25,11:15:00,COLISIÓN POR CAMBIO DE CARRIL,ASFALTO,Bueno,Bueno,2,NISSAN,ARENA,2,MINISTERIO PÚBLICO,,MASCULINO,SIN DATOS,0,0,Morelia,Tres Puentes,octubre,sábado,11,-101.213795542717,19.7026121969948
54707,54713,2025,LEG58560,2025/10/25,12:00:00,SUBIDA AL CAMELLÓN,ASFALTO,Bueno,Bueno,1,NISSAN,BLANCO/ROJO,1,,57,MASCULINO,SIN DATOS,0,0,Tarímbaro,Sin datos,octubre,sábado,12,-101.170952618122,19.7523959344806
54708,54714,2025,,2025/10/25,12:10:00,SALIDA DE SUPERFICIE DE RODAMIENTO,CONCRETO,Bueno,Bueno,1,NISSAN,ROJO,1,MINISTERIO PÚBLICO,,,,1,0,Morelia,Villas Oriente,octubre,sábado,12,-101.142185926437,19.7536126872137
54709,54715,2025,MOR/20250115358,2025/10/25,14:20:00,COLISIÓN POR INVASIÓN DE CARRIL,ASFALTO,Bueno,Bueno,2,VOLVO,NARANJA,2,,,MASCULINO,SIN DATOS,0,0,Morelia,Sentimientos de La Nacion,octubre,sábado,14,-101.233197301626,19.6782095269215
54710,54716,2025,,2025/10/25,14:50:00,COLISIÓN POR NO RESPETAR SEMÁFORO,ASFALTO,Bueno,Bueno,2,GMC,AZUL,2,,46,MASCULINO,SIN DATOS,0,0,Morelia,Avicola Benito Juarez,octubre,sábado,15,-101.27956867218,19.6913596012799
54711,54717,2025,MOR2024168,2025/10/25,15:20:00,COLISIÓN CONTRA OBJETO FIJO,CONCRETO,Bueno,Bueno,1,MERCEDES BENZ,NEGRO,1,,,MASCULINO,SIN DATOS,0,0,Morelia,Balcones de Santa Maria,octubre,sábado,15,-101.186214387417,19.6772207653821
54712,54718,2025,LEG58566,2025/10/25,16:20:00,CAIDA DE MOTOCICLETA,ASFALTO,Bueno,Bueno,1,ITALIKA,NEGRO/AMARILLO,2,,65,MASCULINO,SIN DATOS,1,0,Morelia,Ferrocarrilero,octubre,sábado,16,-101.224140152335,19.6913476058332
54713,54719,2025,"202500123",2025/10/25,18:06:00,COLISIÓN POR CORTE DE CIRCULACIÓN,ASFALTO,Bueno,Bueno,1,FORD,GUINDA,2,,55,,SIN DATOS,0,0,Morelia,Ventura Puente,octubre,sábado,18,-101.188075840473,19.690440368655
54714,54720,2025,,2025/10/25,19:20:00,COLISIÓN POR ALCANCE,ASFALTO,Bueno,Bueno,2,ITALIKA/VITALIA 150,ROJO BLANCO,2,,43,FEMENINO,SIN DATOS,0,0,Morelia,Ciudad Industrial,octubre,sábado,19,-101.147523522377,19.7216079947314
54715,54721,2025,,2025/10/25,20:30:00,COLISIÓN POR CORTE DE CIRCULACIÓN,CONCRETO,Bueno,Regular,2,S/D,S/D,1,,,MASCULINO,SIN DATOS,0,0,Morelia,Centro,octubre,sábado,21,-101.190425120294,19.7078499649507
54716,54722,2025,,2025/10/25,21:05:00,COLISIÓN POR CORTE DE CIRCULACIÓN,ASFALTO,Bueno,Bueno,2,DODGE,BLANCO,2,,52,MASCULINO,SIN DATOS,0,0,Morelia,Nicolas Bravo(Los Ejidos),octubre,sábado,21,-101.216791570187,19.7039353856116
54717,54723,2025,LEG58571,2025/10/25,21:40:00,COLISIÓN POR CORTE DE CIRCULACIÓN,ASFALTO,Bueno,Bueno,2,KIA,GUINDA,2,MINISTERIO PÚBLICO,50,,SIN DATOS,0,0,Morelia,Ventura Puente,octubre,sábado,22,-101.187998056412,19.6932839118281
54718,54724,2025,,2025/10/25,22:25:00,COLISIÓN POR CAMBIO DE CARRIL,CONCRETO,Bueno,Bueno,2,VOLKSWAGEN,BLANCO,2,,21,MASCULINO,SIN DATOS,0,0,Morelia,Centro,octubre,sábado,22,-101.205907166004,19.702564218576
54719,54725,2025,,2025/10/26,"06:40:00",COLISIÓN POR ALCANCE,ASFALTO,Bueno,Bueno,2,BMW,BLANCO,2,,26,MASCULINO,SIN DATOS,0,0,Morelia,Loma de Los Piñones,octubre,domingo,7,-101.203556209803,19.6749224710514
54720,54726,2025,,2025/10/26,"06:40:00",COLISIÓN CONTRA OBJETO FIJO,CONCRETO,Bueno,Bueno,2,CHEVROLET,GRIS,2,,45,MASCULINO,SIN DATOS,0,0,Morelia,Felix Ireta,octubre,domingo,7,-101.188075840473,19.6885438033478
54721,54727,2025,,2025/10/26,11:45:00,COLISIÓN POR CORTE DE CIRCULACIÓN,CONCRETO,Bueno,Bueno,2,ITALIKA,AMARILLO Y NEGRO,2,MINISTERIO PÚBLICO,32,MASCULINO,SIN DATOS,0,0,Morelia,Felix Ireta,octubre,domingo,12,-101.188172399998,19.6873735911437
54722,54728,2025,LEG58575,2025/10/26,11:46:00,COLISIÓN POR CAMBIO DE CARRIL,ASFALTO,Bueno,Bueno,2,DINA,BLANCO,2,,19,MASCULINO,SIN DATOS,0,0,Morelia,La Esperanza,octubre,domingo,12,-101.254366636276,19.697852162728
54723,54729,2025,,2025/10/26,12:23:00,COLISIÓN POR ALCANCE,ASFALTO,Bueno,Bueno,2,CHEVROLET,PLATA,2,,31,FEMENINO,SIN DATOS,0,0,Morelia,Avicola Benito Juarez,octubre,domingo,12,-101.279540508986,19.6913545505656
54724,54730,2025,,2025/10/26,12:39:00,COLISIÓN POR CORTE DE CIRCULACIÓN,ASFALTO,Bueno,Bueno,2,HONDA,GRIS,2,,63,MASCULINO,SIN DATOS,0,0,Morelia,Morelos,octubre,domingo,13,-101.185423135757,19.7240520595125
54725,54731,2025,,2025/10/26,15:10:00,COLISIÓN POR CORTE DE CIRCULACIÓN,ASFALTO,Bueno,Bueno,2,NISSAN,BLANCO,3,MINISTERIO PÚBLICO,44,MASCULINO,SIN DATOS,1,0,Morelia,El Lago 1,octubre,domingo,15,-101.217142939568,19.7282318791299
54726,54732,2025,LEG58582,2025/10/26,15:15:00,COLISIÓN POR INVASIÓN DE CARRIL,ASFALTO,Bueno,Bueno,2,ITALIKA,GRIS,1,MINISTERIO PÚBLICO,18,MASCULINO,SIN DATOS,0,0,Morelia,Sin datos,octubre,domingo,15,-101.246189922094,19.5003805929436
54727,54733,2025,,2025/10/26,17:17:00,COLISIÓN POR ALCANCE,ASFALTO,Bueno,Bueno,2,MITSUBISHI,BLANCO,2,,36,FEMENINO,SIN DATOS,0,0,Morelia,Granjas del Maestro,octubre,domingo,17,-101.188368201256,19.7128287472332
54728,54734,2025,LEG58583,2025/10/26,18:25:00,SALIDA DE SUPERFICIE DE RODAMIENTO,ASFALTO,Bueno,Bueno,1,CHEVROLET,BLANCO,1,,,FEMENINO,SIN DATOS,0,0,Morelia,Sin datos,octubre,domingo,18,-101.302268207073,19.5883159309002
54729,54735,2025,LEG58581,2025/10/26,19:10:00,COLISIÓN CONTRA OBJETO FIJO,ASFALTO,Bueno,Bueno,3,FORD,BLANCO,3,,,,SIN DATOS,0,0,Morelia,Ciudad Industrial,octubre,domingo,19,-101.141437590122,19.7222518377368
54730,54736,2025,,2025/10/26,21:30:00,COLISIÓN POR ALCANCE,ASFALTO,Bueno,Regular,2,FORD,VERDE,2,,27,MASCULINO,SIN DATOS,0,0,Morelia,El Eden,octubre,domingo,22,-101.25187754631,19.6437495475445
54731,54737,2025,,2025/10/27,"00:00:00",COLISIÓN POR ALCANCE,ASFALTO,Bueno,Bueno,3,NISSAN,BLANCA,3,,45,MASCULINO,SIN DATOS,0,0,Morelia,Primo Tapia Oriente,octubre,lunes,0,-101.158535331488,19.7134726255968
54732,54738,2025,,2025/10/27,"00:00:00",COLISIÓN POR CORTE DE CIRCULACIÓN,ASFALTO,Bueno,Bueno,2,KENWORT,ROJO,2,,,MASCULINO,SIN DATOS,0,0,Morelia,Elias Perez Avalos,octubre,lunes,0,-101.165492981672,19.7104476372734
54733,54739,2025,,2025/10/27,"08:05:00",COLISIÓN POR ALCANCE,ASFALTO,Bueno,Bueno,2,VOLKSWAGEN,ROJO,2,,42,MASCULINO,SIN DATOS,0,0,Morelia,Las Americas,octubre,lunes,8,-101.156617552042,19.6876794823458
54734,54740,2025,,2025/10/27,"08:20:00",COLISIÓN POR ALCANCE,ASFALTO,Bueno,Bueno,2,VOLKSWAGEN,NEGRO,2,,55,MASCULINO,SIN DATOS,0,0,Morelia,Bosques de Oriente,octubre,lunes,8,-101.156820058823,19.7148891488704
54735,54741,2025,,2025/10/27,"08:30:00",COLISIÓN POR ALCANCE,ASFALTO,Bueno,Bueno,2,"FIAT/500;POP",BLANCO,2,,20,MASCULINO,SIN DATOS,0,0,Morelia,Clara Cordova Moran,octubre,lunes,9,-101.180840581656,19.7373965493432
54736,54742,2025,,2025/10/27,"09:30:00",COLISIÓN POR ALCANCE,CONCRETO,Bueno,Bueno,3,CHEVROLET,BLANCO,3,,,MASCULINO,SIN DATOS,0,0,Morelia,Division del Norte,octubre,lunes,10,-101.164566278458,19.7108617459001
54737,54743,2025,LEG58590,2025/10/27,13:59:00,COLISIÓN POR ALCANCE,SIN_DATOS,Bueno,Bueno,2,KIA,AZUL,2,,31,MASCULINO,SIN DATOS,0,0,Morelia,Avicola Benito Juarez,octubre,lunes,14,-101.279531121254,19.6914707169539
54738,54744,2025,,2025/10/27,16:50:00,COLISIÓN POR CORTE DE CIRCULACIÓN,ASFALTO,Bueno,Bueno,1,NISSAN,GRIS,1,,39,FEMENINO,SIN DATOS,0,0,Morelia,Industrial,octubre,lunes,17,-101.197648644447,19.7107815755636
54739,54745,2025,,2025/10/27,17:10:00,COLISIÓN POR ALCANCE,ASFALTO,Bueno,Bueno,2,TOYOTA/HIACE,BLANCO ORO,2,MINISTERIO PÚBLICO,61,MASCULINO,SIN DATOS,0,0,Morelia,Ejidal Ocolusen,octubre,lunes,17,-101.15340963006,19.6872697332136
54740,54746,2025,,2025/10/27,18:25:00,COLISIÓN POR MANIOBRA DE REVERSA,ASFALTO,Bueno,Regular,2,TOYOTA,NEGRA,2,,,MASCULINO,SIN DATOS,0,0,Morelia,Villas de La Loma,octubre,lunes,18,-101.299710050225,19.6880658703974
54741,54747,2025,,2025/10/27,19:00:00,COLISIÓN CON PEATÓN,SIN_DATOS,Bueno,Bueno,2,CHEVROLET,BLANCO,2,,34,MASCULINO,SIN DATOS,0,0,Morelia,Ciudad Industrial,octubre,lunes,19,-101.137990951538,19.7287052737337
54742,54748,2025,,2025/10/28,"07:40:00",COLISIÓN POR INVASIÓN DE CARRIL,ASFALTO,Bueno,Bueno,2,DINA,ROJO CON FRANJAS,2,,68,MASCULINO,SIN DATOS,0,0,Morelia,Arkos San Pedro,octubre,martes,8,-101.290930509567,19.6279373587374
54743,54749,2025,,2025/10/28,"08:18:00",COLISIÓN POR CORTE DE CIRCULACIÓN,CONCRETO,Bueno,Bueno,2,SEAT,GRIS,2,,24,MASCULINO,SIN DATOS,0,0,Morelia,Felicitas del Rio,octubre,martes,8,-101.19709007442,19.6885955740706
54744,54750,2025,,2025/10/28,11:19:00,COLISIÓN POR ALCANCE,ASFALTO,Bueno,Bueno,2,NISSAN,BLANCO,2,,41,MASCULINO,SIN DATOS,0,0,Morelia,Centro,octubre,martes,11,-101.17805108428,19.6994089746627
54745,54751,2025,,2025/10/28,12:10:00,VOLCADURA,ASFALTO,Bueno,Bueno,1,VOLKSWAGEN,ROJO,2,MINISTERIO PÚBLICO,44,MASCULINO,SIN DATOS,1,0,Morelia,Sin datos,octubre,martes,12,-101.27925619483,19.6702721126066
54746,54752,2025,,2025/10/28,13:40:00,COLISIÓN POR CORTE DE CIRCULACIÓN,ASFALTO,Bueno,Bueno,2,VOLKSWAGEN,AZUL,2,MINISTERIO PÚBLICO,65,MASCULINO,SIN DATOS,0,0,Morelia,Loma de Los Piñones,octubre,martes,14,-101.205083057284,19.6740126152041
54747,54753,2025,,2025/10/28,16:08:00,COLISIÓN CONTRA OBJETO FIJO,ASFALTO,Bueno,Bueno,1,TOYOTA,BLANCO,1,MINISTERIO PÚBLICO,53,MASCULINO,SIN DATOS,0,0,Morelia,Santiaguito,octubre,martes,16,-101.19517698884,19.7191171815822
54748,54754,2025,,2025/10/29,"06:30:00",COLISIÓN POR ALCANCE,ASFALTO,Bueno,Bueno,2,NISSAN,NEGRO,2,,18,FEMENINO,SIN DATOS,0,0,Morelia,Los Angeles,octubre,miércoles,7,-101.17454007268,19.7454675877985
54749,54755,2025,,2025/10/29,"07:00:00",COLISIÓN POR CORTE DE CIRCULACIÓN,ASFALTO,Bueno,Bueno,1,NISSAN,AMARILLA,1,,52,MASCULINO,SIN DATOS,0,0,Morelia,Lazaro Cardenas,octubre,miércoles,7,-101.164934242337,19.7094606368538