fid,id_accidente,anio_origen,folio_c5i,dia_incidente,hora_ocurrencia,tipo_incidente_vial,superficie_ocurrencia,condiciones_climaticas,condiciones_via,numero_vehiculos_involucrados,marca_vehiculo_ocasiona_siniestro,color_vehiculo_ocasiona_siniestro,numero_personas_involucradas,lugar_remite_presunto_responsable,edad_presunto_responsable,sexo_presunto_responsable,resultados_toxicologia,numero_personas_lesionadas,numero_personas_fallecidas,municipio,colonia,mes,dia_semana,hora_redondeada,lon,lat
54750,54756,2025,,2025/10/29,"07:30:00",COLISIÓN POR CAMBIO DE CARRIL,ASFALTO,Bueno,Bueno,2,VOLKSWAGEN,GRIS,2,,31,MASCULINO,SIN DATOS,0,0,Morelia,Los Angeles,octubre,miércoles,8,-101.17636397481,19.7416719531905
54751,54757,2025,"2025000123",2025/10/29,"08:15:00",COLISIÓN CON PEATÓN,ASFALTO,Bueno,Bueno,1,CHEVROLET,Negro,2,,39,MASCULINO,SIN DATOS,1,0,Morelia,Sin datos,octubre,miércoles,8,-101.12074971199,19.7354614086426
54752,54758,2025,,2025/10/29,10:00:00,COLISIÓN POR CORTE DE CIRCULACIÓN,ASFALTO,Bueno,Bueno,2,JEEP,AZUL,2,,62,FEMENINO,SIN DATOS,0,0,Morelia,Tres Puentes,octubre,miércoles,10,-101.213715076447,19.7026664883461
54753,54759,2025,,2025/10/29,11:30:00,COLISIÓN POR CORTE DE CIRCULACIÓN,ASFALTO,Bueno,Bueno,2,HONDA,AZUL,2,,35,MASCULINO,SIN DATOS,0,0,Morelia,Primo Tapia Oriente,octubre,miércoles,12,-101.157535538077,19.7141973012814
54754,54760,2025,"202500088",2025/10/29,18:05:00,COLISIÓN POR ALCANCE,ASFALTO,Bueno,Bueno,2,SCANIA,BLANCO Y NARANJA,2,,50,,SIN DATOS,0,0,Morelia,San Pascual,octubre,miércoles,18,-101.267336088978,19.6952846831448
54755,54761,2025,,2025/10/29,19:30:00,COLISIÓN POR CAMBIO DE CARRIL,ASFALTO,Bueno,Regular,2,FREIGHTLINER,BLANCO,2,,55,MASCULINO,SIN DATOS,0,0,Morelia,Indeco El Vivero,octubre,miércoles,20,-101.229864656925,19.676908855942
54756,54762,2025,LEG58617,2025/10/29,22:10:00,COLISIÓN POR CAMBIO DE CARRIL,ASFALTO,Bueno,Bueno,2,KIA,GRIS,2,,30,,SIN DATOS,0,0,Morelia,Irrigacion,octubre,miércoles,22,-101.225021928549,19.7047409092007
54757,54763,2025,MOR2025.,2025/10/29,23:30:00,COLISIÓN CONTRA OBJETO FIJO,ASFALTO,Bueno,Bueno,1,JETTA,NEGRO,0,,,,,0,0,Morelia,Buenavista,octubre,miércoles,0,-101.159727573395,19.7059125726353
54758,54764,2025,,2025/10/30,"03:00:00",SUBIDA AL CAMELLÓN,CONCRETO,Bueno,Bueno,1,SEAT,Gris,0,,,,,0,0,Morelia,La Quemada,octubre,jueves,3,-101.240706816316,19.7058355562291
54759,54765,2025,,2025/10/30,"07:00:00",COLISIÓN CONTRA OBJETO FIJO,ASFALTO,Bueno,Bueno,2,VOLKSWAGEN,PLATA,2,,48,MASCULINO,SIN DATOS,0,0,Morelia,Sin datos,octubre,jueves,7,-101.294114291668,19.686435079196
54760,54766,2025,,2025/10/30,"08:00:00",COLISIÓN POR CORTE DE CIRCULACIÓN,ASFALTO,Bueno,Bueno,2,NISSAN,BLANCO,2,MINISTERIO PÚBLICO,32,MASCULINO,SIN DATOS,0,0,Morelia,Sin datos,octubre,jueves,8,-101.341935396194,19.7298666625533
54761,54767,2025,LEG58624,2025/10/30,"08:30:00",COLISIÓN POR ALCANCE,SIN_DATOS,Bueno,Bueno,2,HONDA,NEGRO,2,,34,MASCULINO,SIN DATOS,0,0,Morelia,Ciudad Industrial,octubre,jueves,9,-101.138062030077,19.7285689362316
54762,54768,2025,,2025/10/30,"08:50:00",COLISIÓN POR CORTE DE CIRCULACIÓN,ASFALTO,Bueno,Bueno,2,NISSAN,AZUL,2,,27,MASCULINO,SIN DATOS,0,0,Morelia,Ejidal Ocolusen,octubre,jueves,9,-101.154051348567,19.6854375293534
54763,54769,2025,,2025/10/30,11:36:00,COLISIÓN POR ALCANCE,ASFALTO,Bueno,Bueno,2,CHEVROLET,BLANCO,2,,24,FEMENINO,SIN DATOS,0,0,Morelia,Las Americas,octubre,jueves,12,-101.156568266451,19.6876769569306
54764,54770,2025,,2025/10/30,12:00:00,COLISIÓN POR CAMBIO DE CARRIL,ASFALTO,Bueno,Bueno,2,MACK,BLANCO,2,,44,MASCULINO,SIN DATOS,0,0,Morelia,Primo Tapia Oriente,octubre,jueves,12,-101.160593256354,19.7164028706547
54765,54771,2025,,2025/10/30,15:20:00,COLISIÓN POR CAMBIO DE CARRIL,ASFALTO,Bueno,Bueno,2,INTERNATIONAL,BLANCO Y AZUL,2,,23,MASCULINO,SIN DATOS,0,0,Morelia,Elias Perez Avalos,octubre,jueves,15,-101.165108084679,19.7106231285601
54766,54772,2025,,2025/10/30,16:10:00,COLISIÓN POR CORTE DE CIRCULACIÓN,ASFALTO,Bueno,Bueno,2,CHEVROLET,GRIAS,2,,24,MASCULINO,SIN DATOS,0,0,Morelia,Centro,octubre,jueves,16,-101.178194582462,19.6991160477019
54767,54773,2025,LEG58628,2025/10/30,17:30:00,COLISIÓN POR CAMBIO DE CARRIL,ASFALTO,Bueno,Bueno,2,FORD,BLANCO,2,,25,MASCULINO,SIN DATOS,0,0,Morelia,Enrique Ramirez,octubre,jueves,18,-101.166041493416,19.7098517229776
54768,54774,2025,LEG58626,2025/10/30,18:50:00,COLISIÓN POR CORTE DE CIRCULACIÓN,ASFALTO,Bueno,Bueno,2,ITALIKA,NEGRO,2,MINISTERIO PÚBLICO,18,MASCULINO,SIN DATOS,0,0,Morelia,La Hacienda,octubre,jueves,19,-101.32065474987,19.6744489172995
54769,54775,2025,,2025/10/31,"00:40:00",VOLCADURA,ASFALTO,Bueno,Bueno,1,GML,BLANCO,1,,33,MASCULINO,SIN DATOS,0,0,Morelia,Sin datos,octubre,viernes,1,-101.114720106125,19.7368076782853
54770,54776,2025,LEG58630,2025/10/31,"06:20:00",COLISIÓN POR ALCANCE,ASFALTO,Bueno,Bueno,2,JEEP,NEGRO,2,,23,MASCULINO,SIN DATOS,0,0,Morelia,Mirador del Punhuato,octubre,viernes,6,-101.158170551062,19.7032043505053
54771,54777,2025,,2025/10/31,"09:10:00",COLISIÓN POR ALCANCE,ASFALTO,Bueno,Bueno,4,NISSAN,GRIS,4,,20,MASCULINO,SIN DATOS,0,0,Morelia,Dr Miguel Silva,octubre,viernes,9,-101.188266277313,19.721251986309
54772,54778,2025,LEG58633,2025/10/31,11:45:00,COLISIÓN POR CORTE DE CIRCULACIÓN,ASFALTO,Bueno,Bueno,2,FORD,ROJO,2,,69,FEMENINO,SIN DATOS,0,0,Morelia,Ventura Puente,octubre,viernes,12,-101.189970821142,19.6908823080757
54773,54779,2025,,2025/10/31,12:20:00,COLISIÓN POR CAMBIO DE CARRIL,ASFALTO,Bueno,Bueno,2,CHEVROLET,PLATA,2,,43,MASCULINO,SIN DATOS,0,0,Morelia,Nicolaitas Ilustres,octubre,viernes,12,-101.228358596563,19.7194492080809
54774,54780,2025,,2025/10/31,13:30:00,COLISIÓN POR CORTE DE CIRCULACIÓN,CONCRETO,Bueno,Bueno,2,NISSAN,BLANCO,2,,,MASCULINO,SIN DATOS,0,0,Morelia,Sentimientos de La Nacion,octubre,viernes,14,-101.235376596451,19.6809472154108
54775,54781,2025,LEG58635,2025/10/31,17:00:00,COLISIÓN POR ALCANCE,ASFALTO,Bueno,Bueno,3,NISSAN,GRIS,3,,25,,SIN DATOS,0,0,Morelia,Chapultepec Norte,octubre,viernes,17,-101.168242916465,19.6949891296327
54776,54782,2025,,2025/10/31,18:00:00,COLISIÓN POR MANIOBRA DE REVERSA,CONCRETO,Bueno,Bueno,2,KIA,AZUL,2,,,MASCULINO,SIN DATOS,0,0,Morelia,Consuelo Alfaro de Vazquez,octubre,viernes,18,-101.136693432927,19.7291035553073
54777,54783,2025,,2025/10/31,18:00:00,CAIDA DE MOTOCICLETA,CONCRETO,Bueno,Bueno,1,VENTO,NEGRO/NARANJA,1,,20,MASCULINO,SIN DATOS,0,0,Morelia,Montaña Monarca,octubre,viernes,18,-101.161575950682,19.6722885473292
54778,54784,2025,,2025/10/31,18:15:00,COLISIÓN POR CORTE DE CIRCULACIÓN,ASFALTO,Bueno,Bueno,2,S/D,S/D,2,,,,SIN DATOS,0,0,Morelia,Fidel Velazquez,octubre,viernes,18,-101.239953786135,19.7060262033309
54779,54785,2025,,2025/10/31,20:00:00,COLISIÓN POR CORTE DE CIRCULACIÓN,CONCRETO,Bueno,Bueno,2,MITSUBISHI,GRIS,2,,,,SIN DATOS,0,0,Morelia,Nueva Valladolid,octubre,viernes,20,-101.211554694621,19.6999418540092
54780,54786,2025,,2025/10/31,21:00:00,COLISIÓN CONTRA OBJETO FIJO,ASFALTO,Bueno,Bueno,2,ITALIKA,NEGRO,2,,25,MASCULINO,SIN DATOS,0,0,Morelia,Villas del Real,octubre,viernes,21,-101.199453100562,19.7319363122432
54781,54787,2025,,2025/11/01,"00:02:00",COLISIÓN POR ALCANCE,ASFALTO,Bueno,Bueno,0,,,0,,,,,0,0,Morelia,Fuentes de Morelia,noviembre,sábado,0,-101.205053552985,19.673956419913
54782,54788,2025,LEG58644,2025/11/01,"01:30:00",COLISIÓN CONTRA OBJETO FIJO,CONCRETO,Bueno,Bueno,1,PULSAR,NEGRA,2,,24,MASCULINO,SIN DATOS,1,0,Morelia,Vista Bella,noviembre,sábado,2,-101.198956891894,19.6794672530886
54783,54789,2025,,2025/11/01,"03:00:00",SUBIDA AL CAMELLÓN,ASFALTO,Bueno,Bueno,1,CHEVROLET,NEGRO,1,,,MASCULINO,SIN DATOS,0,0,Morelia,Centro,noviembre,sábado,3,-101.190616562963,19.6972953431035
54784,54790,2025,LEG58645,2025/11/01,"04:50:00",SALIDA DE SUPERFICIE DE RODAMIENTO,ASFALTO,Bueno,Bueno,1,VOLKSWAGEN,GRIS,1,MINISTERIO PÚBLICO,17,,SIN DATOS,0,0,Charo,San Pedro Y San Pablo,noviembre,sábado,5,-101.046822667122,19.7521835697874
54785,54791,2025,,2025/11/01,"06:40:00",COLISIÓN CONTRA OBJETO FIJO,ASFALTO,Bueno,Bueno,1,AUDI,PLATA,1,,31,FEMENINO,SIN DATOS,0,0,Morelia,Josefa Ortiz de Dominguez,noviembre,sábado,7,-101.209120452404,19.6719510559517
54786,54792,2025,LEG58648,2025/11/01,13:00:00,COLISIÓN POR CORTE DE CIRCULACIÓN,SIN_DATOS,Bueno,Bueno,2,FORD,NARANJA,2,MINISTERIO PÚBLICO,43,FEMENINO,SIN DATOS,0,0,Morelia,Lomas de Vista Bella,noviembre,sábado,13,-101.199554353952,19.675834215934
54787,54793,2025,,2025/11/01,13:00:00,VOLCADURA,ASFALTO,Bueno,Bueno,1,MERCEDES BENZ,BLANCO,1,,28,MASCULINO,SIN DATOS,0,0,Morelia,Sin datos,noviembre,sábado,13,-101.131896972656,19.6057220805652
54788,54794,2025,,2025/11/01,13:10:00,COLISIÓN POR CORTE DE CIRCULACIÓN,ASFALTO,Bueno,Regular,2,S/D,S/D,2,,37,FEMENINO,SIN DATOS,1,0,Morelia,Primo Tapia Oriente,noviembre,sábado,13,-101.158558130264,19.7134524255307
54789,54795,2025,,2025/11/02,"00:00:00",COLISIÓN POR CORTE DE CIRCULACIÓN,ASFALTO,Bueno,Bueno,2,TOYOTA,ROJO,2,,45,FEMENINO,SIN DATOS,0,0,Morelia,Fuentes de Morelia,noviembre,domingo,0,-101.203750669956,19.6707715669401
54790,54796,2025,,2025/11/02,"00:30:00",COLISIÓN POR INVASIÓN DE CARRIL,ASFALTO,Bueno,Bueno,2,NISSAN,GRIS,2,,38,FEMENINO,SIN DATOS,0,0,Morelia,Lomas de Morelia (Dr Ignacio Chavez),noviembre,domingo,1,-101.173917800188,19.7162412730158
54791,54797,2025,,2025/11/02,"09:00:00",COLISIÓN POR ALCANCE,ASFALTO,Bueno,Bueno,2,MAZDA,GRIS,2,,63,MASCULINO,SIN DATOS,0,0,Morelia,Juarez,noviembre,domingo,9,-101.195497512817,19.6935667481741
54792,54798,2025,,2025/11/02,14:50:00,COLISIÓN POR CORTE DE CIRCULACIÓN,ASFALTO,Bueno,Bueno,1,CARABELA,ROJO,1,,48,MASCULINO,SIN DATOS,0,0,Morelia,Rafael Carrillo,noviembre,domingo,15,-101.233437359333,19.7120687149264
54793,54799,2025,,2025/11/02,21:00:00,COLISIÓN POR CORTE DE CIRCULACIÓN,ASFALTO,Bueno,Bueno,2,FORD,GRIS,2,,36,MASCULINO,SIN DATOS,0,0,Charo,Sin datos,noviembre,domingo,21,-101.08153416825,19.6618273970992
54794,54800,2025,LEG58652,2025/11/03,"00:00:00",COLISIÓN POR CORTE DE CIRCULACIÓN,ASFALTO,Bueno,Bueno,2,NISSAN,BCO Y NARANJA,2,,20,MASCULINO,SIN DATOS,0,0,Morelia,Industrial,noviembre,lunes,0,-101.188401728868,19.7107746316744
54795,54801,2025,,2025/11/03,"00:00:00",COLISIÓN CON PEATÓN,SIN_DATOS,Bueno,Bueno,1,CHEVROLET,AZUL,0,,,,,0,0,Morelia,Puerta Tres Marias,noviembre,lunes,0,-101.138443909585,19.6903144156967
54796,54802,2025,,2025/11/03,"02:00:00",COLISIÓN POR CORTE DE CIRCULACIÓN,ASFALTO,Bueno,Bueno,2,CHEVROLET,VERDE,2,,48,MASCULINO,SIN DATOS,0,0,Morelia,Centro,noviembre,lunes,2,-101.184064932168,19.7069336677952
54797,54803,2025,,2025/11/03,"04:50:00",COLISIÓN CONTRA OBJETO FIJO,ASFALTO,Bueno,Bueno,2,NISSAN,NEGRO,2,,25,FEMENINO,SIN DATOS,0,0,Morelia,Juarez,noviembre,lunes,5,-101.199581846595,19.6954960827742
54798,54804,2025,,2025/11/03,"05:35:00",SALIDA DE SUPERFICIE DE RODAMIENTO,ASFALTO,Bueno,Bueno,2,CHEVROLET,PLATA,1,,21,MASCULINO,SIN DATOS,0,0,Morelia,Lazaro Cardenas,noviembre,lunes,6,-101.161599084735,19.712002117239
54799,54805,2025,,2025/11/03,"05:35:00",COLISIÓN POR NO RESPETAR SEMÁFORO,ASFALTO,Bueno,Bueno,2,CHEVROLET,PLATA,2,MINISTERIO PÚBLICO,21,,SIN DATOS,0,0,Morelia,Lazaro Cardenas,noviembre,lunes,6,-101.16124369204,19.7121697161055
54800,54806,2025,,2025/11/03,"08:30:00",COLISIÓN POR CAMBIO DE CARRIL,CONCRETO,Bueno,Bueno,2,NISSAN,BLANCO Y AMARILLO,2,,52,MASCULINO,SIN DATOS,0,0,Morelia,Felix Ireta,noviembre,lunes,9,-101.188187152147,19.6878404774806
54801,54807,2025,,2025/11/03,13:18:00,COLISIÓN POR CORTE DE CIRCULACIÓN,ASFALTO,Bueno,Bueno,3,RAM,BLANCO,3,MINISTERIO PÚBLICO,26,,SIN DATOS,0,0,Morelia,Ciudad Industrial,noviembre,lunes,13,-101.136647164822,19.7293389891144
54802,54808,2025,MOR20250118724,2025/11/03,14:05:00,COLISIÓN POR ALCANCE,CONCRETO,Bueno,Bueno,2,VOLKSWAGEN,PLATA,2,MINISTERIO PÚBLICO,20,MASCULINO,SIN DATOS,0,0,Morelia,Vasco de Quiroga,noviembre,lunes,14,-101.175038293004,19.6980794354873
54803,54809,2025,LEG58657,2025/11/03,15:11:00,COLISIÓN POR ALCANCE,ASFALTO,Bueno,Bueno,2,NISSAN,BLANCO,2,,42,MASCULINO,SIN DATOS,0,0,Morelia,Eduardo Ruiz,noviembre,lunes,15,-101.224091202021,19.7248682122833
54804,54810,2025,LEG58653,2025/11/03,18:09:00,COLISIÓN POR ALCANCE,ASFALTO,Bueno,Bueno,2,CHEVROLET,GRIS,2,,25,MASCULINO,SIN DATOS,0,0,Morelia,Bosques de Oriente,noviembre,lunes,18,-101.155454814434,19.7156163431093
54805,54811,2025,MOR/20250119365,2025/11/03,18:12:00,COLISIÓN POR CORTE DE CIRCULACIÓN,ASFALTO,Bueno,Bueno,2,CHEVROLET,BLANCO,2,,60,MASCULINO,SIN DATOS,0,0,Morelia,El Lago 3,noviembre,lunes,18,-101.219740658998,19.7238121994371
54806,54812,2025,,2025/11/03,18:14:00,COLISIÓN POR ALCANCE,CONCRETO,Bueno,Bueno,1,RAM,PLATA,1,,52,FEMENINO,SIN DATOS,0,0,Morelia,Tzindurio Sarh,noviembre,lunes,18,-101.242959201336,19.6924631785307
54807,54813,2025,LEG58655,2025/11/03,19:24:00,COLISIÓN POR INVASIÓN DE CARRIL,ASFALTO,Bueno,Bueno,2,CHEVROLET,AZUL,2,,43,MASCULINO,SIN DATOS,0,0,Morelia,Sin datos,noviembre,lunes,19,-101.357054337859,19.6709136364724
54808,54814,2025,MOR/20250119382,2025/11/03,21:00:00,COLISIÓN POR CORTE DE CIRCULACIÓN,ASFALTO,Bueno,Bueno,2,RENAULT,ROJO,2,,58,MASCULINO,SIN DATOS,0,0,Morelia,Nueva Valladolid,noviembre,lunes,21,-101.207860484719,19.7009910235056
54809,54815,2025,,2025/11/04,"00:30:00",COLISIÓN CON PEATÓN,SIN_DATOS,Bueno,Bueno,1,ITALIKA,NEGRO,1,MINISTERIO PÚBLICO,16,,SIN DATOS,0,0,Morelia,Cumbres de Morelia,noviembre,martes,1,-101.14060074091,19.6904908760791
54810,54816,2025,,2025/11/04,"08:05:00",COLISIÓN POR CAMBIO DE CARRIL,ASFALTO,Bueno,Bueno,2,INTERNATIONAL,ROJO,2,,26,MASCULINO,SIN DATOS,0,0,Morelia,La Soledad,noviembre,martes,8,-101.184602379799,19.7249938224324
54811,54817,2025,LEG58683,2025/11/04,"09:39:00",COLISIÓN POR ALCANCE,ASFALTO,Bueno,Bueno,2,Chevrolet,Rojo,2,,24,,SIN DATOS,0,0,Morelia,Sentimientos de La Nacion,noviembre,martes,10,-101.23687595129,19.6848112164034
54812,54818,2025,,2025/11/04,"09:45:00",COLISIÓN POR CORTE DE CIRCULACIÓN,ASFALTO,Bueno,Bueno,2,VENTO,BLANCO,2,,22,MASCULINO,SIN DATOS,0,0,Morelia,Lomas del Valle,noviembre,martes,10,-101.227492243052,19.6899378189171
54813,54819,2025,,2025/11/04,10:00:00,SUBIDA AL CAMELLÓN,ASFALTO,Bueno,Bueno,1,HONDA,GRIS,1,,38,MASCULINO,SIN DATOS,0,0,Morelia,Bosques Tres Marias,noviembre,martes,10,-101.10348701477,19.7219488531162
54814,54820,2025,LEG58677,2025/11/04,11:20:00,COLISIÓN POR CAMBIO DE CARRIL,ASFALTO,Bueno,Bueno,2,GIAN,NEGRO,2,MINISTERIO PÚBLICO,39,MASCULINO,SIN DATOS,0,0,Morelia,Jardines de Torremolinos,noviembre,martes,11,-101.226310059428,19.6768747605413
54815,54821,2025,,2025/11/04,14:30:00,COLISIÓN POR ALCANCE,SIN_DATOS,Bueno,Bueno,3,NISSAN,BLANCO/ROSA,3,,,MASCULINO,SIN DATOS,0,0,Morelia,El Realito,noviembre,martes,15,-101.205232590437,19.7257239163192
54816,54822,2025,,2025/11/04,15:30:00,COLISIÓN POR ALCANCE,ASFALTO,Bueno,Bueno,3,HONDA,GRIS,3,,33,MASCULINO,SIN DATOS,0,0,Morelia,Cosmos,noviembre,martes,16,-101.216826438904,19.6827479019813
54817,54823,2025,LEG58682,2025/11/04,18:05:00,COLISIÓN POR CORTE DE CIRCULACIÓN,ASFALTO,Bueno,Bueno,2,Vento,Negra,2,,21,,SIN DATOS,0,0,Morelia,Felicitas del Rio,noviembre,martes,18,-101.20032414794,19.6919909393111
54818,54824,2025,,2025/11/04,20:40:00,COLISIÓN CON PEATÓN,SIN_DATOS,Bueno,Bueno,2,SUZUKI,GRIS,1,,19,,SIN DATOS,0,0,Morelia,Felix Ireta,noviembre,martes,21,-101.19557261467,19.6824448425446
54819,54825,2025,LEG58686,2025/11/05,"00:00:00",COLISIÓN POR CORTE DE CIRCULACIÓN,CONCRETO,Bueno,Bueno,0,,,0,,,,,0,0,Morelia,Sin datos,noviembre,miércoles,0,-101.105804443359,19.7323711940541
54820,54826,2025,LEG58696,2025/11/05,"00:00:00",COLISIÓN POR NO RESPETAR SEMÁFORO,ASFALTO,Bueno,Bueno,2,CHEVROLET,GRIS,2,,25,,SIN DATOS,0,0,Morelia,Primo Tapia Oriente,noviembre,miércoles,0,-101.158712357283,19.7134701005887
54821,54827,2025,LEG58699,2025/11/05,"00:00:00",COLISIÓN POR CORTE DE CIRCULACIÓN,ASFALTO,Bueno,Bueno,2,NISSAN,AZUL,2,,28,MASCULINO,SIN DATOS,0,0,Morelia,Juarez,noviembre,miércoles,0,-101.196998208761,19.6955566897671
54822,54828,2025,,2025/11/05,"09:10:00",COLISIÓN POR CAMBIO DE CARRIL,ASFALTO,Bueno,Bueno,2,Jeep,Rojo,2,,60,FEMENINO,SIN DATOS,0,0,Morelia,Tres Puentes,noviembre,miércoles,9,-101.213495135307,19.7025351789997
54823,54829,2025,,2025/11/05,"09:10:00",COLISIÓN POR ALCANCE,ASFALTO,Bueno,Bueno,2,VOLKSWAGEN,NEGRO,2,,45,FEMENINO,SIN DATOS,0,0,Morelia,Rinconada del Valle,noviembre,miércoles,9,-101.219138503075,19.677964546981
54824,54830,2025,,2025/11/05,"09:11:00",COLISIÓN POR ALCANCE,ASFALTO,Bueno,Bueno,2,VOLKSWAGEN,BLANCO,2,,42,,SIN DATOS,0,0,Morelia,Sin datos,noviembre,miércoles,9,-101.09994918108,19.6899393972793
54825,54831,2025,,2025/11/05,11:09:00,COLISIÓN POR CORTE DE CIRCULACIÓN,ASFALTO,Bueno,Bueno,0,,,0,,,,,0,0,Morelia,La Capilla,noviembre,miércoles,11,-101.161173284054,19.6628811431348
54826,54832,2025,LEG58698,2025/11/05,11:09:00,CAIDA DE MOTOCICLETA,ASFALTO,Bueno,Bueno,1,VENTO,ROJO,0,,,,,0,0,Morelia,Sin datos,noviembre,miércoles,11,-101.133943498135,19.6495140207237
54827,54833,2025,LEG58688,2025/11/05,12:10:00,COLISIÓN CON PEATÓN,CONCRETO,Bueno,Bueno,2,MITSUBISHI,PLATA BRILLANTE,2,,57,MASCULINO,SIN DATOS,0,0,Morelia,Sin datos,noviembre,miércoles,12,-101.105321645737,19.7324267376544
54828,54834,2025,,2025/11/05,12:21:00,COLISIÓN POR CORTE DE CIRCULACIÓN,ASFALTO,Bueno,Bueno,2,CHEVROLET,VERDE,2,,20,MASCULINO,SIN DATOS,0,0,Morelia,Indeco Santiaguito,noviembre,miércoles,12,-101.179144084454,19.7205955147984
54829,54835,2025,,2025/11/05,13:45:00,COLISIÓN CONTRA OBJETO FIJO,ASFALTO,Bueno,Bueno,2,DODGE,BLANCO,2,,63,MASCULINO,SIN DATOS,0,0,Morelia,Felix Ireta,noviembre,miércoles,14,-101.191805452108,19.6824107483221
54830,54836,2025,,2025/11/05,14:30:00,COLISIÓN POR CAMBIO DE CARRIL,CONCRETO,Bueno,Bueno,2,Toyota,Banco / gris,2,,35,MASCULINO,SIN DATOS,0,0,Morelia,Tzindurio Norte,noviembre,miércoles,15,-101.246110796928,19.6997410420775
54831,54837,2025,,2025/11/05,16:45:00,COLISIÓN POR ALCANCE,ASFALTO,Bueno,Bueno,2,VOLKSWAGEN,ROJO,2,,,MASCULINO,SIN DATOS,0,0,Morelia,Centro,noviembre,miércoles,17,-101.178189218044,19.6990958458228
54832,54838,2025,LEG58697,2025/11/05,16:52:00,COLISIÓN POR CAMBIO DE CARRIL,ASFALTO,Bueno,Bueno,2,FREIGHTLINER,BLANCO,2,,48,MASCULINO,SIN DATOS,0,0,Morelia,Francisco J Mujica,noviembre,miércoles,17,-101.188216656446,19.7215133117178
54833,54839,2025,,2025/11/07,"00:00:00",COLISIÓN POR ALCANCE,ASFALTO,Bueno,Bueno,2,DODGE,BLANCO,2,,39,FEMENINO,SIN DATOS,0,0,Morelia,Justo Mendoza,noviembre,viernes,0,-101.231149435043,19.7145003005939
54834,54840,2025,,2025/11/07,"07:20:00",COLISIÓN CON PEATÓN,SIN_DATOS,Bueno,Bueno,2,MAQUINA LOCOMOTORA,S/D,1,,35,FEMENINO,SIN DATOS,0,0,Morelia,Indeco El Vivero,noviembre,viernes,7,-101.231736838818,19.6776652668547
54835,54841,2025,,2025/11/07,"08:29:00",COLISIÓN POR CORTE DE CIRCULACIÓN,ASFALTO,Bueno,Bueno,2,ITALIKA,NEGRO/AMARILLO,2,,21,MASCULINO,SIN DATOS,0,0,Morelia,Santa Maria,noviembre,viernes,8,-101.200497150421,19.6778887799133
54836,54842,2025,,2025/11/07,"08:30:00",COLISIÓN POR ALCANCE,ASFALTO,Bueno,Regular,2,RENAULT,PLATA,2,,37,MASCULINO,SIN DATOS,0,0,Morelia,Tinijaro,noviembre,viernes,9,-101.262464225292,19.6965655402994
54837,54843,2025,,2025/11/07,"08:30:00",COLISIÓN POR CORTE DE CIRCULACIÓN,ASFALTO,Bueno,Bueno,2,HONDA,BLANCO,2,,36,MASCULINO,SIN DATOS,0,0,Morelia,Obrera,noviembre,viernes,9,-101.182832121849,19.7090032987934
54838,54844,2025,,2025/11/07,"09:00:00",COLISIÓN POR CORTE DE CIRCULACIÓN,ASFALTO,Bueno,Bueno,2,DODGE,BLANCO,1,,28,MASCULINO,SIN DATOS,0,0,Morelia,Chapultepec Norte,noviembre,viernes,9,-101.166803240776,19.69532499416
54839,54845,2025,,2025/11/07,10:02:00,COLISIÓN POR CORTE DE CIRCULACIÓN,ASFALTO,Bueno,Bueno,2,CHEVROLET,BLANCO,2,,35,MASCULINO,SIN DATOS,0,0,Morelia,Sentimientos de La Nacion,noviembre,viernes,10,-101.236878857017,19.6848023772919
54840,54846,2025,,2025/11/07,10:20:00,COLISIÓN CONTRA OBJETO FIJO,ASFALTO,Bueno,Bueno,2,HONDA,NEGRO,1,MINISTERIO PÚBLICO,,,SIN DATOS,0,0,Morelia,Sin datos,noviembre,viernes,10,-101.173754185438,19.7469696597084
54841,54847,2025,,2025/11/07,10:50:00,COLISIÓN POR ALCANCE,ASFALTO,Bueno,Bueno,2,VOLKSWAGEN,BLANCO,2,,23,FEMENINO,SIN DATOS,0,0,Morelia,Felix Ireta,noviembre,viernes,11,-101.192139387131,19.6824246385618
54842,54848,2025,,2025/11/07,11:30:00,CAIDA DE MOTOCICLETA,ASFALTO,Bueno,Bueno,1,ITALIKA,NEGRO/AZUL,1,,21,MASCULINO,SIN DATOS,0,0,Morelia,Los Laureles,noviembre,viernes,12,-101.232176721096,19.7136711542359
54843,54849,2025,,2025/11/07,11:40:00,COLISIÓN POR CAMBIO DE CARRIL,ASFALTO,Bueno,Bueno,2,TOYOTA,BLANCO Y ROSA,2,,53,MASCULINO,SIN DATOS,0,0,Morelia,Industrial,noviembre,viernes,12,-101.197703294456,19.710266464412
54844,54850,2025,,2025/11/07,13:10:00,COLISIÓN POR CORTE DE CIRCULACIÓN,ASFALTO,Bueno,Bueno,2,Chevrolet,Rojo,2,MINISTERIO PÚBLICO,37,MASCULINO,SIN DATOS,0,0,Morelia,Primaveras,noviembre,viernes,13,-101.22568577528,19.6787803034741
54845,54851,2025,,2025/11/07,14:00:00,COLISIÓN CONTRA OBJETO FIJO,ASFALTO,Bueno,Bueno,1,NISSAN,GRIS,1,,43,MASCULINO,SIN DATOS,0,0,Morelia,Los Manantiales de Morelia,noviembre,viernes,14,-101.241379715502,19.6953268881309
54846,54852,2025,,2025/11/07,14:40:00,COLISIÓN POR CORTE DE CIRCULACIÓN,ASFALTO,Bueno,Bueno,2,NISSAN,BLANCO,2,,28,MASCULINO,SIN DATOS,0,0,Morelia,Puerto de Buenavista,noviembre,viernes,15,-101.128247827292,19.6869805721781