fid,id_accidente,anio_origen,folio_c5i,dia_incidente,hora_ocurrencia,tipo_incidente_vial,superficie_ocurrencia,condiciones_climaticas,condiciones_via,numero_vehiculos_involucrados,marca_vehiculo_ocasiona_siniestro,color_vehiculo_ocasiona_siniestro,numero_personas_involucradas,lugar_remite_presunto_responsable,edad_presunto_responsable,sexo_presunto_responsable,resultados_toxicologia,numero_personas_lesionadas,numero_personas_fallecidas,municipio,colonia,mes,dia_semana,hora_redondeada,lon,lat
54847,54853,2025,,2025/11/07,15:20:00,COLISIÓN POR CORTE DE CIRCULACIÓN,ASFALTO,Bueno,Bueno,2,ITALIKA,NEGRO,2,,27,MASCULINO,SIN DATOS,0,0,Morelia,Justo Mendoza,noviembre,viernes,15,-101.230902671814,19.7148487490935
54848,54854,2025,LEG58717,2025/11/07,16:00:00,COLISIÓN POR CORTE DE CIRCULACIÓN,ASFALTO,Bueno,Bueno,2,CHEVROLET,GRIS,2,,21,FEMENINO,SIN DATOS,0,0,Morelia,Ana Maria Gallaga (Riviera Norte),noviembre,viernes,16,-101.223945021629,19.6768040441315
54849,54855,2025,,2025/11/07,16:05:00,COLISIÓN POR CAMBIO DE CARRIL,ASFALTO,Bueno,Regular,2,BAJAJ,GRIS,2,MINISTERIO PÚBLICO,24,MASCULINO,SIN DATOS,0,0,Morelia,Lomas del Valle,noviembre,viernes,16,-101.230348795652,19.6872848857426
54850,54856,2025,,2025/11/07,18:00:00,COLISIÓN POR INVASIÓN DE CARRIL,ASFALTO,Bueno,Bueno,2,INTERNACIONAL,BLANCO/GRIS,2,,,MASCULINO,SIN DATOS,0,0,Morelia,Mirador de Ocolusen,noviembre,viernes,18,-101.136531829834,19.6844147186327
54851,54857,2025,LEG58719,2025/11/07,18:10:00,COLISIÓN POR INVASIÓN DE CARRIL,ASFALTO,Bueno,Bueno,2,MITSUBISHI,BLANCO,2,,25,MASCULINO,SIN DATOS,0,0,Charo,Sin datos,noviembre,viernes,18,-101.067277573163,19.7078830747983
54852,54858,2025,LEG58718,2025/11/07,20:55:00,COLISIÓN POR CORTE DE CIRCULACIÓN,ASFALTO,Bueno,Bueno,2,FORD,BLANCO/AZUL,2,,41,MASCULINO,SIN DATOS,0,0,Morelia,Ventura Puente,noviembre,viernes,21,-101.190709769726,19.6923722662759
54853,54859,2025,MOR/2025120904,2025/11/08,"09:15:00",COLISIÓN POR CORTE DE CIRCULACIÓN,CONCRETO,Bueno,Bueno,2,FORD,VERDE,2,,59,MASCULINO,SIN DATOS,0,0,Morelia,Mariano Michelena,noviembre,sábado,9,-101.230103373528,19.6769505280886
54854,54860,2025,MOR20257651,2025/11/08,"09:50:00",COLISIÓN POR CORTE DE CIRCULACIÓN,ASFALTO,Nublado,Bueno,2,VOLKSWAGEN,GRIS,2,MINISTERIO PÚBLICO,,MASCULINO,SIN DATOS,0,0,Morelia,Ventura Puente,noviembre,sábado,10,-101.191946268082,19.691410108414
54855,54861,2025,"2025000977",2025/11/08,10:05:00,COLISIÓN POR ALCANCE,ASFALTO,Bueno,Bueno,2,NISSAN,NEGRO,2,,40,MASCULINO,SIN DATOS,0,0,Morelia,Americas Britania,noviembre,sábado,10,-101.149207949638,19.6946021269633
54856,54862,2025,MOR2024678,2025/11/08,14:50:00,COLISIÓN CON PEATÓN,SIN_DATOS,Bueno,Bueno,2,NISSAN,AZUL,2,,,MASCULINO,SIN DATOS,0,0,Morelia,San Pascual,noviembre,sábado,15,-101.264469176531,19.6961248792095
54857,54863,2025,,2025/11/08,15:15:00,CAIDA DE MOTOCICLETA,ASFALTO,Bueno,Bueno,1,BAJAJ,NEGRO,1,,24,MASCULINO,SIN DATOS,0,0,Charo,La Goleta,noviembre,sábado,15,-101.085762307048,19.735740067824
54858,54864,2025,,2025/11/08,20:15:00,COLISIÓN POR CORTE DE CIRCULACIÓN,ASFALTO,Bueno,Bueno,2,ITALIKA,GRIS,2,,48,MASCULINO,SIN DATOS,0,0,Morelia,Los Laureles,noviembre,sábado,20,-101.230784654617,19.7157489042026
54859,54865,2025,LEG58726,2025/11/08,21:31:00,COLISIÓN POR CORTE DE CIRCULACIÓN,ASFALTO,Bueno,Bueno,2,MAZDA,GRIS,2,,,MASCULINO,SIN DATOS,0,0,Morelia,La Calera,noviembre,sábado,22,-101.235070824623,19.6701527737302
54860,54866,2025,,2025/11/08,22:30:00,COLISIÓN CON PEATÓN,SIN_DATOS,Bueno,Bueno,1,RENAULT,AZUL,1,,,,SIN DATOS,0,0,Morelia,Enrique Arreguin Robles,noviembre,sábado,23,-101.185377538204,19.7239965130008
54861,54867,2025,,2025/11/09,"00:50:00",COLISIÓN CONTRA OBJETO FIJO,CONCRETO,Bueno,Bueno,3,FORD,BLANCO Y ROSA,1,,32,MASCULINO,SIN DATOS,0,0,Morelia,Gertrudis Sanchez,noviembre,domingo,1,-101.194566786289,19.7434113672826
54862,54868,2025,MOR20256714,2025/11/09,"02:00:00",COLISIÓN CONTRA OBJETO FIJO,ASFALTO,Bueno,Bueno,1,NISSAN,BLANCO,1,,,MASCULINO,SIN DATOS,0,0,Morelia,La Soledad,noviembre,domingo,2,-101.183294802904,19.7281271009346
54863,54869,2025,MOR/20250121312,2025/11/09,"02:50:00",COLISIÓN POR CORTE DE CIRCULACIÓN,CONCRETO,Bueno,Bueno,2,MAZDA,BLANCO,2,,31,,SIN DATOS,0,0,Morelia,Chapultepec Sur,noviembre,domingo,3,-101.169740259647,19.6916538051122
54864,54870,2025,,2025/11/09,13:26:00,COLISIÓN POR INVASIÓN DE CARRIL,ASFALTO,Bueno,Bueno,2,MERCURIO,BLANCO,2,,18,,SIN DATOS,0,0,Morelia,Morelos,noviembre,domingo,13,-101.206790953875,19.6940812817631
54865,54871,2025,LEG58736,2025/11/09,15:00:00,COLISIÓN CONTRA OBJETO FIJO,SIN_DATOS,Bueno,Bueno,2,KIA,BLANCO,2,,77,FEMENINO,SIN DATOS,0,0,Morelia,Loma de Los Piñones,noviembre,domingo,15,-101.205105185509,19.6740044069044
54866,54872,2025,,2025/11/09,18:10:00,COLISIÓN POR ALCANCE,ASFALTO,Bueno,Bueno,2,DODGE,ROJO,2,,35,MASCULINO,SIN DATOS,0,0,Morelia,Morelos,noviembre,domingo,18,-101.20689116,19.6935193749992
54867,54873,2025,,2025/11/09,18:15:00,COLISIÓN POR ALCANCE,CONCRETO,Bueno,Bueno,2,VENTO,GRIS,2,MINISTERIO PÚBLICO,,MASCULINO,SIN DATOS,0,0,Morelia,Ciudad Industrial,noviembre,domingo,18,-101.130740424081,19.7365358564376
54868,54874,2025,,2025/11/09,22:10:00,COLISIÓN POR ALCANCE,ASFALTO,Bueno,Bueno,2,NISSAN,GRIS,2,,27,FEMENINO,SIN DATOS,0,0,Morelia,Felix Ireta,noviembre,domingo,22,-101.195781826973,19.6815760689818
54869,54875,2025,MOR/20250121178,2025/11/09,22:15:00,COLISIÓN POR CORTE DE CIRCULACIÓN,CONCRETO,Bueno,Bueno,3,NISSAN,BLANCO,3,MINISTERIO PÚBLICO,31,MASCULINO,SIN DATOS,0,0,Morelia,Montaña Monarca,noviembre,domingo,22,-101.161617860198,19.672317276684
54871,54877,2025,,2025/11/10,14:00:00,COLISIÓN CON PEATÓN,SIN_DATOS,Bueno,Bueno,3,DINAMO,BLANCO,3,,,FEMENINO,SIN DATOS,0,0,Morelia,Felix Ireta,noviembre,lunes,14,-101.190828457475,19.6864344478373
54872,54878,2025,MOR20245678,2025/11/10,14:40:00,COLISIÓN POR ALCANCE,ASFALTO,Bueno,Bueno,2,FORD,GRIS,2,,,MASCULINO,SIN DATOS,0,0,Morelia,Cosmos,noviembre,lunes,15,-101.216413378716,19.6833919013802
54874,54880,2025,,2025/11/11,"08:40:00",COLISIÓN POR CAMBIO DE CARRIL,ASFALTO,Bueno,Bueno,2,TOYOTA,BLANCO Y MORADO,2,,43,MASCULINO,SIN DATOS,0,0,Morelia,Los Pinos de Michoacan,noviembre,martes,9,-101.215673089027,19.6844424987633
54875,54881,2025,,2025/11/11,"09:00:00",COLISIÓN POR CAMBIO DE CARRIL,ASFALTO,Bueno,Bueno,2,TOYOTA,BLANCO,2,,46,MASCULINO,SIN DATOS,0,0,Morelia,Ventura Puente,noviembre,martes,9,-101.18907596916,19.6906430295979
54876,54882,2025,LEG58749,2025/11/11,11:05:00,COLISIÓN POR CORTE DE CIRCULACIÓN,ASFALTO,Bueno,Bueno,2,CHEVROLET,NEGRO,2,,34,,SIN DATOS,0,0,Morelia,Nicolas Bravo(Los Ejidos),noviembre,martes,11,-101.216793581843,19.7039278101354
54878,54884,2025,MOR/20250122131,2025/11/11,12:35:00,COLISIÓN POR ALCANCE,ASFALTO,Bueno,Bueno,2,TOYOTA,BLANCO,2,,63,,SIN DATOS,0,0,Morelia,Lomas de Guayangareo,noviembre,martes,13,-101.161269843578,19.7053216917172
54879,54885,2025,,2025/11/11,13:40:00,COLISIÓN CON PEATÓN,ASFALTO,Bueno,Bueno,2,BAJAJ,BLANCO,2,,33,MASCULINO,SIN DATOS,0,0,Morelia,Lomas del Valle,noviembre,martes,14,-101.229415386915,19.6883910164831
54880,54886,2025,,2025/11/11,15:50:00,COLISIÓN POR CORTE DE CIRCULACIÓN,ASFALTO,Bueno,Bueno,2,TOYOTA,BLANCO NARANJA,2,,55,,SIN DATOS,0,0,Morelia,Granjas del Maestro,noviembre,martes,16,-101.188377588987,19.7128767225732
54881,54887,2025,LEG58754,2025/11/11,19:10:00,COLISIÓN POR ALCANCE,ASFALTO,Bueno,Bueno,2,FORD,GRIS,2,MINISTERIO PÚBLICO,83,MASCULINO,SIN DATOS,0,0,Morelia,Lomas de San Juan,noviembre,martes,19,-101.183039681886,19.7298664251429
54882,54888,2025,,2025/11/11,20:00:00,COLISIÓN POR CORTE DE CIRCULACIÓN,ASFALTO,Bueno,Bueno,2,DINA,NEGRO,2,,58,MASCULINO,SIN DATOS,0,0,Morelia,Sentimientos de La Nacion,noviembre,martes,20,-101.233194944297,19.682432823539
54885,54891,2025,,2025/11/12,"09:30:00",COLISIÓN POR ALCANCE,CONCRETO,Bueno,Bueno,2,PETERBIL,BLANCO,2,,30,MASCULINO,SIN DATOS,0,0,Morelia,Sentimientos de La Nacion,noviembre,miércoles,10,-101.23426347971,19.6788383912393
54886,54892,2025,"2025009766",2025/11/12,13:05:00,COLISIÓN POR CORTE DE CIRCULACIÓN,ASFALTO,Bueno,Bueno,2,FORD,BLANCO,2,,60,,SIN DATOS,0,0,Morelia,Vista Bella,noviembre,miércoles,13,-101.194264367223,19.6812048183769
54887,54893,2025,,2025/11/12,13:50:00,COLISIÓN POR CORTE DE CIRCULACIÓN,ASFALTO,Bueno,Bueno,2,ITALIKA,NEGRO,2,,25,MASCULINO,SIN DATOS,0,0,Morelia,Morelos,noviembre,miércoles,14,-101.20710209012,19.6916449663783
54893,54899,2025,,2025/11/13,"09:40:00",COLISIÓN POR CORTE DE CIRCULACIÓN,ASFALTO,Bueno,Bueno,2,FRAIGHILINER,S/D,2,,28,MASCULINO,SIN DATOS,0,0,Morelia,Prados de La Huerta,noviembre,jueves,10,-101.223435401917,19.6683380541536
54894,54900,2025,,2025/11/13,11:00:00,COLISIÓN POR CORTE DE CIRCULACIÓN,ASFALTO,Bueno,Bueno,2,NISSAN,ROJO,3,,69,FEMENINO,SIN DATOS,1,0,Morelia,Centro,noviembre,jueves,11,-101.200164221227,19.7030436864699
54895,54901,2025,,2025/11/13,11:35:00,COLISIÓN POR CORTE DE CIRCULACIÓN,ASFALTO,Bueno,Bueno,2,scania,BLANCO,2,,51,MASCULINO,SIN DATOS,0,0,Morelia,Indeco El Vivero,noviembre,jueves,12,-101.231685876846,19.677661478495
54896,54902,2025,,2025/11/13,13:01:00,COLISIÓN CONTRA OBJETO FIJO,ASFALTO,Bueno,Bueno,2,INTERNATIONAL,BLANCO,2,,26,,SIN DATOS,0,0,Morelia,Central de Abastos,noviembre,jueves,13,-101.168404854834,19.7157179732907
54897,54903,2025,LEG58775,2025/11/13,13:01:00,COLISIÓN CONTRA OBJETO FIJO,ASFALTO,Bueno,Bueno,0,,,0,,,,,0,0,Morelia,Elias Perez Avalos,noviembre,jueves,13,-101.166896782815,19.7156027713721
54898,54904,2025,,2025/11/13,15:10:00,COLISIÓN POR CAMBIO DE CARRIL,ASFALTO,Bueno,Bueno,3,INTERNACIONAL,ROJO,3,,22,MASCULINO,SIN DATOS,0,0,Morelia,Chapultepec Oriente,noviembre,jueves,15,-101.159829497337,19.6929341536912
54899,54905,2025,,2025/11/13,16:00:00,COLISIÓN POR CAMBIO DE CARRIL,ASFALTO,Bueno,Malo,2,IRIZAR,VERDE,2,,63,MASCULINO,SIN DATOS,0,0,Morelia,La Calera,noviembre,jueves,16,-101.235400736332,19.6809244857174
54900,54906,2025,LEG58772,2025/11/13,16:05:00,COLISIÓN POR MANIOBRA DE REVERSA,ASFALTO,Bueno,Bueno,2,SEAT,BLANCO,2,MINISTERIO PÚBLICO,38,MASCULINO,SIN DATOS,0,0,Morelia,Chapultepec Oriente,noviembre,jueves,16,-101.159510314465,19.6913974816319
54901,54907,2025,LEG58773,2025/11/13,16:30:00,COLISIÓN POR CORTE DE CIRCULACIÓN,ASFALTO,Bueno,Bueno,2,DODGE,GRIS,2,,39,FEMENINO,SIN DATOS,0,0,Morelia,Gertrudis Bocanegra,noviembre,jueves,17,-101.209951937199,19.7058608075139
54902,54908,2025,LEG58777,2025/11/13,17:01:00,COLISIÓN POR CAMBIO DE CARRIL,ASFALTO,Bueno,Bueno,2,TOYOTA,BLANCO/NARANJA,2,,35,MASCULINO,SIN DATOS,0,0,Morelia,Industrial,noviembre,jueves,17,-101.188598871231,19.7108137699555
54903,54909,2025,MOR/ 250,2025/11/13,18:14:00,COLISIÓN POR NO RESPETAR SEMÁFORO,ASFALTO,Bueno,Bueno,2,TOYOTA,BLANCO/MORADO,2,MINISTERIO PÚBLICO,65,MASCULINO,SIN DATOS,0,0,Morelia,Bosques de Oriente,noviembre,jueves,18,-101.155452802777,19.7156018245066
54904,54910,2025,LEG58778,2025/11/13,18:51:00,COLISIÓN POR CORTE DE CIRCULACIÓN,ASFALTO,Bueno,Bueno,2,NISSAN,GRIS,2,,30,MASCULINO,SIN DATOS,0,0,Morelia,Jose Ma Pino Suarez,noviembre,jueves,19,-101.162484884262,19.72173676354
54905,54911,2025,LEG58776,2025/11/13,22:10:00,COLISIÓN POR CAMBIO DE CARRIL,ASFALTO,Bueno,Bueno,2,INTERNATIONAL,AMARILLO/GUINDA,2,MINISTERIO PÚBLICO,43,MASCULINO,SIN DATOS,0,0,Morelia,Morelos,noviembre,jueves,22,-101.207088343799,19.7023117003452
54906,54912,2025,LEG58779,2025/11/13,22:38:00,COLISIÓN POR CORTE DE CIRCULACIÓN,ASFALTO,Bueno,Bueno,2,ITALIKA,GRIS,2,,24,MASCULINO,SIN DATOS,0,0,Morelia,Isaac Arriaga,noviembre,jueves,23,-101.174553483725,19.712433581385
54907,54913,2025,LEG58780,2025/11/14,"02:30:00",COLISIÓN CONTRA OBJETO FIJO,ASFALTO,Bueno,Bueno,1,VOLKSWAGEN,GRIS,1,,30,MASCULINO,SIN DATOS,0,0,Morelia,Jardines del Rincon,noviembre,viernes,3,-101.151245087385,19.6893380401552
54908,54914,2025,LEG58781,2025/11/14,"02:30:00",COLISIÓN CONTRA OBJETO FIJO,ASFALTO,Bueno,Bueno,1,SUZUKI,AZUL,1,,31,MASCULINO,SIN DATOS,0,0,Morelia,Alberto Oviedo Mota,noviembre,viernes,3,-101.19943767786,19.6810810679841
54909,54915,2025,,2025/11/14,"07:30:00",COLISIÓN POR ALCANCE,ASFALTO,Bueno,Bueno,2,JEEP,BLANCO,2,,40,FEMENINO,SIN DATOS,0,0,Morelia,Trinidad Salgado,noviembre,viernes,8,-101.231476664543,19.7031058688368
54910,54916,2025,LEG58783,2025/11/14,10:50:00,COLISIÓN POR ALCANCE,ASFALTO,Bueno,Bueno,2,VOLKSWAGEN,ROJO,2,MINISTERIO PÚBLICO,23,MASCULINO,SIN DATOS,0,0,Morelia,Clara Cordova Moran,noviembre,viernes,11,-101.18083756417,19.7373949714494
54911,54917,2025,,2025/11/14,15:10:00,COLISIÓN POR ALCANCE,CONCRETO,Bueno,Bueno,2,HONDA,BLANCO,2,,43,FEMENINO,SIN DATOS,0,0,Morelia,Industrial,noviembre,viernes,15,-101.18866994977,19.7108541707519
54912,54918,2025,,2025/11/14,15:40:00,COLISIÓN POR CAMBIO DE CARRIL,CONCRETO,Bueno,Bueno,2,GENERAL MOTORS,BLANCO,2,,24,MASCULINO,SIN DATOS,0,0,Morelia,Industrial,noviembre,viernes,16,-101.193943843246,19.7107957789726
54913,54919,2025,LEG58787,2025/11/14,18:00:00,COLISIÓN POR ALCANCE,ASFALTO,Bueno,Bueno,2,INTERNACIONAL,VERDE,2,,,MASCULINO,SIN DATOS,0,0,Morelia,Industrial,noviembre,viernes,18,-101.188542544842,19.7108364954047
54914,54920,2025,,2025/11/14,18:10:00,COLISIÓN POR MANIOBRA DE REVERSA,ASFALTO,Bueno,Bueno,2,FORD,GUINDA,2,,25,MASCULINO,SIN DATOS,0,0,Morelia,Campestre del Vergel,noviembre,viernes,18,-101.242672204971,19.6784292508794
54915,54921,2025,,2025/11/14,18:20:00,COLISIÓN POR CAMBIO DE CARRIL,ASFALTO,Bueno,Bueno,2,NISSAN,BLANCO,2,,62,MASCULINO,SIN DATOS,0,0,Morelia,Elias Perez Avalos,noviembre,viernes,18,-101.165587194264,19.710452371753
54916,54922,2025,,2025/11/14,23:40:00,COLISIÓN POR CORTE DE CIRCULACIÓN,CONCRETO,Bueno,Bueno,2,MAZDA,ROJO,2,,,FEMENINO,SIN DATOS,0,0,Morelia,Vasco de Quiroga,noviembre,viernes,0,-101.174384504557,19.7049552308204
54917,54923,2025,,2025/11/15,"02:30:00",COLISIÓN CONTRA OBJETO FIJO,CONCRETO,Bueno,Bueno,1,MAZDA,GRIS,1,,,MASCULINO,SIN DATOS,0,0,Morelia,La Quemada,noviembre,sábado,3,-101.237852275372,19.7016046471788
54918,54924,2025,,2025/11/15,"08:50:00",SALIDA DE SUPERFICIE DE RODAMIENTO,CONCRETO,Bueno,Bueno,1,NISSAN,ROJO,1,,36,MASCULINO,SIN DATOS,0,0,Morelia,Sin datos,noviembre,sábado,9,-101.417352408171,19.6327366053686
54919,54925,2025,MOR20250123518,2025/11/15,"09:30:00",COLISIÓN POR CORTE DE CIRCULACIÓN,ASFALTO,Bueno,Bueno,2,VELOCI,ROJO,2,,57,MASCULINO,SIN DATOS,0,0,Morelia,San Juanito Itzicuaro,noviembre,sábado,10,-101.25420704484,19.673737952639
54920,54926,2025,LEG58794,2025/11/15,"09:45:00",COLISIÓN POR ALCANCE,ASFALTO,Bueno,Bueno,2,CHEVROLET,ROJO COBRIZO,2,,56,MASCULINO,SIN DATOS,0,0,Morelia,Puerto de Buenavista,noviembre,sábado,10,-101.131226420403,19.6857279558981
54921,54927,2025,,2025/11/15,"09:52:00",COLISIÓN POR CORTE DE CIRCULACIÓN,ASFALTO,Bueno,Bueno,2,NISSAN,BLANCO/VERDE,2,,70,MASCULINO,SIN DATOS,0,0,Morelia,Ventura Puente,noviembre,sábado,10,-101.184976547956,19.6949386236278
54922,54928,2025,,2025/11/15,11:40:00,COLISIÓN POR ALCANCE,ASFALTO,Bueno,Bueno,2,TRIUMPH,NEGRO,2,,31,MASCULINO,SIN DATOS,0,0,Morelia,Alberto Oviedo Mota,noviembre,sábado,12,-101.196359843016,19.6813891810297
54923,54929,2025,LEG58801,2025/11/15,12:30:00,COLISIÓN POR INVASIÓN DE CARRIL,ASFALTO,Bueno,Bueno,2,FORD,BLANCO,2,,31,MASCULINO,SIN DATOS,0,0,Morelia,Obrera,noviembre,sábado,13,-101.182809993625,19.7098832862905
54924,54930,2025,,2025/11/15,13:00:00,COLISIÓN POR CORTE DE CIRCULACIÓN,CONCRETO,Bueno,Regular,2,VENTO,BLANCO,2,,22,MASCULINO,SIN DATOS,0,0,Morelia,Puebla,noviembre,sábado,13,-101.198987402022,19.7469024454481
54925,54931,2025,MOR/20250123637,2025/11/15,15:30:00,COLISIÓN CONTRA OBJETO FIJO,ASFALTO,Bueno,Bueno,2,NISSAN,BLANCO,2,,43,MASCULINO,SIN DATOS,0,0,Morelia,La Huerta,noviembre,sábado,16,-101.236738488078,19.6606091645344
54926,54932,2025,,2025/11/15,15:38:00,COLISIÓN POR CORTE DE CIRCULACIÓN,ASFALTO,Bueno,Bueno,2,KIA,AZUL,2,,33,FEMENINO,SIN DATOS,0,0,Morelia,Rinconada del Valle,noviembre,sábado,16,-101.218874305487,19.6783642176704
54927,54933,2025,,2025/11/15,15:40:00,COLISIÓN POR ALCANCE,CONCRETO,Bueno,Bueno,4,CHEVROLET,GRIS,4,,29,MASCULINO,SIN DATOS,0,0,Tarímbaro,Sin datos,noviembre,sábado,16,-101.170943230391,19.7523874146543
54928,54934,2025,LEG58793,2025/11/15,20:30:00,COLISIÓN POR CORTE DE CIRCULACIÓN,ASFALTO,Bueno,Bueno,2,DINA,AZUL,2,,,MASCULINO,SIN DATOS,0,0,Morelia,Industrial,noviembre,sábado,21,-101.188326627016,19.7125421574022
54929,54935,2025,LEG58804,2025/11/15,22:05:00,SALIDA DE SUPERFICIE DE RODAMIENTO,ASFALTO,Bueno,Bueno,1,CHEVROLET,ROJO,1,,39,MASCULINO,SIN DATOS,0,0,Morelia,Sin datos,noviembre,sábado,22,-101.338404268026,19.689727896606
54930,54936,2025,MOR/20250123377,2025/11/15,24:00:00,COLISIÓN POR INVASIÓN DE CARRIL,CONCRETO,Bueno,Bueno,2,VENTO,NEGRO/NARANJA,2,,17,MASCULINO,ALIENTO ETÍLICO,0,0,Morelia,Quinceo,noviembre,sábado,0,-101.225459799171,19.727918175533
54931,54937,2025,,2025/11/16,"00:00:00",COLISIÓN CONTRA OBJETO FIJO,CONCRETO,Bueno,Bueno,1,NISSAN,AZUL,1,,36,MASCULINO,SIN DATOS,0,0,Morelia,Bosques de Oriente,noviembre,domingo,0,-101.15456700325,19.7164281202711
54932,54938,2025,,2025/11/16,"01:25:00",COLISIÓN CONTRA OBJETO FIJO,CONCRETO,Bueno,Bueno,2,FREIGHTLINER,VERDE/BLANCO,2,,57,MASCULINO,SIN DATOS,0,0,Morelia,Ignacio Zaragoza,noviembre,domingo,1,-101.203318834305,19.7245519772496
54933,54939,2025,LEG58809,2025/11/16,"02:45:00",COLISIÓN POR NO RESPETAR SEMÁFORO,ASFALTO,Bueno,Bueno,2,NISSAN,PLATA,2,MINISTERIO PÚBLICO,44,MASCULINO,SIN DATOS,0,0,Morelia,Vicente Lombardo Toledano (Ejidal Isacc Arriaga) (Etnias de Mexico),noviembre,domingo,3,-101.155402511358,19.7155544812281
54934,54940,2025,,2025/11/16,"07:20:00",COLISIÓN CONTRA OBJETO FIJO,ASFALTO,Bueno,Bueno,1,AUDI,GRIS,1,,32,MASCULINO,SIN DATOS,0,0,Morelia,Lomas del Tecnologico,noviembre,domingo,7,-101.193330287933,19.7233375279108
54935,54941,2025,LEG58813,2025/11/16,10:27:00,COLISIÓN POR INVASIÓN DE CARRIL,ASFALTO,Bueno,Bueno,3,CHEVROLET,AZUL,5,MINISTERIO PÚBLICO,36,FEMENINO,SIN DATOS,3,0,Morelia,Club Campestre La Huerta,noviembre,domingo,10,-101.235564351082,19.6686398774143
54936,54942,2025,,2025/11/16,10:30:00,COLISIÓN CONTRA OBJETO FIJO,CONCRETO,Bueno,Bueno,2,FORD,ROJO,2,,48,MASCULINO,SIN DATOS,0,0,Morelia,Adolfo Lopez Mateos,noviembre,domingo,11,-101.23068853897,19.6999479884578
54937,54943,2025,,2025/11/16,13:10:00,COLISIÓN POR CORTE DE CIRCULACIÓN,CONCRETO,Bueno,Bueno,2,NISSAN,BLANCO,2,,,MASCULINO,SIN DATOS,0,0,Morelia,Villas del Real,noviembre,domingo,13,-101.198831498623,19.7336991857537
54938,54944,2025,,2025/11/16,18:00:00,COLISIÓN POR CAMBIO DE CARRIL,ASFALTO,Bueno,Bueno,2,NISSAN,ROJO,2,,29,MASCULINO,SIN DATOS,0,0,Morelia,Ignaci0 Ramirez,noviembre,domingo,18,-101.223188638687,19.726210783991
54939,54945,2025,LEG58808,2025/11/16,21:40:00,COLISIÓN POR CAMBIO DE CARRIL,ASFALTO,Bueno,Bueno,2,KENWORTH,AZUL,2,,56,MASCULINO,SIN DATOS,0,0,Morelia,Centenario (Los Alamos Ii),noviembre,domingo,22,-101.178905367851,19.7383369712886
54940,54946,2025,LEG58805,2025/11/16,22:55:00,COLISIÓN POR ALCANCE,ASFALTO,Bueno,Bueno,2,NISSAN,BLANCO,2,MINISTERIO PÚBLICO,35,MASCULINO,ALIENTO ETÍLICO,0,0,Morelia,Jardines de Guadalupe,noviembre,domingo,23,-101.226549446583,19.7106004030806
54941,54947,2025,LEG58806,2025/11/16,23:05:00,COLISIÓN POR MANIOBRA DE REVERSA,CONCRETO,Bueno,Bueno,2,FORD,GUINDA,2,,29,MASCULINO,SIN DATOS,0,0,Morelia,Niño Artillero,noviembre,domingo,23,-101.255828775465,19.6957634478254
54942,54948,2025,MOR/20250124341,2025/11/17,"00:10:00",COLISIÓN CONTRA OBJETO FIJO,CONCRETO,Bueno,Bueno,1,CRYSLER,GUINDA,1,,,,SIN DATOS,0,0,Morelia,Dr Miguel Silva,noviembre,lunes,0,-101.187338232994,19.7207129224012
54943,54949,2025,,2025/11/17,"08:10:00",COLISIÓN CONTRA OBJETO FIJO,ASFALTO,Bueno,Bueno,1,FRAIGHILINER,AZUL Y BLANCO,1,,26,MASCULINO,SIN DATOS,0,0,Morelia,Articulo Constitucional,noviembre,lunes,8,-101.173047423363,19.7153676329518
54944,54950,2025,,2025/11/17,"08:20:00",SALIDA DE SUPERFICIE DE RODAMIENTO,ASFALTO,Bueno,Bueno,1,VOLKSWAGEN,GRIS,1,,25,MASCULINO,SIN DATOS,0,0,Morelia,Sin datos,noviembre,lunes,8,-101.28103852272,19.6199670131106
54945,54951,2025,LEG58823,2025/11/17,10:50:00,COLISIÓN POR CAMBIO DE CARRIL,ASFALTO,Bueno,Bueno,2,NISSAN,BLANCO,2,,59,MASCULINO,SIN DATOS,0,0,Morelia,Cinco de Diciembre,noviembre,lunes,11,-101.165926493704,19.6844683847897
54946,54952,2025,LEG58826,2025/11/17,11:50:00,COLISIÓN POR CORTE DE CIRCULACIÓN,CONCRETO,Bueno,Bueno,2,ITALIKA,VERDE NEGRO,2,,37,FEMENINO,SIN DATOS,0,0,Morelia,Villa Universidad,noviembre,lunes,12,-101.199241541326,19.6861399187348
54947,54953,2025,,2025/11/17,12:00:00,COLISIÓN CONTRA OBJETO FIJO,ASFALTO,Bueno,Bueno,1,CHEVROLET,NEGRO,0,MINISTERIO PÚBLICO,,,,0,0,Morelia,Agustin Arriaga Rivera,noviembre,lunes,12,-101.22238162905,19.6886767025475
54948,54954,2025,LEG58829,2025/11/17,14:30:00,COLISIÓN POR MANIOBRA DE REVERSA,ASFALTO,Bueno,Bueno,1,FREIGHTLINER,BLANCO,1,,56,MASCULINO,SIN DATOS,0,0,Morelia,Sin datos,noviembre,lunes,15,-101.29067838192,19.5998470680415
54949,54955,2025,,2025/11/17,14:40:00,COLISIÓN POR CAMBIO DE CARRIL,ASFALTO,Bueno,Bueno,2,CHEVROLET,BLANCO,2,,44,MASCULINO,SIN DATOS,0,0,Morelia,Indeco El Vivero,noviembre,lunes,15,-101.229746639729,19.6769991455792