fid,id_accidente,anio_origen,folio_c5i,dia_incidente,hora_ocurrencia,tipo_incidente_vial,superficie_ocurrencia,condiciones_climaticas,condiciones_via,numero_vehiculos_involucrados,marca_vehiculo_ocasiona_siniestro,color_vehiculo_ocasiona_siniestro,numero_personas_involucradas,lugar_remite_presunto_responsable,edad_presunto_responsable,sexo_presunto_responsable,resultados_toxicologia,numero_personas_lesionadas,numero_personas_fallecidas,municipio,colonia,mes,dia_semana,hora_redondeada,lon,lat
54950,54956,2025,,2025/11/17,16:35:00,COLISIÓN CONTRA OBJETO FIJO,CONCRETO,Bueno,Bueno,2,NISSAN,BLANCO,2,MINISTERIO PÚBLICO,18,MASCULINO,SIN DATOS,0,0,Morelia,Virrey Antonio de Mendoza,noviembre,lunes,17,-101.162358485162,19.7065466940132
54951,54957,2025,,2025/11/17,18:10:00,COLISIÓN POR CAMBIO DE CARRIL,ASFALTO,Bueno,Bueno,2,NISSAN,ROJO,2,,34,MASCULINO,SIN DATOS,0,0,Morelia,Indeco El Vivero,noviembre,lunes,18,-101.229737922549,19.6770041967462
54952,54958,2025,,2025/11/17,18:35:00,COLISIÓN POR ALCANCE,ASFALTO,Bueno,Bueno,2,KENWORT,BLANCO,2,,50,MASCULINO,SIN DATOS,0,0,Morelia,Granjas del Maestro,noviembre,lunes,19,-101.188566684723,19.7133425876264
54953,54959,2025,,2025/11/17,20:00:00,SALIDA DE SUPERFICIE DE RODAMIENTO,ASFALTO,Bueno,Bueno,1,FORD,AMARILLO,1,,,MASCULINO,SIN DATOS,0,0,Charo,Sin datos,noviembre,lunes,20,-100.979869365692,19.6508567332097
54954,54960,2025,,2025/11/18,"09:25:00",COLISIÓN POR CAMBIO DE CARRIL,ASFALTO,Bueno,Bueno,3,DINA,ROJO,3,,77,MASCULINO,SIN DATOS,0,0,Morelia,Sentimientos de La Nacion,noviembre,martes,9,-101.233191601932,19.678198161881
54955,54961,2025,,2025/11/18,12:00:00,COLISIÓN CON PEATÓN,SIN_DATOS,Bueno,Bueno,2,TOYOTA,GRIS,2,MINISTERIO PÚBLICO,44,,SIN DATOS,0,0,Morelia,Villas del Pedregal,noviembre,martes,12,-101.304504498839,19.6876081393519
54956,54962,2025,,2025/11/18,14:45:00,COLISIÓN CON PEATÓN,SIN_DATOS,Bueno,Bueno,2,VOLKSWAGEN,BLANCO,2,,35,,SIN DATOS,0,0,Morelia,Buenavista,noviembre,martes,15,-101.168273426592,19.7049855325285
54957,54963,2025,,2025/11/18,16:05:00,COLISIÓN CON PEATÓN,SIN_DATOS,Bueno,Bueno,2,KENWORTH,BLANCO,2,,52,,SIN DATOS,0,0,Morelia,San Rafael,noviembre,martes,16,-101.154604554176,19.7004152756971
54958,54964,2025,,2025/11/18,19:00:00,COLISIÓN POR CAMBIO DE CARRIL,CONCRETO,Bueno,Bueno,2,ITALIKA,NEGRO,3,MINISTERIO PÚBLICO,25,MASCULINO,SIN DATOS,1,0,Morelia,Lomas de Huerta,noviembre,martes,19,-101.214350759983,19.6743832510688
54959,54965,2025,,2025/11/19,"06:45:00",COLISIÓN POR CORTE DE CIRCULACIÓN,CONCRETO,Bueno,Regular,2,VOLKSWAGEN,BLANCO,2,MINISTERIO PÚBLICO,59,MASCULINO,SIN DATOS,0,0,Morelia,Americas Britania,noviembre,miércoles,7,-101.149301826954,19.6939910017561
54960,54966,2025,,2025/11/19,"08:15:00",COLISIÓN POR CAMBIO DE CARRIL,ASFALTO,Bueno,Bueno,2,CHEVROLET,GRIS,2,,44,MASCULINO,SIN DATOS,0,0,Morelia,Centro,noviembre,miércoles,8,-101.18754847,19.7028479949991
54961,54967,2025,LEG58840,2025/11/19,"08:20:00",COLISIÓN CONTRA OBJETO FIJO,ASFALTO,Bueno,Bueno,2,SEAT,ROJO,2,,34,,SIN DATOS,0,0,Morelia,Nueva Valladolid,noviembre,miércoles,8,-101.207911781967,19.7010626761855
54962,54968,2025,,2025/11/19,"08:25:00",COLISIÓN POR ALCANCE,ASFALTO,Bueno,Bueno,2,TOYOTA,BLANCO Y GUINDA,2,,29,MASCULINO,SIN DATOS,0,0,Morelia,Dr Miguel Silva,noviembre,miércoles,8,-101.186646223068,19.7205147181184
54964,54970,2025,LEG58839,2025/11/19,"09:40:00",COLISIÓN POR CAMBIO DE CARRIL,ASFALTO,Bueno,Bueno,2,NAVISTAR,BLANCO Y  NARANJA,2,,38,,SIN DATOS,0,0,Morelia,Loma Dorada,noviembre,miércoles,10,-101.25569164753,19.6975718592136
54965,54971,2025,,2025/11/19,15:20:00,COLISIÓN POR CORTE DE CIRCULACIÓN,ASFALTO,Bueno,Bueno,2,NISSAN,PLATA,2,MINISTERIO PÚBLICO,57,FEMENINO,SIN DATOS,0,0,Morelia,Tenencia Morelos,noviembre,miércoles,15,-101.249358952045,19.6459232480969
54966,54972,2025,,2025/11/19,16:10:00,COLISIÓN POR CAMBIO DE CARRIL,ASFALTO,Bueno,Bueno,2,FORD,NEGRO,2,,41,MASCULINO,SIN DATOS,0,0,Morelia,Tres Puentes,noviembre,miércoles,16,-101.213488094509,19.7025294973429
54974,54980,2025,,2025/11/20,"08:50:00",COLISIÓN CON PEATÓN,SIN_DATOS,Bueno,Bueno,2,RENAULT,NEGRO,2,,,FEMENINO,SIN DATOS,0,0,Morelia,Molino de Parras,noviembre,jueves,9,-101.20581600238,19.7003542301542
54975,54981,2025,,2025/11/20,"08:58:00",COLISIÓN CONTRA OBJETO FIJO,ASFALTO,Bueno,Bueno,2,NISSAN,GRIS,2,,53,FEMENINO,SIN DATOS,0,0,Morelia,Melchor Ocampo,noviembre,jueves,9,-101.201937888211,19.7065671597378
54976,54982,2025,,2025/11/20,10:05:00,COLISIÓN CON PEATÓN,ASFALTO,Bueno,Bueno,1,NISSAN,BLANCO,2,,,MASCULINO,SIN DATOS,1,0,Morelia,Santiaguito,noviembre,jueves,10,-101.19406267,19.7169238749991
54977,54983,2025,,2025/11/20,12:00:00,COLISIÓN POR CORTE DE CIRCULACIÓN,CONCRETO,Bueno,Bueno,2,GMC,ROJO,2,,,MASCULINO,SIN DATOS,0,0,Morelia,Montaña Monarca,noviembre,jueves,12,-101.161985993385,19.6727466378561
54978,54984,2025,,2025/11/20,13:00:00,COLISIÓN POR CAMBIO DE CARRIL,ASFALTO,Bueno,Bueno,2,MAZDA,GRIS,2,,,MASCULINO,SIN DATOS,0,0,Morelia,Elias Perez Avalos,noviembre,jueves,13,-101.170751452446,19.7142048762712
54979,54985,2025,,2025/11/20,13:50:00,COLISIÓN POR CAMBIO DE CARRIL,ASFALTO,Bueno,Bueno,2,DODGE,BLANCO,2,,20,FEMENINO,SIN DATOS,0,0,Morelia,Felix Ireta,noviembre,jueves,14,-101.180737316608,19.6853762871669
54980,54986,2025,,2025/11/20,14:17:00,SALIDA DE SUPERFICIE DE RODAMIENTO,ASFALTO,Bueno,Bueno,1,NISSAN,BLANCO,1,,,FEMENINO,SIN DATOS,0,0,Morelia,Santillan La Huerta,noviembre,jueves,14,-101.220112144947,19.6753720301183
54981,54987,2025,,2025/11/20,18:00:00,COLISIÓN POR CORTE DE CIRCULACIÓN,ASFALTO,Bueno,Bueno,2,S/D,S/D,2,,53,MASCULINO,SIN DATOS,1,0,Morelia,Cosmos,noviembre,jueves,18,-101.216638684273,19.6826746626699
54982,54988,2025,,2025/11/20,19:40:00,COLISIÓN POR CORTE DE CIRCULACIÓN,ASFALTO,Bueno,Bueno,2,NISSAN,BLANCO,2,,,MASCULINO,SIN DATOS,0,0,Morelia,Ciudad Industrial,noviembre,jueves,20,-101.137948706746,19.7286314242679
54983,54989,2025,,2025/11/21,"07:00:00",COLISIÓN CONTRA OBJETO FIJO,ASFALTO,Bueno,Bueno,1,FORD,GRIS,1,,,,SIN DATOS,0,0,Morelia,El Realito,noviembre,viernes,7,-101.205239295959,19.7257162366746
54984,54990,2025,,2025/11/21,"09:12:00",COLISIÓN POR CAMBIO DE CARRIL,ASFALTO,Bueno,Bueno,2,CHEVROLET,ROJO,2,MINISTERIO PÚBLICO,,FEMENINO,SIN DATOS,0,0,Morelia,Tinijaro,noviembre,viernes,9,-101.264526844025,19.6962258904548
54985,54991,2025,,2025/11/21,"09:50:00",COLISIÓN CONTRA OBJETO FIJO,ASFALTO,Bueno,Bueno,2,MERCEDES BENZ,BLANCO,2,,49,MASCULINO,SIN DATOS,0,0,Morelia,Cuauhtemoc,noviembre,viernes,10,-101.181810200214,19.7005579502375
54986,54992,2025,,2025/11/21,"09:50:00",COLISIÓN POR CORTE DE CIRCULACIÓN,ASFALTO,Bueno,Bueno,2,HYUNDAI,ROJO,2,,34,FEMENINO,SIN DATOS,0,0,Morelia,Morelia 450,noviembre,viernes,10,-101.217105388641,19.6755601878927
54987,54993,2025,LEG58870,2025/11/21,11:00:00,COLISIÓN POR CORTE DE CIRCULACIÓN,ASFALTO,Bueno,Bueno,2,NISSAN,BLANCO/ROJO,2,,46,MASCULINO,SIN DATOS,0,0,Morelia,Elias Perez Avalos,noviembre,viernes,11,-101.165094673634,19.7106344912986
54988,54994,2025,,2025/11/21,11:00:00,COLISIÓN CON PEATÓN,TERRACERIA,Bueno,Bueno,1,FORD,GRIS,1,MINISTERIO PÚBLICO,65,MASCULINO,SIN DATOS,0,0,Morelia,Vicente Lombardo Toledano (Ejidal Isacc Arriaga) (Etnias de Mexico),noviembre,viernes,11,-101.148599758744,19.7206258135428
54989,54995,2025,,2025/11/21,11:30:00,COLISIÓN POR NO RESPETAR SEMÁFORO,ASFALTO,Bueno,Bueno,2,KENWORTH,AZUL,2,,52,MASCULINO,SIN DATOS,0,0,Morelia,Sentimientos de La Nacion,noviembre,viernes,12,-101.235211640596,19.6810242437921
54990,54996,2025,LEG58873,2025/11/21,11:30:00,COLISIÓN POR CORTE DE CIRCULACIÓN,ASFALTO,Bueno,Bueno,2,NISSAN,BLANCO,2,MINISTERIO PÚBLICO,56,MASCULINO,SIN DATOS,0,0,Morelia,Chapultepec Norte,noviembre,viernes,12,-101.171314716339,19.6949834477079
54991,54997,2025,,2025/11/21,12:00:00,COLISIÓN POR ALCANCE,ASFALTO,Bueno,Bueno,2,FORD,BLANCO,2,MINISTERIO PÚBLICO,34,MASCULINO,SIN DATOS,0,0,Morelia,Rafael Carrillo,noviembre,viernes,12,-101.233575493097,19.7117707610764
54992,54998,2025,,2025/11/21,12:00:00,COLISIÓN CONTRA OBJETO FIJO,ASFALTO,Bueno,Bueno,1,KENWORTH,VERDE,1,,34,MASCULINO,SIN DATOS,0,0,Morelia,Ciudad Industrial,noviembre,viernes,12,-101.142774671316,19.7251023899189
54993,54999,2025,,2025/11/21,12:20:00,COLISIÓN POR ALCANCE,CONCRETO,Bueno,Bueno,2,MAZDA,ROJO,2,MINISTERIO PÚBLICO,31,FEMENINO,SIN DATOS,0,0,Morelia,Felix Ireta,noviembre,viernes,12,-101.19197845459,19.6823892815857
54994,55000,2025,,2025/11/21,13:00:00,COLISIÓN POR CAMBIO DE CARRIL,ASFALTO,Bueno,Bueno,2,AUDI,BLANCO,2,,25,MASCULINO,SIN DATOS,0,0,Morelia,Josefa Ortiz de Dominguez,noviembre,viernes,13,-101.210023015738,19.6721341664224
54995,55001,2025,LEG58875,2025/11/21,14:00:00,COLISIÓN POR CORTE DE CIRCULACIÓN,ASFALTO,Bueno,Bueno,2,NISSAN,AZUL,2,,55,FEMENINO,SIN DATOS,0,0,Morelia,Rinconada del Valle,noviembre,viernes,14,-101.21871471405,19.6790808442929
54996,55002,2025,,2025/11/21,14:30:00,COLISIÓN POR CAMBIO DE CARRIL,ASFALTO,Bueno,Bueno,2,VOLKSWAGEN,GRIS,2,,58,FEMENINO,SIN DATOS,0,0,Morelia,Avicola Benito Juarez,noviembre,viernes,15,-101.279539167881,19.6913659146725
54997,55003,2025,,2025/11/21,16:10:00,COLISIÓN POR ALCANCE,ASFALTO,Bueno,Bueno,2,PEUGEOT,AZUL,2,,37,MASCULINO,SIN DATOS,0,0,Morelia,Alberto Oviedo Mota,noviembre,viernes,16,-101.197879314423,19.6811896652727
54998,55004,2025,LEG58880,2025/11/21,16:50:00,COLISIÓN POR CORTE DE CIRCULACIÓN,CONCRETO,Bueno,Bueno,2,ITALIKA,ROJO,2,,23,MASCULINO,SIN DATOS,0,0,Morelia,Fidel Velazquez,noviembre,viernes,17,-101.234967559576,19.703639941774
54999,55005,2025,LEG58881,2025/11/21,18:05:00,COLISIÓN POR ALCANCE,ASFALTO,Bueno,Bueno,2,RENAULT,S/D,2,MINISTERIO PÚBLICO,35,MASCULINO,SIN DATOS,0,0,Morelia,Bosques de Oriente,noviembre,viernes,18,-101.155446767807,19.7156112931607
55000,55006,2025,MOR/20250125588,2025/11/21,18:16:00,COLISIÓN POR ALCANCE,ASFALTO,Bueno,Bueno,2,SEAT,GRIS,2,,44,MASCULINO,SIN DATOS,0,0,Morelia,Americas Britania,noviembre,viernes,18,-101.149940527976,19.6919151788788
55001,55007,2025,,2025/11/21,18:20:00,COLISIÓN POR NO RESPETAR SEMÁFORO,CONCRETO,Bueno,Bueno,2,CHEVROLET,ROJO,2,MINISTERIO PÚBLICO,80,MASCULINO,SIN DATOS,0,0,Morelia,Guadalupe,noviembre,viernes,18,-101.226106882095,19.7089654226088
55002,55008,2025,LEG58884,2025/11/21,19:30:00,COLISIÓN POR ALCANCE,ASFALTO,Bueno,Bueno,2,MERCEDES BENZ,GRIS,2,,34,MASCULINO,SIN DATOS,0,0,Morelia,Lazaro Cardenas,noviembre,viernes,20,-101.165331378579,19.7101477866076
55003,55009,2025,LEG58882,2025/11/21,20:00:00,COLISIÓN POR ALCANCE,ASFALTO,Bueno,Bueno,2,FORD,AMARILLO,2,,,MASCULINO,SIN DATOS,0,0,Morelia,Tzindurio Norte,noviembre,viernes,20,-101.24379336834,19.7003748722644
55004,55010,2025,MOR/20250125590,2025/11/21,21:10:00,COLISIÓN POR CORTE DE CIRCULACIÓN,ASFALTO,Bueno,Regular,2,TOYOTA,BLANCO/GRIS,2,,38,MASCULINO,SIN DATOS,0,0,Morelia,Sentimientos de La Nacion,noviembre,viernes,21,-101.233191601932,19.6781991089678
55005,55011,2025,,2025/11/22,"08:00:00",COLISIÓN CONTRA OBJETO FIJO,ASFALTO,Bueno,Bueno,1,VOLKSWAGEN,BLANCO,1,,20,MASCULINO,SIN DATOS,0,0,Huaniqueo,Sin datos,noviembre,sábado,8,-101.521521359682,19.9000725325213
55006,55012,2025,,2025/11/22,10:20:00,COLISIÓN POR NO RESPETAR SEMÁFORO,ASFALTO,Bueno,Bueno,2,AUDI,BLANCO,1,,,MASCULINO,SIN DATOS,0,0,Morelia,Lomas de Guayangareo,noviembre,sábado,10,-101.159141510725,19.7036658246961
55007,55013,2025,,2025/11/22,13:17:00,COLISIÓN CONTRA OBJETO FIJO,CONCRETO,Bueno,Bueno,2,NISSAN,BLANCO,2,,62,MASCULINO,SIN DATOS,0,0,Morelia,Insurgentes,noviembre,sábado,13,-101.154086887836,19.6973155452099
55008,55014,2025,LEG58886,2025/11/22,20:10:00,COLISIÓN POR MANIOBRA DE REVERSA,ASFALTO,Bueno,Regular,2,NISSAN,BLANCO,2,,64,MASCULINO,SIN DATOS,0,0,Morelia,Alberto Oviedo Mota,noviembre,sábado,20,-101.202091723681,19.6777479793506
55009,55015,2025,,2025/11/22,20:26:00,COLISIÓN CONTRA OBJETO FIJO,ASFALTO,Bueno,Bueno,1,FORD,GRIS,1,MINISTERIO PÚBLICO,40,MASCULINO,SIN DATOS,0,0,Morelia,Isaac Arriaga,noviembre,sábado,20,-101.168559417129,19.7089729978464
55010,55016,2025,,2025/11/22,22:00:00,COLISIÓN POR NO RESPETAR SEMÁFORO,ASFALTO,Bueno,Bueno,2,BAJAJ,NEGRO,2,,38,MASCULINO,SIN DATOS,0,0,Morelia,Jardines del Rincon,noviembre,sábado,22,-101.150414943695,19.6907547771109
55011,55017,2025,LEG58885,2025/11/22,22:50:00,COLISIÓN POR CORTE DE CIRCULACIÓN,CONCRETO,Bueno,Bueno,1,FORD,GRIS,1,,48,FEMENINO,SIN DATOS,0,0,Morelia,Ventura Puente,noviembre,sábado,23,-101.183758825064,19.6945617220629
55012,55018,2025,,2025/11/23,"03:00:00",COLISIÓN CONTRA OBJETO FIJO,ASFALTO,Bueno,Bueno,1,VOLKSWAGEN,GRIS,1,,26,MASCULINO,SIN DATOS,0,0,Morelia,Alberto Oviedo Mota,noviembre,domingo,3,-101.201961301267,19.6777167253972
55013,55019,2025,LEG58896,2025/11/23,10:10:00,VOLCADURA,ASFALTO,Bueno,Bueno,1,FORD,GRIS,1,,38,MASCULINO,SIN DATOS,0,0,Morelia,Bosques de Oriente,noviembre,domingo,10,-101.156782507896,19.7148184492541
55014,55020,2025,,2025/11/23,10:30:00,COLISIÓN POR CAMBIO DE CARRIL,ASFALTO,Bueno,Bueno,1,DINA,BLANCO,1,,24,MASCULINO,SIN DATOS,0,0,Morelia,Indeco El Vivero,noviembre,domingo,11,-101.231801211834,19.6776962051215
55015,55021,2025,,2025/11/23,14:00:00,COLISIÓN POR ALCANCE,ASFALTO,Bueno,Bueno,2,INTERNACIONAL,VERDE,2,,,MASCULINO,SIN DATOS,0,0,Morelia,Centro,noviembre,domingo,14,-101.187135726213,19.7057414951581
55016,55022,2025,,2025/11/23,16:30:00,COLISIÓN POR CORTE DE CIRCULACIÓN,CONCRETO,Bueno,Bueno,2,HYUNDAI,GRIS,2,,36,MASCULINO,SIN DATOS,0,0,Morelia,Jose Maria Morelos,noviembre,domingo,17,-101.218612790108,19.7153726829081
55017,55023,2025,,2025/11/23,17:10:00,COLISIÓN POR ALCANCE,ASFALTO,Bueno,Bueno,3,VOLKSWAGEN,BLANCO,3,,35,MASCULINO,SIN DATOS,0,0,Morelia,Fracc Heroes Republicanos,noviembre,domingo,17,-101.277557015419,19.6921525614468
55020,55026,2025,,2025/11/24,"09:10:00",COLISIÓN CONTRA OBJETO FIJO,ASFALTO,Bueno,Bueno,1,CHEVROLET/AVEO,ROJO,1,,19,MASCULINO,SIN DATOS,0,0,Morelia,Eduardo Ruiz,noviembre,lunes,9,-101.22081823647,19.7173187979358
55022,55028,2025,,2025/11/24,13:35:00,COLISIÓN POR ALCANCE,ASFALTO,Bueno,Bueno,2,VOLKSWAGEN,MARRON,2,,25,MASCULINO,SIN DATOS,0,0,Morelia,Progreso del Sur,noviembre,lunes,14,-101.196776926517,19.658137609293
55023,55029,2025,,2025/11/24,15:10:00,COLISIÓN POR ALCANCE,ASFALTO,Bueno,Bueno,2,VOLKSWAGEN,NEGRO,2,,25,MASCULINO,SIN DATOS,0,0,Morelia,Ventura Puente,noviembre,lunes,15,-101.19537346065,19.6922643079062
55024,55030,2025,LEG58901,2025/11/24,16:45:00,COLISIÓN POR CORTE DE CIRCULACIÓN,ASFALTO,Bueno,Bueno,2,NISSAN,ROJO,2,,61,MASCULINO,SIN DATOS,0,0,Morelia,Campestre Los Manantiales,noviembre,lunes,17,-101.239618510008,19.6910616088642
55025,55031,2025,,2025/11/24,17:05:00,COLISIÓN CONTRA OBJETO FIJO,ASFALTO,Bueno,Regular,1,VOLKSWAGEN,BLANCO,1,,22,MASCULINO,SIN DATOS,0,0,Morelia,Loma Bonita,noviembre,lunes,17,-101.197578907013,19.7245898497417
55026,55032,2025,LEG58899,2025/11/24,20:40:00,COLISIÓN POR ALCANCE,ASFALTO,Bueno,Bueno,2,VOLKSWAGEN,ROJO,2,,47,MASCULINO,SIN DATOS,0,0,Morelia,Monte Rubio,noviembre,lunes,21,-101.25334620815,19.6411620468106
55028,55034,2025,,2025/11/25,"00:01:00",COLISIÓN POR CAMBIO DE CARRIL,CONCRETO,Bueno,Bueno,2,FORD,ROJO,2,,24,MASCULINO,SIN DATOS,0,0,Morelia,Villas del Pedregal,noviembre,martes,0,-101.302209,19.685042
55030,55036,2025,,2025/11/25,"08:10:00",COLISIÓN POR CORTE DE CIRCULACIÓN,ASFALTO,Bueno,Bueno,2,VOLKSWAGEN,GRIS,2,,42,MASCULINO,SIN DATOS,0,0,Morelia,Puerto de Buenavista,noviembre,martes,8,-101.128903627396,19.6866459528608
55031,55037,2025,,2025/11/25,"08:40:00",COLISIÓN POR CAMBIO DE CARRIL,ASFALTO,Bueno,Bueno,2,KENWORTH,BLANCO,2,,29,MASCULINO,SIN DATOS,0,0,Morelia,Elias Perez Avalos,noviembre,martes,9,-101.165124177933,19.7106269161397
55033,55039,2025,LEG58915,2025/11/25,"09:40:00",COLISIÓN POR CAMBIO DE CARRIL,ASFALTO,Bueno,Bueno,2,CHEVROLET,BLANCO Y ROJO,2,,28,MASCULINO,SIN DATOS,0,0,Morelia,Felix Ireta,noviembre,martes,10,-101.195886433125,19.6821443080371
55034,55040,2025,,2025/11/25,10:15:00,COLISIÓN POR CORTE DE CIRCULACIÓN,ASFALTO,Bueno,Bueno,2,DODGE,BLANCO,2,MINISTERIO PÚBLICO,39,MASCULINO,SIN DATOS,0,0,Morelia,Jardines del Rincon,noviembre,martes,10,-101.147496700287,19.6874869193249
55035,55041,2025,LEG58916,2025/11/25,13:20:00,COLISIÓN POR CAMBIO DE CARRIL,ASFALTO,Bueno,Bueno,2,INTERNATIONAL,BLANCO,2,,51,MASCULINO,SIN DATOS,0,0,Morelia,Indeco El Vivero,noviembre,martes,13,-101.229931712151,19.6769265350358
55036,55042,2025,MOR/20250127386,2025/11/25,15:20:00,COLISIÓN POR CAMBIO DE CARRIL,ASFALTO,Bueno,Bueno,2,CHEVROLET,AZUL,2,,37,MASCULINO,SIN DATOS,0,0,Morelia,Nueva Valladolid,noviembre,martes,15,-101.209705173969,19.7020440305855
55037,55043,2025,MOR2025671,2025/11/25,16:11:00,COLISIÓN POR ALCANCE,ASFALTO,Bueno,Bueno,2,CHEVROLET,GRIS,2,,,MASCULINO,SIN DATOS,0,0,Morelia,Elias Perez Avalos,noviembre,martes,16,-101.171432733536,19.7147224997248
55038,55044,2025,,2025/11/25,18:10:00,COLISIÓN POR ALCANCE,ASFALTO,Bueno,Bueno,3,GM,BLANCO,3,,39,FEMENINO,SIN DATOS,0,0,Morelia,Santillan La Huerta,noviembre,martes,18,-101.219553885717,19.6760966650679
55040,55046,2025,,2025/11/25,20:00:00,COLISIÓN POR MANIOBRA DE REVERSA,ASFALTO,Bueno,Bueno,2,FORD,ROJO,2,,34,MASCULINO,SIN DATOS,0,0,Morelia,Infonavit Cepamisa,noviembre,martes,20,-101.21640064,19.6965741849992
55044,55050,2025,MOR20257012,2025/11/26,"09:18:00",COLISIÓN CONTRA OBJETO FIJO,ASFALTO,Bueno,Bueno,1,VOLKSWAGEN,ROJO,1,,39,FEMENINO,SIN DATOS,0,0,Morelia,Americas Britania,noviembre,miércoles,9,-101.149283051491,19.6945516208362
55045,55051,2025,MOR20257910,2025/11/26,14:50:00,COLISIÓN POR MANIOBRA DE REVERSA,ASFALTO,Bueno,Bueno,2,SUZUKI,GRIS,2,,,MASCULINO,SIN DATOS,0,0,Morelia,Cuauhtemoc,noviembre,miércoles,15,-101.178763210773,19.6959380082377
55051,55057,2025,,2025/11/27,"08:20:00",COLISIÓN POR CORTE DE CIRCULACIÓN,CONCRETO,Bueno,Bueno,2,TOYOTA,BLANCO Y AZUL,2,,50,MASCULINO,SIN DATOS,0,0,Morelia,Benedicto Lopez,noviembre,jueves,8,-101.260406945,19.6888970699991
55052,55058,2025,LEG58936,2025/11/27,"08:20:00",COLISIÓN POR CORTE DE CIRCULACIÓN,ASFALTO,Bueno,Bueno,2,ITALIKA,NEGRO,3,MINISTERIO PÚBLICO,18,MASCULINO,SIN DATOS,1,0,Morelia,Tres Puentes,noviembre,jueves,8,-101.212261348208,19.7081255919614
55053,55059,2025,MOR/20250127929,2025/11/27,"08:20:00",COLISIÓN POR ALCANCE,ASFALTO,Bueno,Bueno,2,HYUNDAI,AZUL,2,MINISTERIO PÚBLICO,38,FEMENINO,SIN DATOS,0,0,Morelia,Ventura Puente,noviembre,jueves,8,-101.193205035,19.6924290599991
55054,55060,2025,MOR/20250127956,2025/11/27,10:50:00,COLISIÓN POR CORTE DE CIRCULACIÓN,CONCRETO,Bueno,Bueno,2,CHEVROLET,AZUL,2,,40,FEMENINO,SIN DATOS,0,0,Morelia,Ciudad Jardin,noviembre,jueves,11,-101.2500284,19.7021699849992
55055,55061,2025,LEG58941,2025/11/27,13:05:00,COLISIÓN POR CORTE DE CIRCULACIÓN,CONCRETO,Bueno,Bueno,2,TOYOTA,GRIS,2,,69,MASCULINO,SIN DATOS,0,0,Morelia,Ferrocarrilero,noviembre,jueves,13,-101.223609235,19.6918737849991
55056,55062,2025,,2025/11/27,13:15:00,COLISIÓN CONTRA OBJETO FIJO,ASFALTO,Bueno,Bueno,1,VOLKSWAGEN,BLANCO,1,,,MASCULINO,SIN DATOS,0,0,Morelia,Nueva Jacarndas,noviembre,jueves,13,-101.187795756319,19.6785311909764
55057,55063,2025,,2025/11/27,15:10:00,COLISIÓN CONTRA OBJETO FIJO,ASFALTO,Bueno,Bueno,1,INTERNACIONAL,Azul,1,,23,MASCULINO,SIN DATOS,0,0,Morelia,Vistas de Altozano,noviembre,jueves,15,-101.167,19.6551
55059,55065,2025,,2025/11/27,16:20:00,COLISIÓN POR ALCANCE,ASFALTO,Bueno,Bueno,2,VENTO,NEGRO,2,,21,MASCULINO,SIN DATOS,0,0,Morelia,San Rafael,noviembre,jueves,16,-101.153769046068,19.7007416593034
55060,55066,2025,LEG58942,2025/11/27,16:55:00,COLISIÓN POR MANIOBRA DE REVERSA,CONCRETO,Bueno,Bueno,2,NISSAN,AMARILLO,2,,60,FEMENINO,SIN DATOS,0,0,Morelia,El Lago 1,noviembre,jueves,17,-101.213505864143,19.7284174499818
55062,55068,2025,LEG58947,2025/11/27,18:10:00,COLISIÓN POR CAMBIO DE CARRIL,ASFALTO,Bueno,Bueno,2,TOYOTA,NEGRO,2,,41,MASCULINO,SIN DATOS,0,0,Morelia,Alberto Oviedo Mota,noviembre,jueves,18,-101.195878386497,19.6823861247125
55063,55069,2025,MOR/20250128120,2025/11/27,19:40:00,CAIDA DE MOTOCICLETA,ASFALTO,Bueno,Bueno,1,KAWASAKI,NARANJA/NEGRO,1,MINISTERIO PÚBLICO,,,,0,1,Morelia,Josefa Ortiz de Dominguez,noviembre,jueves,20,-101.20843347162,19.6721856267412
55064,55070,2025,LEG58946,2025/11/27,19:50:00,COLISIÓN CONTRA OBJETO FIJO,ASFALTO,Bueno,Bueno,2,HONDA,AZUL,1,,18,MASCULINO,SIN DATOS,0,0,Morelia,Gertrudis Sanchez,noviembre,jueves,20,-101.202410236001,19.7411045567587
55065,55071,2025,,2025/11/28,"00:00:00",COLISIÓN POR CORTE DE CIRCULACIÓN,ASFALTO,Bueno,Bueno,2,KIA,GRIS,2,,35,FEMENINO,SIN DATOS,0,0,Morelia,Irrigacion,noviembre,viernes,0,-101.225014552474,19.7047409092007
55066,55072,2025,,2025/11/28,"09:00:00",COLISIÓN POR CORTE DE CIRCULACIÓN,SIN_DATOS,Bueno,Bueno,2,DODGE,BLANCO,2,,46,MASCULINO,SIN DATOS,0,0,Morelia,San Pascual,noviembre,viernes,9,-101.267313659191,19.6952220883741
55067,55073,2025,,2025/11/28,13:20:00,COLISIÓN POR ALCANCE,ASFALTO,Bueno,Bueno,2,FORD,CAFE,2,,,MASCULINO,SIN DATOS,0,0,Morelia,Lomas de Morelia (Dr Ignacio Chavez),noviembre,viernes,13,-101.176502108574,19.7182776438228
55068,55074,2025,,2025/11/28,17:40:00,COLISIÓN POR CAMBIO DE CARRIL,ASFALTO,Bueno,Bueno,2,CHEVROLET,BLANCO,2,,28,MASCULINO,SIN DATOS,0,0,Morelia,Lomas del Tecnologico,noviembre,viernes,18,-101.188537180424,19.7200267810503