fid,id_accidente,anio_origen,folio_c5i,dia_incidente,hora_ocurrencia,tipo_incidente_vial,superficie_ocurrencia,condiciones_climaticas,condiciones_via,numero_vehiculos_involucrados,marca_vehiculo_ocasiona_siniestro,color_vehiculo_ocasiona_siniestro,numero_personas_involucradas,lugar_remite_presunto_responsable,edad_presunto_responsable,sexo_presunto_responsable,resultados_toxicologia,numero_personas_lesionadas,numero_personas_fallecidas,municipio,colonia,mes,dia_semana,hora_redondeada,lon,lat
55069,55075,2025,,2025/11/28,17:40:00,COLISIÓN POR CAMBIO DE CARRIL,ASFALTO,Bueno,Bueno,3,JEEP,ROJO,3,,63,FEMENINO,SIN DATOS,0,0,Morelia,Ciudad Industrial,noviembre,viernes,18,-101.142784059048,19.7250948154455
55070,55076,2025,,2025/11/28,18:00:00,COLISIÓN POR CORTE DE CIRCULACIÓN,ASFALTO,Bueno,Bueno,2,DODGE,BLANCO,2,,67,MASCULINO,SIN DATOS,0,0,Morelia,Lomas de Guayangareo,noviembre,viernes,18,-101.160699874163,19.7027763335819
55071,55077,2025,,2025/11/28,18:20:00,COLISIÓN POR MANIOBRA DE REVERSA,CONCRETO,Bueno,Bueno,2,NISSAN,VERDE,2,,33,MASCULINO,SIN DATOS,0,0,Morelia,Ventura Puente,noviembre,viernes,18,-101.191893965006,19.6941955521885
55072,55078,2025,,2025/11/28,18:40:00,COLISIÓN POR CAMBIO DE CARRIL,ASFALTO,Bueno,Bueno,2,FREIGHTLINER,ROJO,2,,,MASCULINO,SIN DATOS,0,0,Morelia,Indeco El Vivero,noviembre,viernes,19,-101.231880337,19.6776854714378
55073,55079,2025,,2025/11/28,20:20:00,COLISIÓN POR CAMBIO DE CARRIL,ASFALTO,Bueno,Bueno,2,FREIGHTLINER,AMARILLO,2,,,MASCULINO,SIN DATOS,0,0,Morelia,Jardines de Torremolinos,noviembre,viernes,20,-101.228701919317,19.6768292999957
55074,55080,2025,,2025/11/28,21:50:00,COLISIÓN POR CORTE DE CIRCULACIÓN,CONCRETO,Bueno,Bueno,2,CHEVROLET,GRIS,2,,37,FEMENINO,SIN DATOS,0,0,Morelia,Santa Maria de Guido,noviembre,viernes,22,-101.190540790558,19.6733843633562
55075,55081,2025,,2025/11/29,"02:30:00",COLISIÓN POR CORTE DE CIRCULACIÓN,ASFALTO,Bueno,Bueno,2,S/D,S/D,1,,,,,1,0,Morelia,Eduardo Ruiz,noviembre,sábado,3,-101.223393492401,19.7229187174878
55076,55082,2025,,2025/11/29,"07:30:00",COLISIÓN POR ALCANCE,ASFALTO,Bueno,Bueno,2,BMW,NEGRO,2,,,MASCULINO,SIN DATOS,0,0,Charo,La Goleta,noviembre,sábado,8,-101.0835313797,19.7371074789345
55077,55083,2025,,2025/11/29,"08:20:00",COLISIÓN POR CORTE DE CIRCULACIÓN,SIN_DATOS,Bueno,Bueno,1,BAJAJ,GRIS,1,,0,MASCULINO,SIN DATOS,0,0,Morelia,Centro,noviembre,sábado,8,-101.186610348523,19.702866608633
55078,55084,2025,,2025/11/29,"08:20:00",COLISIÓN POR CORTE DE CIRCULACIÓN,CONCRETO,Bueno,Bueno,2,BAJAJ,GRIS,2,,23,MASCULINO,SIN DATOS,0,0,Morelia,Centro,noviembre,sábado,8,-101.186613366008,19.7028735528656
55079,55085,2025,LEG58964,2025/11/29,"09:50:00",COLISIÓN POR CORTE DE CIRCULACIÓN,ASFALTO,Bueno,Bueno,2,NISSAN,BLANCO,2,,72,MASCULINO,SIN DATOS,0,0,Morelia,Tenencia Morelos,noviembre,sábado,10,-101.247899830341,19.6482080648793
55080,55086,2025,,2025/11/29,14:00:00,COLISIÓN CON PEATÓN,ASFALTO,Bueno,Bueno,1,BMW,NEGRO,2,,28,MASCULINO,SIN DATOS,1,0,Morelia,Felix Ireta,noviembre,sábado,14,-101.180691719055,19.6861774846419
55081,55087,2025,,2025/11/29,15:45:00,COLISIÓN POR CAMBIO DE CARRIL,SIN_DATOS,Bueno,Bueno,2,RAM,BLANCO,2,,43,MASCULINO,SIN DATOS,0,0,Morelia,Adolfo Lopez Mateos,noviembre,sábado,16,-101.229380182922,19.7022523585031
55082,55088,2025,LEG58971,2025/11/29,18:10:00,COLISIÓN CONTRA OBJETO FIJO,CONCRETO,Bueno,Regular,3,FORD,AZUL,2,,41,MASCULINO,SIN DATOS,0,0,Morelia,Ferrocarrilero,noviembre,sábado,18,-101.223609235,19.6918737849991
55083,55089,2025,,2025/11/29,20:10:00,COLISIÓN POR ALCANCE,ASFALTO,Bueno,Bueno,2,HONDA,GRIS,2,,38,MASCULINO,SIN DATOS,0,0,Morelia,Ejidal Ocolusen,noviembre,sábado,20,-101.15332837,19.6868221449992
55084,55090,2025,LEG58968,2025/11/29,20:30:00,CAIDA DE MOTOCICLETA,ASFALTO,Bueno,Bueno,1,ITALIKA,NEGRO Y VERDE,1,,40,MASCULINO,SIN DATOS,0,0,Morelia,Lomas de San Juan,noviembre,sábado,21,-101.183039681886,19.7298664251429
55085,55091,2025,LEG58972,2025/11/29,23:40:00,COLISIÓN CON PEATÓN,ASFALTO,Bueno,Bueno,1,VOLKSWAGEN,PLATA,2,MINISTERIO PÚBLICO,44,MASCULINO,SIN DATOS,1,0,Morelia,Lomas del Valle,noviembre,sábado,0,-101.230037015,19.6880963799991
55086,55092,2025,,2025/11/30,"02:32:00",COLISIÓN POR CORTE DE CIRCULACIÓN,ASFALTO,Bueno,Bueno,1,VOLKSWAGEN,NEGRO,1,,43,MASCULINO,SIN DATOS,0,0,Morelia,Bosques de Oriente,noviembre,domingo,3,-101.156914300786,19.7151617669505
55087,55093,2025,LEG58973,2025/11/30,"03:00:00",SALIDA DE SUPERFICIE DE RODAMIENTO,ASFALTO,Bueno,Bueno,1,TOYOTA,AZUL,1,,26,MASCULINO,SIN DATOS,0,0,Morelia,Villas del Pedregal,noviembre,domingo,3,-101.302209,19.685042
55088,55094,2025,LEG58974,2025/11/30,"07:30:00",SALIDA DE SUPERFICIE DE RODAMIENTO,CONCRETO,Bueno,Bueno,1,JEEP,GRIS,0,,,,,0,0,Morelia,Ana Maria Gallaga (Riviera Norte),noviembre,domingo,8,-101.22460476,19.6777109999991
55089,55095,2025,,2025/11/30,10:45:00,COLISIÓN CONTRA OBJETO FIJO,SIN_DATOS,Bueno,Bueno,2,JEEP,BLANCO,2,,34,MASCULINO,SIN DATOS,0,0,Morelia,Infonavit Cepamisa,noviembre,domingo,11,-101.21640064,19.6965741849992
55091,55097,2025,,2025/11/30,16:10:00,COLISIÓN POR CORTE DE CIRCULACIÓN,SIN_DATOS,Bueno,Bueno,2,TOYOTA,BLANCO Y MORADO,2,,24,MASCULINO,SIN DATOS,0,0,Morelia,Santillan La Huerta,noviembre,domingo,16,-101.219553885717,19.6760966650679
55095,55101,2025,,2025/11/30,19:30:00,COLISIÓN POR CORTE DE CIRCULACIÓN,ASFALTO,Bueno,Bueno,2,FORD,BLANCO,2,,42,FEMENINO,SIN DATOS,0,0,Morelia,Centro,noviembre,domingo,20,-101.1904631,19.7026851599992
55096,55102,2025,,2025/11/30,20:30:00,COLISIÓN CONTRA OBJETO FIJO,CONCRETO,Bueno,Bueno,2,MAZDA,BLANCO,2,,40,MASCULINO,SIN DATOS,0,0,Morelia,Lomas de Hidalgo,noviembre,domingo,21,-101.16116377,19.6974560449991
55101,55107,2025,,2025/12/01,10:40:00,COLISIÓN POR CORTE DE CIRCULACIÓN,ASFALTO,Bueno,Bueno,2,VOLKSWAGEN,GRIS,2,,79,,SIN DATOS,0,0,Morelia,Ventura Puente,diciembre,lunes,11,-101.19191005826,19.6924240357607
55102,55108,2025,LEG58989,2025/12/01,11:30:00,COLISIÓN POR CAMBIO DE CARRIL,ASFALTO,Bueno,Bueno,2,NISSAN,BLANCO GRIS,2,,29,MASCULINO,SIN DATOS,0,0,Morelia,Alberto Oviedo Mota,diciembre,lunes,12,-101.195738911629,19.6815227175447
55103,55109,2025,,2025/12/01,11:30:00,COLISIÓN POR ALCANCE,ASFALTO,Bueno,Bueno,2,CHEVROLET,NARANJA,2,MINISTERIO PÚBLICO,54,MASCULINO,SIN DATOS,0,0,Morelia,Loma de Los Piñones,diciembre,lunes,12,-101.205064952373,19.674030926025
55104,55110,2025,,2025/12/01,12:10:00,COLISIÓN POR INVASIÓN DE CARRIL,ASFALTO,Bueno,Bueno,2,VOLKSWAGEN,GINDA,2,MINISTERIO PÚBLICO,,MASCULINO,SIN DATOS,0,0,Morelia,Centenario (Los Alamos Ii),diciembre,lunes,12,-101.178891956806,19.7383432828265
55105,55111,2025,,2025/12/01,12:30:00,COLISIÓN POR CORTE DE CIRCULACIÓN,ASFALTO,Bueno,Bueno,2,NISSAN,BLANCO Y VERDE,2,,25,,SIN DATOS,0,0,Morelia,Sentimientos de La Nacion,diciembre,lunes,13,-101.235561668873,19.6818702907887
55106,55112,2025,LEG58991,2025/12/01,12:45:00,COLISIÓN CONTRA OBJETO FIJO,CONCRETO,Bueno,Bueno,2,FORD,AZUL,4,,39,FEMENINO,SIN DATOS,2,0,Morelia,Agustin Arriaga Rivera,diciembre,lunes,13,-101.225734055042,19.6872937247172
55107,55113,2025,LEG58992,2025/12/01,12:50:00,COLISIÓN POR ALCANCE,ASFALTO,Bueno,Bueno,2,MAZDA,GRIS,2,,21,MASCULINO,SIN DATOS,0,0,Morelia,Ampliacion La Soledad,diciembre,lunes,13,-101.182962208986,19.7330553888752
55108,55114,2025,,2025/12/01,13:11:00,COLISIÓN POR NO RESPETAR SEMÁFORO,ASFALTO,Bueno,Bueno,2,HYUNDAI,GRIS,2,,63,FEMENINO,SIN DATOS,0,0,Morelia,Vasco de Quiroga,diciembre,lunes,13,-101.167776882648,19.6967069556356
55109,55115,2025,,2025/12/01,14:30:00,COLISIÓN POR ALCANCE,ASFALTO,Bueno,Bueno,3,FREIGHTLINER,NARANJA,3,,20,MASCULINO,SIN DATOS,0,0,Morelia,Sentimientos de La Nacion,diciembre,lunes,15,-101.233300566673,19.6782878194008
55110,55116,2025,,2025/12/01,14:40:00,COLISIÓN POR CORTE DE CIRCULACIÓN,ASFALTO,Bueno,Bueno,2,VELICI,ROJO,2,,42,MASCULINO,SIN DATOS,0,0,Morelia,Vista Bella,diciembre,lunes,15,-101.196772903204,19.6793005670558
55111,55117,2025,,2025/12/01,15:00:00,COLISIÓN CONTRA OBJETO FIJO,ASFALTO,Bueno,Bueno,1,NISSAN,PISTACHE,1,,31,MASCULINO,SIN DATOS,0,0,Morelia,Lomas de La Maestranza,diciembre,lunes,15,-101.32930085063,19.6849084465986
55112,55118,2025,,2025/12/01,16:16:00,CAIDA DE MOTOCICLETA,CONCRETO,Bueno,Bueno,1,KURAZAI,ROJO,1,,60,,SIN DATOS,0,0,Morelia,Sin datos,diciembre,lunes,16,-101.142990589142,19.748682509333
55113,55119,2025,,2025/12/01,16:45:00,COLISIÓN POR CAMBIO DE CARRIL,ASFALTO,Bueno,Bueno,3,GENERAL MOTORS,BLANCO,3,,38,FEMENINO,SIN DATOS,0,0,Morelia,Isaac Arriaga,diciembre,lunes,17,-101.167688369751,19.709419936232
55114,55120,2025,LEG58998,2025/12/01,16:46:00,COLISIÓN POR NO RESPETAR SEMÁFORO,ASFALTO,Bueno,Bueno,2,FORD,PLATA,2,,21,MASCULINO,SIN DATOS,0,0,Morelia,La Rinconada,diciembre,lunes,17,-101.159317195416,19.6914530394655
55117,55123,2025,,2025/12/01,20:20:00,COLISIÓN POR CAMBIO DE CARRIL,ASFALTO,Bueno,Bueno,2,MERCEDES BENZ,ROJO,2,,,MASCULINO,SIN DATOS,0,0,Morelia,Cosmos,diciembre,lunes,20,-101.221052885,19.6834651799992
55119,55125,2025,,2025/12/02,"00:00:00",COLISIÓN POR INVASIÓN DE CARRIL,ASFALTO,Bueno,Bueno,2,CHEVROLET,BLANCO,2,,36,MASCULINO,SIN DATOS,0,0,Morelia,Guadalupe,diciembre,martes,0,-101.220636181533,19.7100347901056
55120,55126,2025,LEG59011,2025/12/02,"08:18:00",COLISIÓN POR ALCANCE,ASFALTO,Bueno,Bueno,2,CHEVROLET,GRIS,2,,29,FEMENINO,SIN DATOS,0,0,Morelia,Loma Bonita,diciembre,martes,8,-101.197469082698,19.7194159328794
55121,55127,2025,,2025/12/02,10:00:00,COLISIÓN POR CORTE DE CIRCULACIÓN,CONCRETO,Bueno,Bueno,2,SEAT,GRIS,2,MINISTERIO PÚBLICO,26,MASCULINO,SIN DATOS,0,0,Morelia,Los Girasoles,diciembre,martes,10,-101.215173585,19.6924818649992
55122,55128,2025,,2025/12/02,10:45:00,COLISIÓN POR CORTE DE CIRCULACIÓN,ASFALTO,Bueno,Bueno,2,NISSAN,BLANCO Y ROJO,2,,38,MASCULINO,SIN DATOS,0,0,Morelia,Centro,diciembre,martes,11,-101.179312185,19.7035132699991
55123,55129,2025,,2025/12/02,11:30:00,COLISIÓN POR CORTE DE CIRCULACIÓN,CONCRETO,Bueno,Bueno,2,VOLKSWAGEN,NEGRO,2,,18,MASCULINO,SIN DATOS,0,0,Morelia,Gertrudis Bocanegra,diciembre,martes,12,-101.209342915,19.7031668199991
55124,55130,2025,,2025/12/02,12:40:00,COLISIÓN POR ALCANCE,ASFALTO,Bueno,Bueno,2,NISSAN,BLANCO,2,,34,MASCULINO,SIN DATOS,0,0,Morelia,Vista Bella,diciembre,martes,13,-101.195925675947,19.6790442736003
55125,55131,2025,,2025/12/02,15:10:00,COLISIÓN POR INVASIÓN DE CARRIL,ASFALTO,Bueno,Bueno,2,BYD,GRIS,2,,40,MASCULINO,SIN DATOS,0,0,Morelia,Sin datos,diciembre,martes,15,-101.262383759022,19.6402584293916
55126,55132,2025,,2025/12/02,15:50:00,COLISIÓN CON PEATÓN,ASFALTO,Bueno,Bueno,1,CHEVROLET,GRIS Y NEGRO,2,MINISTERIO PÚBLICO,43,,SIN DATOS,1,0,Morelia,Comision Federal de Electricidad,diciembre,martes,16,-101.181362271309,19.6813853927581
55127,55133,2025,,2025/12/02,16:30:00,COLISIÓN CON PEATÓN,SIN_DATOS,Bueno,Bueno,2,VOLKSWAGEN BORA,AZUL,2,,27,FEMENINO,SIN DATOS,0,0,Morelia,Molino de Parras,diciembre,martes,17,-101.205309033394,19.7023117003452
55128,55134,2025,,2025/12/02,17:40:00,COLISIÓN CONTRA OBJETO FIJO,ASFALTO,Bueno,Bueno,2,NISSAN,AZUL,2,,39,,SIN DATOS,0,0,Morelia,Las Flores,diciembre,martes,18,-101.20623849,19.7072423949992
55130,55136,2025,,2025/12/02,18:00:00,COLISIÓN POR CORTE DE CIRCULACIÓN,ASFALTO,Bueno,Regular,2,NISSAN,BLANCO Y ROSA,2,,25,MASCULINO,SIN DATOS,0,0,Morelia,Prados Verdes,diciembre,martes,18,-101.19721026,19.7150711099992
55131,55137,2025,LEG59022,2025/12/02,20:00:00,COLISIÓN POR CORTE DE CIRCULACIÓN,ASFALTO,Bueno,Bueno,2,VOLKSWAGEN,ROJO,2,,29,MASCULINO,SIN DATOS,0,0,Morelia,Torreon Nuevo,diciembre,martes,20,-101.20358663,19.7462449699991
55133,55139,2025,,2025/12/03,"00:00:00",COLISIÓN POR NO RESPETAR SEMÁFORO,SIN_DATOS,Bueno,Bueno,2,TOYOTA,NEGRO,2,,68,MASCULINO,SIN DATOS,0,0,Morelia,Ventura Puente,diciembre,miércoles,0,-101.179269221337,19.6935336033156
55134,55140,2025,,2025/12/03,"08:10:00",COLISIÓN POR CAMBIO DE CARRIL,ASFALTO,Bueno,Bueno,2,NISSAN,BLANCO,2,,45,MASCULINO,SIN DATOS,0,0,Morelia,Poblado de Ocolusen,diciembre,miércoles,8,-101.150127649172,19.6944699261717
55135,55141,2025,,2025/12/03,"08:30:00",COLISIÓN POR ALCANCE,SIN_DATOS,Bueno,Bueno,2,CHEVROLET,BLANCO,2,,33,MASCULINO,SIN DATOS,0,0,Morelia,Vicente Lombardo Toledano (Ejidal Isacc Arriaga) (Etnias de Mexico),diciembre,miércoles,9,-101.152397096157,19.7178199992024
55136,55142,2025,,2025/12/03,"08:30:00",COLISIÓN CON PEATÓN,SIN_DATOS,Bueno,Bueno,1,CHEVROLET,GRIS,1,MINISTERIO PÚBLICO,42,MASCULINO,SIN DATOS,0,0,Morelia,Ciudad Industrial,diciembre,miércoles,9,-101.141563653946,19.7259785015876
55137,55143,2025,,2025/12/03,"09:25:00",COLISIÓN POR ALCANCE,ASFALTO,Bueno,Bueno,2,VOLKSWAGEN,BLANCO,2,,21,MASCULINO,SIN DATOS,0,0,Morelia,Praderas del Indio,diciembre,miércoles,9,-101.223494028547,19.6450845894654
55138,55144,2025,,2025/12/03,11:51:00,COLISIÓN POR CAMBIO DE CARRIL,ASFALTO,Bueno,Bueno,2,MERCEDES BENZ,AZUL,2,,47,MASCULINO,SIN DATOS,0,0,Morelia,Cinco de Diciembre,diciembre,miércoles,12,-101.160982847214,19.6878543672493
55139,55145,2025,,2025/12/03,11:55:00,COLISIÓN POR ALCANCE,ASFALTO,Bueno,Bueno,2,CHEVROLET,BLANCO,2,,30,MASCULINO,SIN DATOS,0,0,Morelia,Nueva Jacarndas,diciembre,miércoles,12,-101.188358813524,19.6815331352823
55140,55146,2025,LEG59027,2025/12/03,12:35:00,COLISIÓN POR ALCANCE,ASFALTO,Bueno,Bueno,3,NISSAN,ROJO,3,,32,,SIN DATOS,0,0,Morelia,Felix Ireta,diciembre,miércoles,13,-101.191887259483,19.6824448425446
55141,55147,2025,,2025/12/03,12:50:00,COLISIÓN POR CORTE DE CIRCULACIÓN,CONCRETO,Bueno,Bueno,2,FORD,BLANCO Y ROSA,2,,31,MASCULINO,SIN DATOS,0,0,Morelia,Centro,diciembre,miércoles,13,-101.188852675259,19.7046515821374
55142,55148,2025,,2025/12/03,14:00:00,COLISIÓN CONTRA OBJETO FIJO,CONCRETO,Bueno,Bueno,1,KENWORTH,AZUL,1,,34,MASCULINO,SIN DATOS,0,0,Morelia,Jardines de Torremolinos,diciembre,miércoles,14,-101.225723326206,19.6768558186489
55143,55149,2025,,2025/12/03,15:25:00,COLISIÓN POR ALCANCE,SIN_DATOS,Bueno,Bueno,2,CHEVROLET,AZUL MARINO,2,,33,MASCULINO,SIN DATOS,0,0,Morelia,Sin datos,diciembre,miércoles,15,-101.139267683029,19.6923141834193
55144,55150,2025,,2025/12/03,16:30:00,COLISIÓN POR CORTE DE CIRCULACIÓN,ASFALTO,Bueno,Bueno,2,TOYOTA,BLANCO,2,,53,MASCULINO,SIN DATOS,0,0,Morelia,Jardines de Guadalupe,diciembre,miércoles,17,-101.226342916489,19.7095562900671
55146,55152,2025,,2025/12/03,21:30:00,COLISIÓN POR INVASIÓN DE CARRIL,ASFALTO,Bueno,Bueno,2,YAMAHA,BLANCO,2,MINISTERIO PÚBLICO,17,MASCULINO,SIN DATOS,0,0,Morelia,Mision del Valle,diciembre,miércoles,22,-101.117413805995,19.764624
55149,55155,2025,,2025/12/04,"09:10:00",COLISIÓN POR CORTE DE CIRCULACIÓN,CONCRETO,Bueno,Bueno,2,HONDA,BLANCO,2,MINISTERIO PÚBLICO,17,MASCULINO,SIN DATOS,0,0,Morelia,Ejidal Ocolusen,diciembre,jueves,9,-101.15318115,19.6855882399991
55151,55157,2025,,2025/12/04,10:50:00,COLISIÓN POR CORTE DE CIRCULACIÓN,ASFALTO,Bueno,Bueno,2,DINA,BLANCO,2,,49,MASCULINO,SIN DATOS,0,0,Morelia,Veinte de Noviembre,diciembre,jueves,11,-101.16693748,19.7207979449991
55152,55158,2025,,2025/12/04,15:17:00,COLISIÓN POR ALCANCE,ASFALTO,Bueno,Bueno,2,MERCEDES BENZ,BLANCO Y VERDE,2,,58,MASCULINO,SIN DATOS,0,0,Morelia,La Esperanza,diciembre,jueves,15,-101.250614225864,19.6985314547938
55153,55159,2025,,2025/12/04,16:20:00,COLISIÓN POR CORTE DE CIRCULACIÓN,ASFALTO,Bueno,Bueno,2,VOLKSWAGEN,GRIS,2,,27,MASCULINO,SIN DATOS,0,0,Morelia,Primo Tapia Oriente,diciembre,jueves,16,-101.158696264029,19.7134694693366
55154,55160,2025,,2025/12/04,18:00:00,COLISIÓN POR CAMBIO DE CARRIL,ASFALTO,Bueno,Bueno,2,DODGE,BLANCO,2,,67,MASCULINO,SIN DATOS,0,0,Morelia,Ciudad Industrial,diciembre,jueves,18,-101.141585111618,19.7260037496912
55155,55161,2025,LEG59038,2025/12/04,18:14:00,COLISIÓN POR CORTE DE CIRCULACIÓN,ASFALTO,Bueno,Bueno,3,ITALIKA,PLATA,3,MINISTERIO PÚBLICO,29,MASCULINO,SIN DATOS,0,0,Morelia,Centro,diciembre,jueves,18,-101.190410368144,19.7064377982859
55156,55162,2025,,2025/12/04,18:20:00,COLISIÓN CON PEATÓN,SIN_DATOS,Bueno,Bueno,3,MAZDA,GRIS,3,,,FEMENINO,SIN DATOS,0,0,Morelia,Lazaro Cardenas,diciembre,jueves,18,-101.164281964302,19.7085715097573
55157,55163,2025,,2025/12/04,19:30:00,COLISIÓN POR INVASIÓN DE CARRIL,ASFALTO,Bueno,Bueno,2,TOYOTA,AZUL MARINO,2,,,FEMENINO,SIN DATOS,0,0,Morelia,5 de Mayo,diciembre,jueves,20,-101.175485551357,19.7028773406287
55158,55164,2025,LEG59039,2025/12/04,21:36:00,COLISIÓN POR ALCANCE,ASFALTO,Bueno,Bueno,2,KAWASAKI,NEGRO CON ROJO,2,,30,MASCULINO,SIN DATOS,0,0,Morelia,Montaña Monarca,diciembre,jueves,22,-101.165032312274,19.667664316917
55159,55165,2025,,2025/12/05,"00:00:00",COLISIÓN POR INVASIÓN DE CARRIL,ASFALTO,Bueno,Bueno,2,MITSUBISHI,ROJO,2,,48,FEMENINO,SIN DATOS,0,0,Morelia,Francisco J Mujica,diciembre,viernes,0,-101.191283762455,19.7229108273035
55160,55166,2025,,2025/12/05,"07:05:00",COLISIÓN CON PEATÓN,SIN_DATOS,Bueno,Bueno,1,VENTO,BLANCO,1,,45,MASCULINO,SIN DATOS,0,0,Morelia,Arkos San Pedro,diciembre,viernes,7,-101.28253787756,19.6320456661666
55161,55167,2025,,2025/12/05,"08:00:00",COLISIÓN CONTRA OBJETO FIJO,ASFALTO,Bueno,Bueno,1,NISSAN,GRIS,1,,36,FEMENINO,SIN DATOS,0,0,Morelia,Lomas del Tecnologico,diciembre,viernes,8,-101.191325336695,19.7224816006912
55162,55168,2025,LEG59057,2025/12/05,"08:50:00",COLISIÓN CON PEATÓN,ASFALTO,Bueno,Bueno,2,NISSAN,AZUL,2,,59,FEMENINO,SIN DATOS,0,0,Morelia,Campestre Los Manantiales,diciembre,viernes,9,-101.238361895084,19.688254644613
55163,55169,2025,,2025/12/05,"09:00:00",COLISIÓN CONTRA OBJETO FIJO,SIN_DATOS,Bueno,Bueno,1,DINA,NARANJA,1,,25,MASCULINO,SIN DATOS,0,0,Morelia,Lomas de La Maestranza,diciembre,viernes,9,-101.329307220876,19.6848980290805
55164,55170,2025,,2025/12/05,10:00:00,COLISIÓN POR CORTE DE CIRCULACIÓN,CONCRETO,Bueno,Bueno,2,SUZUKI,GRIS,2,,62,MASCULINO,SIN DATOS,0,0,Morelia,Insurgentes,diciembre,viernes,10,-101.154105328023,19.6972909238924
55165,55171,2025,LEG59058,2025/12/05,12:00:00,COLISIÓN POR CAMBIO DE CARRIL,ASFALTO,Bueno,Bueno,2,FREIGHTLINER,ROJO,2,,39,MASCULINO,SIN DATOS,0,0,Morelia,Sentimientos de La Nacion,diciembre,viernes,12,-101.233194619417,19.6782051071836
55166,55172,2025,,2025/12/05,18:00:00,COLISIÓN POR CORTE DE CIRCULACIÓN,SIN_DATOS,Bueno,Bueno,2,NISSAN,NEGRO,2,MINISTERIO PÚBLICO,45,MASCULINO,SIN DATOS,0,0,Morelia,La Charca,diciembre,viernes,18,-101.19961604476,19.6601096785415
55167,55173,2025,LEG59061,2025/12/05,19:45:00,COLISIÓN POR CORTE DE CIRCULACIÓN,ASFALTO,Bueno,Bueno,2,RENAULT,GRIS,2,,51,MASCULINO,SIN DATOS,0,0,Morelia,Prados Verdes,diciembre,viernes,20,-101.205217167735,19.7218387054399
55168,55174,2025,,2025/12/05,22:30:00,COLISIÓN POR CORTE DE CIRCULACIÓN,ASFALTO,Bueno,Bueno,2,NISSAN,BLANCO,2,,50,MASCULINO,SIN DATOS,0,0,Morelia,Santa Maria,diciembre,viernes,23,-101.200505197048,19.6778344801594
55169,55175,2025,,2025/12/06,"00:05:00",COLISIÓN CONTRA OBJETO FIJO,ASFALTO,Bueno,Bueno,1,FORD,BLANCO,1,,,,SIN DATOS,0,0,Charo,La Goleta,diciembre,sábado,0,-101.077043116093,19.7411499990388
55170,55176,2025,,2025/12/06,"00:15:00",COLISIÓN POR ALCANCE,CONCRETO,Bueno,Regular,2,CHEVROLET,PLATA,2,,50,MASCULINO,SIN DATOS,0,0,Morelia,La Aldea,diciembre,sábado,0,-101.128964647651,19.7455174467148
55171,55177,2025,,2025/12/06,"08:10:00",COLISIÓN POR CAMBIO DE CARRIL,ASFALTO,Bueno,Bueno,2,ITALIKA,ROJO,2,,,MASCULINO,SIN DATOS,0,0,Morelia,Villas de La Esperanza,diciembre,sábado,8,-101.270559132099,19.6943571720984
55172,55178,2025,,2025/12/06,"08:15:00",COLISIÓN POR CORTE DE CIRCULACIÓN,ASFALTO,Bueno,Bueno,2,NAVISTAR,BLANCO,2,,53,MASCULINO,SIN DATOS,0,0,Morelia,Indeco El Vivero,diciembre,sábado,8,-101.229758039117,19.6770010397669
55173,55179,2025,,2025/12/06,12:10:00,COLISIÓN POR INVASIÓN DE CARRIL,ASFALTO,Bueno,Bueno,2,FORD,BLANCO,2,,27,MASCULINO,SIN DATOS,0,0,Morelia,Balcones de Santa Maria,diciembre,sábado,12,-101.187225580215,19.675920717776
55174,55180,2025,,2025/12/06,14:30:00,COLISIÓN POR INVASIÓN DE CARRIL,ASFALTO,Bueno,Bueno,4,CHEVROLET,AMARILLO,4,,24,MASCULINO,SIN DATOS,0,0,Morelia,Felix Ireta,diciembre,sábado,15,-101.180800683796,19.685389861468
55175,55181,2025,,2025/12/06,15:00:00,COLISIÓN POR CAMBIO DE CARRIL,ASFALTO,Bueno,Bueno,2,CHEVROLET,AZUL,2,,26,MASCULINO,SIN DATOS,0,0,Morelia,Vasco de Quiroga,diciembre,sábado,15,-101.17622718215,19.7050073118776
55176,55182,2025,LEG59071,2025/12/06,15:20:00,COLISIÓN CONTRA OBJETO FIJO,ADOQUIN_EMPEDRADO,Bueno,Bueno,2,ITALIKA,NEGRO,2,,30,MASCULINO,SIN DATOS,0,0,Morelia,Centro,diciembre,sábado,15,-101.194920837879,19.7072003824589
55177,55183,2025,,2025/12/06,18:10:00,COLISIÓN CONTRA OBJETO FIJO,TERRACERIA,Bueno,Regular,1,NISSAN,PLATA,1,,,MASCULINO,SIN DATOS,0,0,Morelia,Sin datos,diciembre,sábado,18,-101.307246387005,19.5867833111931
55178,55184,2025,,2025/12/06,20:15:00,COLISIÓN POR MANIOBRA DE REVERSA,CONCRETO,Bueno,Bueno,2,TOYOTA RAV4,BLANCO,2,,68,MASCULINO,SIN DATOS,0,0,Morelia,Molino de Parras,diciembre,sábado,20,-101.20024971664,19.6937630918615
55179,55185,2025,,2025/12/06,22:04:00,COLISIÓN CONTRA OBJETO FIJO,ASFALTO,Bueno,Bueno,1,HONDA,GUINDA,1,,55,MASCULINO,SIN DATOS,0,0,Morelia,Diego Rivera,diciembre,sábado,22,-101.177715137601,19.7194877130104
55180,55186,2025,LEG59064,2025/12/06,22:36:00,COLISIÓN CONTRA OBJETO FIJO,ASFALTO,Bueno,Bueno,1,RAM,GRIS,1,,48,MASCULINO,SIN DATOS,0,0,Morelia,Sin datos,diciembre,sábado,23,-101.263553202152,19.6390547086073