fid,id_accidente,anio_origen,folio_c5i,dia_incidente,hora_ocurrencia,tipo_incidente_vial,superficie_ocurrencia,condiciones_climaticas,condiciones_via,numero_vehiculos_involucrados,marca_vehiculo_ocasiona_siniestro,color_vehiculo_ocasiona_siniestro,numero_personas_involucradas,lugar_remite_presunto_responsable,edad_presunto_responsable,sexo_presunto_responsable,resultados_toxicologia,numero_personas_lesionadas,numero_personas_fallecidas,municipio,colonia,mes,dia_semana,hora_redondeada,lon,lat
55181,55187,2025,,2025/12/06,22:40:00,COLISIÓN POR ALCANCE,ASFALTO,Bueno,Bueno,2,CHEVROLET/SPARK,AZUL,2,,45,FEMENINO,SIN DATOS,0,0,Morelia,Independencia,diciembre,sábado,23,-101.176276803017,19.7055666297985
55182,55188,2025,LEG59076,2025/12/07,"00:20:00",COLISIÓN POR ALCANCE,ASFALTO,Bueno,Bueno,2,VOLKSWAGEN,ROJO,2,,31,MASCULINO,SIN DATOS,0,0,Morelia,La Huerta,diciembre,domingo,0,-101.21618270874,19.6750954756731
55183,55189,2025,,2025/12/07,"00:50:00",COLISIÓN CONTRA OBJETO FIJO,ASFALTO,Bueno,Bueno,1,MAZDA CX3,ROJO,1,MINISTERIO PÚBLICO,,,SIN DATOS,0,0,Morelia,Chapultepec Sur,diciembre,domingo,1,-101.169731542468,19.6916449663783
55184,55190,2025,,2025/12/07,"00:55:00",COLISIÓN POR INVASIÓN DE CARRIL,ASFALTO,Bueno,Bueno,2,JEEP/GRAND CHEROKEE,GRIS,1,,46,MASCULINO,SIN DATOS,0,0,Morelia,Bonanza,diciembre,domingo,1,-101.202229857445,19.6571417777274
55186,55192,2025,,2025/12/07,"05:30:00",VOLCADURA,ASFALTO,Bueno,Bueno,1,NISSAN,GRIS,1,,,FEMENINO,SIN DATOS,0,0,Morelia,Bosques Tres Marias,diciembre,domingo,6,-101.103546023369,19.7214628140876
55187,55193,2025,,2025/12/07,"06:20:00",COLISIÓN CONTRA OBJETO FIJO,ASFALTO,Bueno,Bueno,1,CHEVROLET,VERDE,1,,23,MASCULINO,SIN DATOS,0,0,Morelia,San Juanito Itzicuaro,diciembre,domingo,6,-101.257262080908,19.6726898107082
55188,55194,2025,,2025/12/07,"07:06:00",COLISIÓN POR INVASIÓN DE CARRIL,CONCRETO,Bueno,Bueno,2,CHEVROLET,GRIS,2,,25,MASCULINO,SIN DATOS,0,0,Morelia,Ampliacion La Soledad,diciembre,domingo,7,-101.184061914682,19.7329177927351
55190,55196,2025,,2025/12/07,18:10:00,COLISIÓN POR CORTE DE CIRCULACIÓN,ASFALTO,Bueno,Bueno,2,KIA,GUINDA,2,,61,MASCULINO,SIN DATOS,0,0,Morelia,Centro,diciembre,domingo,18,-101.18875609,19.7086253949991
55191,55197,2025,,2025/12/07,21:00:00,CAIDA DE MOTOCICLETA,ASFALTO,Bueno,Bueno,1,ITALIKA,GRIS,1,MINISTERIO PÚBLICO,,,,1,0,Morelia,Insurgentes,diciembre,domingo,21,-101.155416805,19.6953315299991
55192,55198,2025,,2025/12/07,22:58:00,COLISIÓN POR CORTE DE CIRCULACIÓN,ASFALTO,Bueno,Bueno,2,VENGO,VERDE,2,,,MASCULINO,SIN DATOS,0,0,Morelia,Vasco de Quiroga,diciembre,domingo,23,-101.169960200787,19.7050003677377
55193,55199,2025,,2025/12/08,"00:00:00",SUBIDA AL CAMELLÓN,ASFALTO,Bueno,Bueno,1,CHRYSLER,AZUL,1,,65,MASCULINO,SIN DATOS,0,0,Morelia,Barrio Alto,diciembre,lunes,0,-101.190695064204,19.7264690646931
55195,55201,2025,,2025/12/08,"00:30:00",COLISIÓN CONTRA OBJETO FIJO,ASFALTO,Bueno,Bueno,1,HONDA,BLANCO,1,,38,MASCULINO,SIN DATOS,0,0,Morelia,Alfonso Espinoza Guerrero (Barranca Seca),diciembre,lunes,1,-101.176108248272,19.6716213949243
55201,55207,2025,,2025/12/08,15:00:00,COLISIÓN POR CAMBIO DE CARRIL,ASFALTO,Nublado,Regular,2,VOLKSWAGEN /POLO,GRIS,2,,29,FEMENINO,SIN DATOS,0,0,Morelia,Infonavit Cepamisa,diciembre,lunes,15,-101.21654111892,19.6967167410672
55208,55214,2025,,2025/12/09,"02:50:00",SUBIDA AL CAMELLÓN,ASFALTO,Bueno,Bueno,1,GMC,BLANCO,1,,45,MASCULINO,CON CERTIFICADO,0,0,Tarímbaro,Sin datos,diciembre,martes,3,-101.162270307541,19.7647977946566
55209,55215,2025,,2025/12/09,15:40:00,COLISIÓN POR INVASIÓN DE CARRIL,ASFALTO,Lluvioso,Bueno,2,NISSAN,BLANCO,2,MINISTERIO PÚBLICO,35,MASCULINO,SIN DATOS,0,0,Morelia,Ejidal San Isidro,diciembre,martes,16,-101.279508614475,19.6906503850057
55210,55216,2025,,2025/12/09,16:25:00,COLISIÓN POR ALCANCE,ASFALTO,Bueno,Bueno,2,VELOCI,NEGRO,2,,15,MASCULINO,SIN DATOS,0,0,Morelia,Sin datos,diciembre,martes,16,-101.284,19.656
55212,55218,2025,,2025/12/09,16:55:00,COLISIÓN CONTRA OBJETO FIJO,ASFALTO,Lluvioso,Regular,2,VENTO,GRIS,2,MINISTERIO PÚBLICO,64,MASCULINO,SIN DATOS,0,0,Morelia,Centro,diciembre,martes,17,-101.202955730259,19.7008625536423
55214,55220,2025,,2025/12/09,20:10:00,COLISIÓN POR CAMBIO DE CARRIL,ASFALTO,Bueno,Bueno,2,CHEVROLET,BLANCO Y VERDE,2,,25,MASCULINO,SIN DATOS,0,0,Morelia,Lomas de San Juan,diciembre,martes,20,-101.183039681886,19.7298664251429
55215,55221,2025,,2025/12/09,20:25:00,COLISIÓN POR ALCANCE,ASFALTO,Bueno,Bueno,2,CHEVROLET,ROJO,2,,21,MASCULINO,SIN DATOS,0,0,Morelia,Margarita Maza de Juarez,diciembre,martes,20,-101.255526905,19.6928898149991
55216,55222,2025,LEG59113,2025/12/09,21:30:00,COLISIÓN POR CORTE DE CIRCULACIÓN,ASFALTO,Bueno,Bueno,2,NISSAN,BLANCO,2,,45,MASCULINO,SIN DATOS,0,0,Morelia,Elias Perez Avalos,diciembre,martes,22,-101.167813022979,19.7136335493406
55217,55223,2025,,2025/12/09,23:48:00,COLISIÓN CONTRA OBJETO FIJO,ASFALTO,Lluvioso,Regular,1,VOLKSWAGEN,BLANCO,1,,31,MASCULINO,SIN DATOS,0,0,Morelia,Colinas del Sur,diciembre,martes,0,-101.199421622198,19.6652855893338
55218,55224,2025,,2025/12/10,"07:40:00",SUBIDA AL CAMELLÓN,ASFALTO,Bueno,Bueno,1,NISSAN,GRIS,0,MINISTERIO PÚBLICO,,,,0,0,Morelia,Ana Maria Gallaga (Riviera Norte),diciembre,miércoles,8,-101.22460476,19.6777109999991
55221,55227,2025,,2025/12/10,10:00:00,SUBIDA AL CAMELLÓN,CONCRETO,Bueno,Bueno,1,VOLKSWAGEN /VENTO,PLATA,0,,,,,0,0,Morelia,Hacienda Cipres,diciembre,miércoles,10,-101.276230663061,19.7001602288567
55222,55228,2025,,2025/12/10,11:00:00,COLISIÓN POR CORTE DE CIRCULACIÓN,CONCRETO,Bueno,Bueno,2,HONDA,GRIS,2,,35,FEMENINO,SIN DATOS,0,0,Morelia,Agustin Arriaga Rivera,diciembre,miércoles,11,-101.224080808461,19.6910657125771
55223,55229,2025,,2025/12/10,12:11:00,COLISIÓN POR CORTE DE CIRCULACIÓN,ASFALTO,Bueno,Bueno,2,VENTO,GRIS,2,,24,MASCULINO,SIN DATOS,0,0,Morelia,Cuauhtemoc,diciembre,miércoles,12,-101.178702861071,19.6966311974353
55224,55230,2025,,2025/12/10,13:30:00,COLISIÓN POR CORTE DE CIRCULACIÓN,CONCRETO,Bueno,Bueno,2,NISSAN,GRIS,2,,30,MASCULINO,SIN DATOS,0,0,Morelia,Chapultepec Sur,diciembre,miércoles,14,-101.176874935627,19.6931437561321
55225,55231,2025,,2025/12/10,15:00:00,COLISIÓN POR CORTE DE CIRCULACIÓN,ASFALTO,Bueno,Bueno,2,BAJAJ,BLANCO,2,,23,MASCULINO,SIN DATOS,0,0,Morelia,Libertad,diciembre,miércoles,15,-101.238106749952,19.6873524407501
55226,55232,2025,,2025/12/10,17:20:00,COLISIÓN CONTRA OBJETO FIJO,ASFALTO,Bueno,Bueno,1,CHEVROLET/AVEO,PLATA,1,,50,MASCULINO,SIN DATOS,0,0,Morelia,Junta de Jaujilla,diciembre,miércoles,17,-101.225996911526,19.6913747534218
55227,55233,2025,LEG59128,2025/12/10,19:00:00,COLISIÓN POR CORTE DE CIRCULACIÓN,ASFALTO,Bueno,Bueno,2,VOLKSWAGEN,GRIS,2,,35,MASCULINO,SIN DATOS,0,0,Morelia,Nueva Valladolid,diciembre,miércoles,19,-101.21061145,19.7013961799992
55229,55235,2025,LEG59115,2025/12/10,21:00:00,COLISIÓN POR ALCANCE,ASFALTO,Lluvioso,Regular,3,VENTO,GRIS,3,,22,MASCULINO,SIN DATOS,0,0,Morelia,Elias Perez Avalos,diciembre,miércoles,21,-101.167813022979,19.7136335493406
55230,55236,2025,LEG59129,2025/12/10,21:33:00,COLISIÓN POR ALCANCE,ASFALTO,Bueno,Bueno,0,,,0,,,,,0,0,Morelia,Clara Cordova Moran,diciembre,miércoles,22,-101.180858016014,19.7374053855484
55231,55237,2025,LEG59135,2025/12/10,21:33:00,COLISIÓN POR ALCANCE,ASFALTO,Bueno,Bueno,2,INTERNACIONAL,VERDE,2,,30,MASCULINO,SIN DATOS,0,0,Morelia,Lomas de San Juan,diciembre,miércoles,22,-101.183039681886,19.7298664251429
55233,55239,2025,,2025/12/11,"00:00:00",COLISIÓN CON PEATÓN,SIN_DATOS,Bueno,Bueno,0,,,0,,,,,0,0,Morelia,Gertrudis Bocanegra,diciembre,jueves,0,-101.207124888897,19.702342002554
55234,55240,2025,,2025/12/11,"00:00:00",COLISIÓN POR INVASIÓN DE CARRIL,ASFALTO,Bueno,Bueno,2,RAM,BLANCO,2,,27,MASCULINO,SIN DATOS,0,0,Morelia,Villa Magna,diciembre,jueves,0,-101.327750533819,19.6851524688739
55235,55241,2025,,2025/12/11,"02:00:00",COLISIÓN CONTRA OBJETO FIJO,ASFALTO,Bueno,Bueno,1,CHEVROLET,NEGRA,1,,41,MASCULINO,SIN DATOS,0,0,Morelia,Centro,diciembre,jueves,2,-101.18927984,19.6991992449991
55236,55242,2025,,2025/12/11,"02:04:00",COLISIÓN POR INVASIÓN DE CARRIL,ASFALTO,Bueno,Bueno,2,Volkswagen,Rojo,2,,50,MASCULINO,SIN DATOS,0,0,Morelia,Sin datos,diciembre,jueves,2,-101.288764290512,19.704094470529
55237,55243,2025,LEG59136,2025/12/11,"08:00:00",COLISIÓN POR NO RESPETAR SEMÁFORO,ASFALTO,Bueno,Bueno,2,KENWORTH,ROJO,2,,34,MASCULINO,SIN DATOS,0,0,Morelia,Jardines de Torremolinos,diciembre,jueves,8,-101.225689128041,19.6768570814418
55238,55244,2025,,2025/12/11,"09:00:00",COLISIÓN POR CAMBIO DE CARRIL,ASFALTO,Bueno,Bueno,2,MAZDA,BLANCO,2,,37,FEMENINO,SIN DATOS,0,0,Morelia,Nueva Valladolid,diciembre,jueves,9,-101.210649311543,19.7019695375066
55239,55245,2025,,2025/12/11,"09:20:00",COLISIÓN POR CORTE DE CIRCULACIÓN,ASFALTO,Bueno,Bueno,2,SEDAN,BLANCO,2,MINISTERIO PÚBLICO,50,MASCULINO,SIN DATOS,0,0,Morelia,Primo Tapia,diciembre,jueves,9,-101.213815324008,19.7096282545443
55240,55246,2025,LEG59139,2025/12/11,11:45:00,COLISIÓN POR CAMBIO DE CARRIL,ASFALTO,Bueno,Bueno,2,NISSAN,PLATA,2,,41,FEMENINO,SIN DATOS,0,0,Morelia,Jardines de La Loma,diciembre,jueves,12,-101.225171461701,19.6768245645215
55241,55247,2025,,2025/12/11,12:00:00,COLISIÓN CONTRA OBJETO FIJO,ASFALTO,Bueno,Bueno,1,VOLKSWAGEN,GRIS,1,MINISTERIO PÚBLICO,0,MASCULINO,SIN DATOS,0,0,Morelia,Cumbres de Morelia,diciembre,jueves,12,-101.140721440315,19.6914404126868
55242,55248,2025,,2025/12/11,12:41:00,COLISIÓN POR ALCANCE,CONCRETO,Bueno,Bueno,3,CHEVROLET,PLATA,3,,49,MASCULINO,SIN DATOS,0,0,Morelia,Felix Ireta,diciembre,jueves,13,-101.186493337154,19.6870872713983
55243,55249,2025,,2025/12/11,16:20:00,COLISIÓN CONTRA OBJETO FIJO,CONCRETO,Bueno,Bueno,2,MITSUBISHI,BLANCO,1,,41,MASCULINO,SIN DATOS,0,0,Morelia,Lomas de Huerta,diciembre,jueves,16,-101.214034259319,19.6761549670552
55244,55250,2025,,2025/12/11,16:50:00,COLISIÓN POR NO RESPETAR SEMÁFORO,ASFALTO,Bueno,Bueno,2,TOYOTA,BLANCO Y VERDE,2,,27,MASCULINO,SIN DATOS,0,0,Morelia,Primo Tapia Oriente,diciembre,jueves,17,-101.158697605133,19.7134802006209
55245,55251,2025,,2025/12/11,18:13:00,COLISIÓN POR CORTE DE CIRCULACIÓN,ASFALTO,Bueno,Bueno,1,HYUNDAI,BLANCO/AZUL,1,,37,MASCULINO,SIN DATOS,0,0,Morelia,Santillan La Huerta,diciembre,jueves,18,-101.220134943724,19.6753265691464
55246,55252,2025,LEG59144,2025/12/11,18:15:00,COLISIÓN POR CAMBIO DE CARRIL,ASFALTO,Bueno,Bueno,2,GENERAL MOTORS,CAFE,2,MINISTERIO PÚBLICO,76,MASCULINO,SIN DATOS,0,0,Morelia,Jardines de Torremolinos,diciembre,jueves,18,-101.22571092099,19.6786259288217
55247,55253,2025,,2025/12/11,19:00:00,COLISIÓN POR MANIOBRA DE REVERSA,ASFALTO,Nublado,Bueno,2,TOYOTA,BLANCO/GRIS,2,,32,MASCULINO,SIN DATOS,0,0,Morelia,Victor Manuel Tinoco Rubi,diciembre,jueves,19,-101.243181824684,19.7005617380554
55249,55255,2025,LEG59152,2025/12/11,23:50:00,COLISIÓN POR CAMBIO DE CARRIL,CONCRETO,Bueno,Bueno,2,CHEVROLET,GRIS,2,,21,MASCULINO,SIN DATOS,0,0,Morelia,Elias Perez Avalos,diciembre,jueves,0,-101.165582165122,19.7104545811769
55250,55256,2025,,2025/12/12,"00:00:00",VOLCADURA,ASFALTO,Bueno,Bueno,1,FORD,ROJO,1,,20,MASCULINO,SIN DATOS,0,0,Morelia,Ilustres Novohispanos,diciembre,viernes,0,-101.151467040181,19.7085727723
55251,55257,2025,MOR/20250133728,2025/12/12,"07:50:00",CAIDA DE MOTOCICLETA,ASFALTO,Bueno,Bueno,1,BAJAJ,Negra,2,,18,MASCULINO,SIN DATOS,0,1,Morelia,Ampliacion La Soledad,diciembre,viernes,8,-101.182759031653,19.7356984109897
55252,55258,2025,LEG59153,2025/12/12,"08:00:00",COLISIÓN POR NO RESPETAR SEMÁFORO,ASFALTO,Bueno,Bueno,2,KENWORT,ROJO,2,,35,MASCULINO,SIN DATOS,0,0,Morelia,Indeco El Vivero,diciembre,viernes,8,-101.229731887579,19.677000092673
55253,55259,2025,,2025/12/12,"09:00:00",COLISIÓN POR INVASIÓN DE CARRIL,CONCRETO,Bueno,Bueno,2,DODGE,BLANCO,2,,32,MASCULINO,SIN DATOS,0,0,Morelia,Tanganxoan (Guadalupe Victoria),diciembre,viernes,9,-101.288020983338,19.6922699899274
55254,55260,2025,,2025/12/12,10:30:00,COLISIÓN POR CORTE DE CIRCULACIÓN,ASFALTO,Bueno,Bueno,2,NISSAN,AZUL,1,,71,FEMENINO,SIN DATOS,0,0,Morelia,Primo Tapia Oriente,diciembre,viernes,11,-101.157557666302,19.714097563882
55255,55261,2025,,2025/12/12,11:00:00,VOLCADURA,ASFALTO,Bueno,Bueno,1,NISSAN,BLANCO,1,,,,SIN DATOS,0,0,Morelia,Sin datos,diciembre,viernes,11,-101.336889490485,19.5557338829904
55256,55262,2025,LEG59154,2025/12/12,11:45:00,COLISIÓN CON PEATÓN,ASFALTO,Bueno,Bueno,2,NISSAN,PLATA,2,,44,FEMENINO,SIN DATOS,0,0,Morelia,Ana Maria Gallaga (Riviera Norte),diciembre,viernes,12,-101.223074644804,19.6767690016133
55257,55263,2025,LEG59150,2025/12/12,18:15:00,COLISIÓN POR CAMBIO DE CARRIL,SIN_DATOS,Bueno,Bueno,6,GENERAL MOTORS,CAFE,6,MINISTERIO PÚBLICO,76,MASCULINO,SIN DATOS,0,0,Morelia,Jardines de Torremolinos,diciembre,viernes,18,-101.229672208428,19.6769959885997
55258,55264,2025,,2025/12/12,20:14:00,SALIDA DE SUPERFICIE DE RODAMIENTO,ASFALTO,Bueno,Bueno,1,CHEVROLET,ROJO,1,,23,MASCULINO,ALIENTO ETÍLICO,0,0,Morelia,Los Gigantes,diciembre,viernes,20,-101.18422485888,19.6562488708636
55259,55265,2025,,2025/12/12,20:35:00,COLISIÓN POR ALCANCE,ASFALTO,Bueno,Bueno,2,NISSAN,AZUL,2,,64,MASCULINO,SIN DATOS,0,0,Morelia,Diego Rivera,diciembre,viernes,21,-101.175781935453,19.7181602344313
55260,55266,2025,,2025/12/12,22:10:00,COLISIÓN POR ALCANCE,ASFALTO,Bueno,Bueno,2,DODGE,NEGRO,2,,58,MASCULINO,SIN DATOS,0,0,Morelia,Mariano Michelena,diciembre,viernes,22,-101.229960881174,19.676911381527
55261,55267,2025,LEG59161,2025/12/12,22:20:00,COLISIÓN POR CORTE DE CIRCULACIÓN,ASFALTO,Bueno,Bueno,2,NISSAN,GRIS,2,,25,MASCULINO,SIN DATOS,0,0,Morelia,San Rafael,diciembre,viernes,22,-101.153782457113,19.7001703297294
55262,55268,2025,,2025/12/13,"00:45:00",COLISIÓN POR ALCANCE,CONCRETO,Bueno,Bueno,2,VOLKSWAGEN,BLANCO,2,,30,MASCULINO,SIN DATOS,0,0,Morelia,Cuauhtemoc,diciembre,sábado,1,-101.178755499423,19.6959787284512
55263,55269,2025,,2025/12/13,"01:50:00",CAIDA DE MOTOCICLETA,ASFALTO,Bueno,Bueno,1,VENTO,NEGRO,1,,39,MASCULINO,SIN DATOS,0,0,Morelia,Los Laureles,diciembre,sábado,2,-101.232739984989,19.7130831426219
55264,55270,2025,LEG59166,2025/12/13,"04:22:00",COLISIÓN POR INVASIÓN DE CARRIL,CONCRETO,Bueno,Bueno,2,HYUNDAI,GRIS,2,,,MASCULINO,SIN DATOS,0,0,Morelia,Puerta Tres Marias Norte,diciembre,sábado,4,-101.142652630806,19.6920616490155
55265,55271,2025,,2025/12/13,"08:00:00",COLISIÓN POR CORTE DE CIRCULACIÓN,CONCRETO,Bueno,Bueno,2,NISSAN,GRIS,2,,17,MASCULINO,SIN DATOS,0,0,Morelia,Torreon Nuevo,diciembre,sábado,8,-101.203868687153,19.746758234475
55266,55272,2025,,2025/12/13,"09:00:00",VOLCADURA,CONCRETO,Bueno,Bueno,1,CHEVROLET,BLANCO,1,,41,MASCULINO,SIN DATOS,0,0,Morelia,Villas del Pedregal,diciembre,sábado,9,-101.300130151212,19.6750787434824
55267,55273,2025,,2025/12/13,"09:00:00",COLISIÓN POR CAMBIO DE CARRIL,ASFALTO,Bueno,Bueno,2,CHEVROLET,NEGRO,2,,49,MASCULINO,SIN DATOS,0,0,Morelia,Sin datos,diciembre,sábado,9,-101.164618246257,19.6650091205768
55268,55274,2025,,2025/12/13,11:25:00,COLISIÓN POR CAMBIO DE CARRIL,CONCRETO,Bueno,Bueno,2,FORD,BLANCO,2,,56,MASCULINO,SIN DATOS,0,0,Morelia,Ciudad Jardin,diciembre,sábado,11,-101.252423711121,19.7026181942961
55269,55275,2025,,2025/12/13,12:35:00,COLISIÓN CONTRA OBJETO FIJO,CONCRETO,Bueno,Bueno,2,SEAT,NEGRO,2,,27,MASCULINO,SIN DATOS,0,0,Morelia,La Loma,diciembre,sábado,13,-101.183646842837,19.6796996030269
55270,55276,2025,,2025/12/13,12:40:00,COLISIÓN POR CAMBIO DE CARRIL,ASFALTO,Bueno,Bueno,2,ITALIKA,NEGRO,2,,26,MASCULINO,SIN DATOS,0,0,Morelia,Los Pinos de Michoacan,diciembre,sábado,13,-101.214204579592,19.6876700120387
55271,55277,2025,,2025/12/13,12:59:00,COLISIÓN POR CORTE DE CIRCULACIÓN,CONCRETO,Bueno,Bueno,2,NISSAN,BLANCO,2,,42,FEMENINO,SIN DATOS,0,0,Morelia,Peña Blanca,diciembre,sábado,13,-101.194999963045,19.6658906127517
55272,55278,2025,LEG59171,2025/12/13,14:00:00,SALIDA DE SUPERFICIE DE RODAMIENTO,ASFALTO,Bueno,Bueno,1,CHEVROLET,GRIS,1,MINISTERIO PÚBLICO,,,SIN DATOS,0,0,Morelia,Puerto de Buenavista,diciembre,sábado,14,-101.124931946397,19.6878291131235
55273,55279,2025,,2025/12/13,14:47:00,COLISIÓN POR ALCANCE,CONCRETO,Bueno,Bueno,3,CHEVROLET,ROJO,3,,38,FEMENINO,SIN DATOS,0,0,Morelia,Balcones de Morelia,diciembre,sábado,15,-101.201800368726,19.6714001447394
55274,55280,2025,,2025/12/13,15:25:00,COLISIÓN POR CAMBIO DE CARRIL,CONCRETO,Bueno,Bueno,2,VOLKSWAGEN,PLATA,2,,44,FEMENINO,SIN DATOS,0,0,Morelia,Elias Perez Avalos,diciembre,sábado,15,-101.168511137366,19.7125301635434
55275,55281,2025,,2025/12/13,21:00:00,COLISIÓN POR ALCANCE,ASFALTO,Bueno,Bueno,2,RENAULT,GRIS,2,,37,MASCULINO,SIN DATOS,0,0,Morelia,Cosmos,diciembre,sábado,21,-101.217274367809,19.6816215281804
55276,55282,2025,LEG59181,2025/12/13,21:10:00,COLISIÓN CONTRA OBJETO FIJO,ASFALTO,Bueno,Regular,2,ITALIKA,GRIS,2,MINISTERIO PÚBLICO,,,,1,1,Indaparapeo,Sin datos,diciembre,sábado,21,-101.001930870116,19.8151617538353
55277,55283,2025,,2025/12/13,21:30:00,COLISIÓN CONTRA OBJETO FIJO,ASFALTO,Bueno,Bueno,1,FORD,BLANCO,2,,,,SIN DATOS,0,0,Morelia,Lindavista,diciembre,sábado,22,-101.216532401741,19.7068411855654
55278,55284,2025,LEG59183,2025/12/13,21:35:00,COLISIÓN POR CORTE DE CIRCULACIÓN,ASFALTO,Bueno,Bueno,1,DODGE,ROJO,0,,,,,0,0,Indaparapeo,Centro,diciembre,sábado,22,-100.968263,19.787145
55279,55285,2025,,2025/12/13,23:40:00,COLISIÓN CONTRA OBJETO FIJO,ASFALTO,Bueno,Bueno,1,NISSAN,AZUL,1,,,MASCULINO,SIN DATOS,0,0,Morelia,Tzindurio Norte,diciembre,sábado,0,-101.244716048241,19.7033722742363
55280,55286,2025,,2025/12/13,23:50:00,COLISIÓN CONTRA OBJETO FIJO,CONCRETO,Bueno,Bueno,2,VENTO,GRIS,2,MINISTERIO PÚBLICO,28,MASCULINO,SIN DATOS,0,0,Morelia,Agustin Arriaga Rivera,diciembre,sábado,0,-101.22617661953,19.6894952455427
55282,55288,2025,LEG59189,2025/12/14,"00:32:00",COLISIÓN CONTRA OBJETO FIJO,ASFALTO,Bueno,Bueno,2,HONDA,AREBA,2,MINISTERIO PÚBLICO,23,MASCULINO,SIN DATOS,0,0,Morelia,La Huerta,diciembre,domingo,1,-101.216804981232,19.6707220633245
55284,55290,2025,,2025/12/14,"03:20:00",COLISIÓN CONTRA OBJETO FIJO,ASFALTO,Bueno,Bueno,1,PORSCH,BLANCO,0,,,,,0,0,Morelia,Lomas de Huerta,diciembre,domingo,3,-101.214580088854,19.6742935913641
55286,55292,2025,,2025/12/14,10:20:00,COLISIÓN POR MANIOBRA DE REVERSA,ASFALTO,Bueno,Bueno,2,FRAIGHILINER,ROJO,2,,51,MASCULINO,SIN DATOS,0,0,Morelia,San Isidro Itzicuaro Norte,diciembre,domingo,10,-101.27134770155,19.6987865042302
55287,55293,2025,,2025/12/14,10:30:00,COLISIÓN POR ALCANCE,ASFALTO,Bueno,Bueno,2,CHEVROLET,NEGRO,2,,35,MASCULINO,SIN DATOS,0,0,Morelia,Martires de Uruapan,diciembre,domingo,11,-101.198006384075,19.7277546959497
55288,55294,2025,,2025/12/14,12:16:00,COLISIÓN POR CORTE DE CIRCULACIÓN,ASFALTO,Bueno,Bueno,2,MAZDA,ROJO,2,,37,MASCULINO,SIN DATOS,0,0,Morelia,San Pascual,diciembre,domingo,12,-101.268222928047,19.6949758718079
55289,55295,2025,,2025/12/14,12:40:00,COLISIÓN CONTRA OBJETO FIJO,ASFALTO,Bueno,Bueno,1,RENAULT,BLANCO,1,,21,MASCULINO,SIN DATOS,0,0,Morelia,La Soledad,diciembre,domingo,13,-101.183314919472,19.7280292658108
55290,55296,2025,,2025/12/14,12:50:00,COLISIÓN POR CORTE DE CIRCULACIÓN,ASFALTO,Bueno,Bueno,2,CHRYSLER,AZUL,1,,39,MASCULINO,SIN DATOS,0,0,Morelia,Lomas de La Maestranza,diciembre,domingo,13,-101.32931292057,19.6849349639143
55291,55297,2025,,2025/12/14,14:00:00,COLISIÓN CON PEATÓN,ASFALTO,Bueno,Bueno,1,HONDA,NEGRO,2,MINISTERIO PÚBLICO,35,MASCULINO,SIN DATOS,1,0,Morelia,Indeco Santiaguito,diciembre,domingo,14,-101.178559362888,19.7201435578452
55293,55299,2025,"2025001907",2025/12/14,19:00:00,CAIDA DE MOTOCICLETA,ASFALTO,Bueno,Bueno,1,ITALIKA,BLANCO,1,,,,SIN DATOS,0,0,Morelia,Santa Cecilia,diciembre,domingo,19,-101.18735815,19.6665344449992
55294,55300,2025,,2025/12/14,20:00:00,COLISIÓN POR ALCANCE,ASFALTO,Bueno,Bueno,2,VOLKSWAGEN,BLANCO,2,,21,MASCULINO,SIN DATOS,0,0,Morelia,Prados Verdes,diciembre,domingo,20,-101.198402735,19.7137588449991
55295,55301,2025,,2025/12/14,20:49:00,VOLCADURA,ASFALTO,Bueno,Bueno,1,NISSAN,GRIS,1,MINISTERIO PÚBLICO,,,,0,1,Morelia,Puerta Tres Marias,diciembre,domingo,21,-101.141185462475,19.6919429577081
55296,55302,2025,LEG59197,2025/12/14,21:20:00,COLISIÓN POR CAMBIO DE CARRIL,ASFALTO,Bueno,Bueno,2,CHEVROLET,NEGRO,2,,36,MASCULINO,CON CERTIFICADO,0,0,Morelia,Cosmos,diciembre,domingo,21,-101.217257985,19.6837957599991
55297,55303,2025,,2025/12/14,22:08:00,COLISIÓN CONTRA OBJETO FIJO,CONCRETO,Bueno,Bueno,2,FORD,ROJO,2,,51,MASCULINO,SIN DATOS,0,0,Morelia,Carlos Salazar,diciembre,domingo,22,-101.210131127497,19.7130067107886
55300,55306,2025,,2025/12/15,"00:05:00",COLISIÓN POR CORTE DE CIRCULACIÓN,ASFALTO,Bueno,Bueno,2,ITALIKA,NEGRO,2,MINISTERIO PÚBLICO,29,MASCULINO,SIN DATOS,0,0,Morelia,Ferrocarrilero,diciembre,lunes,0,-101.223609235,19.6918737849991
55301,55307,2025,LEG59205,2025/12/15,"08:45:00",COLISIÓN POR ALCANCE,ASFALTO,Bueno,Bueno,2,VENTO,ROJO Y GRIS,2,MINISTERIO PÚBLICO,23,MASCULINO,SIN DATOS,0,0,Morelia,Comision Federal de Electricidad,diciembre,lunes,9,-101.181150376797,19.6814523188757
55302,55308,2025,,2025/12/15,"08:50:00",COLISIÓN POR ALCANCE,CONCRETO,Bueno,Bueno,2,NISSAN,AZUL,2,,47,MASCULINO,SIN DATOS,0,0,Morelia,La Aldea,diciembre,lunes,9,-101.12845569849,19.7444060309745