fid,id_accidente,anio_origen,folio_c5i,dia_incidente,hora_ocurrencia,tipo_incidente_vial,superficie_ocurrencia,condiciones_climaticas,condiciones_via,numero_vehiculos_involucrados,marca_vehiculo_ocasiona_siniestro,color_vehiculo_ocasiona_siniestro,numero_personas_involucradas,lugar_remite_presunto_responsable,edad_presunto_responsable,sexo_presunto_responsable,resultados_toxicologia,numero_personas_lesionadas,numero_personas_fallecidas,municipio,colonia,mes,dia_semana,hora_redondeada,lon,lat
55303,55309,2025,,2025/12/15,"09:00:00",COLISIÓN POR CORTE DE CIRCULACIÓN,ASFALTO,Bueno,Bueno,2,MACK,BLANCO,2,,28,MASCULINO,SIN DATOS,0,0,Morelia,Bosques de Oriente,diciembre,lunes,9,-101.152474880219,19.7178938536643
55304,55310,2025,,2025/12/15,"09:40:00",COLISIÓN POR CAMBIO DE CARRIL,ASFALTO,Bueno,Bueno,2,CHEVROLET,GUINDA,2,,32,FEMENINO,SIN DATOS,0,0,Morelia,Santiaguito,diciembre,lunes,10,-101.188568025827,19.7196802375191
55305,55311,2025,,2025/12/15,12:40:00,COLISIÓN POR ALCANCE,ASFALTO,Bueno,Bueno,2,NISSAN,BLANCO Y NEGRO,2,,58,,SIN DATOS,0,0,Morelia,Ejidal Ocolusen,diciembre,lunes,13,-101.158912181854,19.6877457744797
55306,55312,2025,,2025/12/15,13:00:00,COLISIÓN POR CORTE DE CIRCULACIÓN,ASFALTO,Bueno,Bueno,2,CHEVROLET,PLATA,2,,71,MASCULINO,SIN DATOS,0,0,Morelia,Los Pinos de Michoacan,diciembre,lunes,13,-101.21655151248,19.6826304665176
55307,55313,2025,,2025/12/15,13:00:00,COLISIÓN POR MANIOBRA DE REVERSA,ASFALTO,Bueno,Bueno,2,GMC,BLANCO,2,,20,MASCULINO,SIN DATOS,0,0,Morelia,Nueva Chapultepec,diciembre,lunes,13,-101.17046713829,19.6897042211401
55308,55314,2025,LEG59208,2025/12/15,16:40:00,COLISIÓN POR ALCANCE,CONCRETO,Bueno,Bueno,1,RENAULT,GRIS,2,,36,MASCULINO,SIN DATOS,1,0,Morelia,Lomas de Vista Bella,diciembre,lunes,17,-101.200993359089,19.6703219949678
55313,55319,2025,,2025/12/16,"08:00:00",COLISIÓN POR CORTE DE CIRCULACIÓN,ASFALTO,Bueno,Bueno,2,VENTO,ROJO,2,,49,MASCULINO,SIN DATOS,0,0,Morelia,3 de Agosto,diciembre,martes,8,-101.170035806335,19.7307669082353
55314,55320,2025,,2025/12/16,"09:10:00",COLISIÓN CONTRA OBJETO FIJO,ASFALTO,Bueno,Bueno,1,VOLKSWAGEN,ROJO,1,,,MASCULINO,SIN DATOS,0,0,Morelia,Melchor Ocampo,diciembre,martes,9,-101.151032522321,19.7059359300627
55315,55321,2025,,2025/12/16,10:10:00,COLISIÓN POR CORTE DE CIRCULACIÓN,ASFALTO,Bueno,Bueno,2,CHEVROLET,ROJO,2,,53,MASCULINO,SIN DATOS,0,0,Morelia,Ventura Puente,diciembre,martes,10,-101.18154606,19.6913819699992
55316,55322,2025,,2025/12/16,10:20:00,COLISIÓN POR CORTE DE CIRCULACIÓN,ASFALTO,Bueno,Bueno,2,FIAT,ROJO,2,,,MASCULINO,SIN DATOS,0,0,Morelia,Fidel Velazquez,diciembre,martes,10,-101.235323515,19.7049865749991
55317,55323,2025,MOR/20250135466,2025/12/16,12:35:00,COLISIÓN POR ALCANCE,ASFALTO,Bueno,Bueno,2,VOLKSWAGEN,BLANCO,2,,23,MASCULINO,SIN DATOS,0,0,Morelia,Sentimientos de La Nacion,diciembre,martes,13,-101.233019605279,19.6866497410079
55318,55324,2025,LEG59222,2025/12/16,13:40:00,COLISIÓN POR CORTE DE CIRCULACIÓN,ASFALTO,Bueno,Bueno,2,NISSAN,BLANCO,2,,26,,ALIENTO ETÍLICO,0,0,Morelia,Obrera,diciembre,martes,14,-101.184373050928,19.7082924875671
55319,55325,2025,,2025/12/16,15:00:00,COLISIÓN POR CORTE DE CIRCULACIÓN,ASFALTO,Bueno,Bueno,2,MERCEDES BENZ,BLANCO,2,,33,FEMENINO,SIN DATOS,0,0,Morelia,Felix Ireta,diciembre,martes,15,-101.181256324053,19.6828981687393
55320,55326,2025,LEG59223,2025/12/16,15:09:00,COLISIÓN POR MANIOBRA DE REVERSA,ASFALTO,Bueno,Bueno,2,DODGE,BLANCA,2,,68,,SIN DATOS,0,0,Morelia,La Colina,diciembre,martes,15,-101.216171979904,19.7038204908507
55321,55327,2025,,2025/12/16,15:15:00,COLISIÓN POR CORTE DE CIRCULACIÓN,ASFALTO,Bueno,Bueno,2,CHEVROLET,BLANCO,2,,46,FEMENINO,SIN DATOS,0,0,Morelia,Tzindurio de Morelos,diciembre,martes,15,-101.243657916784,19.6999872513129
55322,55328,2025,,2025/12/16,15:30:00,COLISIÓN POR ALCANCE,CONCRETO,Nublado,Bueno,2,CHEVROLET,AZUL,2,,24,MASCULINO,SIN DATOS,0,0,Morelia,Juarez,diciembre,martes,16,-101.195457279682,19.6955503765398
55323,55329,2025,MOR/0135524,2025/12/16,16:00:00,COLISIÓN POR CORTE DE CIRCULACIÓN,ASFALTO,Bueno,Bueno,2,KIA,GRIS,2,,28,FEMENINO,SIN DATOS,0,0,Morelia,Alfonso Espinoza Guerrero (Barranca Seca),diciembre,martes,16,-101.175177097321,19.6729550038927
55327,55333,2025,,2025/12/16,18:35:00,COLISIÓN POR CORTE DE CIRCULACIÓN,ASFALTO,Bueno,Bueno,2,NISSAN,BLANCO,2,,22,MASCULINO,SIN DATOS,0,0,Morelia,Camelinas,diciembre,martes,19,-101.17262119,19.6818144849991
55335,55341,2025,LEG59236,2025/12/17,16:34:00,COLISIÓN POR CORTE DE CIRCULACIÓN,ASFALTO,Bueno,Bueno,2,HONDA,BLANCO,2,,37,MASCULINO,SIN DATOS,0,0,Morelia,Centro,diciembre,miércoles,17,-101.17789641,19.7013360799991
55337,55343,2025,LEG59238,2025/12/17,20:15:00,SUBIDA AL CAMELLÓN,ASFALTO,Bueno,Regular,1,FORD,BLANCO,1,,49,MASCULINO,SIN DATOS,0,0,Morelia,Praderas del Indio,diciembre,miércoles,20,-101.223494028547,19.6450845894654
55339,55345,2025,LEG59240,2025/12/17,21:20:00,COLISIÓN POR INVASIÓN DE CARRIL,ASFALTO,Bueno,Bueno,2,NISSAN,GRIS,2,,22,MASCULINO,SIN DATOS,0,0,Morelia,Sin datos,diciembre,miércoles,21,-101.142595811512,19.7066879563344
55341,55347,2025,MOR/20250136051,2025/12/18,"00:00:00",COLISIÓN CONTRA OBJETO FIJO,CONCRETO,Bueno,Bueno,1,FORD,BLANCO,1,,49,MASCULINO,SIN DATOS,0,0,Morelia,Montaña Monarca,diciembre,jueves,0,-101.165131339569,19.6698293896465
55343,55349,2025,,2025/12/18,"08:15:00",COLISIÓN POR CORTE DE CIRCULACIÓN,ASFALTO,Bueno,Bueno,2,NISSAN,BLANCO,2,,31,FEMENINO,SIN DATOS,0,0,Morelia,Los Manantiales de Morelia,diciembre,jueves,8,-101.240757107735,19.6936892262581
55344,55350,2025,,2025/12/18,10:40:00,COLISIÓN POR CORTE DE CIRCULACIÓN,ASFALTO,Bueno,Bueno,2,CFMOTO/250SR,NEGRO ROJO,2,,18,MASCULINO,SIN DATOS,0,0,Morelia,Industrial,diciembre,jueves,11,-101.197814941406,19.7090175023603
55346,55352,2025,,2025/12/18,15:10:00,COLISIÓN POR ALCANCE,ASFALTO,Bueno,Regular,2,SEAT/IBIZA,ROJO,2,,23,FEMENINO,SIN DATOS,0,0,Morelia,Nicolaitas Ilustres,diciembre,jueves,15,-101.228359937668,19.7194340585979
55347,55353,2025,LEG59249,2025/12/18,17:40:00,COLISIÓN POR CORTE DE CIRCULACIÓN,ASFALTO,Bueno,Bueno,2,NAVISTAR,BLANCO Y GUINDA,2,,50,MASCULINO,SIN DATOS,0,0,Morelia,San Isidro Itzicuaro Norte,diciembre,jueves,18,-101.27077885,19.7035375149991
55348,55354,2025,,2025/12/18,18:15:00,COLISIÓN POR CORTE DE CIRCULACIÓN,CONCRETO,Bueno,Bueno,1,SE DESCONOCE,SE DESCONOCE,0,,,,,0,0,Charo,San Pedro Y San Pablo,diciembre,jueves,18,-101.051072962582,19.7472688101571
55349,55355,2025,,2025/12/18,18:45:00,COLISIÓN POR ALCANCE,ASFALTO,Bueno,Bueno,2,NISSAN,BLANCO,2,,39,MASCULINO,SIN DATOS,0,0,Morelia,Lindavista,diciembre,jueves,19,-101.216185390949,19.7038924579084
55350,55356,2025,,2025/12/18,18:48:00,COLISIÓN POR CORTE DE CIRCULACIÓN,CONCRETO,Bueno,Bueno,2,ITALIKA,NEGRO/AMARILLO,2,MINISTERIO PÚBLICO,21,MASCULINO,SIN DATOS,0,0,Morelia,Veinte de Noviembre,diciembre,jueves,19,-101.16675529629,19.7228707451613
55351,55357,2025,LEG59255,2025/12/19,"00:00:00",COLISIÓN POR CORTE DE CIRCULACIÓN,ASFALTO,Bueno,Bueno,2,DODGE,GRAFITO,2,,34,FEMENINO,SIN DATOS,0,0,Morelia,Ciudad Industrial,diciembre,viernes,0,-101.137734800577,19.7316163041168
55352,55358,2025,,2025/12/19,16:20:00,COLISIÓN POR CAMBIO DE CARRIL,ASFALTO,Bueno,Bueno,2,FREINGHTLINR,ROJO,2,,43,MASCULINO,SIN DATOS,0,0,Morelia,Tlalpujahua,diciembre,viernes,16,-101.21875628829,19.6763822706107
55353,55359,2025,,2025/12/19,23:20:00,COLISIÓN CONTRA OBJETO FIJO,ASFALTO,Bueno,Bueno,1,MAZDA,AZUL,1,,40,MASCULINO,SIN DATOS,0,0,Morelia,Jardines del Rincon,diciembre,viernes,23,-101.153406947851,19.6873568602355
55354,55360,2025,,2025/12/20,"02:00:00",COLISIÓN POR CORTE DE CIRCULACIÓN,ASFALTO,Bueno,Bueno,2,MAZDA,GRIS,2,,68,MASCULINO,SIN DATOS,0,0,Morelia,Chapultepec Sur,diciembre,sábado,2,-101.166455224156,19.6901603678336
55355,55361,2025,LEG59259,2025/12/20,"02:10:00",COLISIÓN CONTRA OBJETO FIJO,CONCRETO,Bueno,Bueno,1,CHEVROLET,GRIS,1,,38,FEMENINO,SIN DATOS,0,0,Morelia,Irrigacion,diciembre,sábado,2,-101.22514128685,19.7047257583242
55356,55362,2025,,2025/12/20,"08:30:00",SUBIDA AL CAMELLÓN,ASFALTO,Bueno,Bueno,1,VOLKSWAGEN,GRIS,0,,,,,0,0,Morelia,Campestre Los Manantiales,diciembre,sábado,9,-101.238253936172,19.6876974759277
55357,55363,2025,"202500099",2025/12/20,"08:49:00",SALIDA DE SUPERFICIE DE RODAMIENTO,ASFALTO,Bueno,Bueno,2,S/D,S/D,1,,23,MASCULINO,SIN DATOS,0,0,Morelia,Canteras de Morelia,diciembre,sábado,9,-101.173270046711,19.7161213371626
55358,55364,2025,,2025/12/20,12:30:00,COLISIÓN POR CAMBIO DE CARRIL,ASFALTO,Bueno,Bueno,2,BAJAJ,NEGRO,2,,20,MASCULINO,SIN DATOS,0,0,Morelia,Las Americas,diciembre,sábado,13,-101.150240600109,19.6915313254709
55359,55365,2025,,2025/12/20,13:30:00,COLISIÓN POR CORTE DE CIRCULACIÓN,SIN_DATOS,Bueno,Bueno,2,GMC,BLANCO/VERDE,2,,68,MASCULINO,SIN DATOS,0,0,Morelia,Centro,diciembre,sábado,14,-101.189915835857,19.7014253582008
55360,55366,2025,,2025/12/20,15:00:00,COLISIÓN POR CAMBIO DE CARRIL,CONCRETO,Bueno,Bueno,2,ITALIKA,AZUL,2,MINISTERIO PÚBLICO,17,MASCULINO,SIN DATOS,0,0,Morelia,Santa Maria de Guido,diciembre,sábado,15,-101.190548837185,19.671534320997
55361,55367,2025,,2025/12/20,16:05:00,COLISIÓN POR ALCANCE,CONCRETO,Bueno,Bueno,3,VOLKSWAGEN,GRIS,3,,29,FEMENINO,SIN DATOS,0,0,Morelia,El Lago 2,diciembre,sábado,16,-101.212046742439,19.7264329668435
55362,55368,2025,,2025/12/20,16:10:00,COLISIÓN POR CORTE DE CIRCULACIÓN,ASFALTO,Bueno,Bueno,1,ITALIKA,NEGRO/VERDE,1,,41,MASCULINO,SIN DATOS,0,0,Morelia,Cinco de Diciembre,diciembre,sábado,16,-101.163029707968,19.6861607536087
55363,55369,2025,,2025/12/20,18:03:00,COLISIÓN CON PEATÓN,SIN_DATOS,Bueno,Bueno,3,HONDA,GRIS,3,MINISTERIO PÚBLICO,,FEMENINO,SIN DATOS,0,0,Morelia,Independencia,diciembre,sábado,18,-101.176874935627,19.7052408873194
55364,55370,2025,,2025/12/20,18:30:00,COLISIÓN POR CORTE DE CIRCULACIÓN,ASFALTO,Bueno,Bueno,2,FORD,BLANCO,2,,52,MASCULINO,SIN DATOS,0,0,Morelia,Primo Tapia,diciembre,sábado,19,-101.211841888726,19.7090942015998
55365,55371,2025,,2025/12/20,18:30:00,COLISIÓN POR CAMBIO DE CARRIL,ASFALTO,Bueno,Bueno,2,KENWORTH,BLANCO,2,,45,MASCULINO,SIN DATOS,0,0,Morelia,Indeco El Vivero,diciembre,sábado,19,-101.230017542839,19.6769391629588
55366,55372,2025,LEG59258,2025/12/20,18:40:00,COLISIÓN POR CAMBIO DE CARRIL,ASFALTO,Bueno,Bueno,2,FORD,ROJO,2,,33,FEMENINO,SIN DATOS,0,0,Morelia,Centro,diciembre,sábado,19,-101.188762485981,19.7090992517542
55367,55373,2025,,2025/12/20,19:01:00,COLISIÓN POR CORTE DE CIRCULACIÓN,CONCRETO,Bueno,Bueno,2,HONDA,AZUL,2,,51,MASCULINO,SIN DATOS,0,0,Morelia,Eva Samano,diciembre,sábado,19,-101.203587725759,19.7302226517835
55368,55374,2025,,2025/12/20,22:50:00,COLISIÓN POR ALCANCE,ASFALTO,Bueno,Bueno,2,NISSAN,ROSA CON BLANCO,2,MINISTERIO PÚBLICO,,MASCULINO,SIN DATOS,0,0,Morelia,El Lago 2,diciembre,sábado,23,-101.214546561241,19.7267207941703
55369,55375,2025,,2025/12/21,"00:00:00",COLISIÓN CONTRA OBJETO FIJO,ASFALTO,Bueno,Bueno,2,KTM,NARANJA,2,,,MASCULINO,SIN DATOS,0,0,Morelia,Fidel Velazquez,diciembre,domingo,0,-101.236314028502,19.7075905110357
55370,55376,2025,,2025/12/21,"00:15:00",COLISIÓN POR CORTE DE CIRCULACIÓN,ASFALTO,Bueno,Bueno,3,VOLKSWAGEN,GRIS,2,MINISTERIO PÚBLICO,,MASCULINO,SIN DATOS,0,0,Morelia,Sin datos,diciembre,domingo,0,-101.290675364435,19.5998489631395
55371,55377,2025,,2025/12/21,"02:00:00",COLISIÓN CONTRA OBJETO FIJO,ASFALTO,Bueno,Bueno,1,JEEP,PLATA,1,,21,MASCULINO,SIN DATOS,0,0,Morelia,Montaña Monarca,diciembre,domingo,2,-101.164444237947,19.6658363089326
55372,55378,2025,,2025/12/21,"03:40:00",SALIDA DE SUPERFICIE DE RODAMIENTO,ASFALTO,Bueno,Bueno,1,FRAIGHILINER,CAFE,1,,39,MASCULINO,SIN DATOS,0,0,Charo,Sin datos,diciembre,domingo,4,-100.979817733169,19.6509124805143
55373,55379,2025,,2025/12/21,"04:00:00",COLISIÓN CONTRA OBJETO FIJO,ASFALTO,Bueno,Bueno,1,VOLKSWAGEN,NEGRO,1,,,FEMENINO,SIN DATOS,0,0,Morelia,Elias Perez Avalos,diciembre,domingo,4,-101.169238686562,19.7130698862965
55374,55380,2025,,2025/12/21,"06:40:00",COLISIÓN POR INVASIÓN DE CARRIL,TERRACERIA,Bueno,Regular,2,NISSAN,GRIS,2,,20,MASCULINO,SIN DATOS,0,0,Morelia,San Juanito Itzicuaro,diciembre,domingo,7,-101.253135502338,19.6780352628786
55375,55381,2025,,2025/12/21,"08:45:00",CAIDA DE MOTOCICLETA,ASFALTO,Bueno,Bueno,1,VENTO,NEGRO,1,,22,MASCULINO,SIN DATOS,0,0,Morelia,Jardines de Guadalupe,diciembre,domingo,9,-101.226840466261,19.7116621845354
55376,55382,2025,,2025/12/21,12:20:00,COLISIÓN POR ALCANCE,ASFALTO,Bueno,Bueno,2,VENTO,BLANO Y ROJO,2,,28,MASCULINO,SIN DATOS,0,0,Morelia,Canteras de Morelia,diciembre,domingo,12,-101.17327272892,19.7161440618574
55377,55383,2025,,2025/12/21,14:00:00,COLISIÓN CONTRA OBJETO FIJO,ASFALTO,Bueno,Bueno,1,CHEVROLET,VERDE,1,,24,MASCULINO,SIN DATOS,0,0,Morelia,Miravallle,diciembre,domingo,14,-101.277512088418,19.7014929072407
55378,55384,2025,,2025/12/21,18:05:00,COLISIÓN CON PEATÓN,ASFALTO,Bueno,Bueno,1,TOYOTA,AZUL,1,,55,FEMENINO,SIN DATOS,0,0,Morelia,Lomas de La Maestranza,diciembre,domingo,18,-101.329296659678,19.6848940514806
55379,55385,2025,,2025/12/21,18:49:00,COLISIÓN CON PEATÓN,SIN_DATOS,Bueno,Bueno,2,VOLKSWAGEN,BLANCO,2,,47,MASCULINO,SIN DATOS,0,0,Morelia,Indeco El Vivero,diciembre,domingo,19,-101.229804977775,19.6769682071778
55380,55386,2025,,2025/12/22,12:50:00,COLISIÓN POR CORTE DE CIRCULACIÓN,ASFALTO,Bueno,Bueno,2,CHEVROLET/S10,AZUL,2,,53,MASCULINO,SIN DATOS,0,0,Morelia,Cuauhtemoc,diciembre,lunes,13,-101.184291243553,19.6947485946415
55381,55387,2025,"2025000769",2025/12/22,14:49:00,COLISIÓN POR CORTE DE CIRCULACIÓN,ASFALTO,Bueno,Bueno,2,FRAIGHILINER,NARANJA,2,,50,MASCULINO,SIN DATOS,0,0,Morelia,Sin datos,diciembre,lunes,15,-101.271229013801,19.6225389504794
55382,55388,2025,,2025/12/22,15:00:00,COLISIÓN POR CORTE DE CIRCULACIÓN,CONCRETO,Bueno,Bueno,2,NISSAN,BLANCO,2,,56,MASCULINO,SIN DATOS,0,0,Morelia,Lomas del Valle,diciembre,lunes,15,-101.228542327881,19.6890027944157
55383,55389,2025,,2025/12/22,15:20:00,COLISIÓN POR CORTE DE CIRCULACIÓN,ASFALTO,Bueno,Bueno,2,NISSAN,BLANCO Y MORADO,2,,66,MASCULINO,SIN DATOS,0,0,Morelia,Los Pinos de Michoacan,diciembre,lunes,15,-101.216555871069,19.6826219429726
55384,55390,2025,"202502341",2025/12/22,17:00:00,COLISIÓN POR CAMBIO DE CARRIL,ASFALTO,Bueno,Bueno,2,CHEVROLETC,BLANCO,2,,63,MASCULINO,SIN DATOS,0,0,Morelia,Montaña Monarca,diciembre,lunes,17,-101.16179689765,19.6724284055683
55385,55391,2025,,2025/12/22,19:10:00,COLISIÓN POR INVASIÓN DE CARRIL,ASFALTO,Bueno,Bueno,2,INTERNACIONAL,ROJO,2,,24,MASCULINO,SIN DATOS,0,0,Morelia,La Calera,diciembre,lunes,19,-101.235022544861,19.6701982361698
55386,55392,2025,,2025/12/23,"04:40:00",COLISIÓN CONTRA OBJETO FIJO,ASFALTO,Bueno,Bueno,1,CHEVROLET,GRIS,1,MINISTERIO PÚBLICO,,MASCULINO,SIN DATOS,0,0,Morelia,Santiaguito,diciembre,martes,5,-101.188774555922,19.7164716758499
55387,55393,2025,,2025/12/23,"09:15:00",COLISIÓN POR CORTE DE CIRCULACIÓN,ASFALTO,Bueno,Bueno,2,NISSAN,ROJO,2,,38,MASCULINO,SIN DATOS,0,0,Morelia,Las Americas,diciembre,martes,9,-101.153534352779,19.6873694873362
55388,55394,2025,,2025/12/23,"09:50:00",COLISIÓN CONTRA OBJETO FIJO,ASFALTO,Bueno,Bueno,1,NISSAN,AZUL,1,,28,MASCULINO,SIN DATOS,0,0,Morelia,Francisco J Mujica,diciembre,martes,10,-101.191337406635,19.7227770097187
55389,55395,2025,LEG59294,2025/12/23,10:15:00,COLISIÓN POR CORTE DE CIRCULACIÓN,CONCRETO,Bueno,Bueno,2,CHEVROLET,GRIS,2,,58,MASCULINO,SIN DATOS,0,0,Morelia,Leona Vicario,diciembre,martes,10,-101.212281435728,19.6677495603039
55390,55396,2025,LEG59295,2025/12/23,13:05:00,COLISIÓN POR CAMBIO DE CARRIL,ASFALTO,Bueno,Bueno,2,FORD,GRIS,2,MINISTERIO PÚBLICO,50,MASCULINO,SIN DATOS,0,0,Morelia,Sentimientos de La Nacion,diciembre,martes,13,-101.234293654561,19.6788794314955
55391,55397,2025,,2025/12/23,13:30:00,COLISIÓN POR CORTE DE CIRCULACIÓN,ASFALTO,Bueno,Bueno,2,VOLVO,VERDE,2,,32,MASCULINO,SIN DATOS,0,0,Morelia,Sentimientos de La Nacion,diciembre,martes,14,-101.234297007322,19.6788857453802
55392,55398,2025,LEG59297,2025/12/23,13:55:00,COLISIÓN POR CAMBIO DE CARRIL,ASFALTO,Bueno,Bueno,2,KENWORTH,AZUL,2,,35,,SIN DATOS,0,0,Morelia,La Huerta,diciembre,martes,14,-101.236645281315,19.6606527352994
55393,55399,2025,LEG59298,2025/12/23,14:50:00,COLISIÓN POR CORTE DE CIRCULACIÓN,ASFALTO,Nublado,Bueno,2,FREIGHTLINER,ROJO,2,,49,MASCULINO,SIN DATOS,0,0,Morelia,Lomas del Tecnologico,diciembre,martes,15,-101.192313730717,19.7229411256091
55394,55400,2025,LEG59299,2025/12/23,18:48:00,COLISIÓN POR CORTE DE CIRCULACIÓN,CONCRETO,Bueno,Bueno,2,VENTO,NEGRO Y NARANJA,2,,42,MASCULINO,SIN DATOS,0,0,Morelia,Isaac Arriaga,diciembre,martes,19,-101.171246320009,19.7097860712669
55395,55401,2025,,2025/12/24,10:00:00,COLISIÓN CONTRA OBJETO FIJO,ASFALTO,Bueno,Bueno,4,KENWORTH,ROJO,4,,37,MASCULINO,SIN DATOS,0,0,Morelia,El Lago 1,diciembre,miércoles,10,-101.219349056482,19.7275501884362
55396,55402,2025,,2025/12/24,10:20:00,COLISIÓN POR CORTE DE CIRCULACIÓN,ASFALTO,Bueno,Bueno,2,CHIREY/TIGGO,NEGRO,2,,40,MASCULINO,SIN DATOS,0,0,Morelia,Santillan La Huerta,diciembre,miércoles,10,-101.219114363194,19.6741534190492
55397,55403,2025,,2025/12/24,11:25:00,COLISIÓN POR ALCANCE,CONCRETO,Bueno,Bueno,2,ITALIKA,BLANCO Y AZUL,2,,28,MASCULINO,SIN DATOS,0,0,Morelia,Molino de Parras,diciembre,miércoles,11,-101.205509193242,19.7023123316413
55398,55404,2025,LEG59303,2025/12/24,13:15:00,COLISIÓN POR ALCANCE,ASFALTO,Bueno,Bueno,2,VENTO,NEGRO Y NARANJA,2,,39,MASCULINO,SIN DATOS,0,0,Morelia,Enrique Ramirez,diciembre,miércoles,13,-101.166124641895,19.709892124017
55399,55405,2025,LEG59314,2025/12/24,14:40:00,COLISIÓN POR MANIOBRA DE REVERSA,CONCRETO,Bueno,Bueno,2,FORS,GRIS,2,MINISTERIO PÚBLICO,30,MASCULINO,SIN DATOS,0,0,Morelia,Central de Abastos,diciembre,miércoles,15,-101.169499531388,19.7164937692549
55400,55406,2025,,2025/12/24,17:30:00,COLISIÓN POR ALCANCE,ASFALTO,Bueno,Bueno,3,TOYOTA,ARENAL,3,,,FEMENINO,SIN DATOS,0,0,Morelia,Martires de Uruapan,diciembre,miércoles,18,-101.202645599842,19.725468489039
55401,55407,2025,LEG59304,2025/12/24,18:52:00,COLISIÓN POR CORTE DE CIRCULACIÓN,CONCRETO,Bueno,Bueno,2,VENTO,NEGRA,2,MINISTERIO PÚBLICO,15,MASCULINO,SIN DATOS,0,0,Morelia,Cd Satelite,diciembre,miércoles,19,-101.164579689503,19.7301342857366
55402,55408,2025,,2025/12/24,20:30:00,COLISIÓN POR ALCANCE,CONCRETO,Bueno,Bueno,2,NISSAN,BLANCO,2,,42,FEMENINO,SIN DATOS,0,0,Morelia,Jardines de Sindurio,diciembre,miércoles,21,-101.257365345955,19.697397616241
55403,55409,2025,,2025/12/24,23:20:00,COLISIÓN POR CORTE DE CIRCULACIÓN,ASFALTO,Bueno,Bueno,2,BAJAJ,ROJO,2,,21,MASCULINO,SIN DATOS,0,0,Morelia,El Lago 1,diciembre,miércoles,23,-101.215166151524,19.7270995135473
55404,55410,2025,,2025/12/25,"01:00:00",COLISIÓN POR CORTE DE CIRCULACIÓN,CONCRETO,Bueno,Bueno,2,HONDA,BLANCO,2,,83,FEMENINO,SIN DATOS,0,0,Morelia,Chapultepec Sur,diciembre,jueves,1,-101.172757744789,19.6920199808006
55405,55411,2025,,2025/12/25,"01:50:00",COLISIÓN POR CORTE DE CIRCULACIÓN,ASFALTO,Bueno,Bueno,2,ITALIKA,GRIS,2,MINISTERIO PÚBLICO,,MASCULINO,SIN DATOS,0,0,Morelia,5 de Mayo,diciembre,jueves,2,-101.177108958364,19.7031910933612
55406,55412,2025,,2025/12/25,"02:20:00",COLISIÓN CONTRA OBJETO FIJO,ASFALTO,Bueno,Bueno,1,VOLKSWAGEN,NEGRO,1,,38,MASCULINO,SIN DATOS,0,0,Morelia,Irrigacion,diciembre,jueves,2,-101.225125193596,19.7047257583242
55407,55413,2025,,2025/12/25,"05:45:00",COLISIÓN CONTRA OBJETO FIJO,ASFALTO,Bueno,Bueno,2,VOLKSWAGEN,AZUL,1,,,,SIN DATOS,0,0,Morelia,Ignaci0 Ramirez,diciembre,jueves,6,-101.222544908524,19.7247375523752
55408,55414,2025,,2025/12/25,"09:40:00",VOLCADURA,ASFALTO,Bueno,Bueno,1,VOLKSWAGEN,BLANCO,1,,29,FEMENINO,SIN DATOS,0,0,Morelia,Sin datos,diciembre,jueves,10,-101.302287317812,19.5882830801774
55409,55415,2025,,2025/12/26,"09:20:00",SALIDA DE SUPERFICIE DE RODAMIENTO,TERRACERIA,Bueno,Bueno,1,CHEVROLET,BLANCO,1,,65,MASCULINO,SIN DATOS,0,0,Morelia,Ciudad Jardin,diciembre,viernes,9,-101.255741938949,19.7093082017527
55410,55416,2025,,2025/12/26,"09:45:00",COLISIÓN POR CORTE DE CIRCULACIÓN,ASFALTO,Bueno,Bueno,2,TOYOTA,BLANCO/CREMA,2,,,MASCULINO,SIN DATOS,0,0,Morelia,Jardines del Rincon,diciembre,viernes,10,-101.145885363221,19.6877691345585
55411,55417,2025,,2025/12/26,11:30:00,COLISIÓN POR CORTE DE CIRCULACIÓN,ASFALTO,Bueno,Bueno,2,SEAT,GRIS,2,,,FEMENINO,SIN DATOS,0,0,Morelia,Chapultepec Sur,diciembre,viernes,12,-101.169791221619,19.6898847859382
55412,55418,2025,,2025/12/26,12:40:00,COLISIÓN POR ALCANCE,ASFALTO,Bueno,Bueno,2,RENAULT,GRIS,2,,36,MASCULINO,SIN DATOS,0,0,Morelia,Diego Rivera,diciembre,viernes,13,-101.177717149258,19.7195098059986
55413,55419,2025,,2025/12/26,14:00:00,VOLCADURA,ASFALTO,Bueno,Bueno,1,NISSAN,AZUL,1,,18,MASCULINO,SIN DATOS,0,0,Morelia,Sin datos,diciembre,viernes,14,-101.119399555027,19.7371532379314
55414,55420,2025,,2025/12/26,18:00:00,COLISIÓN CONTRA OBJETO FIJO,ASFALTO,Bueno,Bueno,1,NISSAN,BLANCO,1,,50,MASCULINO,SIN DATOS,0,0,Morelia,Elias Perez Avalos,diciembre,viernes,18,-101.167001724243,19.7115005821053
55415,55421,2025,,2025/12/26,19:40:00,COLISIÓN POR CORTE DE CIRCULACIÓN,ASFALTO,Bueno,Bueno,2,MAZDA,BLANCO,2,,68,FEMENINO,SIN DATOS,0,0,Morelia,La Esperanza,diciembre,viernes,20,-101.154470443726,19.6999493729936
55416,55422,2025,"202500910",2025/12/26,22:45:00,COLISIÓN POR INVASIÓN DE CARRIL,ASFALTO,Bueno,Bueno,2,FORD,VERDE,2,,30,MASCULINO,SIN DATOS,0,0,Morelia,Los Manantiales de Morelia,diciembre,viernes,23,-101.240270957351,19.6927397029886