fid,id_accidente,anio_origen,folio_c5i,dia_incidente,hora_ocurrencia,tipo_incidente_vial,superficie_ocurrencia,condiciones_climaticas,condiciones_via,numero_vehiculos_involucrados,marca_vehiculo_ocasiona_siniestro,color_vehiculo_ocasiona_siniestro,numero_personas_involucradas,lugar_remite_presunto_responsable,edad_presunto_responsable,sexo_presunto_responsable,resultados_toxicologia,numero_personas_lesionadas,numero_personas_fallecidas,municipio,colonia,mes,dia_semana,hora_redondeada,lon,lat
55417,55423,2025,,2025/12/27,12:48:00,CAIDA DE MOTOCICLETA,ASFALTO,Bueno,Bueno,1,BOXER,BLANCO,0,,,,,0,0,Indaparapeo,La Cruz,diciembre,sábado,13,-100.980644524097,19.7874694627636
55418,55424,2025,LEG59327,2025/12/27,13:40:00,COLISIÓN CONTRA OBJETO FIJO,CONCRETO,Bueno,Bueno,2,S/D,S/D,1,,46,MASCULINO,SIN DATOS,0,0,Morelia,Reforma,diciembre,sábado,14,-101.239295303822,19.7064807253061
55419,55425,2025,,2025/12/27,15:30:00,COLISIÓN POR CORTE DE CIRCULACIÓN,CONCRETO,Bueno,Bueno,2,FORD,BLANCO,2,,29,MASCULINO,SIN DATOS,0,0,Morelia,Leona Vicario,diciembre,sábado,16,-101.212388724089,19.6689113915774
55420,55426,2025,,2025/12/27,15:40:00,COLISIÓN POR CAMBIO DE CARRIL,ASFALTO,Bueno,Bueno,2,MERCEDES BENZ,BLANCO/VERDE,2,,45,MASCULINO,SIN DATOS,0,0,Morelia,Los Pinos de Michoacan,diciembre,sábado,16,-101.216328218579,19.6830976823682
55421,55427,2025,,2025/12/27,17:00:00,COLISIÓN POR CAMBIO DE CARRIL,ASFALTO,Bueno,Bueno,2,ISUZU,BLANCO,2,,45,MASCULINO,SIN DATOS,0,0,Morelia,Clara Cordova Moran,diciembre,sábado,17,-101.182494163513,19.735758055999
55422,55428,2025,MOR20250139921,2025/12/27,18:05:00,COLISIÓN POR ALCANCE,ASFALTO,Bueno,Bueno,2,CHEVROLET,BLANCO,2,,18,MASCULINO,SIN DATOS,0,0,Morelia,Nueva Valladolid,diciembre,sábado,18,-101.210645288229,19.7020642320924
55423,55429,2025,,2025/12/27,23:00:00,COLISIÓN CONTRA OBJETO FIJO,ASFALTO,Bueno,Bueno,1,CHEVROLET,ROJO,1,,,MASCULINO,SIN DATOS,0,0,Morelia,Ampliacion La Soledad,diciembre,sábado,23,-101.182898506522,19.7338765450262
55424,55430,2025,LEG59332,2025/12/28,"00:00:00",COLISIÓN POR INVASIÓN DE CARRIL,CONCRETO,Bueno,Bueno,2,VOLKSWAGEN,NEGRO,2,MINISTERIO PÚBLICO,,,SIN DATOS,0,0,Morelia,Mision del Valle,diciembre,domingo,0,-101.122185364366,19.7639878410085
55425,55431,2025,,2025/12/28,"00:00:00",COLISIÓN POR CAMBIO DE CARRIL,ASFALTO,Bueno,Bueno,2,ITALIKA,BLANCO,2,,,MASCULINO,SIN DATOS,0,0,Morelia,Vicente Guerrero,diciembre,domingo,0,-101.229377835989,19.7022586714661
55426,55432,2025,LEG59331,2025/12/28,"06:40:00",COLISIÓN CONTRA OBJETO FIJO,CONCRETO,Bueno,Bueno,1,VOLKSWAGEN,ROJO,1,,34,MASCULINO,SIN DATOS,0,0,Morelia,Obrera,diciembre,domingo,7,-101.180219650269,19.7090282339434
55427,55433,2025,,2025/12/28,11:36:00,COLISIÓN CONTRA OBJETO FIJO,ASFALTO,Bueno,Bueno,1,GMC,NEGRO,1,,,,SIN DATOS,0,0,Morelia,Sin datos,diciembre,domingo,12,-101.178588867188,19.6014985631951
55428,55434,2025,,2025/12/28,19:55:00,COLISIÓN POR ALCANCE,ASFALTO,Bueno,Bueno,2,CHEVROLET,GRIS,2,,26,MASCULINO,SIN DATOS,0,0,Morelia,Indeco Expropiacion Petrolera,diciembre,domingo,20,-101.225725337863,19.6858428636465
55429,55435,2025,,2025/12/29,"01:35:00",COLISIÓN POR CORTE DE CIRCULACIÓN,ASFALTO,Bueno,Bueno,2,NISSAN,ROJO,2,,44,FEMENINO,SIN DATOS,0,0,Morelia,Tinijaro,diciembre,lunes,2,-101.257449835539,19.6972713530988
55430,55436,2025,,2025/12/29,"08:30:00",COLISIÓN POR ALCANCE,CONCRETO,Bueno,Bueno,2,JEEP,PLATA,2,,50,FEMENINO,SIN DATOS,0,0,Morelia,Reforma,diciembre,lunes,9,-101.241879612207,19.705896159306
55431,55437,2025,,2025/12/29,"09:00:00",COLISIÓN POR CORTE DE CIRCULACIÓN,ASFALTO,Bueno,Bueno,1,FORD,NEGRO,1,,,,SIN DATOS,0,0,Morelia,Jose Ma Pino Suarez,diciembre,lunes,9,-101.161293983459,19.7215663342123
55432,55438,2025,SB,2025/12/29,"09:00:00",COLISIÓN POR CORTE DE CIRCULACIÓN,ASFALTO,Bueno,Bueno,1,VOLKSWAGEN,GRIS,1,,37,MASCULINO,SIN DATOS,0,0,Morelia,Indeco El Vivero,diciembre,lunes,9,-101.23167514801,19.6776539017755
55433,55439,2025,LEG59336,2025/12/29,15:10:00,COLISIÓN POR CORTE DE CIRCULACIÓN,ASFALTO,Bueno,Bueno,2,CHEVROLET,NEGRO,2,,,FEMENINO,SIN DATOS,0,0,Morelia,Obrera,diciembre,lunes,15,-101.181533932686,19.7133186000281
55434,55440,2025,,2025/12/29,15:40:00,COLISIÓN POR ALCANCE,ASFALTO,Bueno,Bueno,2,FORD,BLANCO,2,,38,MASCULINO,SIN DATOS,0,0,Morelia,Alberto Oviedo Mota,diciembre,lunes,16,-101.202196329832,19.6773723001136
55435,55441,2025,MOR20250140594,2025/12/29,16:10:00,COLISIÓN POR CORTE DE CIRCULACIÓN,ASFALTO,Bueno,Bueno,2,HERO,AZUL Y GRIS,1,,18,MASCULINO,SIN DATOS,0,0,Morelia,Lomas del Tecnologico,diciembre,lunes,16,-101.194137632847,19.7239119307753
55436,55442,2025,MOR/20250140737,2025/12/29,19:15:00,COLISIÓN POR ALCANCE,ASFALTO,Bueno,Bueno,2,NISSAN,BLANCO,2,MINISTERIO PÚBLICO,33,MASCULINO,SIN DATOS,0,0,Morelia,Lomas de Morelia (Dr Ignacio Chavez),diciembre,lunes,19,-101.176033392549,19.7178925911951
55437,55443,2025,,2025/12/29,19:45:00,COLISIÓN POR ALCANCE,ASFALTO,Bueno,Bueno,2,VOLKSWAGEN,BLANCO,5,MINISTERIO PÚBLICO,29,MASCULINO,SIN DATOS,3,0,Morelia,La Soledad,diciembre,lunes,20,-101.183312907815,19.7280463080625
55438,55444,2025,MOR2025786,2025/12/29,23:40:00,COLISIÓN CONTRA OBJETO FIJO,ASFALTO,Bueno,Bueno,1,VOLKSWAGEN,ROJO,1,,,MASCULINO,SIN DATOS,0,0,Morelia,Lomas de La Maestranza,diciembre,lunes,0,-101.329318284988,19.6849501166642
55439,55445,2025,MOR25250140813,2025/12/30,"04:10:00",COLISIÓN CONTRA OBJETO FIJO,ASFALTO,Bueno,Bueno,1,RANGE ROVER,VERDE,1,MINISTERIO PÚBLICO,,,SIN DATOS,0,0,Morelia,La Huerta,diciembre,martes,4,-101.234133392572,19.661616972244
55440,55446,2025,LEG59350,2025/12/30,12:30:00,COLISIÓN CONTRA OBJETO FIJO,ASFALTO,Bueno,Bueno,1,CHEVROLET,BLANCO,1,,,MASCULINO,SIN DATOS,0,0,Charo,San Pedro Y San Pablo,diciembre,martes,13,-101.048065535724,19.7512738378959
55441,55447,2025,,2025/12/30,14:30:00,COLISIÓN POR CORTE DE CIRCULACIÓN,ASFALTO,Bueno,Bueno,2,NISSAN,BLANCO,2,,66,MASCULINO,SIN DATOS,0,0,Morelia,Industrial,diciembre,martes,15,-101.201680675149,19.7139921451708
55442,55448,2025,,2025/12/30,18:30:00,COLISIÓN POR CORTE DE CIRCULACIÓN,ASFALTO,Bueno,Bueno,2,DODGE,BLANCO,2,,43,MASCULINO,SIN DATOS,0,0,Morelia,El Lago 1,diciembre,martes,19,-101.212129890919,19.7266046533815
55443,55449,2025,MOR20257892,2025/12/30,20:26:00,COLISIÓN POR CAMBIO DE CARRIL,ASFALTO,Bueno,Bueno,2,TOYOTA,BLANCO CON ROSA,1,,,MASCULINO,SIN DATOS,0,0,Morelia,Elias Perez Avalos,diciembre,martes,20,-101.169986426969,19.7149358333201
55444,55450,2025,,2025/12/30,20:30:00,COLISIÓN POR CORTE DE CIRCULACIÓN,ASFALTO,Bueno,Bueno,2,ITALIKA,NEGRO,2,,19,MASCULINO,SIN DATOS,0,0,Morelia,Sentimientos de La Nacion,diciembre,martes,21,-101.236883997917,19.6848099536733
55445,55451,2025,,2025/12/31,13:20:00,COLISIÓN POR CAMBIO DE CARRIL,ASFALTO,Bueno,Bueno,2,NISSAN,BLANCO,2,,49,MASCULINO,SIN DATOS,0,0,Morelia,Indeco Santiaguito,diciembre,miércoles,13,-101.178693473339,19.720171331773
55446,55452,2025,LEG59353,2025/12/31,15:00:00,COLISIÓN POR ALCANCE,CONCRETO,Bueno,Bueno,2,HONDA,PLATA SOLAR,2,,73,MASCULINO,SIN DATOS,0,0,Morelia,Lomas de Huerta,diciembre,miércoles,15,-101.211386919022,19.672953741069
55447,55453,2025,,2025/12/31,15:02:00,COLISIÓN POR CAMBIO DE CARRIL,ASFALTO,Bueno,Bueno,2,FORD,CAFÉ,1,,52,MASCULINO,SIN DATOS,0,0,Morelia,Indeco Santiaguito,diciembre,miércoles,15,-101.17855399847,19.7201334582338
55448,55454,2025,MOR20250141315,2025/12/31,15:42:00,COLISIÓN POR ALCANCE,ASFALTO,Bueno,Bueno,2,CHEVROLET,NEGRO,2,,43,MASCULINO,SIN DATOS,0,0,Morelia,Asociacion Zirahuen,diciembre,miércoles,16,-101.250249445438,19.6986223635505
55449,55455,2025,LEG59358,2025/12/31,17:35:00,COLISIÓN CONTRA OBJETO FIJO,ASFALTO,Nublado,Bueno,2,INTERNATIONAL,BLANCO AZUL,1,,24,MASCULINO,SIN DATOS,0,0,Morelia,Morelos,diciembre,miércoles,18,-101.207814216614,19.7006463326323
55450,55456,2025,,2025/12/31,18:30:00,COLISIÓN POR CORTE DE CIRCULACIÓN,ASFALTO,Bueno,Bueno,2,ITALIKA,NEGRO,2,MINISTERIO PÚBLICO,23,MASCULINO,SIN DATOS,0,0,Morelia,Villas del Real,diciembre,miércoles,19,-101.198730087456,19.7348037331767
55451,55457,2025,LEG59359,2025/12/31,22:00:00,COLISIÓN POR CAMBIO DE CARRIL,ASFALTO,Bueno,Bueno,2,FORD,BLANCO/AZUL,2,,38,MASCULINO,SIN DATOS,0,0,Morelia,4 de Marzo,diciembre,miércoles,22,-101.213727816939,19.7119992765788
55452,55458,2025,MOR/20250141459,2025/12/31,22:25:00,COLISIÓN CONTRA OBJETO FIJO,ASFALTO,Bueno,Bueno,1,FORD,PLATA,2,MINISTERIO PÚBLICO,66,MASCULINO,SIN DATOS,1,0,Charo,Sin datos,diciembre,miércoles,22,-101.079733036458,19.6867245568953
55453,55459,2026,LEG59361,2026/01/01,"07:30:00",VOLCADURA,ASFALTO,Bueno,Bueno,1,RENAULT,GRIS,2,,23,MASCULINO,SIN DATOS,1,0,Morelia,Cinco de Diciembre,enero,jueves,8,-101.160328,19.6881
55454,55460,2026,MOR/ 2026000066,2026/01/02,"00:00:00",COLISIÓN POR MANIOBRA DE REVERSA,ASFALTO,Bueno,Bueno,2,FORD,NEGRO,2,,20,MASCULINO,SIN DATOS,0,0,Morelia,Vasco de Quiroga,enero,viernes,0,-101.171825677156,19.7025536411622
55455,55461,2026,,2026/01/02,"00:20:00",COLISIÓN CONTRA OBJETO FIJO,ASFALTO,Bueno,Bueno,1,SEAT,BLANCO,1,,38,MASCULINO,SIN DATOS,0,0,Morelia,Francisco J Mujica,enero,viernes,0,-101.191214025021,19.7228805289922
55456,55462,2026,LEG59362,2026/01/02,"01:30:00",COLISIÓN CONTRA OBJETO FIJO,CONCRETO,Bueno,Bueno,2,NISSAN,BLANCO,2,MINISTERIO PÚBLICO,27,MASCULINO,CON CERTIFICADO,0,0,Morelia,Obrera,enero,viernes,2,-101.182838827372,19.7115959023084
55457,55463,2026,,2026/01/02,"09:50:00",COLISIÓN POR CORTE DE CIRCULACIÓN,CONCRETO,Bueno,Bueno,2,NISSAN,BLANCO,2,,67,MASCULINO,SIN DATOS,0,0,Morelia,Agustin Arriaga Rivera,enero,viernes,10,-101.220560073853,19.6916512797597
55458,55464,2026,,2026/01/02,12:50:00,COLISIÓN POR CORTE DE CIRCULACIÓN,ASFALTO,Bueno,Bueno,2,CHEVROLET,ROJO,2,,44,MASCULINO,SIN DATOS,0,0,Morelia,Tenencia Morelos,enero,viernes,13,-101.251652240753,19.6436939731759
55459,55465,2026,,2026/01/02,13:30:00,COLISIÓN CONTRA OBJETO FIJO,ASFALTO,Bueno,Bueno,2,DINA,BLANCO,2,,21,MASCULINO,SIN DATOS,0,0,Morelia,Loma de Los Piñones,enero,viernes,14,-101.206290721893,19.6733048056601
55460,55466,2026,LEG59367,2026/01/02,14:45:00,COLISIÓN POR CAMBIO DE CARRIL,ASFALTO,Bueno,Bueno,2,NISSAN,BLANCO,2,,45,MASCULINO,SIN DATOS,0,0,Morelia,Rafael Carrillo,enero,viernes,15,-101.235094964504,19.7095512399271
55461,55467,2026,LEG59373,2026/01/02,17:24:00,COLISIÓN POR ALCANCE,CONCRETO,Bueno,Bueno,2,JEEP,PLATA,2,,63,MASCULINO,SIN DATOS,0,0,Morelia,Juarez,enero,viernes,17,-101.199579499662,19.6955055526184
55462,55468,2026,LEG59369,2026/01/02,19:00:00,COLISIÓN POR ALCANCE,ASFALTO,Bueno,Bueno,2,MAZDA,GUINDA,2,,55,MASCULINO,SIN DATOS,0,0,Morelia,Independencia,enero,viernes,19,-101.177891492844,19.7193027630182
55463,55469,2026,LEG59370,2026/01/02,19:45:00,COLISIÓN POR INVASIÓN DE CARRIL,CONCRETO,Bueno,Bueno,2,CHANGAN,BLANCO,2,,46,MASCULINO,SIN DATOS,0,0,Morelia,Sin datos,enero,viernes,20,-101.312040064495,19.6230670310656
55464,55470,2026,MOR/20260000822,2026/01/02,22:31:00,COLISIÓN CONTRA OBJETO FIJO,CONCRETO,Bueno,Bueno,2,CHEVROLET,PLATA,2,MINISTERIO PÚBLICO,,,SIN DATOS,0,0,Morelia,La Soledad,enero,viernes,23,-101.184925585985,19.7285298022975
55465,55471,2026,,2026/01/03,"09:40:00",COLISIÓN POR CORTE DE CIRCULACIÓN,ASFALTO,Bueno,Bueno,2,RENAULT,PLATA,2,,36,MASCULINO,SIN DATOS,0,0,Morelia,Ventura Puente,enero,sábado,10,-101.187960170209,19.6922930336783
55466,55472,2026,,2026/01/03,12:10:00,COLISIÓN POR NO RESPETAR SEMÁFORO,ASFALTO,Bueno,Bueno,2,VOLKSWAGEN,ROJO,2,,35,MASCULINO,SIN DATOS,0,0,Morelia,La Huerta,enero,sábado,12,-101.217088624835,19.6755077815549
55467,55473,2026,,2026/01/03,14:00:00,COLISIÓN POR ALCANCE,ASFALTO,Bueno,Bueno,2,CHEVROLET,CAFE,2,,42,MASCULINO,SIN DATOS,0,0,Morelia,Francisco J Mujica,enero,sábado,14,-101.18551030755,19.7240003002636
55468,55474,2026,,2026/01/03,15:35:00,COLISIÓN POR ALCANCE,ASFALTO,Bueno,Bueno,4,DODGE,AZUL,4,,34,MASCULINO,SIN DATOS,0,0,Morelia,Lomas de Guayangareo,enero,sábado,16,-101.156048923731,19.701061729234
55469,55475,2026,,2026/01/03,17:45:00,COLISIÓN POR CORTE DE CIRCULACIÓN,CONCRETO,Bueno,Bueno,2,MERCEDES BENZ,BLANCO/VERDE,2,,33,MASCULINO,SIN DATOS,0,0,Morelia,Jacarandas,enero,sábado,18,-101.211502924561,19.7078515431363
55470,55476,2026,,2026/01/03,23:30:00,COLISIÓN CON PEATÓN,SIN_DATOS,Bueno,Bueno,2,HONDA,GRIS OSCURO,1,,27,MASCULINO,SIN DATOS,0,0,Morelia,Ciudad Industrial,enero,sábado,0,-101.138017773628,19.7286598279126
55471,55477,2026,MOR/20260000861,2026/01/03,23:58:00,COLISIÓN POR CORTE DE CIRCULACIÓN,CONCRETO,Bueno,Bueno,2,FORD,BLANCO,2,,36,MASCULINO,SIN DATOS,0,0,Morelia,Independencia,enero,sábado,0,-101.175591498613,19.7099173746614
55472,55478,2026,LEG59390,2026/01/04,"00:00:00",COLISIÓN POR CORTE DE CIRCULACIÓN,CONCRETO,Bueno,Bueno,2,CHEVROLET,ROJO,2,,26,MASCULINO,SIN DATOS,0,0,Morelia,Chapultepec Norte,enero,domingo,0,-101.1731255427,19.6944910134627
55473,55479,2026,,2026/01/04,"00:39:00",VOLCADURA,CONCRETO,Bueno,Bueno,1,CHEVROLET,AZULO,1,,,,SIN DATOS,0,0,Morelia,Esther Tapia,enero,domingo,1,-101.21936917305,19.7133135500069
55474,55480,2026,,2026/01/04,11:10:00,COLISIÓN POR CAMBIO DE CARRIL,ASFALTO,Bueno,Bueno,2,ITALIKA,NEGRO Y ROJO,2,,19,MASCULINO,SIN DATOS,0,0,Morelia,Villas del Pedregal,enero,domingo,11,-101.309038102627,19.6733628954104
55475,55481,2026,,2026/01/04,14:50:00,COLISIÓN POR ALCANCE,CONCRETO,Bueno,Bueno,2,NISSAN,BLANCO Y ROJO,2,MINISTERIO PÚBLICO,71,MASCULINO,SIN DATOS,0,0,Morelia,Solidaridad,enero,domingo,15,-101.207680106163,19.7260782315739
55476,55482,2026,LEG59386,2026/01/04,15:18:00,COLISIÓN POR NO RESPETAR SEMÁFORO,ASFALTO,Bueno,Bueno,2,VENTO,NEGRO,2,,30,MASCULINO,SIN DATOS,0,0,Morelia,Bosques de Oriente,enero,domingo,15,-101.15548633039,19.7156453803106
55477,55483,2026,LEG59387,2026/01/04,16:25:00,COLISIÓN POR ALCANCE,ASFALTO,Bueno,Bueno,2,BAJAJ,NEGRO,2,MINISTERIO PÚBLICO,27,MASCULINO,SIN DATOS,0,0,Morelia,Lomas de Morelia (Dr Ignacio Chavez),enero,domingo,16,-101.173672378063,19.7158637903947
55478,55484,2026,,2026/01/04,19:10:00,COLISIÓN POR CORTE DE CIRCULACIÓN,CONCRETO,Bueno,Bueno,2,ITALIKA,AZUL,3,MINISTERIO PÚBLICO,23,MASCULINO,SIN DATOS,1,0,Morelia,Trincheras de Morelos,enero,domingo,19,-101.189849,19.664074
55479,55485,2026,LEG59388,2026/01/04,22:00:00,VOLCADURA,ASFALTO,Bueno,Bueno,1,JEEP,NEGRO,1,,23,MASCULINO,SIN DATOS,0,0,Charo,Sin datos,enero,domingo,22,-101.073091216385,19.7441273869167
55480,55486,2026,LEG59383,2026/01/04,23:30:00,COLISIÓN POR CORTE DE CIRCULACIÓN,ASFALTO,Bueno,Bueno,2,HONDA,GRIS OSCURO,2,,27,MASCULINO,SIN DATOS,0,0,Morelia,Ciudad Industrial,enero,domingo,0,-101.138031184673,19.7286042830026
55481,55487,2026,,2026/01/05,"07:45:00",COLISIÓN CONTRA OBJETO FIJO,ASFALTO,Bueno,Bueno,1,VOLKSWAGEN,Plata,1,,35,MASCULINO,SIN DATOS,0,0,Morelia,El Lago 1,enero,lunes,8,-101.217903345823,19.7273519926332
55482,55488,2026,,2026/01/05,10:20:00,COLISIÓN POR CORTE DE CIRCULACIÓN,ASFALTO,Bueno,Bueno,2,CHEVROLET,BLANCO,2,,64,FEMENINO,SIN DATOS,0,0,Morelia,Montaña Monarca,enero,lunes,10,-101.164661496878,19.6656083589796
55483,55489,2026,,2026/01/05,14:20:00,COLISIÓN POR MANIOBRA DE REVERSA,ASFALTO,Bueno,Bueno,2,CHEVROLET,NEGRO,2,,20,FEMENINO,SIN DATOS,0,0,Morelia,Villa Universidad,enero,lunes,14,-101.202943325043,19.6909984748067
55484,55490,2026,MOR/20260001782,2026/01/05,14:20:00,COLISIÓN CON PEATÓN,CONCRETO,Bueno,Bueno,1,INTERNATIONAL,BLANCO Y VERDE,2,,54,MASCULINO,SIN DATOS,1,0,Morelia,Jesus del Monte,enero,lunes,14,-101.148659,19.652951
55485,55491,2026,,2026/01/05,18:00:00,COLISIÓN POR ALCANCE,CONCRETO,Bueno,Bueno,2,HONDA,ROJO,2,,0,FEMENINO,SIN DATOS,0,0,Morelia,Felix Ireta,enero,lunes,18,-101.191983684238,19.6879701074417
55486,55492,2026,,2026/01/05,18:45:00,COLISIÓN POR MANIOBRA DE REVERSA,ASFALTO,Bueno,Bueno,2,VOLKSWAGEN,BLANCO,2,,42,FEMENINO,SIN DATOS,0,0,Morelia,Eduardo Ruiz,enero,lunes,19,-101.216712445021,19.7171679322594
55487,55493,2026,,2026/01/05,20:30:00,COLISIÓN POR CAMBIO DE CARRIL,CONCRETO,Bueno,Bueno,2,CHEVROLET,NEGRO,2,,35,FEMENINO,SIN DATOS,0,0,Morelia,Socialista,enero,lunes,21,-101.237423121929,19.6435217027517
55488,55494,2026,,2026/01/05,20:35:00,COLISIÓN POR CAMBIO DE CARRIL,ASFALTO,Bueno,Regular,2,DODGE,CAFE,2,,22,FEMENINO,SIN DATOS,0,0,Morelia,Independencia,enero,lunes,21,-101.177889481187,19.7193040254762
55489,55495,2026,LEG59389,2026/01/05,21:20:00,SALIDA DE SUPERFICIE DE RODAMIENTO,ASFALTO,Bueno,Bueno,1,FORD,GRIS,1,,58,MASCULINO,SIN DATOS,0,0,Morelia,El Eden,enero,lunes,21,-101.249643266201,19.6459927150899
55490,55496,2026,,2026/01/05,22:20:00,COLISIÓN POR INVASIÓN DE CARRIL,ASFALTO,Bueno,Bueno,2,ITALIKA,AZUL,3,MINISTERIO PÚBLICO,15,MASCULINO,SIN DATOS,1,0,Morelia,Nueva Chapultepec,enero,lunes,22,-101.173417,19.68735
55491,55497,2026,,2026/01/06,18:10:00,COLISIÓN POR ALCANCE,ASFALTO,Bueno,Bueno,2,TOYOTA,BLANCO,2,,25,MASCULINO,SIN DATOS,0,0,Morelia,Lomas de San Juan,enero,martes,18,-101.183039681886,19.7298664251429
55492,55498,2026,,2026/01/06,18:20:00,COLISIÓN POR MANIOBRA DE REVERSA,CONCRETO,Bueno,Bueno,2,VOLKSWAGEN,PLATA,2,,82,MASCULINO,SIN DATOS,0,0,Morelia,Rincon Quieto,enero,martes,18,-101.205688675,19.6816837199991
55493,55499,2026,LEG59403,2026/01/06,19:10:00,COLISIÓN POR CORTE DE CIRCULACIÓN,ASFALTO,Bueno,Bueno,2,NISSAN,BLANCO,3,MINISTERIO PÚBLICO,28,MASCULINO,SIN DATOS,1,0,Morelia,Emiliano Zapata,enero,martes,19,-101.23402,19.652391
55494,55500,2026,LEG59405,2026/01/07,"07:00:00",SALIDA DE SUPERFICIE DE RODAMIENTO,ASFALTO,Bueno,Bueno,1,NISSAN,GRIS,1,,52,MASCULINO,SIN DATOS,0,0,Morelia,Ciudad Industrial,enero,miércoles,7,-101.14554366932,19.7284851395985
55495,55501,2026,LEG59406,2026/01/07,"07:20:00",COLISIÓN POR CORTE DE CIRCULACIÓN,ASFALTO,Bueno,Bueno,1,VOLVO,BLANCO,1,,47,MASCULINO,SIN DATOS,0,0,Morelia,Ciudad Industrial,enero,miércoles,7,-101.14554366932,19.7284851395985
55496,55502,2026,,2026/01/07,10:30:00,COLISIÓN CONTRA OBJETO FIJO,ASFALTO,Bueno,Bueno,1,MITSUBISHI,ROJO,1,,27,FEMENINO,SIN DATOS,0,0,Morelia,Insurgentes,enero,miércoles,11,-101.155416805,19.6953315299991
55497,55503,2026,,2026/01/07,10:45:00,COLISIÓN POR CORTE DE CIRCULACIÓN,ASFALTO,Bueno,Bueno,2,VOLKSWAGEN,GRIS,2,,,MASCULINO,SIN DATOS,0,0,Morelia,Nueva Chapultepec,enero,miércoles,11,-101.17081558,19.6897813199992
55498,55504,2026,,2026/01/07,16:00:00,COLISIÓN POR CAMBIO DE CARRIL,ASFALTO,Bueno,Regular,2,CRYSLER,VERDE,2,,57,FEMENINO,SIN DATOS,0,0,Morelia,Alberto Oviedo Mota,enero,miércoles,16,-101.196140686849,19.6817272495021
55499,55505,2026,,2026/01/07,18:00:00,COLISIÓN POR CORTE DE CIRCULACIÓN,ASFALTO,Bueno,Bueno,2,NISSAN,ROJO,2,,,FEMENINO,SIN DATOS,0,0,Morelia,Nueva Valladolid,enero,miércoles,18,-101.20929479599,19.6982208494858
55500,55506,2026,,2026/01/07,18:50:00,COLISIÓN POR CORTE DE CIRCULACIÓN,CONCRETO,Bueno,Bueno,2,CHEVROLET,AZUL,2,,23,MASCULINO,SIN DATOS,0,0,Morelia,El Durazno,enero,miércoles,19,-101.18104711175,19.6567193209977
55501,55507,2026,,2026/01/07,19:00:00,COLISIÓN POR CAMBIO DE CARRIL,ASFALTO,Bueno,Regular,2,KIA,GRIS,2,,38,MASCULINO,SIN DATOS,0,0,Morelia,Comision Federal de Electricidad,enero,miércoles,19,-101.181330084801,19.6814093851431
55502,55508,2026,,2026/01/07,19:30:00,COLISIÓN POR CAMBIO DE CARRIL,ASFALTO,Bueno,Bueno,2,MITSUBISHI,GRIS,2,,,FEMENINO,SIN DATOS,0,0,Morelia,Virreyes,enero,miércoles,20,-101.15747988224,19.6955068152642
55503,55509,2026,LEG59404,2026/01/07,21:50:00,COLISIÓN POR ALCANCE,ASFALTO,Bueno,Bueno,2,ITALIKA,BLANCO,2,MINISTERIO PÚBLICO,33,MASCULINO,SIN DATOS,0,0,Morelia,Ciudad Industrial,enero,miércoles,22,-101.130662996164,19.736373286063
55504,55510,2026,,2026/01/08,"00:20:00",COLISIÓN POR ALCANCE,ASFALTO,Bueno,Bueno,2,CHEVROLET,AZUL,2,,,,SIN DATOS,0,0,Morelia,Alberto Oviedo Mota,enero,jueves,0,-101.202108152211,19.6776826301684
55505,55511,2026,,2026/01/08,"08:30:00",COLISIÓN POR ALCANCE,ASFALTO,Bueno,Bueno,2,MITSUBISHI,NEGRO,2,,58,MASCULINO,SIN DATOS,0,0,Morelia,Chapultepec Oriente,enero,jueves,9,-101.160379350185,19.6881586791533
55506,55512,2026,,2026/01/08,15:20:00,COLISIÓN POR CAMBIO DE CARRIL,ASFALTO,Bueno,Bueno,2,KIA,ROJO,2,,30,FEMENINO,SIN DATOS,0,0,Morelia,Insurgentes,enero,jueves,15,-101.155022978783,19.6952921653275
55507,55513,2026,,2026/01/08,15:20:00,COLISIÓN POR ALCANCE,ASFALTO,Bueno,Bueno,4,NISSAN,BLANCO,4,MINISTERIO PÚBLICO,48,MASCULINO,SIN DATOS,0,0,Morelia,Primo Tapia Oriente,enero,jueves,15,-101.156913936138,19.714671207796
55508,55514,2026,LEG59417,2026/01/08,18:10:00,COLISIÓN CONTRA OBJETO FIJO,CONCRETO,Bueno,Bueno,2,ISUZU,BLANCO/AZUL,2,,36,MASCULINO,SIN DATOS,0,0,Morelia,El Realito,enero,jueves,18,-101.204009838402,19.7268101089042
55509,55515,2026,LEG59419,2026/01/08,18:10:00,COLISIÓN POR CORTE DE CIRCULACIÓN,ASFALTO,Bueno,Bueno,2,NISSAN,BLANCO/GRIS,2,,62,MASCULINO,SIN DATOS,0,0,Morelia,Ejidal Ocolusen,enero,jueves,18,-101.153402924538,19.6872507925504
55510,55516,2026,MOR/20260002941,2026/01/08,20:40:00,COLISIÓN POR ALCANCE,ASFALTO,Bueno,Bueno,2,VOLKSWAGEN,PLATA,2,,35,MASCULINO,SIN DATOS,0,0,Morelia,Barrio Alto,enero,jueves,21,-101.194623112679,19.7243727139985
55511,55517,2026,,2026/01/09,"00:00:00",CAIDA DE MOTOCICLETA,ASFALTO,Bueno,Bueno,1,PULSAR,NEGRO,1,,26,MASCULINO,SIN DATOS,0,0,Morelia,Francisco J Mujica,enero,viernes,0,-101.18822067976,19.7214792258191