fid,id_accidente,anio_origen,folio_c5i,dia_incidente,hora_ocurrencia,tipo_incidente_vial,superficie_ocurrencia,condiciones_climaticas,condiciones_via,numero_vehiculos_involucrados,marca_vehiculo_ocasiona_siniestro,color_vehiculo_ocasiona_siniestro,numero_personas_involucradas,lugar_remite_presunto_responsable,edad_presunto_responsable,sexo_presunto_responsable,resultados_toxicologia,numero_personas_lesionadas,numero_personas_fallecidas,municipio,colonia,mes,dia_semana,hora_redondeada,lon,lat
55512,55518,2026,LEG59422,2026/01/09,"08:20:00",COLISIÓN CON PEATÓN,ASFALTO,Bueno,Bueno,1,ITALIKA,NEGRO/VERDE,2,,53,MASCULINO,SIN DATOS,1,0,Morelia,Irrigacion,enero,viernes,8,-101.225031,19.704731
55513,55519,2026,,2026/01/09,15:05:00,COLISIÓN CON PEATÓN,CONCRETO,Bueno,Bueno,1,ITALIKA,NEGRO,2,,66,MASCULINO,SIN DATOS,1,0,Morelia,Molino de Parras,enero,viernes,15,-101.203886,19.702099
55514,55520,2026,,2026/01/09,15:23:00,COLISIÓN CON PEATÓN,ASFALTO,Bueno,Bueno,1,JEEP,BLANCO,2,,44,MASCULINO,SIN DATOS,1,0,Morelia,Jardines de Torremolinos,enero,viernes,15,-101.227114,19.677929
55515,55521,2026,MOR/20260003167,2026/01/09,15:25:00,COLISIÓN POR CORTE DE CIRCULACIÓN,CONCRETO,Bueno,Bueno,2,CRYSLER,VERDE,2,,86,MASCULINO,SIN DATOS,0,0,Morelia,Granjas del Maestro,enero,viernes,15,-101.193804033101,19.7126693553751
55516,55522,2026,,2026/01/09,18:00:00,COLISIÓN POR CAMBIO DE CARRIL,ASFALTO,Bueno,Bueno,2,DODGE,BLANCO,2,,54,MASCULINO,SIN DATOS,0,0,Morelia,Loma Bonita,enero,viernes,18,-101.198399662971,19.7247312402996
55517,55523,2026,,2026/01/09,20:35:00,COLISIÓN POR CORTE DE CIRCULACIÓN,ASFALTO,Bueno,Bueno,2,S/D,NEGRO,1,,21,MASCULINO,SIN DATOS,0,0,Morelia,Sin datos,enero,viernes,21,-101.285573467612,19.6109728039396
55518,55524,2026,LEG59434,2026/01/10,"00:01:00",COLISIÓN CONTRA OBJETO FIJO,ASFALTO,Bueno,Bueno,1,AUDI,ROJO,1,MINISTERIO PÚBLICO,20,MASCULINO,SIN DATOS,0,0,Morelia,Club de Golf Tres Marias,enero,sábado,0,-101.1146235466,19.7040313416124
55519,55525,2026,,2026/01/10,"01:10:00",COLISIÓN POR NO RESPETAR SEMÁFORO,ASFALTO,Bueno,Bueno,2,KIA,GRIS,2,MINISTERIO PÚBLICO,,MASCULINO,SIN DATOS,0,0,Morelia,Los Manantiales de Morelia,enero,sábado,1,-101.241387426853,19.695350878427
55520,55526,2026,LEG59430,2026/01/10,"01:35:00",COLISIÓN POR CORTE DE CIRCULACIÓN,ASFALTO,Bueno,Bueno,2,MB,GRIS,2,,,MASCULINO,SIN DATOS,0,0,Morelia,Del Empleado,enero,sábado,2,-101.179734170437,19.6906644952279
55521,55527,2026,,2026/01/10,"03:10:00",SALIDA DE SUPERFICIE DE RODAMIENTO,ASFALTO,Bueno,Bueno,1,NISSAN,AZUL,1,,33,MASCULINO,SIN DATOS,0,0,Charo,Sin datos,enero,sábado,3,-101.006628088653,19.6736167221156
55522,55528,2026,,2026/01/10,"07:00:00",COLISIÓN POR ALCANCE,ASFALTO,Bueno,Bueno,2,NISSAN,BLANCO,2,,64,MASCULINO,SIN DATOS,0,0,Morelia,Tlalpujahua,enero,sábado,7,-101.218600720167,19.6763052399975
55523,55529,2026,,2026/01/10,11:39:00,COLISIÓN POR CORTE DE CIRCULACIÓN,CONCRETO,Bueno,Bueno,2,DODGE,BLANCO,2,,49,MASCULINO,SIN DATOS,0,0,Morelia,Gertrudis Sanchez,enero,sábado,12,-101.199566759169,19.7398706676803
55524,55530,2026,,2026/01/10,13:10:00,COLISIÓN POR CORTE DE CIRCULACIÓN,ASFALTO,Bueno,Bueno,2,VOLKSWAGEN,VERDE,2,,38,FEMENINO,SIN DATOS,0,0,Morelia,Centro,enero,sábado,13,-101.194405853748,19.6962031629301
55525,55531,2026,LEG59438,2026/01/10,14:20:00,COLISIÓN CONTRA OBJETO FIJO,SIN_DATOS,Bueno,Bueno,3,PEUGEOT,NEGRO,3,,52,FEMENINO,SIN DATOS,0,0,Morelia,Fray Antonio de San Miguel Iglesias,enero,sábado,14,-101.145922243595,19.6872596315269
55526,55532,2026,,2026/01/10,15:30:00,COLISIÓN POR CORTE DE CIRCULACIÓN,ASFALTO,Bueno,Bueno,2,VOLKSWAGEN,PLATA,2,,51,MASCULINO,SIN DATOS,0,0,Morelia,La Quemada,enero,sábado,16,-101.240167021751,19.7011475861479
55527,55533,2026,,2026/01/10,18:10:00,COLISIÓN POR CORTE DE CIRCULACIÓN,CONCRETO,Bueno,Bueno,2,VOLKSWAGEN,ROJO,2,,25,FEMENINO,SIN DATOS,0,0,Morelia,Reforma,enero,sábado,18,-101.241378709674,19.7087577347038
55528,55534,2026,LEG59443,2026/01/10,19:40:00,COLISIÓN POR MANIOBRA DE REVERSA,ASFALTO,Bueno,Bueno,2,NISSAN,ROJO,2,,58,MASCULINO,SIN DATOS,0,0,Morelia,Ventura Puente,enero,sábado,20,-101.186566762626,19.690008213856
55529,55535,2026,,2026/01/10,23:41:00,COLISIÓN POR CORTE DE CIRCULACIÓN,CONCRETO,Bueno,Bueno,2,ITALIKA,NEGRO,2,,19,MASCULINO,SIN DATOS,0,0,Morelia,San Isidro Itzicuaro Norte,enero,sábado,0,-101.265407949686,19.702593889442
55530,55536,2026,,2026/01/10,23:56:00,COLISIÓN POR ALCANCE,CONCRETO,Bueno,Bueno,3,NISSAN,BLANCO,3,,33,MASCULINO,SIN DATOS,0,0,Morelia,Centro,enero,sábado,0,-101.188831552863,19.7028697651024
55531,55537,2026,LEG59444,2026/01/11,"00:20:00",COLISIÓN POR CORTE DE CIRCULACIÓN,ASFALTO,Bueno,Bueno,3,CHEVROLET,BLANCO,3,,42,MASCULINO,SIN DATOS,0,0,Morelia,Campestre del Vergel,enero,domingo,0,-101.241057515144,19.674357994819
55532,55538,2026,LEG59445,2026/01/11,"00:50:00",COLISIÓN POR ALCANCE,CONCRETO,Bueno,Bueno,2,JEEP,AZUL,2,,42,MASCULINO,SIN DATOS,0,0,Morelia,Infonavit Colonial Universidad,enero,domingo,1,-101.205722093582,19.6864881133175
55533,55539,2026,,2026/01/11,"03:40:00",SUBIDA AL CAMELLÓN,CONCRETO,Lluvioso,Regular,1,NISSAN,BLANCO,1,,20,MASCULINO,SIN DATOS,0,0,Morelia,Sin datos,enero,domingo,4,-101.167743355036,19.6557986266915
55534,55540,2026,LEG59447,2026/01/11,"03:50:00",COLISIÓN CONTRA OBJETO FIJO,ASFALTO,Nublado,Regular,1,TOYOTA,BLANCO,0,MINISTERIO PÚBLICO,,,,0,0,Morelia,Industrial,enero,domingo,4,-101.194912791252,19.7072912862899
55535,55541,2026,LEG59446,2026/01/11,"04:30:00",COLISIÓN CONTRA OBJETO FIJO,ASFALTO,Bueno,Bueno,1,NISSAN,GRIS,0,,,,,0,0,Morelia,Xangari,enero,domingo,5,-101.220691502094,19.6741183759513
55536,55542,2026,,2026/01/11,11:25:00,COLISIÓN POR INVASIÓN DE CARRIL,ASFALTO,Bueno,Bueno,2,TOYOTA,NEGRO,4,MINISTERIO PÚBLICO,38,MASCULINO,SIN DATOS,2,0,Morelia,Sin datos,enero,domingo,11,-101.28008,19.65059
55537,55543,2026,,2026/01/11,11:40:00,COLISIÓN POR CAMBIO DE CARRIL,ASFALTO,Bueno,Bueno,2,VOLKSWAGEN,CAFE,2,,0,MASCULINO,SIN DATOS,0,0,Morelia,Nueva Valladolid,enero,domingo,12,-101.209701150656,19.7020213038871
55538,55544,2026,,2026/01/11,12:20:00,COLISIÓN POR CORTE DE CIRCULACIÓN,ASFALTO,Bueno,Bueno,2,JEEP,AZUL MARINO,2,,22,MASCULINO,SIN DATOS,0,0,Morelia,Centro,enero,domingo,12,-101.200161874294,19.7030465272892
55539,55545,2026,,2026/01/11,17:50:00,VOLCADURA,ASFALTO,Bueno,Bueno,1,DINA,BLANCO,1,,56,MASCULINO,SIN DATOS,0,0,Morelia,Santillan La Huerta,enero,domingo,18,-101.220138631761,19.6753205708227
55541,55547,2026,LEG59441,2026/01/11,20:50:00,COLISIÓN POR CORTE DE CIRCULACIÓN,ASFALTO,Bueno,Bueno,2,CHEVROLET,ROJO,2,,34,FEMENINO,SIN DATOS,0,0,Morelia,Nueva Valladolid,enero,domingo,21,-101.209638118744,19.7009796600821
55547,55553,2026,,2026/01/12,10:27:00,COLISIÓN POR MANIOBRA DE REVERSA,ASFALTO,Bueno,Bueno,2,NAVISTAR,NARANJA Y CAFÉ,2,,23,MASCULINO,SIN DATOS,0,0,Morelia,Ario 1815,enero,lunes,10,-101.279206573963,19.7005238598721
55548,55554,2026,LEG59460,2026/01/12,11:40:00,SALIDA DE SUPERFICIE DE RODAMIENTO,ASFALTO,Bueno,Bueno,1,JEEEP,GRIS,1,,,FEMENINO,SIN DATOS,0,0,Morelia,Nueva Valladolid,enero,lunes,12,-101.2082862854,19.7016677770529
55549,55555,2026,LEG59462,2026/01/12,13:00:00,COLISIÓN POR ALCANCE,ASFALTO,Bueno,Bueno,2,FORD,GRIS,1,MINISTERIO PÚBLICO,67,MASCULINO,SIN DATOS,0,0,Morelia,San Pascual,enero,lunes,13,-101.267328411341,19.695254917221
55550,55556,2026,,2026/01/12,13:10:00,COLISIÓN POR CORTE DE CIRCULACIÓN,ASFALTO,Bueno,Bueno,2,ITALIKA,ROJO,2,,27,MASCULINO,SIN DATOS,0,0,Morelia,Felix Ireta,enero,lunes,13,-101.195666491985,19.6829695509709
55551,55557,2026,,2026/01/12,13:41:00,COLISIÓN POR CAMBIO DE CARRIL,ASFALTO,Bueno,Bueno,2,HONDA,AZUL,2,,73,FEMENINO,SIN DATOS,0,0,Morelia,Prados del Campestre,enero,lunes,14,-101.166004948318,19.6841006134122
55552,55558,2026,,2026/01/12,14:20:00,COLISIÓN POR CAMBIO DE CARRIL,ASFALTO,Bueno,Bueno,2,NISSAN,BLANCO Y AMARILLO,2,,38,MASCULINO,SIN DATOS,0,0,Morelia,Industrial,enero,lunes,14,-101.188545227051,19.7108087198553
55563,55569,2026,,2026/01/13,15:50:00,COLISIÓN POR CAMBIO DE CARRIL,ASFALTO,Bueno,Bueno,2,NISSAN MARCH,AZUL,2,,47,MASCULINO,SIN DATOS,0,0,Morelia,Nueva Valladolid,enero,martes,16,-101.208880059421,19.7010112251455
55567,55573,2026,,2026/01/13,19:45:00,SALIDA DE SUPERFICIE DE RODAMIENTO,ASFALTO,Bueno,Bueno,1,INFINITI/Q50,BLANCO,1,,37,MASCULINO,SIN DATOS,0,0,Morelia,Sin datos,enero,martes,20,-101.251145303249,19.793308569293
55568,55574,2026,MOR/20260004799,2026/01/14,"08:00:00",COLISIÓN POR ALCANCE,ASFALTO,Bueno,Bueno,3,KIA,GRIS,2,MINISTERIO PÚBLICO,28,MASCULINO,SIN DATOS,0,0,Morelia,Ciudad Industrial,enero,miércoles,8,-101.136547923088,19.7311138837532
55570,55576,2026,,2026/01/14,"09:06:00",COLISIÓN POR CORTE DE CIRCULACIÓN,ASFALTO,Bueno,Bueno,2,CHEVROLET,AZUL,2,,47,MASCULINO,SIN DATOS,0,0,Morelia,Puebla,enero,miércoles,9,-101.201057732105,19.7470100513629
55571,55577,2026,"20260004826",2026/01/14,"09:25:00",COLISIÓN POR CORTE DE CIRCULACIÓN,ASFALTO,Bueno,Bueno,2,FREIGHTLINER,BLANCO,2,,24,MASCULINO,SIN DATOS,0,0,Morelia,Lazaro Cardenas,enero,miércoles,9,-101.165354847908,19.7102569954415
55572,55578,2026,,2026/01/14,12:17:00,COLISIÓN POR ALCANCE,ASFALTO,Bueno,Bueno,4,RENAULT,BLANCO,5,MINISTERIO PÚBLICO,22,MASCULINO,SIN DATOS,0,0,Morelia,Ciudad Industrial,enero,miércoles,12,-101.142747849226,19.7251011275067
55573,55579,2026,"20260004872",2026/01/14,12:40:00,COLISIÓN POR MANIOBRA DE REVERSA,ASFALTO,Bueno,Bueno,2,TOYOTA,BLANCO,2,MINISTERIO PÚBLICO,37,FEMENINO,SIN DATOS,0,0,Morelia,Las Flores,enero,miércoles,13,-101.20427235961,19.7067635383277
55574,55580,2026,,2026/01/14,15:17:00,COLISIÓN POR CAMBIO DE CARRIL,ASFALTO,Bueno,Bueno,2,VOLKSWAGEN,BLANCO,2,MINISTERIO PÚBLICO,52,FEMENINO,SIN DATOS,0,0,Morelia,Rinconada del Valle,enero,miércoles,15,-101.218017339706,19.6796415155739
55575,55581,2026,,2026/01/14,15:41:00,COLISIÓN POR INVASIÓN DE CARRIL,ASFALTO,Bueno,Bueno,2,CHEVROLET,ROJO,2,,,MASCULINO,SIN DATOS,0,0,Tzitzio,Sin datos,enero,miércoles,16,-100.827176570892,19.3833402887421
55576,55582,2026,,2026/01/14,19:30:00,COLISIÓN POR CORTE DE CIRCULACIÓN,ASFALTO,Bueno,Bueno,2,ITALIKA,BLANCO,1,,17,MASCULINO,SIN DATOS,0,0,Morelia,Eduardo Ruiz,enero,miércoles,20,-101.216198801994,19.7171565699851
55577,55583,2026,LEG59490,2026/01/14,21:55:00,SALIDA DE SUPERFICIE DE RODAMIENTO,ASFALTO,Bueno,Bueno,1,CHEVROLET,BLACK,1,,49,MASCULINO,SIN DATOS,0,0,Morelia,Sin datos,enero,miércoles,22,-101.282079219818,19.6178397017916
55578,55584,2026,,2026/01/15,"00:00:00",COLISIÓN POR CORTE DE CIRCULACIÓN,CONCRETO,Bueno,Bueno,2,NISSAN,BLANCO,2,,54,MASCULINO,SIN DATOS,0,0,Morelia,Industrial,enero,jueves,0,-101.197561472654,19.7118525090629
55579,55585,2026,,2026/01/15,"01:17:00",COLISIÓN POR CORTE DE CIRCULACIÓN,ASFALTO,Bueno,Bueno,2,NISSAN,AZUL,2,MINISTERIO PÚBLICO,,,SIN DATOS,0,0,Morelia,Ventura Puente,enero,jueves,1,-101.183696128428,19.6945434135891
55580,55586,2026,,2026/01/15,"07:40:00",COLISIÓN POR CAMBIO DE CARRIL,CONCRETO,Bueno,Regular,2,JAC,BLANCO,2,,20,MASCULINO,SIN DATOS,0,0,Morelia,Jardines de Guadalupe,enero,jueves,8,-101.225580498576,19.7146817842822
55581,55587,2026,,2026/01/15,10:00:00,COLISIÓN POR CAMBIO DE CARRIL,ASFALTO,Bueno,Bueno,2,INTERNACIONAL,BLANCO,2,,34,MASCULINO,SIN DATOS,0,0,Morelia,Dr Miguel Silva,enero,jueves,10,-101.178221404552,19.7195729288052
55582,55588,2026,,2026/01/15,10:15:00,COLISIÓN POR CORTE DE CIRCULACIÓN,ASFALTO,Bueno,Bueno,1,CHEVROLET,NEGRO,1,,58,MASCULINO,SIN DATOS,0,0,Morelia,Sin datos,enero,jueves,10,-101.325925578206,19.6858008332632
55583,55589,2026,LEG59491,2026/01/15,12:40:00,COLISIÓN POR MANIOBRA DE REVERSA,SIN_DATOS,Bueno,Bueno,1,TOYOTA,BLANCO,0,,,,,0,0,Morelia,Melchor Ocampo,enero,jueves,13,-101.20426364243,19.7067262928914
55584,55590,2026,,2026/01/15,15:30:00,COLISIÓN POR CORTE DE CIRCULACIÓN,ASFALTO,Bueno,Bueno,2,FORD,AZUL,2,,74,MASCULINO,SIN DATOS,0,0,Morelia,Diego Rivera,enero,jueves,16,-101.177718155086,19.7194877130105
55585,55591,2026,,2026/01/15,16:45:00,COLISIÓN CONTRA OBJETO FIJO,ASFALTO,Bueno,Bueno,2,TOYOTA HIACE,BLANCO/NARANJA,2,,21,MASCULINO,SIN DATOS,0,0,Morelia,Clara Cordova Moran,enero,jueves,17,-101.182848215103,19.7323472093117
55586,55592,2026,,2026/01/16,"01:15:00",COLISIÓN CONTRA OBJETO FIJO,ASFALTO,Bueno,Bueno,2,NISSAN,ARENA,2,,64,MASCULINO,SIN DATOS,0,0,Morelia,Eduardo Ruiz,enero,viernes,1,-101.223394498229,19.7229127209478
55587,55593,2026,,2026/01/16,"03:05:00",COLISIÓN CONTRA OBJETO FIJO,ASFALTO,Bueno,Bueno,2,TOYOTA,GRIS,2,,,MASCULINO,SIN DATOS,0,0,Morelia,San Juanito Itzicuaro,enero,viernes,3,-101.250575333834,19.6806782471658
55588,55594,2026,,2026/01/16,"08:45:00",COLISIÓN POR ALCANCE,ASFALTO,Bueno,Bueno,3,MAZDA,AZUL,3,,22,FEMENINO,SIN DATOS,0,0,Morelia,El Lago 1,enero,viernes,9,-101.219320893288,19.7275991061523
55589,55595,2026,LEG59502,2026/01/16,"09:50:00",COLISIÓN POR CORTE DE CIRCULACIÓN,CONCRETO,Bueno,Bueno,2,NISSAN,BLANCO,2,,35,FEMENINO,SIN DATOS,0,0,Morelia,Felix Ireta,enero,viernes,10,-101.195872351527,19.6823482804938
55590,55596,2026,,2026/01/16,11:09:00,COLISIÓN POR CORTE DE CIRCULACIÓN,ASFALTO,Bueno,Bueno,2,DODGE,AZUL,2,,57,MASCULINO,SIN DATOS,0,0,Morelia,Elias Perez Avalos,enero,viernes,11,-101.16632848978,19.7109778981272
55591,55597,2026,"20260005565",2026/01/16,12:30:00,COLISIÓN POR CORTE DE CIRCULACIÓN,ASFALTO,Bueno,Bueno,2,NISSAN,BLANCO,2,,27,MASCULINO,SIN DATOS,0,0,Morelia,Jose Ma Pino Suarez,enero,viernes,13,-101.162747740746,19.7231557384423
55592,55598,2026,LEG59505,2026/01/16,12:30:00,VOLCADURA,ASFALTO,Bueno,Bueno,1,MERCEDES BENZ,BLANCO,1,,71,MASCULINO,SIN DATOS,0,0,Morelia,Sin datos,enero,viernes,13,-101.279485523701,19.6461575411985
55593,55599,2026,,2026/01/16,12:33:00,COLISIÓN POR CORTE DE CIRCULACIÓN,ASFALTO,Bueno,Bueno,2,VOLKSWAGEN,BLANCO,2,,23,FEMENINO,SIN DATOS,0,0,Morelia,Jardines del Quinceo,enero,viernes,13,-101.205217838287,19.7218617449315
55594,55600,2026,,2026/01/16,12:46:00,COLISIÓN POR CORTE DE CIRCULACIÓN,ASFALTO,Nublado,Regular,2,HYUNDAI,BLANCO,2,,35,MASCULINO,SIN DATOS,0,0,Morelia,Molino de Parras,enero,viernes,13,-101.204740405083,19.7024202832333
55595,55601,2026,,2026/01/16,13:29:00,COLISIÓN POR CAMBIO DE CARRIL,ASFALTO,Bueno,Bueno,2,HYUNDAI,NARANJA,2,,72,MASCULINO,SIN DATOS,0,0,Morelia,Campestre Los Manantiales,enero,viernes,13,-101.238259971142,19.6877066305563
55596,55602,2026,,2026/01/16,13:50:00,COLISIÓN POR CORTE DE CIRCULACIÓN,ASFALTO,Bueno,Bueno,2,HONDA,BLANCO,2,,73,FEMENINO,SIN DATOS,0,0,Morelia,Nueva Chapultepec,enero,viernes,14,-101.169181019068,19.6894327422143
55597,55603,2026,,2026/01/16,14:10:00,COLISIÓN POR MANIOBRA DE REVERSA,CONCRETO,Bueno,Bueno,2,VOLVO,BLANCO,2,,34,MASCULINO,SIN DATOS,0,0,Morelia,Central de Abastos,enero,viernes,14,-101.171364337206,19.7161440618574
55598,55604,2026,,2026/01/16,14:14:00,COLISIÓN POR ALCANCE,ASFALTO,Nublado,Regular,2,HYUNDAI,BLACO/ROJO,2,MINISTERIO PÚBLICO,,MASCULINO,SIN DATOS,0,0,Morelia,Centro,enero,viernes,14,-101.190213561058,19.7082798621172
55599,55605,2026,LEG59511,2026/01/16,14:19:00,SUBIDA AL CAMELLÓN,ASFALTO,Bueno,Bueno,1,GMC,CAFE,1,,47,MASCULINO,SIN DATOS,0,0,Morelia,Avicola Benito Juarez,enero,viernes,14,-101.279544532299,19.6913697027079
55600,55606,2026,LEG59510,2026/01/16,15:30:00,COLISIÓN CONTRA OBJETO FIJO,CONCRETO,Nublado,Bueno,2,ISUZU,BLANCO/ROJO,2,,20,MASCULINO,SIN DATOS,0,0,Morelia,Santa Maria de Guido,enero,viernes,16,-101.191235482693,19.6739602083602
55601,55607,2026,LEG59519,2026/01/16,17:00:00,COLISIÓN POR CORTE DE CIRCULACIÓN,ASFALTO,Bueno,Bueno,2,KIA,GRIS,2,,51,MASCULINO,SIN DATOS,0,0,Morelia,Adolfo Lopez Mateos,enero,viernes,17,-101.226572245359,19.6943710613018
55602,55608,2026,LEG59520,2026/01/16,17:40:00,COLISIÓN POR CORTE DE CIRCULACIÓN,ASFALTO,Bueno,Bueno,2,NISSAN,BLANCO,2,,,FEMENINO,SIN DATOS,0,0,Morelia,Sin datos,enero,viernes,18,-101.279504299164,19.6462150092655
55603,55609,2026,LEG59515,2026/01/16,18:05:00,COLISIÓN POR ALCANCE,ASFALTO,Lluvioso,Bueno,2,NISSAN,BLANCO,2,,25,MASCULINO,SIN DATOS,0,0,Morelia,Felix Ireta,enero,viernes,18,-101.180505305529,19.686973627256
55604,55610,2026,LEG59516,2026/01/16,18:25:00,COLISIÓN POR CAMBIO DE CARRIL,ASFALTO,Bueno,Bueno,2,KENWHORT,BLANCO,2,,56,MASCULINO,SIN DATOS,0,0,Morelia,Sentimientos de La Nacion,enero,viernes,18,-101.233236193657,19.6782183663969
55605,55611,2026,MOR20260005669,2026/01/16,19:20:00,COLISIÓN POR ALCANCE,ASFALTO,Lluvioso,Regular,4,MAZDA,BLANCO,4,,33,MASCULINO,SIN DATOS,0,0,Morelia,Francisco J Mujica,enero,viernes,19,-101.19118720293,19.7229032527263
55606,55612,2026,,2026/01/16,22:15:00,SALIDA DE SUPERFICIE DE RODAMIENTO,ASFALTO,Bueno,Bueno,1,CHEVROLET,BLANCO,1,,,,SIN DATOS,0,0,Morelia,Sin datos,enero,viernes,22,-101.28906134516,19.6877830243334
55607,55613,2026,MOR/20260005764,2026/01/16,22:20:00,COLISIÓN POR MANIOBRA DE REVERSA,ASFALTO,Bueno,Bueno,2,VOLKSWAGEN,ROJO,2,,46,FEMENINO,SIN DATOS,0,0,Morelia,Lomas del Tecnologico,enero,viernes,22,-101.188561320305,19.7213428821518
55608,55614,2026,LEG59521,2026/01/17,"06:00:00",COLISIÓN POR CORTE DE CIRCULACIÓN,ASFALTO,Lluvioso,Bueno,1,FORD,NEGRO,1,,20,MASCULINO,SIN DATOS,0,0,Morelia,Vasco de Quiroga,enero,sábado,6,-101.174505874515,19.6978729960777
55609,55615,2026,MOR/20260005879,2026/01/17,10:36:00,COLISIÓN CONTRA OBJETO FIJO,ASFALTO,Bueno,Bueno,2,ITALIKA,AZUL/NARANJA,2,,25,FEMENINO,SIN DATOS,0,0,Morelia,Centro,enero,sábado,11,-101.192383803427,19.7047560600757
55610,55616,2026,,2026/01/17,14:00:00,COLISIÓN POR CORTE DE CIRCULACIÓN,ASFALTO,Bueno,Bueno,2,NISSAN,BLANCO,2,,,FEMENINO,SIN DATOS,0,0,Morelia,Indeco El Vivero,enero,sábado,14,-101.229741945863,19.6770054595379
55611,55617,2026,,2026/01/17,17:00:00,COLISIÓN POR CAMBIO DE CARRIL,ASFALTO,Bueno,Regular,2,HONDA,GRIS,2,,28,MASCULINO,SIN DATOS,0,0,Morelia,Torreon Nuevo,enero,sábado,17,-101.199072897434,19.7361910339176
55612,55618,2026,MOR/20260005979,2026/01/17,17:40:00,COLISIÓN CONTRA OBJETO FIJO,ASFALTO,Lluvioso,Regular,1,KIA,VERDE,1,,36,,SIN DATOS,0,0,Morelia,Sin datos,enero,sábado,18,-101.340125910938,19.5556504758194
55613,55619,2026,,2026/01/17,18:00:00,COLISIÓN POR CAMBIO DE CARRIL,ASFALTO,Bueno,Bueno,2,KENWORTH,BLANCO,2,,,MASCULINO,SIN DATOS,0,0,Morelia,Rinconada del Valle,enero,sábado,18,-101.218381784856,19.6793608644854
55614,55620,2026,,2026/01/17,18:00:00,COLISIÓN POR CORTE DE CIRCULACIÓN,ASFALTO,Bueno,Bueno,1,FORD ESTACAS,AZUL,1,,28,MASCULINO,SIN DATOS,0,0,Álvaro Obregón,Sin datos,enero,sábado,18,-101.038513183594,19.7951332264513
55615,55621,2026,,2026/01/17,19:34:00,COLISIÓN POR CORTE DE CIRCULACIÓN,ASFALTO,Bueno,Bueno,2,VOLKSWAGEN,BLANCO,2,MINISTERIO PÚBLICO,20,MASCULINO,SIN DATOS,0,0,Morelia,Jesus del Monte,enero,sábado,20,-101.15802437067,19.6596057707422
55616,55622,2026,,2026/01/18,"01:00:00",COLISIÓN POR CORTE DE CIRCULACIÓN,ASFALTO,Bueno,Bueno,1,HONDA,BLANCO,0,MINISTERIO PÚBLICO,,,,0,0,Morelia,Chapultepec Sur,enero,domingo,1,-101.170680373907,19.6927845276845
55617,55623,2026,,2026/01/18,"01:30:00",SALIDA DE SUPERFICIE DE RODAMIENTO,TERRACERIA,Bueno,Malo,1,AUDI/A1,GRIS,1,,33,MASCULINO,SIN DATOS,0,0,Morelia,La Nueva Aldea,enero,domingo,2,-101.145613119006,19.749119238868
55618,55624,2026,,2026/01/18,14:30:00,COLISIÓN POR ALCANCE,ASFALTO,Bueno,Bueno,3,SCANIA,BLANCO/AMARILLO,3,,36,MASCULINO,SIN DATOS,0,0,Morelia,Tierra Y Libertad,enero,domingo,15,-101.227370202541,19.7134637880682
55619,55625,2026,LEG59535,2026/01/18,15:44:00,COLISIÓN POR CORTE DE CIRCULACIÓN,ASFALTO,Bueno,Bueno,2,BAJAJ,NEGRO,2,MINISTERIO PÚBLICO,,MASCULINO,SIN DATOS,0,0,Morelia,Popular Pogreso,enero,domingo,16,-101.200093477964,19.7205374421888
55620,55626,2026,,2026/01/18,21:00:00,COLISIÓN CONTRA OBJETO FIJO,ASFALTO,Bueno,Bueno,1,CHEVROLET,AZUL,1,,,MASCULINO,SIN DATOS,0,0,Morelia,Enrique Arreguin Robles,enero,domingo,21,-101.188000738621,19.7214236784131
55621,55627,2026,MOR/20260006096,2026/01/18,21:54:00,COLISIÓN CONTRA OBJETO FIJO,ASFALTO,Nublado,Regular,2,FORD,BLANCO,2,MINISTERIO PÚBLICO,24,MASCULINO,SIN DATOS,0,0,Morelia,Felicitas del Rio,enero,domingo,22,-101.198282986879,19.6927813710162
55622,55628,2026,MOR/20260006682,2026/01/19,"00:00:00",COLISIÓN POR ALCANCE,ASFALTO,Bueno,Bueno,2,ITALKIKA,NEGRO,2,,39,MASCULINO,SIN DATOS,0,0,Morelia,Villas del Real,enero,lunes,0,-101.199271380901,19.732468395342
55623,55629,2026,,2026/01/19,"08:30:00",COLISIÓN POR CAMBIO DE CARRIL,ASFALTO,Bueno,Bueno,2,CHEVROLET CAPTIVA,BLANCO,2,,49,FEMENINO,SIN DATOS,0,0,Morelia,Cosmos,enero,lunes,9,-101.216444224119,19.6834461992503
55624,55630,2026,,2026/01/19,11:10:00,COLISIÓN POR CAMBIO DE CARRIL,ASFALTO,Bueno,Bueno,2,NISSAN/SENTRA,GRIS,2,,16,MASCULINO,SIN DATOS,0,0,Morelia,Vasco de Quiroga,enero,lunes,11,-101.174057275057,19.6979096122615
55625,55631,2026,,2026/01/19,14:30:00,COLISIÓN CONTRA OBJETO FIJO,ASFALTO,Bueno,Bueno,2,VOLKSWAGEN,GRIS,2,,,MASCULINO,SIN DATOS,0,0,Morelia,La Quemada,enero,lunes,15,-101.238772943616,19.7013881115217
55626,55632,2026,,2026/01/19,15:20:00,COLISIÓN POR ALCANCE,CONCRETO,Bueno,Bueno,2,TOYOTA SIENNA,GRIS,2,,53,MASCULINO,SIN DATOS,0,0,Morelia,Alberto Oviedo Mota,enero,lunes,15,-101.199493333697,19.6810532872705