fid,id_accidente,anio_origen,folio_c5i,dia_incidente,hora_ocurrencia,tipo_incidente_vial,superficie_ocurrencia,condiciones_climaticas,condiciones_via,numero_vehiculos_involucrados,marca_vehiculo_ocasiona_siniestro,color_vehiculo_ocasiona_siniestro,numero_personas_involucradas,lugar_remite_presunto_responsable,edad_presunto_responsable,sexo_presunto_responsable,resultados_toxicologia,numero_personas_lesionadas,numero_personas_fallecidas,municipio,colonia,mes,dia_semana,hora_redondeada,lon,lat
55627,55633,2026,,2026/01/19,18:00:00,COLISIÓN POR INVASIÓN DE CARRIL,ASFALTO,Bueno,Regular,2,FORD,AZUL,2,,73,MASCULINO,SIN DATOS,0,0,Morelia,Independencia,enero,lunes,18,-101.176837384701,19.7052775018172
55628,55634,2026,,2026/01/19,19:00:00,COLISIÓN POR CAMBIO DE CARRIL,CONCRETO,Bueno,Bueno,2,VENTO,NEGRO,2,,,,SIN DATOS,0,0,Morelia,Elias Perez Avalos,enero,lunes,19,-101.168498396873,19.7125812952508
55629,55635,2026,,2026/01/19,19:40:00,COLISIÓN POR CAMBIO DE CARRIL,CONCRETO,Bueno,Regular,2,CHEVROLET/S10,BLANCO,2,,49,MASCULINO,SIN DATOS,0,0,Morelia,Primo Tapia Oriente,enero,lunes,20,-101.16133287549,19.7136443260559
55630,55636,2026,MOR/20260006873,2026/01/19,21:15:00,COLISIÓN CON PEATÓN,ASFALTO,Bueno,Regular,1,SIN DATO,SIN DATO,1,,,,,1,0,Morelia,Las Flores,enero,lunes,21,-101.206196,19.706562
55631,55637,2026,,2026/01/20,"00:00:00",COLISIÓN POR CAMBIO DE CARRIL,ASFALTO,Nublado,Regular,2,NISSAN,GRIS,2,,46,MASCULINO,SIN DATOS,0,0,Morelia,Diego Rivera,enero,martes,0,-101.17566794157,19.7180857488587
55632,55638,2026,LEG59550,2026/01/20,"00:00:00",COLISIÓN CONTRA OBJETO FIJO,ASFALTO,Nublado,Bueno,1,AUDI,BLANCO,1,,28,FEMENINO,SIN DATOS,0,0,Morelia,Martires de Uruapan,enero,martes,0,-101.19780421257,19.726655149387
55633,55639,2026,MOR/20260006995,2026/01/20,"07:30:00",VOLCADURA,TERRACERIA,Nublado,Regular,1,NISSAN,GRIS,1,,50,MASCULINO,SIN DATOS,0,0,Tiquicheo de Nicolás Romero,Sin datos,enero,martes,8,-100.763683654368,19.0559580364573
55634,55640,2026,LEG59545,2026/01/20,"09:05:00",COLISIÓN CONTRA OBJETO FIJO,TERRACERIA,Nublado,Malo,2,FORD,BLANCO NARANJA,2,,43,MASCULINO,SIN DATOS,0,0,Morelia,Ciudad Jardin,enero,martes,9,-101.256479881704,19.7085838195486
55635,55641,2026,LEG59546,2026/01/20,"09:40:00",VOLCADURA,ASFALTO,Bueno,Bueno,1,INTERNACIONAL,AMARILLO/ CON ROJO,1,MINISTERIO PÚBLICO,,,SIN DATOS,0,0,Morelia,Sin datos,enero,martes,10,-101.119124293327,19.7006147674969
55636,55642,2026,,2026/01/20,10:10:00,SALIDA DE SUPERFICIE DE RODAMIENTO,ASFALTO,Bueno,Bueno,2,TOYOTA,GRIS,1,MINISTERIO PÚBLICO,68,MASCULINO,SIN DATOS,0,0,Morelia,Sin datos,enero,martes,10,-101.348791122437,19.5445642048485
55641,55647,2026,,2026/01/21,"07:30:00",VOLCADURA,ASFALTO,Bueno,Bueno,1,NISSAN,BLANCO,1,,24,,SIN DATOS,0,0,Morelia,Centenario (Los Alamos Ii),enero,miércoles,8,-101.178904026747,19.7383224547503
55642,55648,2026,MOR/20260007346,2026/01/21,"07:30:00",VOLCADURA,ASFALTO,Bueno,Regular,1,NISSAN,BLANCO,0,,,,,0,0,Morelia,Clara Cordova Moran,enero,miércoles,8,-101.181173,19.737294
55645,55675,2026,MOR/2026008076,2026/01/23,11:25:00,COLISIÓN POR CORTE DE CIRCULACIÓN,ASFALTO,Bueno,Bueno,2,TOYOTA,BLANCO /CAFE,2,MINISTERIO PÚBLICO,46,MASCULINO,SIN DATOS,0,0,Morelia,Ventura Puente,enero,viernes,11,-101.179342,19.692929
55646,55679,2026,MOR/2026000,2026/01/23,14:50:00,COLISIÓN POR CORTE DE CIRCULACIÓN,ASFALTO,Bueno,Bueno,2,VOLKSWAGEN,GRIS,0,MINISTERIO PÚBLICO,,,,0,0,Morelia,Americas Britania,enero,viernes,15,-101.142115,19.692012
55647,55680,2026,MOR20260008181,2026/01/23,17:02:00,COLISIÓN POR INVASIÓN DE CARRIL,CONCRETO,Bueno,Bueno,2,Italika,Blanco,3,MINISTERIO PÚBLICO,24,MASCULINO,SIN DATOS,1,0,Morelia,Barrio Alto,enero,viernes,17,-101.197107,19.725263
55648,55696,2026,MOR/20260008619,2026/01/24,18:01:00,COLISIÓN POR CORTE DE CIRCULACIÓN,ASFALTO,Bueno,Bueno,2,Vento,Amarillo,2,,45,MASCULINO,SIN DATOS,0,0,Morelia,Industrial,enero,sábado,18,-101.197637,19.710785
55649,55702,2026,MOR/ 20260008935,2026/01/25,"03:45:00",COLISIÓN CONTRA OBJETO FIJO,ASFALTO,Bueno,Bueno,1,Chevrolet,Blanco,1,MINISTERIO PÚBLICO,,OTRO,SIN DATOS,0,0,Morelia,Vicente Lombardo Toledano (Ejidal Isacc Arriaga) (Etnias de Mexico),enero,domingo,4,-101.155422,19.715608
55650,55709,2026,MOR/0,2026/01/25,22:20:00,COLISIÓN POR CORTE DE CIRCULACIÓN,ASFALTO,Bueno,Bueno,2,FORD,ROJO,2,,37,MASCULINO,SIN DATOS,0,0,Morelia,El Realito,enero,domingo,22,-101.205151,19.725846
55651,55711,2026,"20260009330",2026/01/26,"00:19:00",COLISIÓN POR CORTE DE CIRCULACIÓN,CONCRETO,Bueno,Bueno,2,Bmw,Negro y rojo,0,MINISTERIO PÚBLICO,,,,0,0,Morelia,Felicitas del Rio,enero,lunes,0,-101.197018,19.691789
55652,55712,2026,MOR/00,2026/01/26,"05:15:00",COLISIÓN POR CORTE DE CIRCULACIÓN,ASFALTO,Bueno,Bueno,2,Nissan,Blanco,2,,57,MASCULINO,SIN DATOS,0,0,Morelia,Vasco de Quiroga,enero,lunes,5,-101.175762,19.699224
55653,55719,2026,MOR/ 20260009520,2026/01/26,15:00:00,COLISIÓN POR CORTE DE CIRCULACIÓN,ASFALTO,Bueno,Bueno,2,Chevrolet,Rojo,2,MINISTERIO PÚBLICO,75,MASCULINO,SIN DATOS,0,0,Morelia,El Eden,enero,lunes,15,-101.249573,19.646034
55654,55727,2026,MOR/202600009936,2026/01/27,16:00:00,COLISIÓN POR CORTE DE CIRCULACIÓN,ASFALTO,Bueno,Bueno,3,Crysler,Blanco,2,,40,MASCULINO,SIN DATOS,0,0,Morelia,Sentimientos de La Nacion,enero,martes,16,-101.232941,19.677981
55655,55736,2026,MOR20260010162,2026/01/28,"09:08:00",COLISIÓN CON PEATÓN,ASFALTO,Bueno,Bueno,1,Chevrolet,Blanco,2,,35,MASCULINO,SIN DATOS,1,0,Morelia,Ocolusen Iii,enero,miércoles,9,-101.147901,19.685717
55656,55739,2026,MOR20260010206,2026/01/28,11:05:00,COLISIÓN POR CAMBIO DE CARRIL,ASFALTO,Bueno,Bueno,2,Nissan,Blanco,2,,36,MASCULINO,SIN DATOS,0,0,Morelia,Las Americas,enero,miércoles,11,-101.15219,19.68862
55657,55741,2026,MOR/20260010216,2026/01/28,12:20:00,COLISIÓN POR ALCANCE,ASFALTO,Bueno,Bueno,2,Vento,Azul,3,MINISTERIO PÚBLICO,53,MASCULINO,SIN DATOS,1,0,Morelia,Morelos,enero,miércoles,12,-101.210805,19.694902
55658,55751,2026,MOR202678901,2026/01/29,14:05:00,COLISIÓN POR CAMBIO DE CARRIL,ASFALTO,Bueno,Bueno,2,Freightliner,Negro,2,,19,MASCULINO,SIN DATOS,0,0,Morelia,Jardines del Rincon,enero,jueves,14,-101.150942,19.689531
55659,55752,2026,MOR/202600099,2026/01/29,14:15:00,COLISIÓN POR CORTE DE CIRCULACIÓN,ASFALTO,Bueno,Bueno,2,Chevrolet,Gris,2,,44,MASCULINO,SIN DATOS,0,0,Morelia,Vasco de Quiroga,enero,jueves,14,-101.176262,19.6982
55660,55755,2026,MOR20268321,2026/01/29,18:10:00,COLISIÓN POR CAMBIO DE CARRIL,CONCRETO,Bueno,Bueno,2,TOYOTA,VERDE CON BLANCO,2,,,MASCULINO,SIN DATOS,0,0,Morelia,Primaveras,enero,jueves,18,-101.225748,19.67868
55661,55756,2026,MOR/20260010746,2026/01/29,18:18:00,COLISIÓN POR CORTE DE CIRCULACIÓN,CONCRETO,Bueno,Bueno,3,NISSAN,TURQUESA,3,,32,FEMENINO,SIN DATOS,1,0,Morelia,Molino de Parras,enero,jueves,18,-101.205387,19.694035
55662,55765,2026,MOR/20260011968,2026/01/30,11:30:00,COLISIÓN CONTRA OBJETO FIJO,ASFALTO,Bueno,Bueno,1,Nissan,Rojo y blanco,1,MINISTERIO PÚBLICO,48,MASCULINO,SIN DATOS,0,0,Morelia,La Colina,enero,viernes,12,-101.216092,19.703903
55663,55766,2026,MOR/20260011002,2026/01/30,13:10:00,COLISIÓN POR MANIOBRA DE REVERSA,ASFALTO,Bueno,Bueno,4,Ford,Blanco,5,MINISTERIO PÚBLICO,82,MASCULINO,SIN DATOS,1,0,Morelia,Tres Puentes,enero,viernes,13,-101.214279,19.703869
55664,55773,2026,MOR/2255,2026/01/30,19:40:00,COLISIÓN POR ALCANCE,ASFALTO,Bueno,Bueno,2,Jeep,Cafe,2,,34,FEMENINO,SIN DATOS,0,0,Morelia,La Quemada,enero,viernes,20,-101.2474311,19.6863446
55665,55777,2026,MOR/20260011332,2026/01/31,"09:35:00",COLISIÓN POR CORTE DE CIRCULACIÓN,ASFALTO,Bueno,Bueno,2,ITALIKA,AZUL,2,,27,MASCULINO,SIN DATOS,0,0,Morelia,La Hacienda,enero,sábado,10,-101.318652,19.675538
55666,55784,2026,MOR/20260011572,2026/01/31,20:29:00,COLISIÓN CONTRA OBJETO FIJO,ASFALTO,Bueno,Bueno,2,NISSAN,BLANCO,0,,,,,0,0,Tarímbaro,Infonavit Puerta del Sol,enero,sábado,20,-101.192042,19.749223
55667,55786,2026,MOR/20260011613,2026/01/31,21:49:00,CAIDA DE MOTOCICLETA,ASFALTO,Bueno,Bueno,1,Veloci,Negro/rojo,2,,33,MASCULINO,SIN DATOS,1,0,Morelia,Sin datos,enero,sábado,22,-101.134924,19.647914
55668,55798,2026,MOR/20260012263,2026/02/02,"08:20:00",COLISIÓN POR CORTE DE CIRCULACIÓN,ASFALTO,Bueno,Bueno,2,Mitsubshi,Gris,2,,31,MASCULINO,SIN DATOS,0,0,Morelia,El Eden,febrero,lunes,8,-101.2496829,19.6461175
55669,55799,2026,MOR/20260012273,2026/02/02,"09:12:00",CAIDA DE MOTOCICLETA,ASFALTO,Bueno,Bueno,1,ITALIKA,NEGRO/GRIS,1,,19,MASCULINO,SIN DATOS,0,0,Morelia,Chapultepec Oriente,febrero,lunes,9,-101.1621337,19.6897228
55670,55800,2026,MOR/20260012391,2026/02/02,15:03:00,COLISIÓN POR CORTE DE CIRCULACIÓN,ASFALTO,Bueno,Bueno,2,Honda,Amarillo/blanco,2,,26,MASCULINO,SIN DATOS,0,0,Morelia,Infonavit Benito Juarez,febrero,lunes,15,-101.1971678,19.6853566
55671,55802,2026,MOR/20260012419,2026/02/02,18:00:00,COLISIÓN CONTRA OBJETO FIJO,ASFALTO,Bueno,Bueno,1,Chevrolet,Rojo,1,,31,MASCULINO,SIN DATOS,0,0,Morelia,Jardines de Torremolinos,febrero,lunes,18,-101.2266973,19.677753
55672,55803,2026,MMOR/2026001,2026/02/02,18:30:00,COLISIÓN POR CAMBIO DE CARRIL,ASFALTO,Bueno,Bueno,3,Freightliner,Verde,3,,35,MASCULINO,SIN DATOS,0,0,Morelia,Jardines de Torremolinos,febrero,lunes,19,-101.2268133,19.6774267
55673,55804,2026,MOR20267456,2026/02/02,20:27:00,COLISIÓN POR ALCANCE,ADOQUIN_EMPEDRADO,Bueno,Bueno,2,Chevrolet,Negro,2,,54,MASCULINO,SIN DATOS,0,0,Morelia,Del Prendimiento,febrero,lunes,20,-101.3927332,19.6736588
55674,55807,2026,MOR/20260012530,2026/02/02,22:30:00,SALIDA DE SUPERFICIE DE RODAMIENTO,ASFALTO,Bueno,Bueno,1,Dodge,Guinda,1,,51,MASCULINO,SIN DATOS,0,0,Morelia,Ana Maria Gallaga (Riviera Norte),febrero,lunes,23,-101.22372,19.676769
55675,55808,2026,MOR20260012562,2026/02/03,"00:05:00",COLISIÓN POR CORTE DE CIRCULACIÓN,CONCRETO,Bueno,Bueno,2,Mg,Rojo,2,,29,MASCULINO,SIN DATOS,0,0,Morelia,5 de Mayo,febrero,martes,0,-101.1770978,19.7031869
55676,55810,2026,MOR/20260012630,2026/02/03,"08:05:00",COLISIÓN POR CORTE DE CIRCULACIÓN,CONCRETO,Bueno,Bueno,2,Chevrolet,Gris,2,,24,FEMENINO,CON CERTIFICADO,0,0,Morelia,Isaac Arriaga,febrero,martes,8,-101.1697331,19.711442
55677,55812,2026,MOR20260012674,2026/02/03,"09:53:00",COLISIÓN POR CORTE DE CIRCULACIÓN,CONCRETO,Bueno,Bueno,2,Ford,Blanco,2,,45,MASCULINO,SIN DATOS,0,0,Morelia,Isaac Arriaga,febrero,martes,10,-101.16994,19.7114197
55678,55813,2026,MOR/20260012699,2026/02/03,11:20:00,COLISIÓN POR ALCANCE,ASFALTO,Bueno,Regular,2,KENWORTH,BLANCO,2,MINISTERIO PÚBLICO,34,MASCULINO,SIN DATOS,0,0,Morelia,Santillan La Huerta,febrero,martes,11,-101.2204728,19.6741843
55679,55814,2026,MOR20260012784,2026/02/03,14:18:00,COLISIÓN POR CORTE DE CIRCULACIÓN,ASFALTO,Bueno,Bueno,2,Mercedes benz,Verde,2,,36,MASCULINO,SIN DATOS,0,0,Morelia,San Rafael,febrero,martes,14,-101.1546749,19.7009591
55680,55816,2026,MOR/20260012854,2026/02/03,18:00:00,COLISIÓN POR ALCANCE,CONCRETO,Bueno,Bueno,3,Daimlercrysler,Blanco verde azul,3,,64,MASCULINO,SIN DATOS,0,0,Morelia,Sentimientos de La Nacion,febrero,martes,18,-101.2342452,19.6849153
55681,55817,2026,MOR20260012917,2026/02/03,20:45:00,COLISIÓN POR ALCANCE,ASFALTO,Bueno,Bueno,2,Chevrolet,Blanco,2,,21,MASCULINO,SIN DATOS,0,0,Morelia,Jardines de Santiaguito,febrero,martes,21,-101.2083079,19.7137394
55682,55818,2026,MOR/20260012899,2026/02/03,22:15:00,VOLCADURA,ASFALTO,Bueno,Bueno,1,Dodge,Blanco,1,,25,MASCULINO,SIN DATOS,0,0,Morelia,Lazaro Cardenas,febrero,martes,22,-101.1648802,19.7096782
55683,55819,2026,MOR/20160012671,2026/02/03,23:05:00,COLISIÓN POR CORTE DE CIRCULACIÓN,CONCRETO,Bueno,Bueno,2,Hiunday,Rojo,2,,30,FEMENINO,SIN DATOS,0,0,Morelia,El Lago 1,febrero,martes,23,-101.215952,19.7271642
55684,55820,2026,MOR20250010136,2026/02/04,"06:00:00",SALIDA DE SUPERFICIE DE RODAMIENTO,ASFALTO,Bueno,Bueno,1,Freigthliner,Balanco,1,,52,MASCULINO,SIN DATOS,0,0,Morelia,Rector Hidalgo,febrero,miércoles,6,-101.2242,19.6859
55685,55821,2026,MOR202600000123,2026/02/04,14:20:00,COLISIÓN POR CORTE DE CIRCULACIÓN,CONCRETO,Bueno,Bueno,2,Volvo,Blanca,2,,65,FEMENINO,SIN DATOS,0,0,Morelia,Isaac Arriaga,febrero,miércoles,14,-101.1712486,19.7134866
55686,55824,2026,MOR/20260013298,2026/02/04,20:11:00,COLISIÓN POR CORTE DE CIRCULACIÓN,ASFALTO,Bueno,Bueno,2,Volkswagen,Verde,2,,31,FEMENINO,SIN DATOS,0,0,Morelia,Lic Daniel Espinoza Galindo,febrero,miércoles,20,-101.2256414,19.7062205
55687,55827,2026,MOR20260013466,2026/02/05,"08:25:00",COLISIÓN POR CAMBIO DE CARRIL,ASFALTO,Bueno,Bueno,2,V.w.,Blanco,2,,36,FEMENINO,SIN DATOS,0,0,Morelia,Sentimientos de La Nacion,febrero,jueves,8,-101.2361132,19.6831036
55688,55828,2026,MOR2026000000,2026/02/05,"08:40:00",COLISIÓN POR CORTE DE CIRCULACIÓN,ASFALTO,Bueno,Bueno,2,Volkswagen,Gris,2,,37,,SIN DATOS,0,0,Morelia,Vasco de Quiroga,febrero,jueves,9,-101.1724743,19.7049966
55689,55829,2026,MOR/20260013478,2026/02/05,"08:55:00",COLISIÓN POR ALCANCE,ASFALTO,Bueno,Bueno,2,Volkswagen,Gris,2,,27,MASCULINO,SIN DATOS,0,0,Morelia,Ejidal Tres Puentes,febrero,jueves,9,-101.2284335,19.6931822
55690,55830,2026,MOR/ 20260013514,2026/02/05,10:40:00,COLISIÓN POR CAMBIO DE CARRIL,ASFALTO,Bueno,Bueno,2,Supermex,Negro,2,,42,FEMENINO,SIN DATOS,0,0,Morelia,Martires de Uruapan,febrero,jueves,11,-101.1984519,19.7254655
55691,55831,2026,MOR/20260013532,2026/02/05,12:25:00,COLISIÓN POR CAMBIO DE CARRIL,ASFALTO,Bueno,Bueno,2,Bajaj,Azul,2,,20,MASCULINO,SIN DATOS,0,0,Morelia,Josefa Ortiz de Dominguez,febrero,jueves,12,-101.2123204,19.6726946
55692,55832,2026,MOR20260013574,2026/02/05,14:10:00,COLISIÓN POR ALCANCE,ASFALTO,Bueno,Bueno,2,Ford,Blanco,1,,54,FEMENINO,SIN DATOS,0,0,Morelia,Sentimientos de La Nacion,febrero,jueves,14,-101.2321583,19.680565
55693,55833,2026,MOR/20260013582,2026/02/05,14:30:00,COLISIÓN POR ALCANCE,ASFALTO,Bueno,Bueno,2,TOYOTA,BLANCO,2,,56,MASCULINO,SIN DATOS,0,0,Morelia,Diego Rivera,febrero,jueves,15,-101.1755815,19.7177929
55694,55834,2026,MOR20260013582,2026/02/05,14:30:00,COLISIÓN POR ALCANCE,ASFALTO,Bueno,Regular,3,Ford,Blanco/rojo,3,,44,MASCULINO,SIN DATOS,0,0,Morelia,Division del Norte,febrero,jueves,15,-101.1642643,19.7120125
55695,55835,2026,MOR20260013620,2026/02/05,16:01:00,COLISIÓN POR ALCANCE,ASFALTO,Bueno,Bueno,2,Toyoya,Blanco,2,,56,MASCULINO,SIN DATOS,0,0,Morelia,Chapultepec Norte,febrero,jueves,16,-101.1781099,19.696556
55696,55836,2026,MOR/20260013614,2026/02/05,17:20:00,COLISIÓN POR CORTE DE CIRCULACIÓN,ASFALTO,Bueno,Bueno,2,Vento,Negro,2,MINISTERIO PÚBLICO,20,MASCULINO,SIN DATOS,0,0,Morelia,Felix Ireta,febrero,jueves,17,-101.1881314,19.6872971
55697,55839,2026,MOR/ 20260013674,2026/02/05,19:05:00,COLISIÓN POR CAMBIO DE CARRIL,ASFALTO,Bueno,Bueno,2,FORD,BLANCO,2,,59,MASCULINO,SIN DATOS,0,0,Morelia,Francisco J Mujica,febrero,jueves,19,-101.1908469,19.7229382
55698,55840,2026,"20260013664",2026/02/05,19:05:00,COLISIÓN POR CAMBIO DE CARRIL,ASFALTO,Bueno,Bueno,2,V.W.,PLATA,2,,34,MASCULINO,SIN DATOS,0,0,Morelia,Lomas del Tecnologico,febrero,jueves,19,-101.1936751,19.7233883
55699,55841,2026,MOR/20260013702,2026/02/05,20:35:00,COLISIÓN POR ALCANCE,ASFALTO,Bueno,Bueno,2,V.W.,PLATA,2,,34,MASCULINO,SIN DATOS,0,0,Morelia,Los Angeles,febrero,jueves,21,-101.1731167,19.7474635
55700,55843,2026,MOR/20260013848,2026/02/06,"06:30:00",SUBIDA AL CAMELLÓN,ASFALTO,Bueno,Regular,1,DODGE CHRYSLER,GRIS,1,,46,MASCULINO,SIN DATOS,0,0,Morelia,Mariano Michelena,febrero,viernes,7,-101.2300458,19.6769102
55701,55844,2026,MOR/20260013858,2026/02/06,"07:25:00",COLISIÓN POR ALCANCE,ASFALTO,Bueno,Bueno,3,NISSAN,ROJO,3,,17,MASCULINO,SIN DATOS,0,0,Morelia,Villas de La Esperanza,febrero,viernes,7,-101.27563,19.69291
55702,55845,2026,MOR2026001342,2026/02/06,"07:50:00",COLISIÓN CONTRA OBJETO FIJO,ASFALTO,Bueno,Bueno,2,BAJAJ,NEGRO,3,,19,MASCULINO,SIN DATOS,1,0,Morelia,Independencia,febrero,viernes,8,-101.1776792,19.7188467
55703,55847,2026,MOR/20260013977,2026/02/06,15:29:00,COLISIÓN POR CAMBIO DE CARRIL,ASFALTO,Bueno,Regular,2,Gml,Blanco,2,,54,FEMENINO,SIN DATOS,0,0,Morelia,Diego Rivera,febrero,viernes,15,-101.1752365,19.7180344
55704,55848,2026,MOR2025,2026/02/06,16:30:00,COLISIÓN POR CORTE DE CIRCULACIÓN,CONCRETO,Bueno,Bueno,2,MAZDA,GRIS,2,,30,MASCULINO,SIN DATOS,0,0,Morelia,La Aldea,febrero,viernes,17,-101.1340614,19.7359743
55705,55849,2026,MOR/20260014072,2026/02/06,19:25:00,COLISIÓN POR CORTE DE CIRCULACIÓN,ASFALTO,Bueno,Bueno,2,FORD,BCO ROJO,2,,52,MASCULINO,SIN DATOS,0,0,Morelia,Alberto Oviedo Mota,febrero,viernes,19,-101.1960299,19.6817944
55706,55850,2026,MOR/20260014085,2026/02/06,20:18:00,COLISIÓN POR INVASIÓN DE CARRIL,ASFALTO,Bueno,Bueno,2,Mercedes benz,Gris,2,,52,MASCULINO,SIN DATOS,0,0,Morelia,Isaac Arriaga,febrero,viernes,20,-101.1667411,19.7100336
55707,55851,2026,MOR/20260014119,2026/02/06,22:09:00,COLISIÓN CONTRA OBJETO FIJO,CONCRETO,Bueno,Bueno,3,MAZDA,VERDE,2,MINISTERIO PÚBLICO,45,FEMENINO,SIN DATOS,0,0,Morelia,Adolfo Lopez Mateos,febrero,viernes,22,-101.2245215,19.6934571
55708,55853,2026,MOR/20260014235,2026/02/07,"09:00:00",SALIDA DE SUPERFICIE DE RODAMIENTO,ASFALTO,Bueno,Bueno,1,Hyundai,Azul,1,,25,MASCULINO,SIN DATOS,0,0,Morelia,Sentimientos de La Nacion,febrero,sábado,9,-101.2338833,19.6835527
55709,55854,2026,"20260014257",2026/02/07,10:00:00,COLISIÓN POR CORTE DE CIRCULACIÓN,ADOQUIN_EMPEDRADO,Bueno,Bueno,2,MAZDA,GRIS TITANIO,2,,35,FEMENINO,SIN DATOS,0,0,Morelia,Martires de Uruapan,febrero,sábado,10,-101.1987375,19.7256789
55710,55855,2026,MOR/20260014349,2026/02/07,13:30:00,COLISIÓN POR CAMBIO DE CARRIL,ASFALTO,Bueno,Regular,2,NISSAN,BLANCO,2,,53,FEMENINO,SIN DATOS,0,0,Morelia,Cuauhtemoc,febrero,sábado,14,-101.1865447,19.6969094
55711,55856,2026,"20260014381",2026/02/07,15:00:00,COLISIÓN POR CORTE DE CIRCULACIÓN,ASFALTO,Bueno,Bueno,2,FORD,BLANCO,1,,50,MASCULINO,SIN DATOS,0,0,Morelia,La Esperanza,febrero,sábado,15,-101.1539995,19.6988287
55712,55857,2026,MOR/20260014404,2026/02/07,16:00:00,COLISIÓN CONTRA OBJETO FIJO,CONCRETO,Bueno,Bueno,2,FORD,VERDE/BLACO,2,,37,MASCULINO,SIN DATOS,0,0,Morelia,El Lago 2,febrero,sábado,16,-101.2116244,19.7246959
55713,55858,2026,MOR/20260014410,2026/02/07,16:30:00,COLISIÓN POR CAMBIO DE CARRIL,ASFALTO,Bueno,Bueno,2,SEAT,ROJO,2,,25,MASCULINO,SIN DATOS,0,0,Morelia,Lazaro Cardenas,febrero,sábado,17,-101.1649411,19.709626
55714,55859,2026,MOR/20260014436,2026/02/07,17:00:00,COLISIÓN POR CORTE DE CIRCULACIÓN,ASFALTO,Bueno,Bueno,2,Volkswagen,Negro,2,,28,MASCULINO,SIN DATOS,0,0,Morelia,Morelos,febrero,sábado,17,-101.2117892,19.6924702
55715,55860,2026,"20260014415",2026/02/07,18:10:00,COLISIÓN POR CORTE DE CIRCULACIÓN,ASFALTO,Bueno,Bueno,2,Nissan,Gris,2,,38,MASCULINO,SIN DATOS,0,0,Morelia,Nicolaitas Ilustres,febrero,sábado,18,-101.2266422,19.7222259
55716,55861,2026,MOR/20260014531,2026/02/07,20:55:00,COLISIÓN POR ALCANCE,ASFALTO,Bueno,Bueno,2,Volkswagen,Rojo,2,,25,MASCULINO,SIN DATOS,0,0,Morelia,Morelia 450,febrero,sábado,21,-101.21733,19.6758074
55717,55862,2026,MOR/20260014541,2026/02/07,21:00:00,COLISIÓN POR CAMBIO DE CARRIL,ASFALTO,Bueno,Bueno,2,Toyota,Bco/naranja,2,,22,MASCULINO,SIN DATOS,0,0,Morelia,Las Americas,febrero,sábado,21,-101.151703,19.6899939
55718,55864,2026,MOR202600000,2026/02/07,23:25:00,SUBIDA AL CAMELLÓN,ASFALTO,Bueno,Bueno,1,Ford,Verde,1,,40,,SIN DATOS,0,0,Morelia,Jose Ma Pino Suarez,febrero,sábado,23,-101.1643867,19.7259617
55719,55866,2026,MOR/20260014769,2026/02/08,"04:40:00",VOLCADURA,ASFALTO,Bueno,Bueno,1,V.W.,BLANCO,1,,52,MASCULINO,SIN DATOS,0,0,Morelia,Cañada del Bosque,febrero,domingo,5,-101.0977719,19.7288135
55720,55867,2026,MOR202600006567,2026/02/08,"06:10:00",COLISIÓN POR CORTE DE CIRCULACIÓN,ASFALTO,Bueno,Bueno,2,HONDA,GRIS,2,MINISTERIO PÚBLICO,32,,SIN DATOS,0,0,Morelia,Consuelo Alfaro de Vazquez,febrero,domingo,6,-101.1411946,19.7257447
55721,55868,2026,MOR20260014785,2026/02/08,"07:30:00",COLISIÓN POR NO RESPETAR SEMÁFORO,ASFALTO,Bueno,Bueno,2,Mg,Negro,2,,32,MASCULINO,SIN DATOS,0,0,Morelia,Rector Hidalgo,febrero,domingo,8,-101.2242,19.6859
55722,55869,2026,MOR20251,2026/02/08,20:10:00,COLISIÓN POR CORTE DE CIRCULACIÓN,CONCRETO,Bueno,Bueno,2,Chevrolet,Azul,2,,44,MASCULINO,SIN DATOS,0,0,Morelia,Villas del Pedregal,febrero,domingo,20,-101.3072961,19.6708947
55723,55870,2026,MOR/20260015020,2026/02/08,20:15:00,COLISIÓN CONTRA OBJETO FIJO,ASFALTO,Bueno,Regular,2,Vento,Negro/rojo,3,,20,MASCULINO,SIN DATOS,1,0,Morelia,Comision Federal de Electricidad,febrero,domingo,20,-101.175889,19.6868271
55724,55871,2026,MOR/20260015192,2026/02/09,"01:53:00",CAIDA DE MOTOCICLETA,ASFALTO,Bueno,Bueno,1,BAJAJ,NEGRO,1,,26,MASCULINO,SIN DATOS,0,0,Morelia,Sentimientos de La Nacion,febrero,lunes,2,-101.2352935,19.6826174
55725,55872,2026,MOR/20260015243,2026/02/09,"08:20:00",COLISIÓN POR CORTE DE CIRCULACIÓN,ASFALTO,Bueno,Regular,2,FREIGHTLINER,AMARILLO/BCO.,2,,39,MASCULINO,SIN DATOS,0,0,Morelia,Indeco El Vivero,febrero,lunes,8,-101.2297383,19.6772283
55726,55874,2026,MOR/20260015284,2026/02/09,"09:05:00",COLISIÓN POR CORTE DE CIRCULACIÓN,CONCRETO,Bueno,Bueno,2,NISSAN,BLANCO/NARANJA,2,,70,MASCULINO,SIN DATOS,0,0,Morelia,Felix Ireta,febrero,lunes,9,-101.186984,19.6896438
55727,55875,2026,MOR/20260015244,2026/02/09,"09:14:00",COLISIÓN POR ALCANCE,ASFALTO,Bueno,Bueno,2,VENTO,BLANCO,2,MINISTERIO PÚBLICO,20,MASCULINO,SIN DATOS,0,0,Morelia,Tinijaro,febrero,lunes,9,-101.2613879,19.6966967