fid,id_accidente,anio_origen,folio_c5i,dia_incidente,hora_ocurrencia,tipo_incidente_vial,superficie_ocurrencia,condiciones_climaticas,condiciones_via,numero_vehiculos_involucrados,marca_vehiculo_ocasiona_siniestro,color_vehiculo_ocasiona_siniestro,numero_personas_involucradas,lugar_remite_presunto_responsable,edad_presunto_responsable,sexo_presunto_responsable,resultados_toxicologia,numero_personas_lesionadas,numero_personas_fallecidas,municipio,colonia,mes,dia_semana,hora_redondeada,lon,lat
55728,55876,2026,OR20260015271,2026/02/09,11:05:00,COLISIÓN POR ALCANCE,ASFALTO,Bueno,Bueno,3,NISSAN,ROJO,3,,28,MASCULINO,SIN DATOS,0,0,Morelia,Tierra Y Libertad,febrero,lunes,11,-101.2278108,19.7188411
55729,55877,2026,MOR20260009900,2026/02/09,14:55:00,COLISIÓN POR CAMBIO DE CARRIL,ASFALTO,Bueno,Bueno,2,HONDA,GRIS,2,,40,,SIN DATOS,0,0,Morelia,La Quemada,febrero,lunes,15,-101.2431805,19.6863606
55730,55878,2026,MOR/20260015341,2026/02/09,15:35:00,COLISIÓN POR ALCANCE,ASFALTO,Bueno,Bueno,3,DODGE,BLANCO,3,MINISTERIO PÚBLICO,41,FEMENINO,SIN DATOS,0,0,Morelia,Tzindurio de Morelos,febrero,lunes,16,-101.2439862,19.6961042
55731,55879,2026,MOR/20260015410,2026/02/09,19:27:00,COLISIÓN POR INVASIÓN DE CARRIL,CONCRETO,Bueno,Bueno,2,Vento,Gris,2,,18,MASCULINO,SIN DATOS,0,0,Morelia,Santa Maria de Guido,febrero,lunes,19,-101.1909417,19.6740684
55732,55884,2026,MOR20269,2026/02/10,"08:40:00",COLISIÓN POR CORTE DE CIRCULACIÓN,CONCRETO,Bueno,Bueno,2,Ford,Rojo,0,,,,,0,0,Morelia,Villas del Pedregal,febrero,martes,9,-101.3072948,19.6709692
55733,55885,2026,MOR/20260015582,2026/02/10,"08:51:00",COLISIÓN POR INVASIÓN DE CARRIL,ASFALTO,Bueno,Bueno,2,Italika,Plata,2,,27,FEMENINO,SIN DATOS,0,0,Morelia,Lomas de Guayangareo,febrero,martes,9,-101.1575094,19.7022441
55734,55886,2026,MOR20260015609,2026/02/10,"09:50:00",COLISIÓN POR CORTE DE CIRCULACIÓN,ASFALTO,Bueno,Bueno,2,Mercedes benz,Gris,2,,38,MASCULINO,SIN DATOS,0,0,Morelia,Camelinas,febrero,martes,10,-101.172661,19.6858272
55735,55887,2026,MOR/2026001563,2026/02/10,11:20:00,COLISIÓN POR CAMBIO DE CARRIL,ASFALTO,Bueno,Bueno,2,Isuzu,Blanco/naranja,2,,,MASCULINO,SIN DATOS,0,0,Morelia,El Eden,febrero,martes,11,-101.2496658,19.6459531
55736,55888,2026,MOR20268,2026/02/10,13:10:00,COLISIÓN POR ALCANCE,ASFALTO,Bueno,Bueno,3,Ford,Crema,3,,23,MASCULINO,SIN DATOS,0,0,Morelia,Villas del Pedregal,febrero,martes,13,-101.3073196,19.6709628
55737,55889,2026,MOR/20260015703,2026/02/10,13:14:00,COLISIÓN POR ALCANCE,ASFALTO,Bueno,Bueno,2,Volkswagen,Rojo,2,MINISTERIO PÚBLICO,52,MASCULINO,SIN DATOS,0,0,Morelia,Torreon Nuevo,febrero,martes,13,-101.2122783,19.7492319
55738,55890,2026,MOR/20260015684,2026/02/10,14:50:00,SALIDA DE SUPERFICIE DE RODAMIENTO,ASFALTO,Bueno,Bueno,1,Nissan,Rojo,1,,62,MASCULINO,SIN DATOS,0,0,Morelia,Progreso del Sur,febrero,martes,15,-101.1977675,19.6586314
55739,55891,2026,MOR20267321,2026/02/10,15:31:00,COLISIÓN POR CORTE DE CIRCULACIÓN,ASFALTO,Bueno,Bueno,2,Volkswagen,Blanco,2,,,MASCULINO,SIN DATOS,0,0,Morelia,Jardines de Torremolinos,febrero,martes,16,-101.2290683,19.6770883
55740,55892,2026,MOR/20260015751,2026/02/10,15:40:00,COLISIÓN POR CORTE DE CIRCULACIÓN,ASFALTO,Bueno,Bueno,2,Dina,Amarillo,2,,18,MASCULINO,SIN DATOS,0,0,Morelia,Rinconada del Valle,febrero,martes,16,-101.2187671,19.6787378
55741,55893,2026,MOR/20260015729,2026/02/10,15:45:00,COLISIÓN POR INVASIÓN DE CARRIL,ASFALTO,Bueno,Bueno,2,Mazda,Rojo,2,MINISTERIO PÚBLICO,40,MASCULINO,CON CERTIFICADO,0,0,Morelia,Ana Maria Gallaga (Riviera Ii),febrero,martes,16,-101.2255115,19.6756757
55742,55894,2026,MOR/20260015749,2026/02/10,18:00:00,COLISIÓN POR ALCANCE,ASFALTO,Bueno,Regular,2,Honda,Rojo,2,,33,MASCULINO,SIN DATOS,0,0,Morelia,La Calera,febrero,martes,18,-101.233065,19.6775895
55743,55895,2026,MOR20265180,2026/02/10,18:20:00,COLISIÓN POR CORTE DE CIRCULACIÓN,CONCRETO,Bueno,Bueno,2,Italika,Blanco,2,MINISTERIO PÚBLICO,18,FEMENINO,SIN DATOS,0,0,Morelia,Jardines de Torremolinos,febrero,martes,18,-101.2290767,19.677085
55744,55896,2026,MOR/20260015843,2026/02/10,20:53:00,COLISIÓN CONTRA OBJETO FIJO,ASFALTO,Bueno,Bueno,2,Volkswagen,Rojo,1,,48,MASCULINO,SIN DATOS,0,0,Morelia,Mirador del Punhuato,febrero,martes,21,-101.157215,19.7024672
55745,55897,2026,MOR20260015857,2026/02/10,21:40:00,SALIDA DE SUPERFICIE DE RODAMIENTO,ASFALTO,Bueno,Bueno,1,Toyota,Blanco y morado,1,,21,MASCULINO,SIN DATOS,0,0,Morelia,Consuelo Alfaro de Vazquez,febrero,martes,22,-101.1391507,19.727365
55746,55899,2026,MOR/20260015965,2026/02/11,"08:00:00",COLISIÓN POR ALCANCE,ASFALTO,Bueno,Bueno,2,Freightliner,Blanco,2,,35,MASCULINO,SIN DATOS,0,0,Morelia,Centro,febrero,miércoles,8,-101.2001479,19.7010091
55747,55901,2026,MOR/20260016000,2026/02/11,10:20:00,COLISIÓN POR CAMBIO DE CARRIL,ASFALTO,Bueno,Bueno,2,Bmw,Verde/negro,2,,35,MASCULINO,SIN DATOS,0,0,Morelia,Chapultepec Oriente,febrero,miércoles,10,-101.1624772,19.6901242
55748,55902,2026,MOR202616023,2026/02/11,11:53:00,COLISIÓN CONTRA OBJETO FIJO,ASFALTO,Bueno,Bueno,2,Volkswagen,Blanco,2,,18,MASCULINO,SIN DATOS,0,0,Morelia,Mirador del Punhuato,febrero,miércoles,12,-101.1572262,19.7027037
55749,55904,2026,"20260016137",2026/02/11,15:22:00,COLISIÓN POR NO RESPETAR SEMÁFORO,CONCRETO,Bueno,Bueno,2,Volswagen,Gris,2,,72,FEMENINO,SIN DATOS,0,0,Morelia,Nueva Chapultepec,febrero,miércoles,15,-101.1732685,19.6865117
55750,55905,2026,MOR/20260016168,2026/02/11,16:35:00,COLISIÓN POR CORTE DE CIRCULACIÓN,ASFALTO,Bueno,Bueno,2,NISSAN,BCO/ROSA,2,,28,MASCULINO,SIN DATOS,0,0,Morelia,Granjas del Maestro,febrero,miércoles,17,-101.1907877,19.7156857
55751,55906,2026,MOR/20260016220,2026/02/11,18:25:00,COLISIÓN POR INVASIÓN DE CARRIL,CONCRETO,Bueno,Bueno,2,Chevrolet,Gris claro,2,,18,MASCULINO,SIN DATOS,0,0,Morelia,Los Pinos de Michoacan,febrero,miércoles,18,-101.2160839,19.68319
55752,55907,2026,MOR20260000768,2026/02/11,21:39:00,COLISIÓN POR NO RESPETAR SEMÁFORO,ASFALTO,Bueno,Bueno,2,MAZDA,GRIS,2,MINISTERIO PÚBLICO,26,,SIN DATOS,0,0,Morelia,Vista Bella,febrero,miércoles,22,-101.192672,19.6818619
55753,55908,2026,"20260016390",2026/02/12,"02:31:00",COLISIÓN POR CAMBIO DE CARRIL,CONCRETO,Bueno,Bueno,2,Volvo,Cafe,2,,48,MASCULINO,SIN DATOS,0,0,Morelia,Morelos,febrero,jueves,3,-101.183084,19.7286744
55754,55909,2026,MOR20260016433,2026/02/12,"08:15:00",COLISIÓN POR ALCANCE,ASFALTO,Bueno,Bueno,2,Vento,Blanco,2,,36,MASCULINO,SIN DATOS,0,0,Morelia,Leona Vicario,febrero,jueves,8,-101.21154,19.66912
55755,55910,2026,MOR20266531,2026/02/12,"09:35:00",COLISIÓN CONTRA OBJETO FIJO,ASFALTO,Bueno,Bueno,1,Chevrolet,Gris,1,,62,FEMENINO,SIN DATOS,0,0,Morelia,Irrigacion,febrero,jueves,10,-101.2256002,19.7047526
55756,55911,2026,MOR/20260016484,2026/02/12,11:50:00,COLISIÓN POR CAMBIO DE CARRIL,ASFALTO,Bueno,Bueno,2,Toyota,Blanco/gris,2,,25,MASCULINO,SIN DATOS,0,0,Morelia,Morelia 450,febrero,jueves,12,-101.2170371,19.6757971
55757,55912,2026,MOR/20260016488,2026/02/12,11:50:00,COLISIÓN POR CAMBIO DE CARRIL,ASFALTO,Bueno,Bueno,2,Mitsubishi,Blanco,2,MINISTERIO PÚBLICO,41,MASCULINO,SIN DATOS,0,0,Morelia,Josefa Ortiz de Dominguez,febrero,jueves,12,-101.2083794,19.6716867
55758,55913,2026,MOR/20260016490,2026/02/12,14:50:00,COLISIÓN POR ALCANCE,ASFALTO,Bueno,Bueno,2,Nissan,Gris,2,MINISTERIO PÚBLICO,58,MASCULINO,SIN DATOS,0,0,Morelia,Loma de Los Piñones,febrero,jueves,15,-101.2063763,19.6756757
55759,55914,2026,MOR/20260016625,2026/02/12,18:55:00,COLISIÓN POR NO RESPETAR SEMÁFORO,ASFALTO,Bueno,Regular,2,International,Blanco,2,,24,MASCULINO,SIN DATOS,0,0,Morelia,Jardines de Torremolinos,febrero,jueves,19,-101.2273398,19.677482
55760,55915,2026,MOR/20260016641,2026/02/12,19:38:00,COLISIÓN CONTRA OBJETO FIJO,ASFALTO,Bueno,Bueno,2,MAZDA,BLANCO,2,,36,FEMENINO,SIN DATOS,0,0,Morelia,Loma de Los Piñones,febrero,jueves,20,-101.2053067,19.6742229
55761,55916,2026,MOR/2026001,2026/02/12,19:50:00,COLISIÓN POR MANIOBRA DE REVERSA,CONCRETO,Bueno,Bueno,2,NISSAN,PLATA,2,,63,MASCULINO,SIN DATOS,0,0,Morelia,Loma de Los Piñones,febrero,jueves,20,-101.2063763,19.6756757
55762,55918,2026,MOR20260,2026/02/12,20:00:00,COLISIÓN POR CAMBIO DE CARRIL,ASFALTO,Bueno,Bueno,2,ITALIKA,GRIS N/NEGRO,2,MINISTERIO PÚBLICO,,,SIN DATOS,0,0,Morelia,Diego Rivera,febrero,jueves,20,-101.1750619,19.7176194
55763,55919,2026,MOR/20260016778,2026/02/13,"02:30:00",COLISIÓN CONTRA OBJETO FIJO,ASFALTO,Bueno,Regular,4,Mini,Verde,4,MINISTERIO PÚBLICO,48,MASCULINO,ALIENTO ETÍLICO,0,0,Morelia,Felix Ireta,febrero,viernes,3,-101.1814486,19.6828434
55764,55920,2026,MOR20260016836,2026/02/13,"08:00:00",COLISIÓN POR ALCANCE,ASFALTO,Bueno,Bueno,2,FIAT,PLATA,2,,58,FEMENINO,SIN DATOS,0,0,Morelia,Infonavit Cepamisa,febrero,viernes,8,-101.2131946,19.6966368
55765,55921,2026,MOR/20260016822,2026/02/13,"08:10:00",COLISIÓN POR ALCANCE,ASFALTO,Bueno,Bueno,3,TOYOTA,BLANCO,3,MINISTERIO PÚBLICO,31,FEMENINO,SIN DATOS,0,0,Morelia,Felix Ireta,febrero,viernes,8,-101.182005,19.6843957
55766,55922,2026,MOR/20260016853,2026/02/13,"08:30:00",COLISIÓN POR ALCANCE,ASFALTO,Bueno,Bueno,2,NISSAN,NEGRO,2,,45,MASCULINO,SIN DATOS,0,0,Morelia,Santa Maria,febrero,viernes,9,-101.2019125,19.67772
55767,55923,2026,MOR/20260016829,2026/02/13,"08:44:00",CAIDA DE MOTOCICLETA,ASFALTO,Bueno,Bueno,2,Honda,Gris,3,MINISTERIO PÚBLICO,34,MASCULINO,SIN DATOS,1,0,Morelia,Ana Maria Gallaga (Riviera Norte),febrero,viernes,9,-101.2242,19.6772
55768,55925,2026,MOR/20260016849,2026/02/13,"09:20:00",COLISIÓN POR CORTE DE CIRCULACIÓN,CONCRETO,Bueno,Regular,2,CHEVROLET,AZUL,2,,52,FEMENINO,SIN DATOS,0,0,Morelia,Vasco de Quiroga,febrero,viernes,9,-101.174885,19.7005233
55769,55926,2026,MOR20260016823,2026/02/13,"09:20:00",COLISIÓN POR CAMBIO DE CARRIL,ASFALTO,Bueno,Bueno,2,HARLEY DAVIDSON,BLANCO,2,,21,MASCULINO,SIN DATOS,0,0,Morelia,Infonavit Cepamisa,febrero,viernes,9,-101.213238,19.696572
55770,55927,2026,MOR/20260016846,2026/02/13,"09:50:00",COLISIÓN POR CAMBIO DE CARRIL,CONCRETO,Bueno,Bueno,2,CHEVROLET,VERDE,2,,38,FEMENINO,SIN DATOS,0,0,Morelia,Martires de Uruapan,febrero,viernes,10,-101.1988012,19.7256137
55771,55928,2026,MOR/20260016867,2026/02/13,10:34:00,SALIDA DE SUPERFICIE DE RODAMIENTO,ASFALTO,Bueno,Bueno,1,Dodge,Blanco,1,,24,MASCULINO,SIN DATOS,0,0,Morelia,Ana Maria Gallaga (Riviera Norte),febrero,viernes,11,-101.2242,19.6772
55772,55929,2026,MOR20260016892,2026/02/13,11:05:00,COLISIÓN POR CORTE DE CIRCULACIÓN,ASFALTO,Bueno,Bueno,1,HYUNDAI,PLATA,1,,33,FEMENINO,SIN DATOS,0,0,Morelia,Infonavit Cepamisa,febrero,viernes,11,-101.2132092,19.6966132
55773,55930,2026,"20260016896",2026/02/13,12:26:00,COLISIÓN POR CAMBIO DE CARRIL,CONCRETO,Bueno,Bueno,2,MERCEDES BENZ,ROJO,2,,21,MASCULINO,SIN DATOS,0,0,Morelia,Indeco El Vivero,febrero,viernes,12,-101.2300265,19.6773114
55774,55931,2026,MOR/20260016956,2026/02/13,13:55:00,COLISIÓN CONTRA OBJETO FIJO,CONCRETO,Bueno,Bueno,3,HYUNDAI,BLANCO,5,,55,MASCULINO,SIN DATOS,2,0,Morelia,El Lago 2,febrero,viernes,14,-101.2125277,19.7264366
55775,55932,2026,MOR/20260017037,2026/02/13,18:20:00,COLISIÓN POR ALCANCE,ASFALTO,Lluvioso,Malo,2,FIAT,ROJO,2,,20,MASCULINO,SIN DATOS,0,0,Morelia,San Jose Itzicuaro,febrero,viernes,18,-101.3006338,19.6873034
55776,55933,2026,"20260017062",2026/02/13,19:52:00,COLISIÓN POR CORTE DE CIRCULACIÓN,CONCRETO,Bueno,Bueno,2,HONDA,BLANCO,2,,27,MASCULINO,SIN DATOS,0,0,Morelia,La Luz,febrero,viernes,20,-101.2978131,19.6872033
55777,55934,2026,MOR / 20260017082,2026/02/13,20:45:00,COLISIÓN POR ALCANCE,ASFALTO,Nublado,Bueno,2,CHEVROLET,ROJO METALICO,2,,22,MASCULINO,SIN DATOS,0,0,Morelia,Tinijaro,febrero,viernes,21,-101.2648506,19.696564
55778,55935,2026,"20260017130",2026/02/13,22:54:00,COLISIÓN POR ALCANCE,ASFALTO,Bueno,Bueno,3,NISSAN,BLANCO,3,,,,SIN DATOS,0,0,Morelia,La Quemada,febrero,viernes,23,-101.2431805,19.6863606
55779,55936,2026,MOR/20260017312,2026/02/14,10:30:00,COLISIÓN POR ALCANCE,ASFALTO,Bueno,Bueno,2,Nissan,Gris,2,MINISTERIO PÚBLICO,43,FEMENINO,SIN DATOS,0,0,Tarímbaro,Sin datos,febrero,sábado,11,-101.1674363,19.7587466
55780,55937,2026,MOR/20260017367,2026/02/14,12:21:00,COLISIÓN POR CORTE DE CIRCULACIÓN,TERRACERIA,Bueno,Bueno,2,HYUNDAY,BLANCO,2,,34,MASCULINO,SIN DATOS,0,0,Morelia,Indeco El Vivero,febrero,sábado,12,-101.2310997,19.6775614
55781,55938,2026,MOR/20260017381,2026/02/14,12:22:00,COLISIÓN POR CORTE DE CIRCULACIÓN,ASFALTO,Bueno,Bueno,2,DODGE,BLANCO/AZUL,2,,43,MASCULINO,SIN DATOS,0,0,Morelia,Indeco El Vivero,febrero,sábado,12,-101.2314591,19.6779263
55782,55939,2026,MOR/20260017377,2026/02/14,12:26:00,COLISIÓN POR CAMBIO DE CARRIL,ASFALTO,Bueno,Bueno,2,FREIGHTLINER,ROJO,2,,55,MASCULINO,SIN DATOS,0,0,Morelia,Indeco El Vivero,febrero,sábado,12,-101.2317269,19.6778066
55783,55940,2026,MOR/20260017445,2026/02/14,14:20:00,COLISIÓN POR CORTE DE CIRCULACIÓN,ASFALTO,Bueno,Bueno,2,VOLKSWAGEN,AZUL,2,MINISTERIO PÚBLICO,27,FEMENINO,SIN DATOS,0,0,Morelia,Ignacio Zaragoza,febrero,sábado,14,-101.2054627,19.7246594
55784,55941,2026,MOR/202600174,2026/02/14,14:30:00,COLISIÓN POR CORTE DE CIRCULACIÓN,ASFALTO,Bueno,Bueno,2,Vento,Negro/naranja,2,,20,MASCULINO,SIN DATOS,0,0,Morelia,Lomas de Guayangareo,febrero,sábado,15,-101.158091,19.7009459
55785,55942,2026,MOR/20260017457,2026/02/14,15:59:00,COLISIÓN POR CAMBIO DE CARRIL,CONCRETO,Bueno,Bueno,2,FORD,BLANCO Y AZUL,2,,38,MASCULINO,SIN DATOS,0,0,Morelia,La Esperanza,febrero,sábado,16,-101.1554488,19.7004582
55786,55944,2026,MOR/20260017730,2026/02/15,"00:40:00",COLISIÓN POR INVASIÓN DE CARRIL,CONCRETO,Bueno,Bueno,2,Nissan,Azul,2,,31,MASCULINO,SIN DATOS,0,0,Morelia,Primo Tapia,febrero,domingo,1,-101.2124694,19.7095154
55787,55945,2026,MOR/20260017734,2026/02/15,"01:24:00",COLISIÓN CONTRA OBJETO FIJO,CONCRETO,Bueno,Regular,2,Nissan,Blanco,2,,49,MASCULINO,ALIENTO ETÍLICO,0,0,Morelia,Sentimientos de La Nacion,febrero,domingo,1,-101.2355365,19.6829055
55788,55946,2026,"20260017956",2026/02/15,13:00:00,COLISIÓN POR ALCANCE,ASFALTO,Bueno,Bueno,2,Chevrolet,Blanca,2,MINISTERIO PÚBLICO,36,FEMENINO,SIN DATOS,0,0,Morelia,Los Manantiales de Morelia,febrero,domingo,13,-101.2415998,19.7005501
55789,55947,2026,"20260018026",2026/02/15,16:00:00,CAIDA ACUATICA DE VEHÍCULO,CONCRETO,Bueno,Bueno,1,Yyd,Blaco,1,,50,MASCULINO,SIN DATOS,0,0,Morelia,Adolfo Lopez Mateos,febrero,domingo,16,-101.2269422,19.6966029
55790,55948,2026,MOR/20260018152,2026/02/15,20:55:00,CAIDA DE MOTOCICLETA,ASFALTO,Bueno,Bueno,1,Italika,Azul/negro,1,,32,MASCULINO,SIN DATOS,0,0,Morelia,Jardines del Rincon,febrero,domingo,21,-101.1528537,19.6870142
55791,55949,2026,MOR/20260018154,2026/02/15,22:08:00,VOLCADURA,ASFALTO,Bueno,Bueno,1,INTERNACIONAL,BLANCO,1,,47,MASCULINO,SIN DATOS,0,0,Morelia,Xangari,febrero,domingo,22,-101.2215224,19.67217
55792,55950,2026,MOR/20260018259,2026/02/15,23:20:00,VOLCADURA,ASFALTO,Bueno,Bueno,1,FORD,BLANCO,2,MINISTERIO PÚBLICO,,OTRO,SIN DATOS,1,0,Morelia,San Jose del Cerrito,febrero,domingo,23,-101.2199897,19.6597846
55793,55953,2026,MOR/20260018432,2026/02/16,"08:01:00",SALIDA DE SUPERFICIE DE RODAMIENTO,CONCRETO,Bueno,Bueno,1,AUDI,VERDE,0,,,,,0,0,Morelia,La Calera,febrero,lunes,8,-101.2356005,19.6783611
55794,55955,2026,MOR/0260018460,2026/02/16,"09:15:00",COLISIÓN POR ALCANCE,ASFALTO,Bueno,Bueno,2,Volkswagen,Azul,2,,25,MASCULINO,SIN DATOS,0,0,Morelia,El Lago 3,febrero,lunes,9,-101.2202774,19.7272445
55795,55956,2026,MOR/20260018469,2026/02/16,10:32:00,COLISIÓN POR ALCANCE,ASFALTO,Bueno,Regular,2,Toyota,Blanco/naranja,2,,41,MASCULINO,SIN DATOS,0,0,Morelia,Jardines de La Aldea,febrero,lunes,11,-101.137162,19.7349169
55796,55957,2026,MOR/20260018575,2026/02/16,15:03:00,COLISIÓN CONTRA OBJETO FIJO,CONCRETO,Bueno,Bueno,1,FORD,NEGRO,1,,28,MASCULINO,SIN DATOS,0,0,Morelia,Agustin Arriaga Rivera,febrero,lunes,15,-101.2244316,19.6902523
55797,55958,2026,MOR/20260018596,2026/02/16,16:00:00,COLISIÓN POR CORTE DE CIRCULACIÓN,ASFALTO,Bueno,Bueno,2,Nissan,Blanco,2,,29,MASCULINO,SIN DATOS,0,0,Morelia,Justo Mendoza,febrero,lunes,16,-101.2291622,19.7117117
55798,55959,2026,MOR/20260018601,2026/02/16,16:30:00,COLISIÓN POR ALCANCE,ASFALTO,Bueno,Regular,2,Volkswagen,Blanco,2,,24,MASCULINO,SIN DATOS,0,0,Morelia,Ciudad Industrial,febrero,lunes,17,-101.1478997,19.7210076
55799,55960,2026,MOR/20260018641,2026/02/16,17:16:00,COLISIÓN POR CORTE DE CIRCULACIÓN,ASFALTO,Bueno,Bueno,2,Italika,Negro,2,,33,MASCULINO,SIN DATOS,0,0,Morelia,Niño Artillero,febrero,lunes,17,-101.2540557,19.6977192
55800,55962,2026,MOR/20260018664,2026/02/16,18:40:00,COLISIÓN POR CORTE DE CIRCULACIÓN,ASFALTO,Bueno,Bueno,2,Italika,Negro,2,,20,FEMENINO,SIN DATOS,0,0,Morelia,Justo Mendoza,febrero,lunes,19,-101.2291622,19.7117117
55801,55963,2026,MOR/20263,2026/02/16,20:42:00,COLISIÓN CONTRA OBJETO FIJO,CONCRETO,Bueno,Bueno,2,Italika,Negro,2,,21,MASCULINO,SIN DATOS,0,0,Morelia,Buenavista,febrero,lunes,21,-101.1687118,19.7058137
55802,55964,2026,MOR/20260018718,2026/02/16,21:00:00,COLISIÓN POR CAMBIO DE CARRIL,ASFALTO,Bueno,Bueno,2,SEAT,PLATA,2,,23,MASCULINO,SIN DATOS,0,0,Morelia,Sin datos,febrero,lunes,21,-101.2906677,19.6576577
55803,55966,2026,MOR/20260018865,2026/02/17,"08:05:00",COLISIÓN POR CORTE DE CIRCULACIÓN,CONCRETO,Bueno,Bueno,2,ITALIKA,GRIS,3,,27,MASCULINO,SIN DATOS,1,0,Morelia,Villas Valladolid,febrero,martes,8,-101.2188931,19.6958247
55804,55967,2026,MOR202600007373,2026/02/17,11:13:00,VOLCADURA,ASFALTO,Bueno,Bueno,1,Dodge,Azul,1,MINISTERIO PÚBLICO,23,,SIN DATOS,0,0,Morelia,Sin datos,febrero,martes,11,-101.300938,19.589533
55805,55968,2026,MOR/20260018885,2026/02/17,11:43:00,COLISIÓN POR CORTE DE CIRCULACIÓN,CONCRETO,Bueno,Bueno,2,Chevrolet,Plata,2,,38,MASCULINO,SIN DATOS,0,0,Morelia,Los Angeles,febrero,martes,12,-101.1764895,19.7408903
55806,55970,2026,MOR/20260019019,2026/02/17,15:35:00,COLISIÓN POR CORTE DE CIRCULACIÓN,ASFALTO,Bueno,Regular,2,Toyota,Rojo,2,,30,MASCULINO,SIN DATOS,0,0,Morelia,La Calera,febrero,martes,16,-101.2322843,19.677536
55807,55971,2026,MOR/20260019058,2026/02/17,18:10:00,COLISIÓN POR CORTE DE CIRCULACIÓN,ASFALTO,Bueno,Bueno,2,Italika,Azul,2,,18,FEMENINO,SIN DATOS,0,0,Morelia,Martires de Uruapan,febrero,martes,18,-101.1980998,19.7253341
55808,55972,2026,MOR820260018710,2026/02/17,20:30:00,COLISIÓN POR INVASIÓN DE CARRIL,ASFALTO,Bueno,Regular,2,CHEVROLET,BLANCO,2,,74,,ALIENTO ETÍLICO,0,0,Morelia,Sentimientos de La Nacion,febrero,martes,21,-101.236071,19.6831623
55809,55973,2026,MOR/20260019142,2026/02/17,20:35:00,SUBIDA AL CAMELLÓN,ASFALTO,Bueno,Regular,1,Nissan,Blanco,1,,41,MASCULINO,SIN DATOS,0,0,Morelia,Jardines de Torremolinos,febrero,martes,21,-101.2285217,19.6771947
55810,55976,2026,MOR/ 20260019174,2026/02/17,22:00:00,COLISIÓN POR ALCANCE,ASFALTO,Bueno,Bueno,2,Volkswagen,Rojo,2,MINISTERIO PÚBLICO,18,FEMENINO,SIN DATOS,0,0,Morelia,Ejidal Ocolusen,febrero,martes,22,-101.1526719,19.6852158
55811,55977,2026,MMOR/20260018765,2026/02/17,23:30:00,CAIDA DE MOTOCICLETA,ASFALTO,Bueno,Regular,1,Italika,Negro/verde,2,,18,MASCULINO,SIN DATOS,1,0,Morelia,Sentimientos de La Nacion,febrero,martes,0,-101.2356294,19.6826566
55812,55978,2026,"20260019202",2026/02/17,23:33:00,SUBIDA AL CAMELLÓN,ASFALTO,Bueno,Bueno,1,VOLSWAGEN,ROJO,1,,38,MASCULINO,SIN DATOS,0,0,Morelia,Justo Mendoza,febrero,martes,0,-101.229364,19.7147855
55813,55979,2026,MOR/20260019271,2026/02/18,"08:19:00",COLISIÓN POR ALCANCE,ASFALTO,Bueno,Bueno,2,Volkswagen,Plata,2,,25,MASCULINO,SIN DATOS,0,0,Morelia,Martires de Uruapan,febrero,miércoles,8,-101.198829,19.7255968
55814,55981,2026,MOR202680962,2026/02/18,10:30:00,COLISIÓN CONTRA OBJETO FIJO,ASFALTO,Bueno,Bueno,1,Freightliner,Cafe,1,,,MASCULINO,SIN DATOS,0,0,Morelia,Vista Bella,febrero,miércoles,11,-101.1989555,19.6795188
55815,55982,2026,MOR/20260019378,2026/02/18,15:53:00,COLISIÓN CONTRA OBJETO FIJO,CONCRETO,Bueno,Bueno,2,Renault,Blanco,2,,31,FEMENINO,SIN DATOS,0,0,Morelia,Molino de Parras,febrero,miércoles,16,-101.20036,19.6962464
55816,55983,2026,MOR20265412,2026/02/18,16:00:00,COLISIÓN CONTRA OBJETO FIJO,ASFALTO,Bueno,Bueno,1,NISSAN,BLANCO,0,,,,,0,0,Morelia,Rector Hidalgo,febrero,miércoles,16,-101.2242,19.6859
55817,55984,2026,MOR/20260019436,2026/02/18,17:57:00,COLISIÓN POR CAMBIO DE CARRIL,ASFALTO,Bueno,Bueno,2,Hyundai,Negro,2,,32,MASCULINO,SIN DATOS,0,0,Morelia,Adolfo Lopez Mateos,febrero,miércoles,18,-101.2245143,19.693461
55818,55985,2026,MOR/2026009771,2026/02/18,18:06:00,COLISIÓN POR CAMBIO DE CARRIL,ASFALTO,Bueno,Bueno,2,Nissan,Roro,2,,36,MASCULINO,ALIENTO ETÍLICO,0,0,Morelia,Rafael Carrillo,febrero,miércoles,18,-101.2348278,19.7101014
55819,55986,2026,MOR/20260019462,2026/02/18,18:43:00,COLISIÓN POR ALCANCE,ASFALTO,Bueno,Bueno,3,Ford (vehÍculo q huyÓ del lugar),Blanco,3,,18,MASCULINO,SIN DATOS,0,0,Morelia,Chapultepec Oriente,febrero,miércoles,19,-101.1605259,19.6926286
55820,55987,2026,MOR/20260019424,2026/02/18,19:34:00,COLISIÓN POR INVASIÓN DE CARRIL,ASFALTO,Bueno,Bueno,2,Vento,Gris,2,,25,MASCULINO,SIN DATOS,0,0,Morelia,Jesus Romero Flores,febrero,miércoles,20,-101.1787457,19.7342186
55821,55988,2026,MOR/20260019542,2026/02/18,20:24:00,COLISIÓN POR ALCANCE,ASFALTO,Bueno,Bueno,2,Dodge,Azul,2,,26,MASCULINO,SIN DATOS,0,0,Morelia,Centro,febrero,miércoles,20,-101.1914219,19.7029113
55822,55991,2026,MOR/20260019691,2026/02/19,"07:29:00",COLISIÓN POR ALCANCE,ASFALTO,Bueno,Bueno,2,Mazda,Rojo,1,,34,MASCULINO,SIN DATOS,0,0,Morelia,Guadalupe,febrero,jueves,7,-101.2271734,19.7066707