fid,id_accidente,anio_origen,folio_c5i,dia_incidente,hora_ocurrencia,tipo_incidente_vial,superficie_ocurrencia,condiciones_climaticas,condiciones_via,numero_vehiculos_involucrados,marca_vehiculo_ocasiona_siniestro,color_vehiculo_ocasiona_siniestro,numero_personas_involucradas,lugar_remite_presunto_responsable,edad_presunto_responsable,sexo_presunto_responsable,resultados_toxicologia,numero_personas_lesionadas,numero_personas_fallecidas,municipio,colonia,mes,dia_semana,hora_redondeada,lon,lat
55823,55992,2026,MOR/20260019701,2026/02/19,"08:10:00",COLISIÓN CONTRA OBJETO FIJO,ASFALTO,Bueno,Bueno,1,NISSAN,BLANCO,1,MINISTERIO PÚBLICO,,,SIN DATOS,0,0,Morelia,Industrial,febrero,jueves,8,-101.1975152,19.7130538
55824,55994,2026,MOR/20260019710,2026/02/19,"09:20:00",COLISIÓN POR NO RESPETAR SEMÁFORO,ASFALTO,Bueno,Bueno,2,Mazda,Rojo,2,,23,FEMENINO,SIN DATOS,0,0,Morelia,La Pradera,febrero,jueves,9,-101.2172036,19.6793122
55825,55995,2026,MOR20260000011,2026/02/19,"09:30:00",COLISIÓN POR CORTE DE CIRCULACIÓN,ASFALTO,Bueno,Bueno,2,Toyota,Blanco/amarillo,2,,58,MASCULINO,SIN DATOS,0,0,Morelia,Ana Maria Gallaga (Riviera Norte),febrero,jueves,10,-101.2242,19.6772
55826,55996,2026,"20260019744",2026/02/19,11:20:00,COLISIÓN POR CORTE DE CIRCULACIÓN,CONCRETO,Bueno,Bueno,2,Gml,Blanco,2,,52,MASCULINO,SIN DATOS,0,0,Morelia,Felix Ireta,febrero,jueves,11,-101.1868292,19.6896301
55827,55997,2026,MOR/ 20260019764,2026/02/19,11:20:00,COLISIÓN POR MANIOBRA DE REVERSA,CONCRETO,Bueno,Bueno,2,Foton,Blanco,2,,56,MASCULINO,SIN DATOS,0,0,Morelia,Nueva Valladolid,febrero,jueves,11,-101.2122839,19.6983565
55828,55999,2026,MOR/20260019776,2026/02/19,12:10:00,COLISIÓN POR ALCANCE,ASFALTO,Bueno,Bueno,2,Bmw,Blanco,2,,39,MASCULINO,SIN DATOS,0,0,Morelia,La Pradera,febrero,jueves,12,-101.2171918,19.6794004
55829,56000,2026,"2026",2026/02/19,12:30:00,SUBIDA AL CAMELLÓN,ASFALTO,Bueno,Bueno,1,Renault,Blanco,1,,21,MASCULINO,SIN DATOS,0,0,Morelia,Ana Maria Gallaga (Riviera Norte),febrero,jueves,13,-101.2242,19.6772
55830,56001,2026,"20260019818",2026/02/19,13:19:00,COLISIÓN POR CAMBIO DE CARRIL,CONCRETO,Bueno,Bueno,2,DINA,BLANCO,2,,19,MASCULINO,SIN DATOS,0,0,Morelia,La Floresta,febrero,jueves,13,-101.1516851,19.6846582
55831,56002,2026,MOR/20260019817,2026/02/19,13:35:00,COLISIÓN POR CORTE DE CIRCULACIÓN,ASFALTO,Bueno,Bueno,2,Ram,Blanco,2,,26,MASCULINO,SIN DATOS,0,0,Morelia,Los Manantiales de Morelia,febrero,jueves,14,-101.2410645,19.7007466
55832,56003,2026,MOR/202600119820,2026/02/19,14:40:00,COLISIÓN POR CORTE DE CIRCULACIÓN,ASFALTO,Bueno,Bueno,2,Honda,Gris,2,,19,MASCULINO,SIN DATOS,0,0,Morelia,La Pradera,febrero,jueves,15,-101.2171698,19.6793743
55833,56004,2026,MOR20260019858,2026/02/19,14:45:00,COLISIÓN CONTRA OBJETO FIJO,CONCRETO,Bueno,Bueno,2,Ayundai,Cafe,2,,70,FEMENINO,SIN DATOS,0,0,Morelia,Comision Federal de Electricidad,febrero,jueves,15,-101.1810563,19.6816339
55834,56005,2026,MOR.20260019889,2026/02/19,15:30:00,COLISIÓN POR CORTE DE CIRCULACIÓN,ASFALTO,Bueno,Bueno,2,Volkswagen,Rojo,2,,36,MASCULINO,SIN DATOS,0,0,Morelia,Chapultepec Oriente,febrero,jueves,16,-101.1601954,19.689847
55835,56006,2026,"20260019877",2026/02/19,16:14:00,COLISIÓN POR ALCANCE,CONCRETO,Bueno,Bueno,2,Italika,Negro,2,,21,MASCULINO,SIN DATOS,0,0,Morelia,La Floresta,febrero,jueves,16,-101.151655,19.6845744
55836,56007,2026,MOR20260019916,2026/02/19,16:20:00,COLISIÓN POR ALCANCE,ASFALTO,Bueno,Bueno,2,Chevrolet,Rojo,2,,26,,SIN DATOS,0,0,Morelia,Irrigacion,febrero,jueves,16,-101.2254577,19.705955
55837,56008,2026,"20260019967",2026/02/19,18:00:00,COLISIÓN POR CORTE DE CIRCULACIÓN,CONCRETO,Bueno,Bueno,2,VOLSWAGEN,BLANCO,2,,26,MASCULINO,SIN DATOS,0,0,Morelia,Felix Ireta,febrero,jueves,18,-101.1804578,19.6878251
55838,56009,2026,MOR20260019952,2026/02/19,18:02:00,COLISIÓN POR ALCANCE,ASFALTO,Bueno,Bueno,2,NIISAN,GRIS,2,,36,FEMENINO,SIN DATOS,0,0,Morelia,Prados del Campestre,febrero,jueves,18,-101.1666947,19.6830409
55839,56010,2026,MOR/20260020,2026/02/19,20:50:00,COLISIÓN POR CORTE DE CIRCULACIÓN,ASFALTO,Bueno,Bueno,2,NISSAN,BCO/CAFE,2,,66,MASCULINO,SIN DATOS,0,0,Morelia,Jose Maria Cabrera,febrero,jueves,21,-101.2247006,19.7252187
55840,56011,2026,MOR/20260020049,2026/02/19,22:25:00,COLISIÓN POR MANIOBRA DE REVERSA,ASFALTO,Bueno,Bueno,2,VOLKSWAGEN,BLANCO,2,,45,MASCULINO,SIN DATOS,0,0,Morelia,Granjas del Maestro,febrero,jueves,22,-101.1950296,19.7174883
55841,56012,2026,MOR20260020142,2026/02/20,"01:55:00",CAIDA DE MOTOCICLETA,ASFALTO,Bueno,Bueno,1,Italika,Negro,1,,24,MASCULINO,SIN DATOS,0,0,Morelia,Nueva Valladolid,febrero,viernes,2,-101.2112663,19.701942
55842,56013,2026,MOR/20260020166,2026/02/20,"05:30:00",COLISIÓN POR CAMBIO DE CARRIL,ASFALTO,Bueno,Bueno,2,NISSAN,AZUL,2,,34,MASCULINO,SIN DATOS,0,0,Morelia,Ciudad Industrial,febrero,viernes,6,-101.148264,19.7208227
55843,56014,2026,MOR202678949,2026/02/20,"07:50:00",COLISIÓN POR INVASIÓN DE CARRIL,CONCRETO,Bueno,Bueno,2,FORD,VERDE,2,,,FEMENINO,SIN DATOS,0,0,Morelia,Martires de Uruapan,febrero,viernes,8,-101.1985676,19.725413
55844,56015,2026,MOR/2026002018,2026/02/20,"08:00:00",COLISIÓN POR CAMBIO DE CARRIL,ASFALTO,Bueno,Regular,2,Chevrolet,Blanco,2,,42,MASCULINO,SIN DATOS,0,0,Morelia,Sentimientos de La Nacion,febrero,viernes,8,-101.2362641,19.6848747
55845,56016,2026,MOR/20260020250,2026/02/20,10:30:00,COLISIÓN POR INVASIÓN DE CARRIL,ASFALTO,Bueno,Regular,2,Vento,Negro/rojo,2,,25,MASCULINO,SIN DATOS,0,0,Morelia,Sentimientos de La Nacion,febrero,viernes,11,-101.2361944,19.6848711
55846,56017,2026,MOR/20260020255,2026/02/20,11:45:00,COLISIÓN CONTRA OBJETO FIJO,ASFALTO,Bueno,Bueno,2,CHEVROLET,GRIS,2,,26,MASCULINO,SIN DATOS,0,0,Morelia,Lomas del Valle,febrero,viernes,12,-101.2323033,19.6863204
55847,56018,2026,MOR/20260020270,2026/02/20,12:41:00,COLISIÓN POR CORTE DE CIRCULACIÓN,CONCRETO,Bueno,Bueno,2,NISSAN,BLANCO/ROJO,3,MINISTERIO PÚBLICO,41,MASCULINO,SIN DATOS,1,0,Morelia,San Rafael,febrero,viernes,13,-101.1552623,19.700998
55848,56019,2026,MOR/20260020318,2026/02/20,14:35:00,COLISIÓN POR CORTE DE CIRCULACIÓN,CONCRETO,Bueno,Bueno,3,DODGE,BLANCO,2,,26,MASCULINO,SIN DATOS,0,0,Morelia,Ilustres Novohispanos,febrero,viernes,15,-101.1526039,19.7117117
55849,56020,2026,MOR/20260020412,2026/02/20,19:25:00,COLISIÓN POR ALCANCE,ASFALTO,Bueno,Bueno,3,BMW,NEGRO,3,,45,FEMENINO,SIN DATOS,0,0,Morelia,Las Americas,febrero,viernes,19,-101.1545766,19.688012
55850,56021,2026,MOR/20260020425,2026/02/20,19:35:00,COLISIÓN POR CAMBIO DE CARRIL,ASFALTO,Bueno,Regular,2,DODGE,BLANCO,2,,20,MASCULINO,SIN DATOS,0,0,Morelia,Ilustres Novohispanos,febrero,viernes,20,-101.1526039,19.7117117
55851,56022,2026,MOR/20260020447,2026/02/20,19:46:00,COLISIÓN POR CAMBIO DE CARRIL,ASFALTO,Bueno,Bueno,2,JEEP,GRANITO,2,,20,MASCULINO,SIN DATOS,0,0,Morelia,Lomas de Las Americas Norte,febrero,viernes,20,-101.1486831,19.6948925
55852,56023,2026,MOR/20260020506,2026/02/20,21:40:00,COLISIÓN POR CORTE DE CIRCULACIÓN,ASFALTO,Bueno,Bueno,2,VOLKSWAGEN,NEGRO,2,,21,FEMENINO,SIN DATOS,0,0,Morelia,Chapultepec Oriente,febrero,viernes,22,-101.1603507,19.6936937
55853,56024,2026,MOR/20260020484,2026/02/20,21:40:00,COLISIÓN POR ALCANCE,ASFALTO,Bueno,Regular,2,Chevrolet,Blanco,2,,27,MASCULINO,SIN DATOS,0,0,Morelia,Justo Mendoza,febrero,viernes,22,-101.229124,19.7144103
55854,56025,2026,MOR/20260020532,2026/02/20,23:27:00,SALIDA DE SUPERFICIE DE RODAMIENTO,ASFALTO,Bueno,Bueno,1,AUDI,BLANCO,1,,,,SIN DATOS,0,0,Charo,San Bartolo,febrero,viernes,23,-101.0448964,19.7527093
55855,56026,2026,MOR/20260020592,2026/02/21,"03:00:00",CAIDA DE MOTOCICLETA,CONCRETO,Bueno,Bueno,1,ITALIKA,BLANCO,1,,23,MASCULINO,SIN DATOS,0,0,Morelia,Ferrocarrilero,febrero,sábado,3,-101.2213294,19.6938797
55856,56027,2026,MOR/2026002040,2026/02/21,"08:20:00",COLISIÓN POR CORTE DE CIRCULACIÓN,ASFALTO,Bueno,Bueno,2,ITALIKA,NEGRO,1,,38,MASCULINO,SIN DATOS,0,0,Morelia,Felicitas del Rio,febrero,sábado,8,-101.2029506,19.6947565
55857,56028,2026,MOR/20260020657,2026/02/21,"09:35:00",COLISIÓN POR ALCANCE,ASFALTO,Bueno,Bueno,2,GIANT MOTORS (JAC),BLANCO,2,,48,MASCULINO,SIN DATOS,0,0,Tarímbaro,El Trebol,febrero,sábado,10,-101.1516475,19.769696
55858,56029,2026,MOR/202601O930,2026/02/21,11:05:00,COLISIÓN POR CAMBIO DE CARRIL,ASFALTO,Bueno,Bueno,2,CHEVROLET,BLANCO,2,,50,MASCULINO,SIN DATOS,0,0,Morelia,Nicolaitas Ilustres,febrero,sábado,11,-101.2281199,19.7200275
55859,56030,2026,MOR202260020700,2026/02/21,12:11:00,COLISIÓN CONTRA OBJETO FIJO,CONCRETO,Bueno,Bueno,1,FREIGHTLINER,BLANCO,1,,21,MASCULINO,SIN DATOS,0,0,Morelia,Adolfo Lopez Mateos,febrero,sábado,12,-101.2300835,19.7033707
55860,56031,2026,MOR/20260020706,2026/02/21,12:35:00,COLISIÓN CONTRA OBJETO FIJO,ASFALTO,Bueno,Bueno,1,FORD,BLANCO,1,,82,MASCULINO,SIN DATOS,0,0,Morelia,Morelos,febrero,sábado,13,-101.17907,19.727283
55861,56032,2026,MOR/20260001,2026/02/21,13:13:00,COLISIÓN POR CORTE DE CIRCULACIÓN,ASFALTO,Bueno,Bueno,2,MAZDA,PLATA,2,,53,FEMENINO,SIN DATOS,0,0,Morelia,Vasco de Quiroga,febrero,sábado,13,-101.1723609,19.7059029
55862,56033,2026,MOR20260002,2026/02/21,13:52:00,COLISIÓN POR CORTE DE CIRCULACIÓN,CONCRETO,Bueno,Bueno,2,TOYOTA,BLANCO Y ROSA,3,MINISTERIO PÚBLICO,39,MASCULINO,SIN DATOS,1,0,Morelia,Gustavo Diaz Ordaz,febrero,sábado,14,-101.2063878,19.6929912
55863,56034,2026,MOR/20260020714,2026/02/21,14:40:00,COLISIÓN POR ALCANCE,ASFALTO,Bueno,Bueno,2,MAZDA,GUINDA,2,,40,MASCULINO,SIN DATOS,0,0,Morelia,Alberto Oviedo Mota,febrero,sábado,15,-101.2021627,19.676761
55864,56035,2026,MOR/20260020796,2026/02/21,16:10:00,COLISIÓN POR INVASIÓN DE CARRIL,ASFALTO,Bueno,Bueno,2,Ford,Negro,2,,23,MASCULINO,SIN DATOS,0,0,Morelia,Juarez,febrero,sábado,16,-101.1971299,19.6928441
55865,56036,2026,"20260020820",2026/02/21,17:30:00,COLISIÓN POR CAMBIO DE CARRIL,CONCRETO,Bueno,Bueno,2,DODGE,BLANCO Y AZUL,2,,42,MASCULINO,SIN DATOS,0,0,Morelia,Mariano Michelena,febrero,sábado,18,-101.2318112,19.6773952
55866,56037,2026,MOR20260020822,2026/02/21,18:33:00,COLISIÓN POR CAMBIO DE CARRIL,ASFALTO,Bueno,Bueno,2,Chevrolet,Blanco,2,MINISTERIO PÚBLICO,28,MASCULINO,SIN DATOS,0,0,Morelia,Gertrudis Bocanegra,febrero,sábado,19,-101.212598,19.7019919
55867,56038,2026,MOR/20260020843,2026/02/21,18:42:00,COLISIÓN POR INVASIÓN DE CARRIL,ASFALTO,Bueno,Bueno,2,Honda,Beige,2,,80,MASCULINO,SIN DATOS,0,0,Morelia,Sin datos,febrero,sábado,19,-101.1211741,19.7350627
55868,56039,2026,MOR/20260020875,2026/02/21,19:20:00,COLISIÓN CONTRA OBJETO FIJO,CONCRETO,Bueno,Bueno,2,Volkswagen,Rojo,2,MINISTERIO PÚBLICO,18,MASCULINO,SIN DATOS,0,0,Morelia,Lomas de Huerta,febrero,sábado,19,-101.2113458,19.6729699
55869,56040,2026,MOR/202060000,2026/02/21,21:25:00,COLISIÓN CONTRA OBJETO FIJO,ASFALTO,Bueno,Bueno,4,Nissan,Rojo,4,,36,MASCULINO,SIN DATOS,0,0,Morelia,Centro,febrero,sábado,21,-101.2012569,19.7012588
55870,56041,2026,MOR2026OO425,2026/02/21,21:30:00,COLISIÓN POR CAMBIO DE CARRIL,CONCRETO,Bueno,Bueno,2,Chevorolet,Blanco,2,,28,MASCULINO,ALIENTO ETÍLICO,0,0,Morelia,San Jose del Cerrito,febrero,sábado,22,-101.227723,19.6641232
55871,56042,2026,MOR20260023456,2026/02/21,21:37:00,COLISIÓN POR CORTE DE CIRCULACIÓN,ASFALTO,Bueno,Bueno,2,Volkswagen,Negro,2,,31,MASCULINO,SIN DATOS,0,0,Morelia,Tenencia Morelos,febrero,sábado,22,-101.2491653,19.645951
55872,56043,2026,MOR202600345678,2026/02/21,21:38:00,COLISIÓN POR ALCANCE,ASFALTO,Bueno,Bueno,2,Volkswagen,Gris,2,,41,MASCULINO,SIN DATOS,0,0,Morelia,Tenencia Morelos,febrero,sábado,22,-101.2494602,19.6460067
55873,56044,2026,MOR/202609188×,2026/02/22,"01:20:00",COLISIÓN POR CORTE DE CIRCULACIÓN,ASFALTO,Bueno,Bueno,2,Nissan,Blanco,3,MINISTERIO PÚBLICO,18,MASCULINO,SIN DATOS,0,1,Morelia,Independencia,febrero,domingo,1,-101.1761796,19.7055496
55874,56046,2026,MOR/20260021310,2026/02/22,13:03:00,VOLCADURA,ASFALTO,Bueno,Bueno,1,Ford,Blanco,1,,36,FEMENINO,SIN DATOS,0,0,Morelia,Sin datos,febrero,domingo,13,-101.2046488,19.6456469
55875,56047,2026,MOR/20260021334,2026/02/22,13:30:00,CAIDA DE MOTOCICLETA,ASFALTO,Bueno,Bueno,1,Vento,Amarilo,1,,49,MASCULINO,SIN DATOS,0,0,Morelia,Martires de Uruapan,febrero,domingo,14,-101.1980249,19.7278706
55876,56048,2026,MOR/20260021375,2026/02/22,14:43:00,COLISIÓN POR ALCANCE,ASFALTO,Bueno,Bueno,2,Nissan,Negro,2,,18,MASCULINO,SIN DATOS,0,0,Morelia,Vicente Guerrero,febrero,domingo,15,-101.2292868,19.7035725
55877,56049,2026,MOR/20260021411,2026/02/22,16:21:00,COLISIÓN POR INVASIÓN DE CARRIL,CONCRETO,Bueno,Bueno,2,Toyota,Azul y blanco,2,,29,MASCULINO,SIN DATOS,0,0,Morelia,Villas Oriente,febrero,domingo,16,-101.1414608,19.7549017
55878,56050,2026,MOR/20260021444,2026/02/22,17:28:00,COLISIÓN POR CORTE DE CIRCULACIÓN,ASFALTO,Bueno,Bueno,2,VOLKSWAGEN,ROJO,2,MINISTERIO PÚBLICO,59,MASCULINO,SIN DATOS,0,0,Morelia,Ciudad Industrial,febrero,domingo,17,-101.1410874,19.7264563
55879,56051,2026,MOR/20260021457,2026/02/22,17:48:00,COLISIÓN POR INVASIÓN DE CARRIL,CONCRETO,Bueno,Bueno,2,Chevrolet,Blanco,2,,39,MASCULINO,SIN DATOS,0,0,Morelia,Puerta Blanca,febrero,domingo,18,-101.1975802,19.6615347
55880,56052,2026,MOR/202600221456,2026/02/22,18:00:00,COLISIÓN POR CORTE DE CIRCULACIÓN,ASFALTO,Bueno,Regular,2,Vento,Gris,2,,28,MASCULINO,SIN DATOS,0,0,Morelia,San Pascual,febrero,domingo,18,-101.2694804,19.694978
55881,56053,2026,MOR202639862,2026/02/22,20:24:00,COLISIÓN POR NO RESPETAR SEMÁFORO,ASFALTO,Bueno,Bueno,2,Chevrolet,Negro,2,MINISTERIO PÚBLICO,,FEMENINO,SIN DATOS,0,0,Morelia,Vasco de Quiroga,febrero,domingo,20,-101.1779117,19.6993567
55882,56055,2026,MOR/20260021763,2026/02/23,18:10:00,COLISIÓN POR ALCANCE,ASFALTO,Bueno,Bueno,2,Bajjaj,Azul,2,,30,MASCULINO,SIN DATOS,0,0,Morelia,Granjas Unidas de Morelia,febrero,lunes,18,-101.2790923,19.6913383
55883,56056,2026,MOR/20260021826,2026/02/23,19:48:00,COLISIÓN POR ALCANCE,ASFALTO,Bueno,Bueno,2,Volkswagen,Beige,2,,55,MASCULINO,SIN DATOS,0,0,Morelia,Jardines de Torremolinos,febrero,lunes,20,-101.2274668,19.6767714
55884,56057,2026,MOR/ 2026OO21905,2026/02/23,21:45:00,COLISIÓN POR ALCANCE,ASFALTO,Bueno,Bueno,2,Volkswagen,Negro,2,MINISTERIO PÚBLICO,20,FEMENINO,SIN DATOS,0,0,Morelia,Indeco Santiaguito,febrero,lunes,22,-101.1789697,19.7205573
55885,56058,2026,MOR/20260022015,2026/02/24,"09:00:00",CAIDA DE MOTOCICLETA,ASFALTO,Bueno,Bueno,1,Yadea,Gris,1,,38,MASCULINO,SIN DATOS,0,0,Morelia,Jacarandas,febrero,martes,9,-101.2112496,19.7095051
55886,56059,2026,MOR/2026002108,2026/02/24,"09:08:00",COLISIÓN POR ALCANCE,ASFALTO,Bueno,Bueno,2,Volkswagen,Blanco,2,,27,FEMENINO,SIN DATOS,0,0,Morelia,Tlalpujahua,febrero,martes,9,-101.2175756,19.6757609
55887,56060,2026,MOR/20260022026,2026/02/24,"09:57:00",COLISIÓN POR CORTE DE CIRCULACIÓN,ASFALTO,Bueno,Bueno,2,Nissan,Rojo,2,,36,MASCULINO,SIN DATOS,0,0,Morelia,Chapultepec Sur,febrero,martes,10,-101.1699521,19.6899486
55888,56061,2026,"20260022040",2026/02/24,10:20:00,COLISIÓN POR ALCANCE,SIN_DATOS,Bueno,Regular,2,Volkswagen,Blanco,2,MINISTERIO PÚBLICO,24,MASCULINO,SIN DATOS,0,0,Morelia,Los Manantiales de Morelia,febrero,martes,10,-101.2404532,19.6929698
55889,56062,2026,MOR/20260022045,2026/02/24,11:05:00,COLISIÓN POR ALCANCE,ASFALTO,Bueno,Bueno,2,Chevrolet,Blanco,2,,36,MASCULINO,SIN DATOS,0,0,Morelia,Lomas de Santa Maria,febrero,martes,11,-101.187241,19.6756757
55890,56063,2026,MOR/20260022061,2026/02/24,13:08:00,COLISIÓN POR ALCANCE,CONCRETO,Bueno,Bueno,2,Vento,Gris,2,,73,MASCULINO,SIN DATOS,0,0,Morelia,Vasco de Quiroga,febrero,martes,13,-101.1768817,19.6983367
55891,56064,2026,MOR/20260022078,2026/02/24,13:22:00,COLISIÓN POR CORTE DE CIRCULACIÓN,CONCRETO,Bueno,Bueno,2,Kia,Gris,2,,18,FEMENINO,SIN DATOS,0,0,Morelia,Vasco de Quiroga,febrero,martes,13,-101.1751056,19.6981231
55892,56065,2026,MOR/20260022099,2026/02/24,13:48:00,COLISIÓN POR INVASIÓN DE CARRIL,ASFALTO,Bueno,Bueno,2,Chevrolet,Blanco,2,MINISTERIO PÚBLICO,77,MASCULINO,SIN DATOS,0,0,Morelia,Tzindurio de Morelos,febrero,martes,14,-101.2499127,19.6985439
55893,56067,2026,MOR/20260022140,2026/02/24,15:15:00,COLISIÓN POR CAMBIO DE CARRIL,ASFALTO,Bueno,Bueno,2,Internacional,Blanco,2,,42,MASCULINO,SIN DATOS,0,0,Morelia,Felix Ireta,febrero,martes,15,-101.1914625,19.6824279
55894,56068,2026,MOR/20260022130,2026/02/24,15:40:00,COLISIÓN POR ALCANCE,ASFALTO,Bueno,Bueno,2,Suzuki,Negra,2,,69,MASCULINO,SIN DATOS,0,0,Morelia,Ciudad Industrial,febrero,martes,16,-101.1474025,19.7215366
55895,56069,2026,MOR/20260022156,2026/02/24,16:27:00,COLISIÓN POR CAMBIO DE CARRIL,CONCRETO,Bueno,Bueno,2,Toyota,Gris,2,,39,MASCULINO,SIN DATOS,0,0,Morelia,Vista Bella,febrero,martes,16,-101.1946653,19.6817339
55896,56070,2026,MOR/20260022212,2026/02/24,19:10:00,COLISIÓN POR ALCANCE,ASFALTO,Bueno,Bueno,2,Kia,Cafe,2,,34,FEMENINO,SIN DATOS,0,0,Morelia,Industrial,febrero,martes,19,-101.1883328,19.710898
55897,56071,2026,MOR/20260022193,2026/02/24,22:26:00,COLISIÓN CONTRA OBJETO FIJO,ASFALTO,Bueno,Bueno,1,Ford,Negro,1,,18,MASCULINO,SIN DATOS,0,0,Charo,Sin datos,febrero,martes,22,-101.0797129,19.6866469
55898,56072,2026,MOR/20260022289,2026/02/24,22:40:00,COLISIÓN POR CORTE DE CIRCULACIÓN,ASFALTO,Bueno,Bueno,2,Nissan,Gris,2,,70,MASCULINO,SIN DATOS,0,0,Morelia,Chapultepec Norte,febrero,martes,23,-101.1789626,19.6948263
55899,56073,2026,MOR/20260022383,2026/02/25,"08:20:00",COLISIÓN POR CAMBIO DE CARRIL,ASFALTO,Bueno,Bueno,2,Toyota,Blanco,2,,32,MASCULINO,SIN DATOS,0,0,Morelia,Villa Universidad,febrero,miércoles,8,-101.1970558,19.6875204
55900,56074,2026,MOR/20260022379,2026/02/25,"08:25:00",COLISIÓN POR CORTE DE CIRCULACIÓN,ASFALTO,Bueno,Bueno,2,Specialized,Negro,2,,42,MASCULINO,SIN DATOS,0,0,Morelia,Prados Verdes,febrero,miércoles,8,-101.2032261,19.714861
55901,56075,2026,MOR/20260838189,2026/02/25,"08:35:00",COLISIÓN CONTRA OBJETO FIJO,ASFALTO,Bueno,Bueno,2,Navistar,Amrillo con guinda,2,,50,MASCULINO,SIN DATOS,0,0,Morelia,Cuauhtemoc,febrero,miércoles,9,-101.1821868,19.6968066
55902,56076,2026,MOR/20260022384,2026/02/25,"08:35:00",COLISIÓN POR CORTE DE CIRCULACIÓN,CONCRETO,Bueno,Bueno,2,Toyota,Blanco,2,,32,MASCULINO,SIN DATOS,0,0,Morelia,Villa Universidad,febrero,miércoles,9,-101.1970615,19.6875626
55903,56077,2026,MOR/20260022389,2026/02/25,"09:20:00",COLISIÓN POR ALCANCE,ASFALTO,Bueno,Bueno,2,Nissan,Blanco,2,,26,MASCULINO,SIN DATOS,0,0,Morelia,Isaac Arriaga,febrero,miércoles,9,-101.1687877,19.7125214
55904,56078,2026,MOR/20260022444,2026/02/25,12:25:00,COLISIÓN POR CORTE DE CIRCULACIÓN,ASFALTO,Bueno,Bueno,2,SUZUKI,NEGRO AZUL,3,MINISTERIO PÚBLICO,16,MASCULINO,SIN DATOS,1,0,Morelia,Independencia,febrero,miércoles,12,-101.1787168,19.7124222
55905,56079,2026,MOR/20260022465,2026/02/25,13:00:00,COLISIÓN POR ALCANCE,CONCRETO,Bueno,Bueno,2,Volkswagen,Rojo,2,,32,FEMENINO,SIN DATOS,0,0,Morelia,Vasco de Quiroga,febrero,miércoles,13,-101.1777381,19.7020549
55906,56080,2026,MOR/ 20260022513,2026/02/25,15:10:00,COLISIÓN POR CAMBIO DE CARRIL,ASFALTO,Bueno,Bueno,2,Toyota,Arena,2,MINISTERIO PÚBLICO,28,MASCULINO,SIN DATOS,0,0,Morelia,Felix Ireta,febrero,miércoles,15,-101.1908322,19.6832901
55907,56081,2026,MOR20260022520,2026/02/25,15:35:00,COLISIÓN POR ALCANCE,ASFALTO,Bueno,Bueno,2,Volkswagen,Blanco con rojo,2,,40,,SIN DATOS,0,0,Morelia,Felix Ireta,febrero,miércoles,16,-101.195357,19.6829636
55908,56082,2026,MOR/20260022536,2026/02/25,16:20:00,COLISIÓN POR CAMBIO DE CARRIL,ASFALTO,Bueno,Bueno,2,Y no,Blanco,2,,27,MASCULINO,SIN DATOS,0,0,Morelia,Indeco El Vivero,febrero,miércoles,16,-101.2299556,19.6774095
55909,56083,2026,MOR202600000112,2026/02/25,18:50:00,COLISIÓN POR CORTE DE CIRCULACIÓN,ASFALTO,Bueno,Bueno,2,Nissan,Blanco/guinda,2,,47,MASCULINO,SIN DATOS,0,0,Morelia,Industrial,febrero,miércoles,19,-101.1977262,19.7132284
55910,56084,2026,MOR/20260022608,2026/02/25,18:55:00,COLISIÓN POR ALCANCE,ASFALTO,Bueno,Bueno,2,Toyota,Negro,2,,46,MASCULINO,SIN DATOS,0,0,Morelia,Chapultepec Sur,febrero,miércoles,19,-101.1763443,19.6923912
55911,56085,2026,MOR/20260022638,2026/02/25,20:20:00,COLISIÓN POR CAMBIO DE CARRIL,ASFALTO,Bueno,Bueno,2,Kenworth,Azul,2,,42,MASCULINO,SIN DATOS,0,0,Morelia,Santiaguito,febrero,miércoles,20,-101.1887721,19.717898
55912,56086,2026,MOR/20260022729,2026/02/26,"05:45:00",COLISIÓN POR CORTE DE CIRCULACIÓN,ASFALTO,Bueno,Bueno,2,Volkswagen,Amda,2,,46,FEMENINO,SIN DATOS,0,0,Morelia,Tzindurio de Morelos,febrero,jueves,6,-101.246517,19.6993554
55913,56087,2026,MOR/20260022750,2026/02/26,"07:00:00",COLISIÓN POR ALCANCE,ASFALTO,Bueno,Regular,2,Dodge,Azul,2,,54,MASCULINO,SIN DATOS,0,0,Morelia,Las Americas,febrero,jueves,7,-101.1535884,19.6874681
55914,56088,2026,MOR/20260022733,2026/02/26,"08:25:00",COLISIÓN POR ALCANCE,ASFALTO,Bueno,Bueno,2,Italika,Blanco/azul,2,,19,FEMENINO,SIN DATOS,0,0,Morelia,Bosques de Oriente,febrero,jueves,8,-101.1534943,19.717224
55915,56089,2026,MOR2026012378,2026/02/26,"09:21:00",VOLCADURA,ASFALTO,Bueno,Bueno,2,Chevrolet,Blanco,2,MINISTERIO PÚBLICO,,MASCULINO,SIN DATOS,0,0,Morelia,Josefa Ortiz de Dominguez,febrero,jueves,9,-101.2127641,19.6721565
55916,56090,2026,MOR/20260022771,2026/02/26,"09:40:00",COLISIÓN POR CAMBIO DE CARRIL,CONCRETO,Bueno,Bueno,2,Chevrolet,Blanco,2,,25,MASCULINO,SIN DATOS,0,0,Morelia,Elias Perez Avalos,febrero,jueves,10,-101.1663076,19.7110519