fid,id_accidente,anio_origen,folio_c5i,dia_incidente,hora_ocurrencia,tipo_incidente_vial,superficie_ocurrencia,condiciones_climaticas,condiciones_via,numero_vehiculos_involucrados,marca_vehiculo_ocasiona_siniestro,color_vehiculo_ocasiona_siniestro,numero_personas_involucradas,lugar_remite_presunto_responsable,edad_presunto_responsable,sexo_presunto_responsable,resultados_toxicologia,numero_personas_lesionadas,numero_personas_fallecidas,municipio,colonia,mes,dia_semana,hora_redondeada,lon,lat
55917,56091,2026,MOR/20260022774,2026/02/26,"09:50:00",COLISIÓN POR ALCANCE,ASFALTO,Bueno,Bueno,2,Chevrolet,Blanco,2,MINISTERIO PÚBLICO,25,MASCULINO,SIN DATOS,0,0,Morelia,Jorge Obispo,febrero,jueves,10,-101.240574,19.7297297
55918,56092,2026,MOR/20260022860,2026/02/26,14:21:00,SALIDA DE SUPERFICIE DE RODAMIENTO,CONCRETO,Bueno,Bueno,1,Nissan,Rojo,0,,,,,0,0,Morelia,Lomas del Durazno,febrero,jueves,14,-101.1945702,19.6637224
55919,56093,2026,MOR/20260022877,2026/02/26,15:10:00,COLISIÓN CON PEATÓN,CONCRETO,Bueno,Regular,1,Marck,Blanco,2,,45,MASCULINO,SIN DATOS,1,0,Morelia,Punta Monarca(Punta Altozano),febrero,jueves,15,-101.1691992,19.652788
55920,56094,2026,MOR/20261705,2026/02/26,15:23:00,COLISIÓN POR CORTE DE CIRCULACIÓN,ASFALTO,Bueno,Bueno,2,VENTO,BLANCO,2,MINISTERIO PÚBLICO,25,MASCULINO,SIN DATOS,0,0,Morelia,Ciudad Industrial,febrero,jueves,15,-101.141056,19.7267892
55921,56095,2026,MOR20264170,2026/02/26,20:23:00,COLISIÓN POR INVASIÓN DE CARRIL,ASFALTO,Bueno,Bueno,2,NISSAN,MORADA CON BLANCO,2,,,MASCULINO,SIN DATOS,0,0,Morelia,La Huerta,febrero,jueves,20,-101.2176056,19.6726534
55922,56096,2026,MOR/20260023076,2026/02/27,"00:50:00",COLISIÓN CONTRA OBJETO FIJO,ASFALTO,Bueno,Bueno,1,HONDA,PLATA,1,,59,MASCULINO,SIN DATOS,0,0,Morelia,Chapultepec Oriente,febrero,viernes,1,-101.1594238,19.6900486
55923,56097,2026,"20260023126",2026/02/27,"08:50:00",COLISIÓN POR CORTE DE CIRCULACIÓN,CONCRETO,Bueno,Bueno,2,NISSAN,ROBO BURDEOS,2,,38,MASCULINO,SIN DATOS,0,0,Morelia,Villa Universidad,febrero,viernes,9,-101.1998994,19.6848788
55924,56098,2026,MOR20260023196,2026/02/27,12:51:00,COLISIÓN POR ALCANCE,ASFALTO,Bueno,Bueno,2,HYUNDAI,GRIS,2,,34,,SIN DATOS,0,0,Morelia,Martires de Uruapan,febrero,viernes,13,-101.1988528,19.7255983
55925,56099,2026,MOR20260023224,2026/02/27,13:26:00,COLISIÓN POR CAMBIO DE CARRIL,ASFALTO,Bueno,Bueno,2,CHEVROLET,BLANCO,2,,20,MASCULINO,SIN DATOS,0,0,Morelia,Vista Bella,febrero,viernes,13,-101.192883,19.6818664
55926,56100,2026,"20260023277",2026/02/27,15:10:00,COLISIÓN POR ALCANCE,ASFALTO,Bueno,Bueno,2,NISSAN,BLANCO,2,,21,MASCULINO,SIN DATOS,0,0,Morelia,Campestre Los Manantiales,febrero,viernes,15,-101.239552,19.6914364
55927,56101,2026,MOR/29260023291,2026/02/27,17:46:00,COLISIÓN POR CAMBIO DE CARRIL,ASFALTO,Lluvioso,Regular,2,ITALIKA,ROJO/NEGRO,2,,34,MASCULINO,SIN DATOS,0,0,Morelia,Isaac Arriaga,febrero,viernes,18,-101.1673627,19.7095773
55928,56102,2026,MOR/2026098387718,2026/02/27,18:05:00,SALIDA DE SUPERFICIE DE RODAMIENTO,ASFALTO,Bueno,Bueno,1,VOLKSWAGEM,CAFE,1,,24,FEMENINO,SIN DATOS,0,0,Morelia,Sin datos,febrero,viernes,18,-101.1087195,19.7324016
55929,56103,2026,MOR20260023288,2026/02/27,18:19:00,COLISIÓN POR CORTE DE CIRCULACIÓN,CONCRETO,Bueno,Bueno,2,VENTO,NEGRO CON ROJO,2,MINISTERIO PÚBLICO,26,,SIN DATOS,0,0,Morelia,Martires de Uruapan,febrero,viernes,18,-101.1984793,19.7253362
55930,56104,2026,MOR20260023311,2026/02/27,18:23:00,COLISIÓN CONTRA OBJETO FIJO,ASFALTO,Bueno,Bueno,1,NISSAN,GRIS,1,,21,MASCULINO,SIN DATOS,0,0,Morelia,Santa Maria,febrero,viernes,18,-101.2012904,19.6797174
55931,56105,2026,MOR/20260023328,2026/02/27,19:50:00,COLISIÓN POR CORTE DE CIRCULACIÓN,ASFALTO,Nublado,Bueno,2,ITALIKA,BLANCO,2,,25,FEMENINO,SIN DATOS,0,0,Morelia,La Colina,febrero,viernes,20,-101.2153152,19.7068533
55932,56106,2026,MOR/20260023452,2026/02/28,"00:10:00",COLISIÓN CONTRA OBJETO FIJO,ASFALTO,Bueno,Bueno,1,MINI,AZUL,1,,27,MASCULINO,SIN DATOS,0,0,Morelia,Alberto Oviedo Mota,febrero,sábado,0,-101.2014732,19.6796844
55933,56107,2026,MOR20260023487,2026/02/28,"02:06:00",COLISIÓN POR MANIOBRA DE REVERSA,CONCRETO,Bueno,Bueno,2,VOLKSWAGEN,PLATA,2,,52,MASCULINO,SIN DATOS,0,0,Morelia,Ciudad Jardin,febrero,sábado,2,-101.2591631,19.7057999
55934,56108,2026,MOR/20260023669,2026/02/28,12:21:00,COLISIÓN POR ALCANCE,CONCRETO,Bueno,Bueno,3,VENTO,RUBY,3,,35,MASCULINO,SIN DATOS,0,0,Morelia,Primaveras,febrero,sábado,12,-101.2256815,19.6818662
55935,56109,2026,MOR/20260023618,2026/02/28,12:50:00,COLISIÓN POR CORTE DE CIRCULACIÓN,CONCRETO,Bueno,Bueno,2,Renaul,Rojo,2,MINISTERIO PÚBLICO,37,MASCULINO,SIN DATOS,0,0,Morelia,Club Campestre La Huerta,febrero,sábado,13,-101.2333077,19.6682218
55936,56110,2026,MOR/20260023723,2026/02/28,16:20:00,COLISIÓN POR MANIOBRA DE REVERSA,ASFALTO,Bueno,Bueno,2,Chevrolet,Azul,2,,77,FEMENINO,SIN DATOS,0,0,Morelia,La Huerta,febrero,sábado,16,-101.2161439,19.6725334
55937,56111,2026,MOR/20260023761,2026/02/28,19:26:00,COLISIÓN POR ALCANCE,CONCRETO,Bueno,Bueno,2,AUDI,GRIS,2,,52,FEMENINO,SIN DATOS,0,0,Morelia,Chapultepec Oriente,febrero,sábado,19,-101.1600067,19.689785
55938,56112,2026,MOR/20260023806,2026/02/28,20:00:00,COLISIÓN POR MANIOBRA DE REVERSA,ASFALTO,Bueno,Bueno,2,Mini,Amarillo,2,MINISTERIO PÚBLICO,73,MASCULINO,ALIENTO ETÍLICO,0,0,Morelia,Lomas de Hidalgo,febrero,sábado,20,-101.1590857,19.6962195
55939,56113,2026,MOR2026378061,2026/02/28,21:11:00,COLISIÓN CONTRA OBJETO FIJO,ASFALTO,Bueno,Bueno,1,IBIZA,GRIS,1,,,MASCULINO,SIN DATOS,0,0,Morelia,Tierra Y Libertad,febrero,sábado,21,-101.2278359,19.7188029
55940,56114,2026,MOR/20260023882,2026/02/28,23:00:00,COLISIÓN POR ALCANCE,ASFALTO,Bueno,Regular,2,Ford,Azul,2,MINISTERIO PÚBLICO,22,MASCULINO,SIN DATOS,0,0,Morelia,Lomas de Hidalgo,febrero,sábado,23,-101.1590836,19.6962232
55941,56115,2026,MOR202603910,2026/02/28,23:15:00,COLISIÓN CONTRA OBJETO FIJO,CONCRETO,Bueno,Bueno,2,CHRYSLER,AMARILLO,2,MINISTERIO PÚBLICO,0,OTRO,SIN DATOS,0,0,Morelia,Jardines de La Aldea,febrero,sábado,23,-101.1357218,19.7357148
55942,56116,2026,MOR/20260023924,2026/02/28,23:40:00,COLISIÓN POR CAMBIO DE CARRIL,ASFALTO,Bueno,Bueno,2,VENTO,ROJO CON NEGRO,2,,19,MASCULINO,SIN DATOS,0,0,Morelia,Loma Real,febrero,sábado,0,-101.1988475,19.7305538
55943,56117,2026,MOR2026109431,2026/03/01,"00:19:00",COLISIÓN POR ALCANCE,CONCRETO,Bueno,Bueno,3,KIA,BLANCO,2,,,FEMENINO,SIN DATOS,0,0,Morelia,Cruz del Barreno,marzo,domingo,0,-101.207594,19.7234654
55944,56118,2026,MOR/20260023963,2026/03/01,"01:15:00",VOLCADURA,ASFALTO,Bueno,Bueno,1,DODGE,ROJO,2,MINISTERIO PÚBLICO,28,MASCULINO,SIN DATOS,1,0,Morelia,Sin datos,marzo,domingo,1,-101.2794263,19.6239999
55945,56119,2026,MOR/20260024023,2026/03/01,"02:43:00",COLISIÓN CONTRA OBJETO FIJO,ASFALTO,Bueno,Bueno,2,YAMAHA,GRIS NEGRO,1,,29,MASCULINO,SIN DATOS,0,0,Morelia,Gertrudis Bocanegra,marzo,domingo,3,-101.2082109,19.7022622
55946,56120,2026,MOR/20260024057,2026/03/01,"04:15:00",COLISIÓN CONTRA OBJETO FIJO,CONCRETO,Bueno,Bueno,1,CHEVROLET,ARENA,1,,55,FEMENINO,SIN DATOS,0,0,Morelia,Real Punhuato,marzo,domingo,4,-101.1472954,19.6972826
55947,56121,2026,MOR20262268,2026/03/01,"04:41:00",COLISIÓN POR CAMBIO DE CARRIL,ASFALTO,Bueno,Bueno,2,Gmc,Gris,1,,43,MASCULINO,SIN DATOS,0,0,Morelia,Jardines del Toreo,marzo,domingo,5,-101.2140803,19.6881444
55948,56122,2026,"20260024177",2026/03/01,12:40:00,COLISIÓN POR ALCANCE,ASFALTO,Bueno,Bueno,2,VOLKSWAGEN,BLANCO,2,MINISTERIO PÚBLICO,45,MASCULINO,SIN DATOS,0,0,Morelia,Nicolaitas Ilustres,marzo,domingo,13,-101.2263772,19.7223956
55949,56123,2026,MOR20260024156,2026/03/01,12:45:00,COLISIÓN POR CORTE DE CIRCULACIÓN,ASFALTO,Bueno,Bueno,2,FORD,ROJO,2,,26,,SIN DATOS,0,0,Morelia,Felipe Carrillo Puerto,marzo,domingo,13,-101.1763371,19.7297221
55950,56124,2026,MOR20260024198,2026/03/01,13:44:00,COLISIÓN CON PEATÓN,ASFALTO,Bueno,Bueno,1,ITALIKA,NEGRO,3,MINISTERIO PÚBLICO,18,MASCULINO,SIN DATOS,2,0,Morelia,San Jose Itzicuaro,marzo,domingo,14,-101.2999174,19.6874294
55951,56125,2026,MOR/202600000001,2026/03/01,14:20:00,COLISIÓN POR CAMBIO DE CARRIL,ASFALTO,Bueno,Bueno,2,Nissan,Cafe,2,,65,FEMENINO,SIN DATOS,0,0,Morelia,Sentimientos de La Nacion,marzo,domingo,14,-101.2341186,19.6789821
55952,56126,2026,MOR/20200024271,2026/03/01,16:20:00,COLISIÓN POR ALCANCE,ASFALTO,Bueno,Bueno,2,Ford,Azul,2,MINISTERIO PÚBLICO,28,MASCULINO,SIN DATOS,0,0,Morelia,Bosques de Oriente,marzo,domingo,16,-101.1554641,19.7161933
55953,56127,2026,"20260024615",2026/03/01,18:07:00,COLISIÓN POR CORTE DE CIRCULACIÓN,CONCRETO,Bueno,Bueno,2,Volswagen,Blanco,2,,22,MASCULINO,SIN DATOS,0,0,Morelia,Villa Universidad,marzo,domingo,18,-101.2010868,19.6850733
55954,56128,2026,MOR/20260024276,2026/03/01,18:10:00,COLISIÓN POR MANIOBRA DE REVERSA,CONCRETO,Bueno,Bueno,3,Nissan,Blanco,3,,42,FEMENINO,SIN DATOS,0,0,Morelia,Eva Samano,marzo,domingo,18,-101.2009587,19.7281986
55955,56129,2026,MOR20260024351,2026/03/01,18:10:00,COLISIÓN POR CORTE DE CIRCULACIÓN,ASFALTO,Bueno,Bueno,2,Chevrolet,Rojo,2,,29,MASCULINO,SIN DATOS,0,0,Morelia,Vasco de Quiroga,marzo,domingo,18,-101.170905,19.702491
55956,56130,2026,MOR/20260024322,2026/03/01,19:05:00,VOLCADURA,ASFALTO,Bueno,Bueno,1,Nissan,Negro,1,,55,MASCULINO,SIN DATOS,0,0,Morelia,Sin datos,marzo,domingo,19,-101.0893566,19.7300385
55957,56131,2026,MOR/202600000013,2026/03/01,19:50:00,COLISIÓN POR NO RESPETAR SEMÁFORO,ASFALTO,Bueno,Bueno,2,Volkswagen,Gris,2,,60,MASCULINO,SIN DATOS,0,0,Morelia,Felix Ireta,marzo,domingo,20,-101.195746,19.6824734
55958,56132,2026,MOR/20260624352,2026/03/01,20:12:00,COLISIÓN POR MANIOBRA DE REVERSA,CONCRETO,Bueno,Bueno,2,Seat,Gris,2,,78,MASCULINO,SIN DATOS,0,0,Morelia,Villa Universidad,marzo,domingo,20,-101.1991265,19.6879589
55959,56133,2026,MOR20260024429,2026/03/01,21:35:00,COLISIÓN POR INVASIÓN DE CARRIL,ASFALTO,Bueno,Bueno,2,Chevrolet,Rojo,2,,66,MASCULINO,SIN DATOS,0,0,Morelia,Jacarandas,marzo,domingo,22,-101.2114899,19.7089316
55960,56134,2026,MOR20260024463,2026/03/01,22:40:00,COLISIÓN CONTRA OBJETO FIJO,ASFALTO,Bueno,Bueno,1,General motors,Gris,1,MINISTERIO PÚBLICO,18,,SIN DATOS,0,0,Morelia,Sin datos,marzo,domingo,23,-101.120359,19.6992766
55961,56135,2026,MOR/20260024493,2026/03/01,23:32:00,COLISIÓN POR CORTE DE CIRCULACIÓN,CONCRETO,Bueno,Bueno,2,Nissan,Blanco,3,,33,MASCULINO,SIN DATOS,1,0,Morelia,Elias Perez Avalos,marzo,domingo,0,-101.1659646,19.710873
55962,56136,2026,MOR/2026628716678,2026/03/01,23:45:00,COLISIÓN CONTRA OBJETO FIJO,CONCRETO,Bueno,Bueno,1,Volkswagen,Gris,1,,67,MASCULINO,SIN DATOS,0,0,Morelia,Montaña Monarca,marzo,domingo,0,-101.1629676,19.6751383
55963,56137,2026,MOR2026008,2026/03/02,"07:00:00",COLISIÓN POR ALCANCE,ASFALTO,Bueno,Bueno,2,Seat,Rojo,2,,54,MASCULINO,SIN DATOS,0,0,Morelia,Ejidal San Isidro,marzo,lunes,7,-101.2834451,19.6903638
55964,56138,2026,MOR/20260024622,2026/03/02,"07:48:00",COLISIÓN POR ALCANCE,ASFALTO,Bueno,Bueno,2,Chevrolet,Negro,2,MINISTERIO PÚBLICO,34,MASCULINO,SIN DATOS,0,0,Morelia,Jardines de La Loma,marzo,lunes,8,-101.2255093,19.6773513
55965,56139,2026,MOR/20260024652,2026/03/02,"08:21:00",COLISIÓN POR CORTE DE CIRCULACIÓN,CONCRETO,Bueno,Bueno,2,Chevrolet,Platino,2,,46,FEMENINO,SIN DATOS,0,0,Morelia,Colinas del Sur,marzo,lunes,8,-101.199314,19.6680909
55966,56140,2026,MOR/20260024691,2026/03/02,10:00:00,COLISIÓN POR CORTE DE CIRCULACIÓN,CONCRETO,Bueno,Bueno,2,Chevrolet,Rojo,2,,20,MASCULINO,SIN DATOS,0,0,Morelia,Juarez,marzo,lunes,10,-101.1986255,19.6936937
55967,56141,2026,MOR2026007,2026/03/02,10:40:00,COLISIÓN POR ALCANCE,ASFALTO,Bueno,Bueno,3,Kia,Gris,3,,47,MASCULINO,SIN DATOS,0,0,Morelia,Nueva Valladolid,marzo,lunes,11,-101.2074895,19.7019898
55968,56142,2026,MOR2026315060,2026/03/02,11:04:00,COLISIÓN POR ALCANCE,ASFALTO,Bueno,Bueno,2,Mercedes benz,Naranja con blanco,2,,42,MASCULINO,SIN DATOS,0,0,Morelia,Libertad,marzo,lunes,11,-101.2372775,19.6861862
55969,56143,2026,MOR/20260024700,2026/03/02,11:37:00,COLISIÓN POR CAMBIO DE CARRIL,CONCRETO,Bueno,Bueno,2,Renault,Guinda,2,,67,MASCULINO,SIN DATOS,0,0,Morelia,Francisco J Mujica,marzo,lunes,12,-101.1882116,19.7221501
55970,56144,2026,MORE,2026/03/02,12:50:00,COLISIÓN POR MANIOBRA DE REVERSA,CONCRETO,Bueno,Bueno,2,Dina,Blanco,2,,30,MASCULINO,SIN DATOS,0,0,Morelia,Primo Tapia,marzo,lunes,13,-101.2120371,19.7103846
55971,56145,2026,MOR/20260024724,2026/03/02,13:02:00,COLISIÓN POR CORTE DE CIRCULACIÓN,ASFALTO,Bueno,Bueno,2,Kia,Arena,2,,41,FEMENINO,SIN DATOS,0,0,Morelia,Villa de Santa Maria,marzo,lunes,13,-101.1724579,19.6603567
55972,56146,2026,MOR/20260024756,2026/03/02,13:37:00,COLISIÓN POR ALCANCE,ASFALTO,Bueno,Bueno,2,Freightliner,Rojo,2,,25,MASCULINO,SIN DATOS,0,0,Morelia,Sentimientos de La Nacion,marzo,lunes,14,-101.2340459,19.6788335
55973,56147,2026,MOR/200260024772,2026/03/02,14:00:00,COLISIÓN POR CAMBIO DE CARRIL,ASFALTO,Bueno,Bueno,2,Renault,Rojo,2,,39,FEMENINO,SIN DATOS,0,0,Morelia,Hacienda San Jose,marzo,lunes,14,-101.2177629,19.6936937
55974,56148,2026,MOR/20260024759,2026/03/02,14:22:00,COLISIÓN POR INVASIÓN DE CARRIL,ASFALTO,Bueno,Bueno,2,Vento,Gris,2,,45,MASCULINO,SIN DATOS,0,0,Morelia,Villas Lomas del Paraiso,marzo,lunes,14,-101.173355,19.6717533
55975,56149,2026,MOR/20260024810,2026/03/02,16:23:00,COLISIÓN POR INVASIÓN DE CARRIL,ASFALTO,Bueno,Bueno,2,Toyota,Blanco/gris,2,,35,MASCULINO,SIN DATOS,0,0,Morelia,Las Americas,marzo,lunes,16,-101.1540983,19.6874283
55976,56150,2026,MMOR/20260024830,2026/03/02,18:00:00,COLISIÓN POR CORTE DE CIRCULACIÓN,ASFALTO,Bueno,Regular,3,Kenwort,Blanco,3,,67,MASCULINO,SIN DATOS,0,0,Morelia,La Esperanza,marzo,lunes,18,-101.2512987,19.6983581
55977,56151,2026,MOR/20260024840,2026/03/02,18:13:00,COLISIÓN POR ALCANCE,ASFALTO,Bueno,Bueno,2,Mazda,Negro,2,,63,MASCULINO,SIN DATOS,0,0,Morelia,La Esperanza,marzo,lunes,18,-101.2520043,19.6982248
55978,56152,2026,MOR/20262690,2026/03/03,"07:20:00",COLISIÓN POR INVASIÓN DE CARRIL,SIN_DATOS,Bueno,Bueno,2,Vento,Gris,2,,25,MASCULINO,SIN DATOS,0,0,Morelia,San Isidro Itzicuaro Norte,marzo,martes,7,-101.271612,19.698888
55979,56153,2026,MOR/2026PP25032,2026/03/03,"08:20:00",COLISIÓN POR CAMBIO DE CARRIL,ASFALTO,Bueno,Bueno,2,Internacional,Blanco,2,,23,MASCULINO,SIN DATOS,0,0,Morelia,La Calera,marzo,martes,8,-101.2342953,19.6785416
55980,56154,2026,"202600",2026/03/03,"08:25:00",COLISIÓN POR CAMBIO DE CARRIL,ASFALTO,Bueno,Bueno,2,Ford,Rojo rubi,2,MINISTERIO PÚBLICO,30,MASCULINO,SIN DATOS,0,0,Morelia,Lomas de Morelia (Dr Ignacio Chavez),marzo,martes,8,-101.17539,19.7172234
55981,56155,2026,MOR/20260025139,2026/03/03,13:30:00,COLISIÓN POR CORTE DE CIRCULACIÓN,ASFALTO,Bueno,Bueno,2,Yamaha,Negra,2,MINISTERIO PÚBLICO,17,MASCULINO,SIN DATOS,0,0,Morelia,Guadalupe,marzo,martes,14,-101.2216002,19.7098249
55982,56156,2026,MOR 20260025153,2026/03/03,14:02:00,COLISIÓN POR CORTE DE CIRCULACIÓN,ASFALTO,Bueno,Bueno,2,Nissan,Plata,2,,72,FEMENINO,SIN DATOS,0,0,Morelia,Centro,marzo,martes,14,-101.1935321,19.7029998
55983,56157,2026,MOR / 20260025193,2026/03/03,15:30:00,COLISIÓN CONTRA OBJETO FIJO,ASFALTO,Nublado,Bueno,2,Nissan,Blanco,2,,23,MASCULINO,SIN DATOS,0,0,Morelia,Elias Perez Avalos,marzo,martes,16,-101.1658854,19.7104522
55984,56158,2026,MOR20260025293,2026/03/03,19:30:00,COLISIÓN POR CORTE DE CIRCULACIÓN,ASFALTO,Bueno,Bueno,2,Toyota,Blanca con guinda,2,,30,MASCULINO,SIN DATOS,0,0,Morelia,Lomas del Tecnologico,marzo,martes,20,-101.1930543,19.7231211
55985,56159,2026,MOR/20260025288,2026/03/03,19:55:00,COLISIÓN POR ALCANCE,ASFALTO,Bueno,Bueno,2,Mg,Rojo,2,,36,MASCULINO,SIN DATOS,0,0,Morelia,Montaña Monarca,marzo,martes,20,-101.1598917,19.6710264
55986,56160,2026,MOR/20260025316,2026/03/03,21:30:00,COLISIÓN POR CAMBIO DE CARRIL,ASFALTO,Bueno,Bueno,3,Sin datos,Se desconoce,4,MINISTERIO PÚBLICO,,MASCULINO,SIN DATOS,1,0,Morelia,Lazaro Cardenas,marzo,martes,22,-101.1628214,19.7114126
55987,56161,2026,MOR/20260025425,2026/03/04,"07:11:00",COLISIÓN POR ALCANCE,ASFALTO,Bueno,Bueno,2,Volkswagen,Blaco,2,,35,FEMENINO,SIN DATOS,0,0,Morelia,Valle de Las Rosas,marzo,miércoles,7,-101.2404308,19.6925709
55988,56162,2026,MOR20260079,2026/03/04,"07:30:00",COLISIÓN POR ALCANCE,ASFALTO,Bueno,Bueno,2,Vento,Negro,2,MINISTERIO PÚBLICO,24,MASCULINO,SIN DATOS,0,0,Morelia,La Aldea,marzo,miércoles,8,-101.1307046,19.7522486
55989,56163,2026,MOR202620815,2026/03/04,"08:00:00",COLISIÓN POR CORTE DE CIRCULACIÓN,ASFALTO,Bueno,Bueno,2,Volkswagen,Gris,2,,,MASCULINO,SIN DATOS,0,0,Morelia,Chapultepec Norte,marzo,miércoles,8,-101.1712082,19.6943749
55990,56164,2026,MOR/20260025436,2026/03/04,"09:10:00",COLISIÓN POR CAMBIO DE CARRIL,ASFALTO,Bueno,Bueno,2,Izuzu,Blanco,2,,46,MASCULINO,SIN DATOS,0,0,Morelia,Centro,marzo,miércoles,9,-101.1866098,19.7018806
55991,56165,2026,MOR/20260025441,2026/03/04,"09:14:00",COLISIÓN POR ALCANCE,ASFALTO,Bueno,Bueno,4,Renault,Negro,4,,49,MASCULINO,SIN DATOS,0,0,Morelia,Chapultepec Oriente,marzo,miércoles,9,-101.1595926,19.6881
55992,56166,2026,MOR202606,2026/03/04,12:55:00,COLISIÓN POR MANIOBRA DE REVERSA,ASFALTO,Bueno,Bueno,3,Kenworth,Blanco,1,,38,MASCULINO,SIN DATOS,0,0,Morelia,Central de Abastos,marzo,miércoles,13,-101.1701729,19.7160549
55993,56167,2026,MOR20260025555,2026/03/04,15:50:00,COLISIÓN POR CORTE DE CIRCULACIÓN,ASFALTO,Bueno,Bueno,2,Italika,Negro,2,,41,FEMENINO,SIN DATOS,0,0,Morelia,Chapultepec Oriente,marzo,miércoles,16,-101.1599716,19.6919036
55994,56168,2026,MOR/20260025626,2026/03/04,19:05:00,COLISIÓN POR CORTE DE CIRCULACIÓN,TERRACERIA,Bueno,Malo,2,Ram,Blanco,2,,42,MASCULINO,SIN DATOS,0,0,Morelia,Sentimientos de La Nacion,marzo,miércoles,19,-101.2362839,19.6837368
55995,56169,2026,MOR/20260025795,2026/03/05,"05:35:00",SALIDA DE SUPERFICIE DE RODAMIENTO,ASFALTO,Bueno,Bueno,1,HARLEY DAVIDSON,NEGRO,1,,27,,SIN DATOS,0,0,Morelia,Union Popular Solidaria,marzo,jueves,6,-101.2192944,19.7054955
55996,56170,2026,MOR/20260025793,2026/03/05,"05:36:00",COLISIÓN POR ALCANCE,ASFALTO,Bueno,Bueno,2,Mitsubishi,Gris,2,,44,MASCULINO,SIN DATOS,0,0,Morelia,Melchor Ocampo,marzo,jueves,6,-101.200663,19.7058983
55997,56171,2026,MOR20260025808,2026/03/05,"07:57:00",COLISIÓN POR CORTE DE CIRCULACIÓN,CONCRETO,Bueno,Bueno,2,Hyundai,Rojo,2,,17,,SIN DATOS,0,0,Morelia,Valle Quieto,marzo,jueves,8,-101.2016129,19.6839498
55998,56172,2026,MOR/20260025807,2026/03/05,"08:10:00",CAIDA DE MOTOCICLETA,ASFALTO,Bueno,Bueno,1,Vento,Gris,1,,23,MASCULINO,SIN DATOS,0,0,Morelia,Sin datos,marzo,jueves,8,-101.1077269,19.7328271
55999,56173,2026,MOR/20260025812,2026/03/05,"08:40:00",COLISIÓN POR ALCANCE,CONCRETO,Bueno,Bueno,3,Nissan,Blanco,4,MINISTERIO PÚBLICO,38,MASCULINO,SIN DATOS,1,0,Morelia,Elias Perez Avalos,marzo,jueves,9,-101.1714664,19.7156746
56000,56174,2026,MOR20260025824,2026/03/05,"09:35:00",COLISIÓN CONTRA OBJETO FIJO,ASFALTO,Bueno,Bueno,1,Chrysler,Negro,1,,48,FEMENINO,SIN DATOS,0,0,Morelia,Valle de Altozano,marzo,jueves,10,-101.1643981,19.661597
56001,56175,2026,MOR20260025850,2026/03/05,"09:47:00",COLISIÓN POR CORTE DE CIRCULACIÓN,ASFALTO,Bueno,Bueno,2,Jeep,Verde,2,MINISTERIO PÚBLICO,51,MASCULINO,SIN DATOS,0,0,Morelia,Vista Bella,marzo,jueves,10,-101.1996389,19.6777115
56002,56176,2026,MOR2026002550,2026/03/05,10:37:00,COLISIÓN POR ALCANCE,ASFALTO,Bueno,Bueno,2,Chevrolet,Blanco,2,,69,,SIN DATOS,0,0,Morelia,Ana Maria Gallaga (Riviera Norte),marzo,jueves,11,-101.2236456,19.6770562
56003,56177,2026,MOR/2026928738737987,2026/03/05,11:55:00,COLISIÓN POR CORTE DE CIRCULACIÓN,ASFALTO,Bueno,Bueno,2,Nissan,Blanco con naranja,2,,43,MASCULINO,SIN DATOS,0,0,Morelia,Vista Bella,marzo,jueves,12,-101.1919522,19.6817522
56004,56178,2026,ME R20260025899,2026/03/05,13:40:00,COLISIÓN POR MANIOBRA DE REVERSA,ADOQUIN_EMPEDRADO,Bueno,Bueno,2,Nissan,Azul,2,,47,MASCULINO,SIN DATOS,0,0,Morelia,Villas del Pedregal,marzo,jueves,14,-101.3039387,19.6718383
56005,56179,2026,MOR20260025985,2026/03/05,16:23:00,COLISIÓN POR CAMBIO DE CARRIL,ASFALTO,Bueno,Bueno,2,Ford,Blanco,2,,49,MASCULINO,SIN DATOS,0,0,Morelia,Rinconada del Valle,marzo,jueves,16,-101.2185415,19.6788659
56006,56180,2026,MOR/20260025974,2026/03/05,18:10:00,COLISIÓN POR MANIOBRA DE REVERSA,ADOQUIN_EMPEDRADO,Bueno,Bueno,2,DODGE,ROJO,1,,24,MASCULINO,SIN DATOS,0,0,Morelia,Congreso Constituyente de Michoacan,marzo,jueves,18,-101.1728595,19.7212116
56007,56181,2026,MOR/20260025969,2026/03/05,18:10:00,COLISIÓN POR MANIOBRA DE REVERSA,ASFALTO,Nublado,Regular,2,CHEVROLET,BLANCO,2,,81,MASCULINO,SIN DATOS,0,0,Morelia,Camelinas,marzo,jueves,18,-101.1693196,19.682606
56008,56182,2026,MOR20265789,2026/03/05,20:47:00,COLISIÓN POR ALCANCE,CONCRETO,Bueno,Bueno,2,NISSAN,AZUL,2,,54,,SIN DATOS,0,0,Morelia,Morelia 450,marzo,jueves,21,-101.2157875,19.675141
56009,56183,2026,MOR/20260026032,2026/03/05,21:00:00,COLISIÓN POR CORTE DE CIRCULACIÓN,CONCRETO,Bueno,Bueno,2,ITALIKA,NEGRA,4,,14,MASCULINO,SIN DATOS,2,0,Morelia,Villas Oriente,marzo,jueves,21,-101.1416025,19.7547175
56010,56184,2026,MOR/20268761786,2026/03/05,22:05:00,COLISIÓN POR CORTE DE CIRCULACIÓN,CONCRETO,Bueno,Bueno,2,Honda,Negro,2,MINISTERIO PÚBLICO,18,MASCULINO,SIN DATOS,0,0,Morelia,Ampliacion La Soledad,marzo,jueves,22,-101.1864855,19.736423
56011,56185,2026,MOR20260026056,2026/03/05,22:05:00,SALIDA DE SUPERFICIE DE RODAMIENTO,TERRACERIA,Bueno,Bueno,1,Nissan,Gris,1,,45,MASCULINO,SIN DATOS,0,0,Morelia,Sin datos,marzo,jueves,22,-101.2718661,19.575178