fid,id_accidente,anio_origen,folio_c5i,dia_incidente,hora_ocurrencia,tipo_incidente_vial,superficie_ocurrencia,condiciones_climaticas,condiciones_via,numero_vehiculos_involucrados,marca_vehiculo_ocasiona_siniestro,color_vehiculo_ocasiona_siniestro,numero_personas_involucradas,lugar_remite_presunto_responsable,edad_presunto_responsable,sexo_presunto_responsable,resultados_toxicologia,numero_personas_lesionadas,numero_personas_fallecidas,municipio,colonia,mes,dia_semana,hora_redondeada,lon,lat
56012,56186,2026,MOR20260026122,2026/03/06,"01:17:00",COLISIÓN POR INVASIÓN DE CARRIL,CONCRETO,Bueno,Bueno,2,Jeep,Azul,2,MINISTERIO PÚBLICO,27,FEMENINO,SIN DATOS,0,0,Morelia,Granjas del Maestro,marzo,viernes,1,-101.1937713,19.7153219
56013,56187,2026,"20260026156",2026/03/06,"03:10:00",SUBIDA AL CAMELLÓN,ASFALTO,Bueno,Bueno,1,Volkswagen,Blanco,1,,20,MASCULINO,SIN DATOS,0,0,Morelia,Jardines de Torremolinos,marzo,viernes,3,-101.2292183,19.6770223
56014,56188,2026,"20260026179",2026/03/06,"07:25:00",COLISIÓN CON PEATÓN,ASFALTO,Bueno,Bueno,5,Volkswagen,Gris,2,MINISTERIO PÚBLICO,42,FEMENINO,SIN DATOS,1,0,Morelia,Ciudad Industrial,marzo,viernes,7,-101.143575,19.7241444
56015,56189,2026,MOR/20260026201,2026/03/06,"08:00:00",COLISIÓN POR CAMBIO DE CARRIL,ASFALTO,Bueno,Bueno,2,CHEVROLET,VERDE,2,,31,MASCULINO,SIN DATOS,0,0,Morelia,Los Manantiales de Morelia,marzo,viernes,8,-101.2366347,19.7017524
56016,56190,2026,MOR2026004,2026/03/06,12:10:00,COLISIÓN POR ALCANCE,ASFALTO,Bueno,Bueno,2,NISSAN,BALNCO,2,,29,MASCULINO,SIN DATOS,0,0,Morelia,Camelinas,marzo,viernes,12,-101.1714777,19.6821794
56017,56191,2026,MOR/20260026313,2026/03/06,14:42:00,COLISIÓN CONTRA OBJETO FIJO,CONCRETO,Bueno,Bueno,2,FORD,BLANCO,2,,22,MASCULINO,SIN DATOS,0,0,Morelia,Ilustres Novohispanos,marzo,viernes,15,-101.1544991,19.7075977
56018,56192,2026,MOR/20260026329,2026/03/06,14:55:00,COLISIÓN POR CORTE DE CIRCULACIÓN,CONCRETO,Bueno,Bueno,2,CHEVROLET,BLANCO,2,,50,MASCULINO,SIN DATOS,0,0,Morelia,Villa Universidad,marzo,viernes,15,-101.1957774,19.6879619
56019,56193,2026,MOR20260026349,2026/03/06,15:00:00,COLISIÓN POR ALCANCE,CONCRETO,Bueno,Bueno,2,VENTO,GRIS,2,,21,MASCULINO,SIN DATOS,0,0,Morelia,Quinceo,marzo,viernes,15,-101.2248861,19.7264751
56020,56194,2026,MOR/20260026394,2026/03/06,18:10:00,COLISIÓN POR NO RESPETAR SEMÁFORO,ASFALTO,Bueno,Regular,2,Mazda,Gris,3,MINISTERIO PÚBLICO,36,MASCULINO,SIN DATOS,1,0,Morelia,Las Americas,marzo,viernes,18,-101.1548707,19.6876675
56021,56196,2026,MOR202671,2026/03/06,19:50:00,COLISIÓN POR ALCANCE,ASFALTO,Bueno,Bueno,2,TOYOTA,BLANCO_GRIS,2,,45,MASCULINO,SIN DATOS,0,0,Morelia,Libertad,marzo,viernes,20,-101.2369709,19.6850702
56022,56197,2026,MOR/20260026401,2026/03/06,20:41:00,COLISIÓN CONTRA OBJETO FIJO,ASFALTO,Bueno,Bueno,2,FREIGHTLINER,BLANCO,2,,20,MASCULINO,SIN DATOS,0,0,Morelia,Ciudad Industrial,marzo,viernes,21,-101.1497436,19.7277354
56023,56198,2026,MOR202672,2026/03/06,21:10:00,COLISIÓN POR CORTE DE CIRCULACIÓN,ASFALTO,Bueno,Bueno,2,FREIGHTLINER,BLANCO,2,,54,MASCULINO,SIN DATOS,0,0,Morelia,Libertad,marzo,viernes,21,-101.2369763,19.6850735
56024,56199,2026,MOR/20260026634,2026/03/07,"04:46:00",SALIDA DE SUPERFICIE DE RODAMIENTO,ASFALTO,Bueno,Bueno,2,JETOUR,NEGRO,2,,19,MASCULINO,SIN DATOS,0,0,Morelia,Sin datos,marzo,sábado,5,-101.1191432,19.7309183
56025,56200,2026,MOR/20260026675,2026/03/07,"08:30:00",COLISIÓN CONTRA OBJETO FIJO,ASFALTO,Bueno,Regular,1,MAZDA,GRIS,1,,20,MASCULINO,SIN DATOS,0,0,Morelia,Articulo Constitucional,marzo,sábado,9,-101.1707516,19.7139374
56026,56201,2026,MOR/20260026694,2026/03/07,10:20:00,COLISIÓN POR ALCANCE,CONCRETO,Bueno,Bueno,2,ITALIKA,GRIS,2,,19,MASCULINO,SIN DATOS,0,0,Morelia,Tzindurio de Morelos,marzo,sábado,10,-101.2464282,19.6993381
56027,56202,2026,"20260026715",2026/03/07,10:30:00,COLISIÓN POR CAMBIO DE CARRIL,ASFALTO,Bueno,Bueno,2,HYUNDAI,ROJO,2,,20,FEMENINO,SIN DATOS,0,0,Morelia,Santillan La Huerta,marzo,sábado,11,-101.2179309,19.6757982
56028,56203,2026,MOR/20260026752,2026/03/07,13:15:00,COLISIÓN POR ALCANCE,ASFALTO,Bueno,Bueno,3,NISSAN,AZUL,3,MINISTERIO PÚBLICO,34,MASCULINO,SIN DATOS,0,0,Morelia,Sin datos,marzo,sábado,13,-101.1695081,19.6691333
56029,56204,2026,MOR/20267266182663,2026/03/07,15:05:00,COLISIÓN POR CORTE DE CIRCULACIÓN,CONCRETO,Bueno,Bueno,2,VOLKSWAGWEN,BLANCO,2,,27,MASCULINO,SIN DATOS,0,0,Morelia,Lomas de Las Americas Norte,marzo,sábado,15,-101.148866,19.6955311
56030,56206,2026,MOR2026009754,2026/03/07,16:37:00,COLISIÓN POR CORTE DE CIRCULACIÓN,ASFALTO,Bueno,Bueno,2,HONDA,GRIS,2,MINISTERIO PÚBLICO,49,,SIN DATOS,0,0,Morelia,El Lago 3,marzo,sábado,17,-101.2207566,19.7271648
56031,56207,2026,MOR2026002468,2026/03/07,18:08:00,COLISIÓN POR ALCANCE,ASFALTO,Bueno,Bueno,2,Mazda,Blanco,2,,36,FEMENINO,SIN DATOS,0,0,Morelia,Las Americas,marzo,sábado,18,-101.159077,19.6879763
56032,56208,2026,MOR20260026945,2026/03/07,20:14:00,COLISIÓN CONTRA OBJETO FIJO,ASFALTO,Bueno,Bueno,1,Mazda,Blanco,1,,40,MASCULINO,SIN DATOS,0,0,Morelia,Felix Ireta,marzo,sábado,20,-101.1834225,19.6830382
56033,56209,2026,"20260026972",2026/03/07,20:30:00,COLISIÓN POR CAMBIO DE CARRIL,CONCRETO,Bueno,Bueno,2,Crysler,Rojo,2,,31,MASCULINO,SIN DATOS,0,0,Morelia,Ana Maria Gallaga (Riviera Norte),marzo,sábado,21,-101.2242,19.6772
56034,56210,2026,MOR/20260026980,2026/03/07,20:50:00,COLISIÓN CONTRA OBJETO FIJO,ASFALTO,Bueno,Bueno,1,Italika,Naranja/negro,1,,33,MASCULINO,SIN DATOS,0,0,Morelia,Francisco J Mujica,marzo,sábado,21,-101.189938,19.7224222
56035,56212,2026,MOR/20260026994,2026/03/07,21:20:00,COLISIÓN POR CORTE DE CIRCULACIÓN,ASFALTO,Bueno,Bueno,2,Toyota,Gris,2,,35,MASCULINO,SIN DATOS,0,0,Morelia,Lomas de Morelia (Dr Ignacio Chavez),marzo,sábado,21,-101.1750307,19.7171154
56036,56213,2026,MOR/2026817783771,2026/03/08,"03:55:00",COLISIÓN CONTRA OBJETO FIJO,CONCRETO,Bueno,Bueno,3,Bmw,Azul,3,,38,FEMENINO,SIN DATOS,0,0,Morelia,Lomas de Vista Bella,marzo,domingo,4,-101.1990538,19.6753054
56037,56214,2026,MOR/20260027208,2026/03/08,"05:40:00",COLISIÓN CONTRA OBJETO FIJO,TERRACERIA,Bueno,Bueno,1,Volkswagen,Gris,1,MINISTERIO PÚBLICO,46,MASCULINO,SIN DATOS,0,0,Morelia,Sentimientos de La Nacion,marzo,domingo,6,-101.2351317,19.6815615
56038,56216,2026,MOR/20260027264,2026/03/08,10:30:00,COLISIÓN POR CORTE DE CIRCULACIÓN,ASFALTO,Bueno,Bueno,2,Chevrolet,Plata,2,,38,FEMENINO,SIN DATOS,0,0,Morelia,Lomas de Hidalgo,marzo,domingo,11,-101.1603488,19.69771
56039,56217,2026,MOR20267173,2026/03/08,12:23:00,COLISIÓN POR ALCANCE,ASFALTO,Bueno,Bueno,2,Ford,Rojo,2,,,MASCULINO,SIN DATOS,0,0,Morelia,Lindavista,marzo,domingo,12,-101.2161321,19.7041622
56040,56218,2026,MOR/20260027308,2026/03/08,12:31:00,COLISIÓN POR CORTE DE CIRCULACIÓN,CONCRETO,Bueno,Bueno,2,Kurazai,Negro,3,MINISTERIO PÚBLICO,55,MASCULINO,SIN DATOS,2,0,Morelia,Ventura Puente,marzo,domingo,13,-101.1804062,19.6894827
56041,56219,2026,"20260027331",2026/03/08,13:27:00,COLISIÓN POR CORTE DE CIRCULACIÓN,ASFALTO,Bueno,Bueno,2,Nissan,Blanco,2,,31,MASCULINO,SIN DATOS,0,0,Morelia,Felix Ireta,marzo,domingo,13,-101.1877404,19.6814227
56042,56220,2026,MOR202612,2026/03/08,14:50:00,COLISIÓN POR ALCANCE,ASFALTO,Bueno,Bueno,2,Chevrolet,Gris,2,,52,MASCULINO,SIN DATOS,0,0,Morelia,Prados de La Huerta,marzo,domingo,15,-101.2234365,19.6681374
56043,56221,2026,MOR/20260027377,2026/03/08,14:58:00,COLISIÓN POR ALCANCE,CONCRETO,Bueno,Bueno,2,Toyota,Blanco y rosa,2,MINISTERIO PÚBLICO,30,MASCULINO,SIN DATOS,0,0,Morelia,Torreon Nuevo,marzo,domingo,15,-101.2043849,19.7465016
56044,56222,2026,MOR20263781,2026/03/08,18:04:00,COLISIÓN POR CAMBIO DE CARRIL,ASFALTO,Bueno,Bueno,2,CHEVROLET,GRIS,2,,,MASCULINO,SIN DATOS,0,0,Morelia,Rafael Carrillo,marzo,domingo,18,-101.2349364,19.7098632
56045,56223,2026,MOR/20260027455,2026/03/08,18:05:00,COLISIÓN POR NO RESPETAR SEMÁFORO,ASFALTO,Bueno,Bueno,2,NISSAN,GRIS,2,,62,FEMENINO,SIN DATOS,0,0,Morelia,Primo Tapia Oriente,marzo,domingo,18,-101.1588246,19.7135448
56046,56224,2026,MOR/20260027655,2026/03/09,"00:42:00",SALIDA DE SUPERFICIE DE RODAMIENTO,ASFALTO,Bueno,Bueno,1,Chevrolet,Blanco,1,,54,MASCULINO,SIN DATOS,0,0,Morelia,Sentimientos de La Nacion,marzo,lunes,1,-101.234543,19.6809656
56047,56226,2026,"20260027776",2026/03/09,10:15:00,COLISIÓN POR NO RESPETAR SEMÁFORO,ASFALTO,Bueno,Bueno,2,ITALIKA,BLANCO,3,,26,MASCULINO,SIN DATOS,1,0,Morelia,Asociacion Zirahuen,marzo,lunes,10,-101.2502719,19.6987511
56048,56227,2026,MOR/20260027813,2026/03/09,11:50:00,COLISIÓN POR ALCANCE,ASFALTO,Bueno,Bueno,2,GENERAL MOTORS,BLANCO,2,,29,MASCULINO,SIN DATOS,0,0,Morelia,Jardines de Guadalupe,marzo,lunes,12,-101.2270639,19.7110519
56049,56228,2026,MOR/20260027830,2026/03/09,12:37:00,COLISIÓN POR CAMBIO DE CARRIL,ASFALTO,Bueno,Bueno,2,TOYOTA,BLANCO Y GUINDA,2,,22,MASCULINO,SIN DATOS,0,0,Morelia,Alberto Oviedo Mota,marzo,lunes,13,-101.1968157,19.6812057
56050,56229,2026,MOR/20260027832,2026/03/09,12:50:00,COLISIÓN POR ALCANCE,ASFALTO,Bueno,Bueno,2,NISSAN,BLANCO,2,,71,MASCULINO,SIN DATOS,0,0,Morelia,Ejidal Ocolusen,marzo,lunes,13,-101.1585321,19.6875676
56051,56230,2026,"20260027891",2026/03/09,15:00:00,COLISIÓN POR CORTE DE CIRCULACIÓN,ASFALTO,Bueno,Bueno,2,FREIGHTLINER,BLANCO,2,,35,MASCULINO,SIN DATOS,0,0,Morelia,Leandro Valle,marzo,lunes,15,-101.2319492,19.7163819
56052,56231,2026,MOR20260012459,2026/03/09,16:28:00,COLISIÓN POR CORTE DE CIRCULACIÓN,ASFALTO,Bueno,Bueno,2,ITALIKA,GRIS,2,,23,MASCULINO,SIN DATOS,0,0,Morelia,Plan de La Garita,marzo,lunes,16,-101.1821005,19.7162133
56053,56232,2026,MOR/20260027929,2026/03/09,16:40:00,COLISIÓN POR CORTE DE CIRCULACIÓN,ASFALTO,Bueno,Bueno,2,HONDA,GRIS,2,,73,MASCULINO,SIN DATOS,0,0,Morelia,Comision Federal de Electricidad,marzo,lunes,17,-101.1804701,19.6856294
56054,56233,2026,MOR/202688177987,2026/03/09,16:45:00,COLISIÓN POR INVASIÓN DE CARRIL,ASFALTO,Bueno,Bueno,2,TOYOTA,BLANCO,2,,34,FEMENINO,SIN DATOS,0,0,Morelia,Nueva Jacarndas,marzo,lunes,17,-101.1916102,19.6821833
56055,56235,2026,MOR20260027966,2026/03/09,18:49:00,COLISIÓN CONTRA OBJETO FIJO,ASFALTO,Bueno,Bueno,1,Volkswagen,Blanco,1,MINISTERIO PÚBLICO,21,MASCULINO,SIN DATOS,0,0,Morelia,Sin datos,marzo,lunes,19,-101.1068353,19.7314753
56056,56236,2026,MOR/2026971673987,2026/03/09,21:00:00,COLISIÓN POR CORTE DE CIRCULACIÓN,ASFALTO,Bueno,Bueno,2,Nissan,Blanco,2,,52,FEMENINO,SIN DATOS,0,0,Morelia,Infonavit  Las  Camelinas,marzo,lunes,21,-101.1768506,19.6818398
56057,56237,2026,MOR20260098765,2026/03/09,22:26:00,COLISIÓN POR INVASIÓN DE CARRIL,CONCRETO,Bueno,Bueno,2,Chevrolet,Blanco con rojo,2,,32,MASCULINO,SIN DATOS,0,0,Morelia,Rincon de Los Fresnos,marzo,lunes,22,-101.2456492,19.6886659
56058,56238,2026,MOR20261,2026/03/10,"08:05:00",COLISIÓN POR INVASIÓN DE CARRIL,CONCRETO,Bueno,Bueno,2,Chevrolet,Blanco,0,,,,,0,0,Morelia,Torreon Nuevo,marzo,martes,8,-101.2041571,19.7496396
56059,56240,2026,MOR/20260028349,2026/03/10,17:00:00,COLISIÓN CONTRA OBJETO FIJO,ASFALTO,Bueno,Regular,1,Ford,Guinda,1,,80,,SIN DATOS,0,0,Morelia,Lomas del Tecnologico,marzo,martes,17,-101.1936867,19.7234819
56060,56241,2026,MOR/20260028322,2026/03/10,18:01:00,COLISIÓN POR MANIOBRA DE REVERSA,ADOQUIN_EMPEDRADO,Bueno,Bueno,2,Chevrolet,Rojo,1,,19,MASCULINO,SIN DATOS,0,0,Morelia,Chapultepec Norte,marzo,martes,18,-101.1788274,19.6940099
56061,56242,2026,MOR/20260028323,2026/03/10,18:19:00,COLISIÓN POR CAMBIO DE CARRIL,ASFALTO,Bueno,Bueno,2,Toyota,Arena,1,,47,MASCULINO,SIN DATOS,0,0,Morelia,Jardines de Torremolinos,marzo,martes,18,-101.2268357,19.676739
56062,56243,2026,MOR/20260028341,2026/03/10,18:27:00,COLISIÓN POR CORTE DE CIRCULACIÓN,ASFALTO,Bueno,Bueno,2,Ford,Rojo,2,,35,MASCULINO,SIN DATOS,0,0,Morelia,Primo Tapia Oriente,marzo,martes,18,-101.1590634,19.7137294
56063,56245,2026,MOR/20260028353,2026/03/10,18:55:00,COLISIÓN POR ALCANCE,ASFALTO,Bueno,Bueno,2,Italika,Rojo,2,MINISTERIO PÚBLICO,16,MASCULINO,SIN DATOS,0,0,Morelia,Vista Bella,marzo,martes,19,-101.1953233,19.678945
56064,56246,2026,MOR/20260028461,2026/03/10,23:53:00,COLISIÓN POR NO RESPETAR SEMÁFORO,ASFALTO,Bueno,Bueno,2,Sgm,Blanco,2,MINISTERIO PÚBLICO,49,MASCULINO,SIN DATOS,0,0,Morelia,Chapultepec Norte,marzo,martes,0,-101.1790221,19.6935407
56065,56247,2026,MOR/20260028573,2026/03/11,"08:00:00",COLISIÓN POR ALCANCE,CONCRETO,Bueno,Bueno,2,Internacional,Gris,2,,54,MASCULINO,SIN DATOS,0,0,Morelia,Morelos,marzo,miércoles,8,-101.1850239,19.7241742
56066,56248,2026,MOR/2026571857387,2026/03/11,"09:07:00",COLISIÓN POR CORTE DE CIRCULACIÓN,ASFALTO,Bueno,Bueno,2,NISSAN,PLATA,2,,50,MASCULINO,SIN DATOS,0,0,Morelia,Infonavit Benito Juarez,marzo,miércoles,9,-101.1973275,19.6856571
56067,56249,2026,MOR/20260028596,2026/03/11,"09:30:00",COLISIÓN POR CAMBIO DE CARRIL,ASFALTO,Bueno,Bueno,2,INTERNACIONAL,BLANCO,2,,44,MASCULINO,SIN DATOS,0,0,Morelia,Tinijaro,marzo,miércoles,10,-101.2638888,19.6964374
56068,56250,2026,"20260028659",2026/03/11,12:13:00,COLISIÓN POR CORTE DE CIRCULACIÓN,CONCRETO,Bueno,Bueno,2,Vento nitros,Rojo negro,2,,23,MASCULINO,SIN DATOS,0,0,Morelia,Jose Ma Pino Suarez,marzo,miércoles,12,-101.1624898,19.7208279
56069,56251,2026,MOR/20260028694,2026/03/11,13:00:00,COLISIÓN POR CORTE DE CIRCULACIÓN,CONCRETO,Bueno,Bueno,2,Nissan,Plata,2,,63,MASCULINO,SIN DATOS,0,0,Morelia,Erendira,marzo,miércoles,13,-101.1644948,19.7034086
56070,56253,2026,MOR/20260028762,2026/03/11,16:30:00,COLISIÓN POR CAMBIO DE CARRIL,ASFALTO,Bueno,Regular,2,Internacional,Anaranjado,2,MINISTERIO PÚBLICO,32,MASCULINO,SIN DATOS,0,0,Morelia,Florida,marzo,miércoles,17,-101.2294878,19.6768002
56071,56255,2026,MOR/200260029046,2026/03/12,10:20:00,COLISIÓN POR ALCANCE,ASFALTO,Bueno,Bueno,2,Volkswagen,Blanco,2,,27,MASCULINO,SIN DATOS,0,0,Morelia,Alberto Oviedo Mota,marzo,jueves,10,-101.2022185,19.6768067
56072,56256,2026,MOR/20260029037,2026/03/12,10:30:00,COLISIÓN POR CAMBIO DE CARRIL,ASFALTO,Bueno,Bueno,2,Nissan,Arena,2,,73,MASCULINO,SIN DATOS,0,0,Morelia,Defensores De Puebla,marzo,jueves,11,-101.2345983,19.7149659
56073,56257,2026,MOR2026112,2026/03/12,13:20:00,COLISIÓN POR CORTE DE CIRCULACIÓN,ASFALTO,Bueno,Bueno,2,Bajaj,Negro,2,,21,MASCULINO,SIN DATOS,0,0,Morelia,Pascual Ortiz de Ayala,marzo,jueves,13,-101.1516008,19.6957491
56074,56258,2026,MOR202605681,2026/03/12,14:01:00,COLISIÓN CON PEATÓN,ASFALTO,Bueno,Bueno,1,Dodge,Blanco,2,MINISTERIO PÚBLICO,32,MASCULINO,SIN DATOS,1,0,Morelia,La Loma,marzo,jueves,14,-101.1801561,19.6812042
56075,56259,2026,MOR/20260029142,2026/03/12,15:31:00,COLISIÓN POR ALCANCE,CONCRETO,Bueno,Bueno,2,Seat,Blanco,2,,34,MASCULINO,SIN DATOS,0,0,Morelia,Morelia 450,marzo,jueves,16,-101.215954,19.6753308
56076,56260,2026,MOR/20260029140,2026/03/12,15:35:00,COLISIÓN POR ALCANCE,ASFALTO,Bueno,Bueno,2,Chrysler,Blanco rojo,2,,39,MASCULINO,SIN DATOS,0,0,Morelia,Libertad,marzo,jueves,16,-101.2364058,19.6851435
56077,56261,2026,MOR/20260029150,2026/03/12,16:20:00,COLISIÓN POR MANIOBRA DE REVERSA,ASFALTO,Bueno,Bueno,2,Toyota,Rojo,2,,61,FEMENINO,SIN DATOS,0,0,Morelia,Sentimientos de La Nacion,marzo,jueves,16,-101.234705,19.683036
56078,56263,2026,MOR/20260029143,2026/03/12,18:10:00,SALIDA DE SUPERFICIE DE RODAMIENTO,ASFALTO,Bueno,Bueno,1,NISSAN,BLANCO,1,,32,MASCULINO,SIN DATOS,0,0,Morelia,Sin datos,marzo,jueves,18,-101.3379166,19.5557739
56079,56264,2026,MOR/20260029194,2026/03/12,19:05:00,CAIDA DE MOTOCICLETA,ASFALTO,Nublado,Regular,1,ITALIKA,GRIS NEGRO,1,MINISTERIO PÚBLICO,23,MASCULINO,SIN DATOS,0,0,Morelia,Los Manantiales de Morelia,marzo,jueves,19,-101.2417758,19.69599
56080,56266,2026,MOR/20260029255,2026/03/12,20:40:00,COLISIÓN POR INVASIÓN DE CARRIL,CONCRETO,Bueno,Bueno,2,FORD,ROJO,2,,55,MASCULINO,SIN DATOS,0,0,Morelia,Villa Universidad,marzo,jueves,21,-101.2012322,19.6862341
56081,56268,2026,MOR20260005689,2026/03/13,"07:41:00",COLISIÓN POR CORTE DE CIRCULACIÓN,ASFALTO,Bueno,Bueno,2,VELOCI,ROJO/NEGRO,2,,0,,SIN DATOS,0,0,Morelia,Ana Maria Gallaga (Riviera Norte),marzo,viernes,8,-101.2242,19.6772
56082,56269,2026,"20260029403",2026/03/13,10:50:00,COLISIÓN POR MANIOBRA DE REVERSA,ASFALTO,Bueno,Bueno,2,CHEVROLET,BANCO,2,,20,MASCULINO,SIN DATOS,0,0,Morelia,Comision Federal de Electricidad,marzo,viernes,11,-101.1803853,19.6863359
56083,56270,2026,"20260029461",2026/03/13,13:30:00,COLISIÓN POR ALCANCE,ASFALTO,Nublado,Bueno,2,TOYOTA,ROJO,2,MINISTERIO PÚBLICO,22,MASCULINO,SIN DATOS,0,0,Morelia,Nueva Jacarndas,marzo,viernes,14,-101.191482,19.6821864
56084,56271,2026,MOR/20260029479,2026/03/13,14:25:00,COLISIÓN POR CORTE DE CIRCULACIÓN,ASFALTO,Lluvioso,Regular,1,CHEVROLET,BLANCO,1,,20,MASCULINO,SIN DATOS,0,0,Morelia,Sin datos,marzo,viernes,14,-101.3392103,19.6859263
56085,56273,2026,MOR/202696286613,2026/03/13,18:25:00,COLISIÓN POR CORTE DE CIRCULACIÓN,ASFALTO,Bueno,Bueno,2,Nissan,Gris,2,,32,FEMENINO,SIN DATOS,0,0,Morelia,Eduardo Ruiz,marzo,viernes,18,-101.216715,19.7183729
56086,56275,2026,"20260029617",2026/03/13,19:40:00,COLISIÓN POR CAMBIO DE CARRIL,ASFALTO,Bueno,Bueno,2,Volkswagen,Blanco,2,,24,MASCULINO,SIN DATOS,0,0,Morelia,Felix Ireta,marzo,viernes,20,-101.195593,19.6817682
56087,56276,2026,MOR/20260029587,2026/03/13,19:45:00,COLISIÓN POR CAMBIO DE CARRIL,ASFALTO,Bueno,Bueno,2,Honda,Gris,2,,65,MASCULINO,SIN DATOS,0,0,Morelia,Enrique Arreguin Robles,marzo,viernes,20,-101.1856826,19.7207569
56088,56277,2026,MOR/20260029593,2026/03/13,20:30:00,COLISIÓN POR ALCANCE,ASFALTO,Bueno,Bueno,1,Jeep,Gris,1,,62,MASCULINO,SIN DATOS,0,0,Morelia,Sin datos,marzo,viernes,21,-101.4093117,19.65237
56089,56278,2026,MOR/20260029661,2026/03/13,22:07:00,COLISIÓN CONTRA OBJETO FIJO,ASFALTO,Bueno,Bueno,1,CHEVROLET,GRIS,0,,,,,0,0,Morelia,El Lago 3,marzo,viernes,22,-101.2192836,19.7252041
56090,56280,2026,MOR/20260029778,2026/03/14,"09:11:00",COLISIÓN POR CORTE DE CIRCULACIÓN,ASFALTO,Bueno,Bueno,2,Vento,Gris,2,,33,FEMENINO,SIN DATOS,0,0,Morelia,Eduardo Ruiz,marzo,sábado,9,-101.2189355,19.7199817
56091,56281,2026,MOR/20260029826,2026/03/14,11:05:00,COLISIÓN POR ALCANCE,ASFALTO,Bueno,Regular,2,Ford,Roja,2,,,MASCULINO,SIN DATOS,0,0,Morelia,Terrazas,marzo,sábado,11,-101.1811026,19.7197214
56092,56282,2026,MOR2026004897,2026/03/14,12:20:00,COLISIÓN POR ALCANCE,ASFALTO,Bueno,Bueno,2,Honda,Negro,2,,28,MASCULINO,SIN DATOS,0,0,Morelia,Vasco de Quiroga,marzo,sábado,12,-101.1685385,19.6969677
56093,56283,2026,MOR/20260029848,2026/03/14,13:00:00,COLISIÓN POR CORTE DE CIRCULACIÓN,ASFALTO,Bueno,Regular,2,Toyota,Blanco,2,,46,MASCULINO,SIN DATOS,0,0,Morelia,Terrazas,marzo,sábado,13,-101.1813284,19.7198419
56094,56284,2026,MOR/20260029938,2026/03/14,16:20:00,COLISIÓN POR CORTE DE CIRCULACIÓN,ASFALTO,Bueno,Bueno,2,Bmw,Rojo,2,,55,FEMENINO,SIN DATOS,0,0,Morelia,Centro,marzo,sábado,16,-101.1901463,19.7083923
56095,56285,2026,MOR202628913,2026/03/14,18:18:00,COLISIÓN POR ALCANCE,ASFALTO,Bueno,Bueno,2,FORD,AZUL,2,,,MASCULINO,SIN DATOS,0,0,Morelia,Sentimientos de La Nacion,marzo,sábado,18,-101.2365038,19.6841716
56096,56286,2026,MOR20260362341,2026/03/14,19:10:00,COLISIÓN POR CORTE DE CIRCULACIÓN,ASFALTO,Bueno,Bueno,2,VELOCI,NEGRO,2,,,MASCULINO,SIN DATOS,0,0,Morelia,Sentimientos de La Nacion,marzo,sábado,19,-101.2345948,19.6809328
56097,56287,2026,MOR/MOR/20260029997,2026/03/14,19:20:00,SALIDA DE SUPERFICIE DE RODAMIENTO,CONCRETO,Bueno,Bueno,1,FORD,AZUL,1,,39,MASCULINO,SIN DATOS,0,0,Morelia,Valle Verde,marzo,sábado,19,-101.1937078,19.7310741
56098,56289,2026,MOR/20260030029,2026/03/14,20:31:00,COLISIÓN POR ALCANCE,ASFALTO,Bueno,Bueno,2,FORD,BLANCO,2,,68,MASCULINO,SIN DATOS,0,0,Morelia,Tlalpujahua,marzo,sábado,21,-101.2179317,19.6794637
56099,56290,2026,MOR/20260030109,2026/03/14,21:50:00,COLISIÓN POR CAMBIO DE CARRIL,ASFALTO,Bueno,Regular,2,Volkswagen,Gris,2,MINISTERIO PÚBLICO,56,MASCULINO,SIN DATOS,0,0,Morelia,Lomas del Tecnologico,marzo,sábado,22,-101.1933975,19.723386
56100,56291,2026,MOR/20260030204,2026/03/15,"01:53:00",SALIDA DE SUPERFICIE DE RODAMIENTO,ASFALTO,Bueno,Bueno,1,FORD,GUINDA,1,,47,FEMENINO,SIN DATOS,0,0,Charo,Sin datos,marzo,domingo,2,-101.0326633,19.7608747
56101,56292,2026,MOR/20260030327,2026/03/15,"07:00:00",COLISIÓN CONTRA OBJETO FIJO,ASFALTO,Bueno,Regular,1,Suzuki,Blanco,1,,57,FEMENINO,SIN DATOS,0,0,Morelia,Lomas de Las Americas Norte,marzo,domingo,7,-101.1492383,19.6955697
56102,56294,2026,MOR/20260030449,2026/03/15,14:25:00,COLISIÓN POR CORTE DE CIRCULACIÓN,ASFALTO,Bueno,Bueno,2,Toyota,Blanco y crema,2,,18,MASCULINO,SIN DATOS,0,0,Morelia,Cruz del Barreno,marzo,domingo,14,-101.2072973,19.7223623
56103,56297,2026,"20260030545",2026/03/15,18:40:00,COLISIÓN POR INVASIÓN DE CARRIL,ASFALTO,Bueno,Bueno,2,Speed,Gris,2,MINISTERIO PÚBLICO,46,MASCULINO,SIN DATOS,0,0,Morelia,Isaac Arriaga,marzo,domingo,19,-101.1689396,19.7113935
56104,56298,2026,"20260030572",2026/03/15,19:30:00,COLISIÓN CONTRA OBJETO FIJO,ASFALTO,Bueno,Bueno,1,Peugeot,Gris,1,,30,MASCULINO,SIN DATOS,0,0,Morelia,La Huerta,marzo,domingo,20,-101.2171947,19.6736528
56105,56299,2026,MOR20260030622,2026/03/15,21:05:00,COLISIÓN POR ALCANCE,ASFALTO,Bueno,Bueno,2,Hyundai,Blanco,2,,43,MASCULINO,SIN DATOS,0,0,Morelia,Ciudad Industrial,marzo,domingo,21,-101.1381108,19.7286459
56106,56300,2026,MOR/20260030733,2026/03/16,"00:30:00",COLISIÓN POR CORTE DE CIRCULACIÓN,CONCRETO,Bueno,Bueno,2,Italika,Negro,2,,26,MASCULINO,SIN DATOS,0,0,Morelia,La Aurora,marzo,lunes,1,-101.225272,19.7272139