fid,id_accidente,anio_origen,folio_c5i,dia_incidente,hora_ocurrencia,tipo_incidente_vial,superficie_ocurrencia,condiciones_climaticas,condiciones_via,numero_vehiculos_involucrados,marca_vehiculo_ocasiona_siniestro,color_vehiculo_ocasiona_siniestro,numero_personas_involucradas,lugar_remite_presunto_responsable,edad_presunto_responsable,sexo_presunto_responsable,resultados_toxicologia,numero_personas_lesionadas,numero_personas_fallecidas,municipio,colonia,mes,dia_semana,hora_redondeada,lon,lat
56107,56301,2026,MOR/20260030853,2026/03/16,"07:40:00",COLISIÓN POR CORTE DE CIRCULACIÓN,ASFALTO,Bueno,Bueno,2,Nissan,Blanco y rojo,2,,43,MASCULINO,SIN DATOS,0,0,Morelia,Campestre Los Manantiales,marzo,lunes,8,-101.238222,19.6881994
56108,56302,2026,MOR2026068,2026/03/16,10:20:00,COLISIÓN POR CAMBIO DE CARRIL,ASFALTO,Bueno,Bueno,2,Audi,Azul,2,,30,MASCULINO,SIN DATOS,0,0,Morelia,Nueva Valladolid,marzo,lunes,10,-101.2075476,19.7018079
56109,56303,2026,MOR/20260030914,2026/03/16,12:45:00,COLISIÓN POR CORTE DE CIRCULACIÓN,ASFALTO,Bueno,Bueno,2,Ford,Azul,2,,49,MASCULINO,SIN DATOS,0,0,Morelia,Centenario (Los Alamos Poniente),marzo,lunes,13,-101.1734859,19.7328345
56110,56304,2026,MOR/20260030934,2026/03/16,13:50:00,COLISIÓN POR CORTE DE CIRCULACIÓN,CONCRETO,Bueno,Bueno,2,Dodge,Gris,2,,,,,2,0,Morelia,Americas Britania,marzo,lunes,14,-101.1445108,19.6893748
56111,56305,2026,MOR/20260030960,2026/03/16,14:24:00,COLISIÓN POR CAMBIO DE CARRIL,CONCRETO,Bueno,Bueno,2,Chevrolet,Blanco,2,,29,MASCULINO,SIN DATOS,0,0,Morelia,Pastor Manuel Sanchez Camarena,marzo,lunes,14,-101.1982347,19.7379107
56112,56306,2026,MOR20269837,2026/03/16,17:45:00,COLISIÓN CONTRA OBJETO FIJO,ASFALTO,Bueno,Bueno,1,Nissan,Blanco,1,,80,MASCULINO,SIN DATOS,0,0,Morelia,Praderas de La Loma,marzo,lunes,18,-101.1897311,19.6563745
56113,56307,2026,MOR/20260031015,2026/03/16,17:50:00,COLISIÓN POR ALCANCE,ASFALTO,Bueno,Bueno,3,Chevrolet,Guinda,3,,23,MASCULINO,SIN DATOS,0,0,Charo,Sin datos,marzo,lunes,18,-101.0540651,19.6828944
56114,56308,2026,MOR/20260031056,2026/03/16,18:54:00,COLISIÓN POR ALCANCE,CONCRETO,Bueno,Bueno,2,Dodge,Arena,2,,26,MASCULINO,SIN DATOS,0,0,Morelia,Morelia 450,marzo,lunes,19,-101.2170686,19.6757726
56115,56309,2026,MOR/20260031089,2026/03/16,20:09:00,SUBIDA AL CAMELLÓN,ASFALTO,Bueno,Bueno,1,Chevrolet,Guinda,1,,53,FEMENINO,SIN DATOS,0,0,Morelia,Felix Arreguin,marzo,lunes,20,-101.2256183,19.7223597
56116,56310,2026,MOR2026912781,2026/03/16,20:20:00,COLISIÓN POR NO RESPETAR SEMÁFORO,ASFALTO,Bueno,Bueno,2,Ford,Azul,2,,47,MASCULINO,SIN DATOS,0,0,Morelia,Bosques de Oriente,marzo,lunes,20,-101.1562474,19.7156297
56117,56311,2026,MOR/20260031125,2026/03/16,21:45:00,COLISIÓN POR CORTE DE CIRCULACIÓN,ASFALTO,Bueno,Bueno,1,Nissan,Gris,1,,59,MASCULINO,SIN DATOS,0,0,Morelia,Los Angeles,marzo,lunes,22,-101.1771149,19.7401176
56118,56312,2026,MOR/20260031140,2026/03/16,22:10:00,COLISIÓN POR CORTE DE CIRCULACIÓN,ASFALTO,Bueno,Bueno,2,Volkswagen,Gris,2,MINISTERIO PÚBLICO,35,MASCULINO,SIN DATOS,0,0,Morelia,Morelia 450,marzo,lunes,22,-101.2170434,19.6757121
56119,56313,2026,MOR20256299,2026/03/16,22:50:00,COLISIÓN CONTRA OBJETO FIJO,ASFALTO,Bueno,Bueno,1,Volkswagen,Blanco,1,MINISTERIO PÚBLICO,45,MASCULINO,SIN DATOS,0,0,Morelia,Praderas de La Loma,marzo,lunes,23,-101.1898713,19.6562747
56120,56314,2026,MOR/20260031240,2026/03/17,"07:40:00",COLISIÓN POR ALCANCE,ASFALTO,Bueno,Bueno,2,Ford,Blanco/rojo,2,,42,MASCULINO,SIN DATOS,0,0,Morelia,Sentimientos de La Nacion,marzo,martes,8,-101.2366206,19.683961
56121,56315,2026,MOR/20260031226,2026/03/17,"07:40:00",COLISIÓN CONTRA OBJETO FIJO,ASFALTO,Bueno,Bueno,1,Mazda,Guinda,1,,31,FEMENINO,SIN DATOS,0,0,Morelia,Sin datos,marzo,martes,8,-101.123751,19.7101497
56122,56316,2026,MOR/2026031239,2026/03/17,"08:48:00",COLISIÓN POR ALCANCE,ASFALTO,Bueno,Bueno,2,Chevrolet,Negra,2,,58,MASCULINO,SIN DATOS,0,0,Morelia,Loma Real,marzo,martes,9,-101.1987915,19.7298684
56123,56317,2026,MOR/202600313>9,2026/03/17,11:15:00,COLISIÓN POR ALCANCE,ASFALTO,Bueno,Bueno,2,Nissan,Rojo,2,,25,MASCULINO,SIN DATOS,0,0,Morelia,Centro,marzo,martes,11,-101.186399,19.7026757
56124,56318,2026,MOR/20260031286,2026/03/17,11:17:00,COLISIÓN POR ALCANCE,ASFALTO,Bueno,Bueno,2,Nissan,Blanco y amarillo,2,MINISTERIO PÚBLICO,54,MASCULINO,SIN DATOS,0,0,Morelia,Insurgentes,marzo,martes,11,-101.1557337,19.6954471
56125,56319,2026,MOR/20260031280,2026/03/17,11:17:00,COLISIÓN POR CORTE DE CIRCULACIÓN,CONCRETO,Bueno,Bueno,2,Bajaj,Gris/negro,2,,17,MASCULINO,SIN DATOS,0,0,Morelia,Ciudad Industrial,marzo,martes,11,-101.1428725,19.7250592
56126,56320,2026,MOR/20260031316,2026/03/17,12:30:00,COLISIÓN POR ALCANCE,ASFALTO,Bueno,Bueno,2,Vento,Plata,2,,40,FEMENINO,SIN DATOS,0,0,Morelia,Nueva Jacarndas,marzo,martes,13,-101.1878114,19.681238
56127,56321,2026,MOR/20260031326,2026/03/17,13:34:00,COLISIÓN POR CORTE DE CIRCULACIÓN,ASFALTO,Bueno,Bueno,2,Italika,Negro,2,MINISTERIO PÚBLICO,25,MASCULINO,SIN DATOS,0,0,Morelia,La Calera,marzo,martes,14,-101.2382,19.674
56128,56322,2026,MOR/20260031355,2026/03/17,14:40:00,COLISIÓN POR ALCANCE,ASFALTO,Nublado,Regular,2,Gml,Blanco,2,,33,MASCULINO,SIN DATOS,0,0,Morelia,Campestre Los Manantiales,marzo,martes,15,-101.2384459,19.6887383
56129,56323,2026,M0R/20260031377,2026/03/17,15:26:00,COLISIÓN POR MANIOBRA DE REVERSA,ASFALTO,Bueno,Bueno,2,Jeep,Negro,2,,26,FEMENINO,SIN DATOS,0,0,Morelia,Sentimientos de La Nacion,marzo,martes,15,-101.2340366,19.679574
56130,56324,2026,MOR/20260031350,2026/03/17,16:40:00,COLISIÓN POR MANIOBRA DE REVERSA,TERRACERIA,Bueno,Regular,2,Hyundai,Gris,2,,70,FEMENINO,SIN DATOS,0,0,Morelia,San Isidro Itzicuaro,marzo,martes,17,-101.2741692,19.6876253
56131,56325,2026,MOR/20260031397,2026/03/17,18:00:00,SALIDA DE SUPERFICIE DE RODAMIENTO,ASFALTO,Bueno,Bueno,1,Nissan,Rojo,1,,33,MASCULINO,SIN DATOS,0,0,Charo,Sin datos,marzo,martes,18,-101.031195,19.761945
56132,56326,2026,MOR/20260031474,2026/03/17,20:05:00,VOLCADURA,ASFALTO,Bueno,Bueno,1,Honda,Rojo,2,,49,MASCULINO,SIN DATOS,1,0,Morelia,Alberto Oviedo Mota,marzo,martes,20,-101.1970479,19.6810377
56133,56327,2026,MOR/20260031497,2026/03/17,20:25:00,COLISIÓN POR INVASIÓN DE CARRIL,ASFALTO,Bueno,Bueno,2,Toyota,Blanco cafe,2,,50,MASCULINO,SIN DATOS,0,0,Morelia,Gertrudis Bocanegra,marzo,martes,20,-101.2117247,19.7020926
56134,56328,2026,MOR/20260031157,2026/03/17,22:24:00,COLISIÓN POR CAMBIO DE CARRIL,ASFALTO,Bueno,Bueno,2,Mercedes benz,Blanco y naranja,2,MINISTERIO PÚBLICO,21,MASCULINO,SIN DATOS,0,0,Morelia,La Calera,marzo,martes,22,-101.2382,19.674
56135,56329,2026,MOR/20260031606,2026/03/18,"08:15:00",COLISIÓN POR CAMBIO DE CARRIL,ASFALTO,Bueno,Bueno,2,Volvo,Azul,2,,29,MASCULINO,SIN DATOS,0,0,Morelia,Sentimientos de La Nacion,marzo,miércoles,8,-101.2352724,19.6810795
56136,56330,2026,MOR/20260031612,2026/03/18,"09:00:00",COLISIÓN POR CORTE DE CIRCULACIÓN,ASFALTO,Bueno,Bueno,2,Nissan,Blanco,2,,29,MASCULINO,SIN DATOS,0,0,Morelia,Ventura Puente,marzo,miércoles,9,-101.1906247,19.6928991
56137,56331,2026,MOR/20260029789,2026/03/18,10:05:00,SALIDA DE SUPERFICIE DE RODAMIENTO,CONCRETO,Bueno,Bueno,1,Freightliner,Blanco,1,,35,MASCULINO,SIN DATOS,0,0,Morelia,Sin datos,marzo,miércoles,10,-101.1160476,19.7009789
56138,56332,2026,MOR/20260031684,2026/03/18,13:32:00,COLISIÓN POR ALCANCE,ASFALTO,Bueno,Bueno,2,Ford,Blanco,2,,21,MASCULINO,SIN DATOS,0,0,Morelia,La Esperanza,marzo,miércoles,14,-101.1547034,19.6999199
56139,56333,2026,MOR26000000,2026/03/18,15:18:00,COLISIÓN CON PEATÓN,ASFALTO,Bueno,Bueno,1,Nissan,Blanco naranja,2,MINISTERIO PÚBLICO,18,MASCULINO,SIN DATOS,1,0,Morelia,Enrique Arreguin Robles,marzo,miércoles,15,-101.1855613,19.7235477
56140,56334,2026,MOR/20260031785,2026/03/18,19:26:00,COLISIÓN POR CAMBIO DE CARRIL,ASFALTO,Bueno,Bueno,2,Nissan,Blanco rosa,2,,27,MASCULINO,SIN DATOS,0,0,Morelia,Industrial,marzo,miércoles,19,-101.1969217,19.7130365
56141,56335,2026,MOR/20260031801,2026/03/18,20:50:00,COLISIÓN POR CORTE DE CIRCULACIÓN,ASFALTO,Bueno,Bueno,1,Vento,Negro,1,,25,MASCULINO,SIN DATOS,0,0,Morelia,Mision del Valle,marzo,miércoles,21,-101.1104244,19.7628206
56142,56336,2026,MOR202686,2026/03/18,22:10:00,COLISIÓN POR CAMBIO DE CARRIL,ASFALTO,Bueno,Bueno,2,Toyota,Blanco/naranja,2,,31,MASCULINO,SIN DATOS,0,0,Morelia,Industrial,marzo,miércoles,22,-101.1936754,19.7122459
56143,56337,2026,MOR/20260031863,2026/03/18,23:30:00,SALIDA DE SUPERFICIE DE RODAMIENTO,ASFALTO,Bueno,Bueno,1,NISSAN,GRIS,1,,33,MASCULINO,SIN DATOS,0,0,Morelia,Sin datos,marzo,miércoles,0,-101.2373914,19.6606313
56144,56338,2026,MOR/20260031927,2026/03/19,"06:23:00",COLISIÓN CONTRA OBJETO FIJO,ASFALTO,Bueno,Bueno,1,Ford,Negro,1,MINISTERIO PÚBLICO,44,MASCULINO,SIN DATOS,0,0,Morelia,Sin datos,marzo,jueves,6,-101.279567,19.6235534
56145,56339,2026,MOR/20260031931,2026/03/19,"08:00:00",COLISIÓN POR CORTE DE CIRCULACIÓN,ASFALTO,Bueno,Bueno,2,Chevrolet,Azul,2,,35,FEMENINO,SIN DATOS,0,0,Morelia,Indeco Santiaguito,marzo,jueves,8,-101.1752667,19.7240967
56146,56340,2026,MOR/20260031944,2026/03/19,"08:00:00",COLISIÓN POR ALCANCE,ASFALTO,Bueno,Bueno,2,Peugeot,Gris,2,,25,MASCULINO,SIN DATOS,0,0,Morelia,La Esperanza,marzo,jueves,8,-101.2508144,19.6986296
56147,56341,2026,MOR/20260031962,2026/03/19,"08:15:00",COLISIÓN POR CORTE DE CIRCULACIÓN,ASFALTO,Bueno,Bueno,2,Fiat,Gris,2,MINISTERIO PÚBLICO,50,FEMENINO,SIN DATOS,0,0,Tarímbaro,Sin datos,marzo,jueves,8,-101.1385744,19.7746075
56148,56342,2026,MOR/20260031969,2026/03/19,"08:20:00",COLISIÓN POR ALCANCE,ASFALTO,Bueno,Bueno,2,SEAT,NEGRO,2,,26,MASCULINO,SIN DATOS,0,0,Morelia,Chapultepec Sur,marzo,jueves,8,-101.1792178,19.6923416
56149,56343,2026,MOR20260032045,2026/03/19,12:49:00,COLISIÓN POR ALCANCE,ASFALTO,Bueno,Bueno,2,Nissan,Gris,2,,65,MASCULINO,SIN DATOS,0,0,Morelia,Rector Hidalgo,marzo,jueves,13,-101.2242,19.6859
56150,56344,2026,MOR20260000001,2026/03/19,14:20:00,COLISIÓN CONTRA OBJETO FIJO,ASFALTO,Bueno,Bueno,1,Chevrolet,Rojo,1,MINISTERIO PÚBLICO,65,MASCULINO,SIN DATOS,0,0,Morelia,Plan de La Garita,marzo,jueves,14,-101.1871444,19.7111315
56151,56345,2026,MOR/20260032101,2026/03/19,14:45:00,COLISIÓN POR CORTE DE CIRCULACIÓN,ASFALTO,Bueno,Bueno,2,V.w.,Blanco,2,,23,FEMENINO,SIN DATOS,0,0,Morelia,Comision Federal de Electricidad,marzo,jueves,15,-101.1800766,19.687515
56152,56346,2026,MOR/20260032117,2026/03/19,15:40:00,COLISIÓN CONTRA OBJETO FIJO,ASFALTO,Bueno,Bueno,2,Kia,Blanco,3,,54,FEMENINO,SIN DATOS,1,0,Morelia,Ario 1815,marzo,jueves,16,-101.278349,19.6991593
56153,56347,2026,MOR/20260032206,2026/03/19,19:40:00,COLISIÓN POR CAMBIO DE CARRIL,ASFALTO,Bueno,Bueno,2,KENWORTH,BLANCO,2,,29,MASCULINO,SIN DATOS,0,0,Morelia,Morelia 450,marzo,jueves,20,-101.2162219,19.6755249
56154,56348,2026,MOR/20260032230,2026/03/19,21:15:00,SALIDA DE SUPERFICIE DE RODAMIENTO,ASFALTO,Bueno,Bueno,1,KIA,BLANCO,1,,43,MASCULINO,SIN DATOS,0,0,Morelia,Sin datos,marzo,jueves,21,-101.2888362,19.7031425
56155,56350,2026,MOR2025611,2026/03/20,"08:39:00",COLISIÓN POR CAMBIO DE CARRIL,CONCRETO,Bueno,Bueno,2,GAC,GRIS,2,,,,ALIENTO ETÍLICO,0,0,Morelia,Santa Maria de Guido,marzo,viernes,9,-101.1891916,19.6764831
56156,56351,2026,MOR/20260032401,2026/03/20,"09:54:00",COLISIÓN POR CAMBIO DE CARRIL,ASFALTO,Bueno,Bueno,2,KENWORTH,AZUL,2,,66,MASCULINO,SIN DATOS,0,0,Morelia,Sin datos,marzo,viernes,10,-101.3176829,19.5724885
56157,56352,2026,MOR/20260032418,2026/03/20,10:45:00,COLISIÓN POR CAMBIO DE CARRIL,TERRACERIA,Bueno,Regular,2,KIA,ROJO,2,,51,FEMENINO,SIN DATOS,0,0,Morelia,La Calera,marzo,viernes,11,-101.2329146,19.6775266
56158,56353,2026,MOR/20260032448,2026/03/20,11:15:00,COLISIÓN POR CORTE DE CIRCULACIÓN,ASFALTO,Bueno,Bueno,3,ITALIKA,NEGRO AZUL Y ROJO,3,MINISTERIO PÚBLICO,23,MASCULINO,SIN DATOS,0,0,Morelia,5 de Mayo,marzo,viernes,11,-101.1761663,19.7049318
56159,56354,2026,MOR/20260032503,2026/03/20,12:45:00,COLISIÓN POR INVASIÓN DE CARRIL,ASFALTO,Bueno,Bueno,2,NISSAN,BLANCO/ROJO,1,,57,MASCULINO,SIN DATOS,0,0,Morelia,Tierra Y Libertad,marzo,viernes,13,-101.229315,19.7152074
56160,56355,2026,MOR/20260032497,2026/03/20,13:02:00,COLISIÓN POR CORTE DE CIRCULACIÓN,ASFALTO,Bueno,Bueno,2,ITALIKA,BLANCO,2,,41,MASCULINO,SIN DATOS,0,0,Morelia,Ventura Puente,marzo,viernes,13,-101.1816172,19.6907724
56161,56356,2026,MOR/20260032530,2026/03/20,13:05:00,COLISIÓN POR CORTE DE CIRCULACIÓN,ASFALTO,Bueno,Bueno,2,KIA,GRIS,2,,77,MASCULINO,SIN DATOS,0,0,Morelia,La Calera,marzo,viernes,13,-101.2335851,19.6775543
56162,56357,2026,MOR/20260032481,2026/03/20,13:30:00,COLISIÓN CONTRA OBJETO FIJO,CONCRETO,Bueno,Bueno,2,Internacional,Blanco,0,MINISTERIO PÚBLICO,,,,0,0,Morelia,Sin datos,marzo,viernes,14,-101.237385,19.6606383
56163,56358,2026,MOR/20260032568,2026/03/20,15:22:00,COLISIÓN POR ALCANCE,CONCRETO,Bueno,Bueno,1,VENTE,BLANCO,1,,64,MASCULINO,SIN DATOS,0,0,Morelia,Chapultepec Oriente,marzo,viernes,15,-101.1624315,19.6897102
56164,56359,2026,MOR/20260032580,2026/03/20,15:39:00,COLISIÓN POR ALCANCE,ASFALTO,Bueno,Bueno,2,NISSAN,BLANCO,2,,26,MASCULINO,SIN DATOS,0,0,Morelia,Isaac Arriaga,marzo,viernes,16,-101.1670696,19.7096172
56165,56360,2026,MOR/20260032609,2026/03/20,17:45:00,COLISIÓN POR ALCANCE,ASFALTO,Bueno,Bueno,2,JEEP,BLANCO,2,,19,MASCULINO,SIN DATOS,0,0,Morelia,Las Americas,marzo,viernes,18,-101.1569482,19.6877747
56166,56361,2026,MOR/20260032639,2026/03/20,18:55:00,COLISIÓN POR CORTE DE CIRCULACIÓN,ASFALTO,Bueno,Bueno,2,HONDA,BLANCO,2,,35,MASCULINO,SIN DATOS,0,0,Morelia,Montaña Monarca,marzo,viernes,19,-101.1650545,19.6660587
56167,56363,2026,MOR/20260032651,2026/03/20,20:25:00,COLISIÓN POR CORTE DE CIRCULACIÓN,ASFALTO,Bueno,Regular,2,HONDA,GRIS,2,,50,FEMENINO,SIN DATOS,0,0,Morelia,Jardines de Guadalupe,marzo,viernes,20,-101.2237599,19.7133654
56168,56366,2026,MOR/20260032830,2026/03/21,"02:30:00",COLISIÓN POR ALCANCE,ASFALTO,Bueno,Bueno,1,NISSAN,GRIS,1,,31,MASCULINO,SIN DATOS,0,0,Morelia,Villa Universidad,marzo,sábado,3,-101.2119868,19.6920616
56169,56367,2026,MOR/20260032832,2026/03/21,"02:50:00",VOLCADURA,ASFALTO,Bueno,Bueno,1,CHEVROLET,NEGRO,1,,27,MASCULINO,SIN DATOS,0,0,Morelia,Diego Rivera,marzo,sábado,3,-101.1750842,19.7178182
56170,56369,2026,MOR/20260032859,2026/03/21,"05:08:00",COLISIÓN CONTRA OBJETO FIJO,CONCRETO,Bueno,Bueno,1,Mercedes beanz,Blanco,0,MINISTERIO PÚBLICO,,,,0,0,Morelia,Los Manantiales de Morelia,marzo,sábado,5,-101.2413085,19.7007241
56171,56370,2026,MOR/20260032915,2026/03/21,11:30:00,COLISIÓN POR CORTE DE CIRCULACIÓN,ASFALTO,Bueno,Bueno,2,FORD,ROJO,2,,63,MASCULINO,SIN DATOS,0,0,Morelia,Vasco de Quiroga,marzo,sábado,12,-101.1717165,19.7043551
56172,56371,2026,MOR/20260032923,2026/03/21,11:55:00,COLISIÓN POR CAMBIO DE CARRIL,ASFALTO,Bueno,Bueno,2,GMC,GRIS,2,,45,FEMENINO,SIN DATOS,0,0,Morelia,Campestre Los Manantiales,marzo,sábado,12,-101.23801,19.6884093
56173,56372,2026,MOR/20260032931,2026/03/21,12:33:00,COLISIÓN POR CORTE DE CIRCULACIÓN,CONCRETO,Bueno,Bueno,2,VOLKSWAGEN,VERDE,2,,37,MASCULINO,SIN DATOS,0,0,Morelia,Los Olivos,marzo,sábado,13,-101.2062467,19.6588583
56174,56373,2026,MOR/20260032961,2026/03/21,14:00:00,COLISIÓN POR CAMBIO DE CARRIL,ASFALTO,Bueno,Regular,2,INTERNATIONAL,ROJO,2,,22,MASCULINO,SIN DATOS,0,0,Morelia,Sentimientos de La Nacion,marzo,sábado,14,-101.2362163,19.6832855
56175,56374,2026,MOR/20260032979,2026/03/21,15:15:00,COLISIÓN POR CORTE DE CIRCULACIÓN,ASFALTO,Bueno,Bueno,2,CHEVROLET,ROJO,2,,35,FEMENINO,SIN DATOS,0,0,Morelia,Guadalupe,marzo,sábado,15,-101.2215598,19.7098622
56176,56375,2026,MOR/20260032998,2026/03/21,15:45:00,COLISIÓN POR MANIOBRA DE REVERSA,ASFALTO,Bueno,Regular,2,FORD,ROJO,2,,33,MASCULINO,SIN DATOS,0,0,Morelia,Leandro Valle,marzo,sábado,16,-101.231063,19.7242865
56177,56376,2026,MOR/20260033039,2026/03/21,17:35:00,COLISIÓN POR MANIOBRA DE REVERSA,ASFALTO,Bueno,Bueno,2,Chevrolet,Rojo,2,,28,MASCULINO,SIN DATOS,0,0,Charo,Sin datos,marzo,sábado,18,-101.0022363,19.6994634
56178,56377,2026,MOR/20260033011,2026/03/21,18:10:00,COLISIÓN POR CAMBIO DE CARRIL,ASFALTO,Bueno,Bueno,2,Nissan,Arena/blanco,2,MINISTERIO PÚBLICO,28,MASCULINO,SIN DATOS,0,0,Morelia,Dr Miguel Silva,marzo,sábado,18,-101.1866766,19.715621
56179,56378,2026,MOR/20260033060,2026/03/21,18:45:00,COLISIÓN POR ALCANCE,ASFALTO,Bueno,Bueno,2,Kia,Plata,2,,32,FEMENINO,SIN DATOS,0,0,Morelia,Ampliacion La Soledad,marzo,sábado,19,-101.1901596,19.7319263
56180,56379,2026,MOR/20260033071,2026/03/21,19:00:00,CAIDA DE MOTOCICLETA,CONCRETO,Bueno,Bueno,1,Viento,Gris,1,,51,MASCULINO,SIN DATOS,0,0,Morelia,Loma Bonita,marzo,sábado,19,-101.1967999,19.7224035
56181,56380,2026,MOR/20260033323,2026/03/22,"04:38:00",COLISIÓN CONTRA OBJETO FIJO,ASFALTO,Bueno,Bueno,1,Nissan,Gris,1,,35,MASCULINO,SIN DATOS,0,0,Morelia,Sin datos,marzo,domingo,5,-101.1195197,19.7307105
56182,56381,2026,MOR/20260033367,2026/03/22,"07:40:00",COLISIÓN POR ALCANCE,ASFALTO,Bueno,Bueno,2,Toyota,Plata,2,,22,MASCULINO,SIN DATOS,0,0,Morelia,Ventura Puente,marzo,domingo,8,-101.1808926,19.6889859
56183,56382,2026,MOR20267984,2026/03/22,11:10:00,COLISIÓN POR ALCANCE,ASFALTO,Bueno,Bueno,2,Ford,Blanco,2,,35,FEMENINO,SIN DATOS,0,0,Morelia,Josefa Ortiz de Dominguez,marzo,domingo,11,-101.2133517,19.6730167
56184,56383,2026,MOR/20260033249,2026/03/22,12:50:00,COLISIÓN CONTRA OBJETO FIJO,CONCRETO,Bueno,Bueno,2,Volkswagen,Plata,1,,34,MASCULINO,SIN DATOS,0,0,Morelia,Agustin Arriaga Rivera,marzo,domingo,13,-101.2187092,19.6933674
56185,56385,2026,MOR/20260033631,2026/03/22,20:55:00,COLISIÓN POR CORTE DE CIRCULACIÓN,ASFALTO,Bueno,Bueno,2,Nissan,Blanco,2,,48,MASCULINO,SIN DATOS,0,0,Morelia,Rector Hidalgo,marzo,domingo,21,-101.2242,19.6859
56186,56386,2026,MOR/20260033610 🫡,2026/03/22,20:59:00,VOLCADURA,ASFALTO,Bueno,Bueno,1,Honda,Negro,1,,32,FEMENINO,SIN DATOS,0,0,Morelia,Sin datos,marzo,domingo,21,-101.3369635,19.5564426
56187,56387,2026,MOR20265891,2026/03/22,21:07:00,COLISIÓN POR CORTE DE CIRCULACIÓN,ASFALTO,Bueno,Bueno,2,Toyota,Blanco con gris,2,,,MASCULINO,SIN DATOS,0,0,Morelia,Ventura Puente,marzo,domingo,21,-101.1880292,19.6908178
56188,56388,2026,MOR/20260033650,2026/03/22,22:26:00,COLISIÓN POR NO RESPETAR SEMÁFORO,ASFALTO,Bueno,Bueno,2,Dinamo,Negro y rojo,2,,35,MASCULINO,SIN DATOS,0,0,Morelia,Chapultepec Sur,marzo,domingo,22,-101.1796176,19.6908668
56189,56389,2026,MOR/20260033751,2026/03/23,"05:52:00",COLISIÓN POR CAMBIO DE CARRIL,ASFALTO,Bueno,Bueno,2,Freightliner,Blanco,2,,29,MASCULINO,SIN DATOS,0,0,Morelia,Industrial,marzo,lunes,6,-101.1882508,19.7117583
56190,56390,2026,MOR/20260033764,2026/03/23,"08:00:00",COLISIÓN CONTRA OBJETO FIJO,ASFALTO,Bueno,Bueno,1,Linconl,Blanco,1,,22,MASCULINO,SIN DATOS,0,0,Morelia,Pascual Ortiz de Ayala,marzo,lunes,8,-101.1528445,19.6965019
56191,56391,2026,MOR/20260033788,2026/03/23,"09:10:00",COLISIÓN POR ALCANCE,ASFALTO,Bueno,Bueno,2,Toyota,Plata,2,,40,MASCULINO,SIN DATOS,0,0,Morelia,Granjas del Maestro,marzo,lunes,9,-101.1907319,19.7123522
56192,56392,2026,MOR/20260033822,2026/03/23,10:10:00,COLISIÓN POR CORTE DE CIRCULACIÓN,ASFALTO,Bueno,Bueno,2,Nissan,Amarillo,2,MINISTERIO PÚBLICO,21,MASCULINO,SIN DATOS,0,0,Morelia,Lomas del Mayoral,marzo,lunes,10,-101.3137843,19.6893659
56193,56393,2026,MOR20260033872,2026/03/23,13:13:00,COLISIÓN CONTRA OBJETO FIJO,CONCRETO,Bueno,Bueno,1,Hyundai,Blanco,1,,47,,SIN DATOS,0,0,Morelia,Lomas de Huerta,marzo,lunes,13,-101.2104693,19.6726035
56194,56394,2026,MOR/20260033922,2026/03/23,14:50:00,COLISIÓN POR ALCANCE,ASFALTO,Bueno,Bueno,2,International,Blanco,2,,35,MASCULINO,SIN DATOS,0,0,Morelia,Cinco de Diciembre,marzo,lunes,15,-101.1621133,19.6865603
56195,56395,2026,MOR/202698765423,2026/03/23,15:40:00,COLISIÓN POR CORTE DE CIRCULACIÓN,CONCRETO,Bueno,Bueno,2,Freightliner,Rojo,2,MINISTERIO PÚBLICO,39,MASCULINO,SIN DATOS,0,0,Morelia,Villas Oriente,marzo,lunes,16,-101.1422045,19.7521387
56196,56396,2026,MOR/20260033941,2026/03/23,15:45:00,SALIDA DE SUPERFICIE DE RODAMIENTO,ASFALTO,Bueno,Bueno,1,Honda,Rojo,1,,38,FEMENINO,SIN DATOS,0,0,Morelia,Sin datos,marzo,lunes,16,-101.1226926,19.7070484
56197,56397,2026,MOR20260033994,2026/03/23,15:57:00,COLISIÓN POR ALCANCE,ASFALTO,Bueno,Bueno,2,Ford,Blanco,2,MINISTERIO PÚBLICO,72,,SIN DATOS,0,0,Morelia,Sin datos,marzo,lunes,16,-101.2866706,19.6086544
56198,56398,2026,MOR/20260033963,2026/03/23,16:25:00,COLISIÓN POR ALCANCE,ASFALTO,Bueno,Bueno,2,Sinotruk,Blanco azul,2,,25,MASCULINO,SIN DATOS,0,0,Morelia,Indeco El Vivero,marzo,lunes,16,-101.2300966,19.6772644
56199,56399,2026,MOR/20260034027,2026/03/23,19:00:00,COLISIÓN POR ALCANCE,ASFALTO,Bueno,Bueno,2,Nissan,Rojo,2,,34,MASCULINO,SIN DATOS,0,0,Tarímbaro,Sin datos,marzo,lunes,19,-101.1678682,19.7576166
56200,56400,2026,MOR/20260033600,2026/03/23,19:17:00,COLISIÓN CONTRA OBJETO FIJO,ASFALTO,Bueno,Bueno,1,TOYOTA,GRIS,0,,,,,0,0,Morelia,Colonial Morelia,marzo,lunes,19,-101.2146767,19.6728872
56201,56401,2026,MOR/20260034012,2026/03/23,19:30:00,CAIDA DE MOTOCICLETA,ASFALTO,Bueno,Bueno,1,Italika,Negro y verde,1,MINISTERIO PÚBLICO,,MASCULINO,SIN DATOS,0,0,Tarímbaro,Sin datos,marzo,lunes,20,-101.1677547,19.7578071
56202,56402,2026,MOR/20260034097,2026/03/23,22:31:00,SALIDA DE SUPERFICIE DE RODAMIENTO,ASFALTO,Bueno,Bueno,1,Dodge,Rojo,1,,23,MASCULINO,SIN DATOS,0,0,Morelia,Sin datos,marzo,lunes,23,-101.3513727,19.5456231