fid,id_accidente,anio_origen,folio_c5i,dia_incidente,hora_ocurrencia,tipo_incidente_vial,superficie_ocurrencia,condiciones_climaticas,condiciones_via,numero_vehiculos_involucrados,marca_vehiculo_ocasiona_siniestro,color_vehiculo_ocasiona_siniestro,numero_personas_involucradas,lugar_remite_presunto_responsable,edad_presunto_responsable,sexo_presunto_responsable,resultados_toxicologia,numero_personas_lesionadas,numero_personas_fallecidas,municipio,colonia,mes,dia_semana,hora_redondeada,lon,lat
56203,56403,2026,MOR/20260034223,2026/03/24,"08:25:00",COLISIÓN POR CORTE DE CIRCULACIÓN,CONCRETO,Bueno,Bueno,2,VENTO,BLANCO,1,MINISTERIO PÚBLICO,23,MASCULINO,SIN DATOS,0,0,Morelia,Ilustres Novohispanos,marzo,martes,8,-101.1501872,19.7094135
56204,56404,2026,MOR/20260034236,2026/03/24,"08:57:00",COLISIÓN POR ALCANCE,ASFALTO,Bueno,Bueno,2,GMC,BLACO,2,,54,MASCULINO,SIN DATOS,0,0,Morelia,Montaña Monarca,marzo,martes,9,-101.1600164,19.6710825
56205,56405,2026,MOR2026340,2026/03/24,10:00:00,COLISIÓN POR CORTE DE CIRCULACIÓN,CONCRETO,Bueno,Bueno,2,G motors,Blanco,2,,62,MASCULINO,SIN DATOS,0,0,Morelia,Ferrocarrilero,marzo,martes,10,-101.2177018,19.6974193
56206,56406,2026,MOR/20260034341,2026/03/24,16:25:00,COLISIÓN POR CAMBIO DE CARRIL,ASFALTO,Bueno,Bueno,2,Toyota,Blanco y gris,2,,33,MASCULINO,SIN DATOS,0,0,Morelia,Campestre Los Manantiales,marzo,martes,16,-101.2389302,19.6897556
56207,56407,2026,MOR20263799,2026/03/24,18:05:00,COLISIÓN POR ALCANCE,ASFALTO,Bueno,Bueno,2,Internacionam,Blanco naranja,2,,52,MASCULINO,SIN DATOS,0,0,Morelia,Villas Valladolid,marzo,martes,18,-101.2163142,19.6962746
56208,56408,2026,MOR/20260034378,2026/03/24,18:10:00,COLISIÓN POR ALCANCE,ASFALTO,Bueno,Bueno,2,Toyota,Gris,2,,31,MASCULINO,SIN DATOS,0,0,Morelia,Enrique Ramirez,marzo,martes,18,-101.1657772,19.7099712
56209,56409,2026,MOR/20260034374,2026/03/24,18:46:00,COLISIÓN POR CORTE DE CIRCULACIÓN,ASFALTO,Bueno,Bueno,2,Vento,Gris,2,,16,MASCULINO,SIN DATOS,0,0,Morelia,Los Sauces,marzo,martes,19,-101.1123656,19.6885599
56210,56410,2026,MOR/20260034430,2026/03/24,20:45:00,COLISIÓN POR CORTE DE CIRCULACIÓN,ASFALTO,Bueno,Bueno,2,Chevrolet,Plata,2,,45,MASCULINO,SIN DATOS,0,0,Morelia,Vasco de Quiroga,marzo,martes,21,-101.1751048,19.7057402
56211,56411,2026,MOR/20260034487,2026/03/24,22:35:00,COLISIÓN CONTRA OBJETO FIJO,ASFALTO,Bueno,Regular,1,Nissan,Blanco,1,,32,MASCULINO,SIN DATOS,0,0,Morelia,Hermanos Lopez Rayon,marzo,martes,23,-101.2196411,19.6764701
56212,56412,2026,MOR/20260034483,2026/03/24,22:39:00,COLISIÓN POR CORTE DE CIRCULACIÓN,ASFALTO,Bueno,Bueno,2,Volkswagen,Cafe,2,,21,MASCULINO,SIN DATOS,0,0,Morelia,Felix Ireta,marzo,martes,23,-101.1881204,19.6871679
56213,56413,2026,MOR/20260034565,2026/03/25,"03:50:00",COLISIÓN POR ALCANCE,ASFALTO,Bueno,Bueno,2,Seat,Blanco,2,,31,MASCULINO,SIN DATOS,0,0,Morelia,Chapultepec Norte,marzo,miércoles,4,-101.1780155,19.6987936
56214,56414,2026,MOR20260034573,2026/03/25,"05:04:00",VOLCADURA,ASFALTO,Bueno,Bueno,1,Ford,Gris,0,,,,,0,0,Morelia,Puerta Tres Marias,marzo,miércoles,5,-101.1379745,19.6903387
56215,56415,2026,MOR/20260034605,2026/03/25,"08:15:00",COLISIÓN POR ALCANCE,ASFALTO,Bueno,Bueno,3,Chevrolet,Negro,3,,21,MASCULINO,SIN DATOS,0,0,Morelia,Loma de Los Piñones,marzo,miércoles,8,-101.2040331,19.6748609
56216,56416,2026,MOR/20260034599,2026/03/25,"08:20:00",COLISIÓN CON PEATÓN,CONCRETO,Bueno,Bueno,1,Buick,Gris,2,,43,FEMENINO,SIN DATOS,1,0,Morelia,Balcones de Morelia,marzo,miércoles,8,-101.2008857,19.6717079
56217,56417,2026,"20260034621",2026/03/25,"09:20:00",COLISIÓN POR CORTE DE CIRCULACIÓN,ASFALTO,Bueno,Bueno,2,TOYOTA,GRIS,2,,45,FEMENINO,SIN DATOS,0,0,Morelia,Jardines de Guadalupe,marzo,miércoles,9,-101.2261728,19.7134203
56218,56418,2026,MOR/20260034630,2026/03/25,"09:35:00",COLISIÓN POR CORTE DE CIRCULACIÓN,CONCRETO,Bueno,Bueno,2,Suzuki,Negro,2,MINISTERIO PÚBLICO,24,MASCULINO,SIN DATOS,0,0,Morelia,Villas del Pedregal,marzo,miércoles,10,-101.3000115,19.675091
56219,56419,2026,MOR2026003467,2026/03/25,15:24:00,COLISIÓN POR CAMBIO DE CARRIL,CONCRETO,Bueno,Bueno,2,Chevrolet,Blanco,2,,71,,SIN DATOS,0,0,Morelia,Ampliacion La Soledad,marzo,miércoles,15,-101.1830031,19.7334171
56220,56420,2026,MOR/20260034787,2026/03/25,16:00:00,COLISIÓN POR CAMBIO DE CARRIL,ASFALTO,Bueno,Bueno,2,International,Blanco,2,,40,MASCULINO,SIN DATOS,0,0,Morelia,Morelos,marzo,miércoles,16,-101.185226,19.7240453
56221,56421,2026,"20260034786",2026/03/25,16:10:00,COLISIÓN POR CORTE DE CIRCULACIÓN,ASFALTO,Bueno,Bueno,2,Honda,Blanco,2,,23,MASCULINO,SIN DATOS,0,0,Morelia,Nueva Chapultepec,marzo,miércoles,16,-101.1757236,19.6872413
56222,56422,2026,MOR/20260034795,2026/03/25,18:00:00,COLISIÓN POR CORTE DE CIRCULACIÓN,CONCRETO,Bueno,Bueno,2,Vento,Blanco,2,,37,MASCULINO,SIN DATOS,0,0,Morelia,Ilustres Novohispanos,marzo,miércoles,18,-101.1521037,19.7101549
56223,56423,2026,MOR/20260034902,2026/03/25,20:00:00,COLISIÓN POR CAMBIO DE CARRIL,ASFALTO,Bueno,Bueno,2,KENWORTH,ROJO,2,,32,MASCULINO,SIN DATOS,0,0,Morelia,Florida,marzo,miércoles,20,-101.2294844,19.6766738
56224,56424,2026,MOR/20260034887,2026/03/25,20:50:00,CAIDA DE MOTOCICLETA,ASFALTO,Bueno,Bueno,1,Ktm,Bco/naranja,2,,47,MASCULINO,SIN DATOS,1,0,Morelia,Fracc Valle de Mil Cumbres,marzo,miércoles,21,-101.106839,19.688381
56225,56425,2026,MOR/20260035017,2026/03/26,"06:00:00",COLISIÓN POR CORTE DE CIRCULACIÓN,CONCRETO,Bueno,Bueno,2,Chrysler,Blanco,2,,41,MASCULINO,SIN DATOS,0,0,Morelia,Trincheras de Morelos,marzo,jueves,6,-101.1898196,19.6641184
56226,56426,2026,MOR/20260035033,2026/03/26,"07:49:00",COLISIÓN POR CORTE DE CIRCULACIÓN,CONCRETO,Bueno,Bueno,2,Dodge,Arena,2,,44,MASCULINO,SIN DATOS,0,0,Morelia,Melchor Ocampo,marzo,jueves,8,-101.2035886,19.7050932
56227,56427,2026,MOR/20260035067,2026/03/26,"09:48:00",COLISIÓN CON PEATÓN,ASFALTO,Bueno,Bueno,1,Nissan,Blanco,2,MINISTERIO PÚBLICO,59,MASCULINO,SIN DATOS,1,0,Morelia,Jardines de Santiaguito,marzo,jueves,10,-101.2083894,19.7136848
56228,56428,2026,MOR20268901,2026/03/26,10:00:00,COLISIÓN POR CORTE DE CIRCULACIÓN,ASFALTO,Bueno,Bueno,2,Nissan,Blanco,2,,,FEMENINO,SIN DATOS,0,0,Morelia,Vasco de Quiroga,marzo,jueves,10,-101.1714273,19.7075452
56229,56430,2026,MOR/20260035144.,2026/03/26,13:17:00,COLISIÓN POR CORTE DE CIRCULACIÓN,ASFALTO,Bueno,Bueno,2,Chevrolet,Blanco,2,,52,MASCULINO,SIN DATOS,0,0,Morelia,La Calera,marzo,jueves,13,-101.2332309,19.6779574
56230,56431,2026,MOR/20260035247,2026/03/26,19:03:00,COLISIÓN POR CORTE DE CIRCULACIÓN,ASFALTO,Bueno,Bueno,3,MAZDA,ROJO,3,,36,FEMENINO,SIN DATOS,0,0,Morelia,El Eden,marzo,jueves,19,-101.2497965,19.646026
56231,56432,2026,MOR/202700056,2026/03/26,19:30:00,COLISIÓN POR ALCANCE,CONCRETO,Bueno,Bueno,2,DODGE,BCO AZUL,2,,42,FEMENINO,SIN DATOS,0,0,Morelia,Chapultepec Norte,marzo,jueves,20,-101.1693969,19.6946893
56232,56433,2026,MOR/20260035403,2026/03/27,"00:08:00",COLISIÓN CONTRA OBJETO FIJO,ASFALTO,Bueno,Bueno,1,CHEVROLET,PLATA,1,MINISTERIO PÚBLICO,,,,0,1,Morelia,Los Manantiales de Morelia,marzo,viernes,0,-101.2419635,19.6969278
56233,56434,2026,MOR2026538,2026/03/27,"01:00:00",CAIDA DE MOTOCICLETA,ASFALTO,Bueno,Bueno,1,VENTO,ROJO,1,,,,SIN DATOS,0,0,Morelia,Alfonso Garcia Robles,marzo,viernes,1,-101.1813056,19.7192501
56234,56435,2026,MOR/20260035485,2026/03/27,"08:20:00",COLISIÓN POR CORTE DE CIRCULACIÓN,ASFALTO,Bueno,Bueno,2,TOYOTA,BLANCO Y VERDE,2,,54,MASCULINO,SIN DATOS,0,0,Morelia,Lomas del Valle,marzo,viernes,8,-101.2324723,19.6868224
56235,56436,2026,MOR/20260035492,2026/03/27,"09:15:00",COLISIÓN POR CORTE DE CIRCULACIÓN,ASFALTO,Bueno,Bueno,2,VOLKSWAGEN,BLANCO,2,,37,MASCULINO,SIN DATOS,0,0,Morelia,Nicolas Bravo(Los Ejidos),marzo,viernes,9,-101.2154934,19.7031943
56236,56437,2026,MOR/20260035497,2026/03/27,"09:50:00",COLISIÓN POR CAMBIO DE CARRIL,ASFALTO,Bueno,Bueno,2,FREIGHTLINER,BLANCO,2,,50,MASCULINO,SIN DATOS,0,0,Morelia,Solidaridad,marzo,viernes,10,-101.2064561,19.7259687
56237,56438,2026,MOR/20260035516,2026/03/27,11:07:00,COLISIÓN POR INVASIÓN DE CARRIL,ASFALTO,Bueno,Bueno,2,SEAT,NARANJA,2,,23,MASCULINO,SIN DATOS,0,0,Morelia,Puerto de Buenavista,marzo,viernes,11,-101.1315714,19.6854725
56238,56439,2026,MOR/20260035537,2026/03/27,12:00:00,COLISIÓN POR MANIOBRA DE REVERSA,ASFALTO,Bueno,Bueno,2,VOLKSWAGEN,AZUL,2,,40,FEMENINO,SIN DATOS,0,0,Morelia,Centro,marzo,viernes,12,-101.1968108,19.704856
56239,56440,2026,MOR20260035559,2026/03/27,12:40:00,COLISIÓN POR CAMBIO DE CARRIL,ASFALTO,Bueno,Bueno,2,MG,NEGRO,2,,27,FEMENINO,SIN DATOS,0,0,Morelia,La Soledad,marzo,viernes,13,-101.1837927,19.7264957
56240,56441,2026,MOR/20260035604,2026/03/27,13:45:00,COLISIÓN POR ALCANCE,ASFALTO,Bueno,Bueno,2,FORD,GRIS,2,,36,MASCULINO,SIN DATOS,0,0,Morelia,Lomas de San Juan,marzo,viernes,14,-101.1828367,19.7293725
56241,56442,2026,"20260035652",2026/03/27,16:35:00,COLISIÓN POR ALCANCE,CONCRETO,Bueno,Bueno,3,VOLKSWAGEN,VERDE,3,,36,FEMENINO,SIN DATOS,0,0,Morelia,Ciudad Industrial,marzo,viernes,17,-101.1353436,19.732378
56242,56443,2026,MOR20260035681,2026/03/27,18:20:00,COLISIÓN CONTRA OBJETO FIJO,ASFALTO,Bueno,Bueno,1,NISSAN,AZUL,1,,32,MASCULINO,SIN DATOS,0,0,Morelia,Leandro Valle,marzo,viernes,18,-101.2301533,19.7255584
56243,56444,2026,MOR/20260035696,2026/03/27,19:00:00,COLISIÓN POR CORTE DE CIRCULACIÓN,ASFALTO,Bueno,Bueno,2,SE DESCONOCE POR RETIRARSE DEL LUGAR,BLANCO,1,MINISTERIO PÚBLICO,54,MASCULINO,SIN DATOS,0,0,Morelia,Vista Bella,marzo,viernes,19,-101.1974309,19.6776457
56244,56445,2026,MOR/20260000001,2026/03/27,23:20:00,COLISIÓN CONTRA OBJETO FIJO,ASFALTO,Bueno,Bueno,1,MERCEDES BENZ,BLANCO/NARANJA,1,,16,MASCULINO,SIN DATOS,0,0,Morelia,Campos Eliseos,marzo,viernes,23,-101.2423341,19.7007221
56245,56446,2026,MOR/20260035976,2026/03/28,12:00:00,COLISIÓN POR INVASIÓN DE CARRIL,ASFALTO,Bueno,Bueno,2,MERCEDES BENZ,BLANCO,2,,22,MASCULINO,SIN DATOS,0,0,Morelia,Sentimientos de La Nacion,marzo,sábado,12,-101.2365769,19.6843576
56246,56447,2026,MOR202664561,2026/03/28,12:09:00,COLISIÓN POR CORTE DE CIRCULACIÓN,CONCRETO,Bueno,Bueno,2,NISSAN,CRIS,2,,,MASCULINO,SIN DATOS,0,0,Morelia,Felix Ireta,marzo,sábado,12,-101.1954267,19.6837233
56247,56448,2026,MOR/20260035986,2026/03/28,13:20:00,COLISIÓN POR ALCANCE,ASFALTO,Bueno,Bueno,2,MAZDA,NEGRO,2,,64,MASCULINO,SIN DATOS,0,0,Morelia,Lomas de Hidalgo,marzo,sábado,13,-101.163814,19.6960809
56248,56449,2026,MOR20,2026/03/28,15:25:00,COLISIÓN CON PEATÓN,ASFALTO,Bueno,Bueno,1,A385165N,BLANCO CON MORADO,2,,,,SIN DATOS,1,0,Morelia,Xangari,marzo,sábado,15,-101.2196792,19.6705947
56249,56450,2026,MOR/20260036081,2026/03/28,15:45:00,COLISIÓN CONTRA OBJETO FIJO,ASFALTO,Bueno,Bueno,1,HONDA,BLANCO,1,,73,FEMENINO,SIN DATOS,0,0,Morelia,La Calera,marzo,sábado,16,-101.233165,19.6776553
56250,56451,2026,MOR/20260036128,2026/03/28,18:00:00,COLISIÓN POR ALCANCE,ASFALTO,Bueno,Bueno,3,VOLKSWAGEN,AMARILLO,3,,50,MASCULINO,SIN DATOS,0,0,Morelia,Tinijaro,marzo,sábado,18,-101.2575585,19.697477
56251,56452,2026,MOR/20260036165,2026/03/28,19:10:00,COLISIÓN POR ALCANCE,CONCRETO,Bueno,Bueno,2,JEPP,ROJO,2,,37,MASCULINO,SIN DATOS,0,0,Morelia,Emiliano Zapata,marzo,sábado,19,-101.2335654,19.6526922
56252,56453,2026,MOR/20260036176,2026/03/28,19:50:00,COLISIÓN POR ALCANCE,ASFALTO,Bueno,Bueno,3,TOYOTA,BLANCO/GRIS,3,,47,MASCULINO,SIN DATOS,0,0,Morelia,Loma Dorada,marzo,sábado,20,-101.2547643,19.6979808
56253,56454,2026,MOR/20260036224,2026/03/28,20:57:00,COLISIÓN CONTRA OBJETO FIJO,ASFALTO,Bueno,Bueno,2,Seat,Gris,2,MINISTERIO PÚBLICO,41,MASCULINO,SIN DATOS,0,0,Morelia,Pascual Ortiz de Ayala,marzo,sábado,21,-101.1531978,19.6951324
56254,56455,2026,MOR20263088,2026/03/28,21:00:00,COLISIÓN POR CORTE DE CIRCULACIÓN,CONCRETO,Bueno,Bueno,2,TOYOTA,BLANCO/MORADO,2,,62,MASCULINO,SIN DATOS,0,0,Morelia,Ciudad Industrial,marzo,sábado,21,-101.1341419,19.7332714
56255,56456,2026,"20260036194",2026/03/28,22:34:00,COLISIÓN CONTRA OBJETO FIJO,ASFALTO,Bueno,Bueno,1,NISSAN,BLANCO,0,,,,,0,0,Morelia,La Pradera,marzo,sábado,23,-101.2164707,19.6803397
56256,56457,2026,MOR202600015,2026/03/29,"00:05:00",COLISIÓN POR CAMBIO DE CARRIL,ASFALTO,Bueno,Bueno,2,CHEVROLET,BLANCO,2,MINISTERIO PÚBLICO,42,MASCULINO,CON CERTIFICADO,0,0,Morelia,Sin datos,marzo,domingo,0,-101.180358,19.7471259
56257,56458,2026,MOR/20260036337,2026/03/29,"00:33:00",COLISIÓN CONTRA OBJETO FIJO,CONCRETO,Bueno,Bueno,2,ITALIKA,AMARILLO,1,,19,MASCULINO,SIN DATOS,0,0,Morelia,Lomas del Durazno,marzo,domingo,1,-101.1927679,19.6654026
56258,56459,2026,MOR/20260036365,2026/03/29,"01:40:00",CAIDA DE MOTOCICLETA,CONCRETO,Bueno,Regular,1,YAMAHA,BLANCO,1,,21,MASCULINO,SIN DATOS,0,0,Morelia,Cosmos,marzo,domingo,2,-101.2166183,19.6834657
56259,56460,2026,MOR/20260036455,2026/03/29,"07:47:00",COLISIÓN POR ALCANCE,ASFALTO,Bueno,Bueno,2,CHEVROLET,BLANCO Y AZUL,2,,26,MASCULINO,SIN DATOS,0,0,Morelia,Las Americas,marzo,domingo,8,-101.1578681,19.6879344
56260,56461,2026,MOR2026000001,2026/03/29,"08:10:00",COLISIÓN POR ALCANCE,ASFALTO,Bueno,Bueno,2,MAZDA,CAFE,2,,31,MASCULINO,SIN DATOS,0,0,Morelia,Nueva Valladolid,marzo,domingo,8,-101.2091791,19.6984876
56261,56462,2026,"20260036467",2026/03/29,"09:40:00",SALIDA DE SUPERFICIE DE RODAMIENTO,ASFALTO,Bueno,Bueno,1,JEEP,NEGRO,1,,39,FEMENINO,SIN DATOS,0,0,Morelia,Sin datos,marzo,domingo,10,-101.1235561,19.7112819
56262,56463,2026,MOR/20260036491,2026/03/29,12:20:00,COLISIÓN POR ALCANCE,CONCRETO,Bueno,Bueno,2,CHEVROLET,BLANCO,2,,48,FEMENINO,SIN DATOS,0,0,Tarímbaro,Sin datos,marzo,domingo,12,-101.1620409,19.7652681
56263,56464,2026,"20260036502",2026/03/29,12:37:00,COLISIÓN POR MANIOBRA DE REVERSA,ASFALTO,Bueno,Bueno,2,TOYOTA,BLANCO ROJO,2,,26,MASCULINO,SIN DATOS,0,0,Morelia,Tzindurio Norte,marzo,domingo,13,-101.2466517,19.7072302
56264,56465,2026,MOR2026004578,2026/03/29,13:53:00,SALIDA DE SUPERFICIE DE RODAMIENTO,ASFALTO,Bueno,Bueno,1,MAZDA,GRIS,1,,21,OTRO,SIN DATOS,0,0,Morelia,Sin datos,marzo,domingo,14,-101.1557871,19.669493
56265,56466,2026,MOR/20260036815,2026/03/30,"07:18:00",SUBIDA AL CAMELLÓN,ASFALTO,Bueno,Bueno,1,Nissan,Blanco,1,,46,MASCULINO,SIN DATOS,0,0,Morelia,Agustin Arriaga Rivera,marzo,lunes,7,-101.2201012,19.6948201
56266,56467,2026,MOR/20260036889,2026/03/30,12:49:00,COLISIÓN CONTRA OBJETO FIJO,ASFALTO,Bueno,Bueno,1,Chevrolet,Blanco,1,,24,MASCULINO,SIN DATOS,0,0,Morelia,Arboledas de Valladolid,marzo,lunes,13,-101.2482701,19.6976332
56267,56468,2026,MOR/20260036923,2026/03/30,13:25:00,COLISIÓN POR ALCANCE,ASFALTO,Bueno,Bueno,2,Mazda,Gris,2,,61,MASCULINO,SIN DATOS,0,0,Morelia,Lomas de Guayangareo,marzo,lunes,13,-101.1580426,19.7025765
56268,56469,2026,MOR20260037030,2026/03/30,20:03:00,COLISIÓN POR CORTE DE CIRCULACIÓN,ASFALTO,Bueno,Bueno,2,TOYOTA,BLANCO CON GRIS,2,,,MASCULINO,SIN DATOS,0,0,Morelia,Mariano Michelena,marzo,lunes,20,-101.2303776,19.6769114
56269,56470,2026,MOR/20260037036,2026/03/30,20:08:00,COLISIÓN POR ALCANCE,ASFALTO,Lluvioso,Regular,2,Grm,Rojo,3,MINISTERIO PÚBLICO,17,MASCULINO,SIN DATOS,1,0,Morelia,Ejidal Tres Puentes,marzo,lunes,20,-101.2276114,19.6925928
56270,56471,2026,MOR2026123456,2026/03/30,20:55:00,SUBIDA AL CAMELLÓN,ASFALTO,Lluvioso,Regular,1,HONDA,GRIS,1,,31,MASCULINO,SIN DATOS,0,0,Morelia,Irrigacion,marzo,lunes,21,-101.2239161,19.7049005
56271,56472,2026,MOR/20260037145,2026/03/31,"09:35:00",COLISIÓN POR ALCANCE,ASFALTO,Bueno,Bueno,2,NISSAN,ROJO,2,,62,MASCULINO,SIN DATOS,0,0,Morelia,Dr Miguel Silva,marzo,martes,10,-101.1804246,19.7197881
56272,56473,2026,MOR20260037209,2026/03/31,13:11:00,COLISIÓN POR CORTE DE CIRCULACIÓN,CONCRETO,Nublado,Regular,2,NISSAN,BLANCO,2,,,MASCULINO,SIN DATOS,0,0,Morelia,La Capilla,marzo,martes,13,-101.1569485,19.6578919
56273,56474,2026,MOR/20260037217,2026/03/31,13:40:00,COLISIÓN POR INVASIÓN DE CARRIL,ASFALTO,Bueno,Bueno,2,HONDA,NEGRO,3,MINISTERIO PÚBLICO,31,MASCULINO,SIN DATOS,1,0,Morelia,Sin datos,marzo,martes,14,-101.1265706,19.7438637
56274,56475,2026,MOR/20260037255,2026/03/31,14:45:00,SALIDA DE SUPERFICIE DE RODAMIENTO,ASFALTO,Lluvioso,Regular,1,NISSAN,ARENA,2,,40,FEMENINO,SIN DATOS,1,0,Morelia,Sin datos,marzo,martes,15,-101.1354051,19.7298275
56275,56476,2026,MOR/20260037266,2026/03/31,15:05:00,VOLCADURA,ASFALTO,Lluvioso,Bueno,1,CHEVROLET,BLANCO,1,,43,MASCULINO,SIN DATOS,0,0,Morelia,Sin datos,marzo,martes,15,-101.2904387,19.5993942
56276,56477,2026,MOR/20260037311,2026/03/31,15:50:00,SALIDA DE SUPERFICIE DE RODAMIENTO,ASFALTO,Lluvioso,Regular,1,SEAT,NEGRO,1,,30,MASCULINO,SIN DATOS,0,0,Charo,Sin datos,marzo,martes,16,-101.0343975,19.7597823
56277,56478,2026,MOR/2026000000001,2026/03/31,18:00:00,COLISIÓN POR CORTE DE CIRCULACIÓN,ASFALTO,Bueno,Bueno,2,NISSAN,GRIS,2,,24,MASCULINO,SIN DATOS,0,0,Morelia,Loma Bonita,marzo,martes,18,-101.1965666,19.720086
56278,56479,2026,MOR/20260976499177,2026/03/31,18:05:00,SALIDA DE SUPERFICIE DE RODAMIENTO,ASFALTO,Bueno,Bueno,1,TOYOTA,GRIS,1,,46,MASCULINO,SIN DATOS,0,0,Morelia,Sin datos,marzo,martes,18,-101.1051482,19.7293725
56279,56480,2026,MOR/20260037341,2026/03/31,18:30:00,COLISIÓN POR CAMBIO DE CARRIL,CONCRETO,Lluvioso,Malo,2,ITALIKA,NEGRO,2,,22,MASCULINO,SIN DATOS,0,0,Morelia,Infonavit  Las  Camelinas,marzo,martes,19,-101.173595,19.6862716
56280,56481,2026,MOR/20260000000003,2026/03/31,20:00:00,COLISIÓN CON PEATÓN,ASFALTO,Lluvioso,Bueno,1,International,Amarillo,1,,61,MASCULINO,SIN DATOS,0,0,Morelia,Jacarandas,marzo,martes,20,-101.2088118,19.7076747
56281,56482,2026,MOR2026002578,2026/03/31,21:10:00,COLISIÓN POR CORTE DE CIRCULACIÓN,ASFALTO,Bueno,Bueno,2,BMW,NEGRO,2,,51,,SIN DATOS,0,0,Morelia,Lomas de Santa Maria,marzo,martes,21,-101.1876926,19.676066
56282,56483,2026,MOR/202600001,2026/04/01,"06:40:00",COLISIÓN POR CORTE DE CIRCULACIÓN,ASFALTO,Bueno,Bueno,3,Ford,Blanco,3,,68,MASCULINO,SIN DATOS,0,0,Morelia,Consuelo Alfaro de Vazquez,abril,miércoles,7,-101.1381663,19.7283202
56283,56484,2026,MOR/20260037545,2026/04/01,"09:05:00",COLISIÓN POR MANIOBRA DE REVERSA,ASFALTO,Bueno,Bueno,2,FORD,ROJO,2,,65,MASCULINO,SIN DATOS,0,0,Morelia,Lomas de Guayangareo,abril,miércoles,9,-101.1582942,19.7028613
56284,56485,2026,MOR/20260037615,2026/04/01,13:25:00,COLISIÓN POR INVASIÓN DE CARRIL,ASFALTO,Bueno,Regular,2,Izusu,Blanco/azul,2,,22,MASCULINO,SIN DATOS,0,0,Morelia,Indeco El Vivero,abril,miércoles,13,-101.2298558,19.6770987
56285,56486,2026,MOR202689,2026/04/01,15:40:00,COLISIÓN POR ALCANCE,ASFALTO,Bueno,Bueno,2,Kenworth,Rojo,2,,31,MASCULINO,SIN DATOS,0,0,Morelia,La Calera,abril,miércoles,16,-101.2344269,19.678727
56286,56487,2026,MOR/20260037699,2026/04/01,18:00:00,COLISIÓN POR CORTE DE CIRCULACIÓN,ASFALTO,Bueno,Regular,2,Italika,Verde/negro,3,MINISTERIO PÚBLICO,28,MASCULINO,SIN DATOS,1,0,Morelia,Ana Maria Gallaga (Riviera Norte),abril,miércoles,18,-101.2222183,19.6769304
56287,56488,2026,MOR 2026234561,2026/04/01,18:39:00,COLISIÓN POR ALCANCE,ASFALTO,Bueno,Bueno,2,FUGA,BLANCO,2,MINISTERIO PÚBLICO,30,MASCULINO,SIN DATOS,1,0,Morelia,La Soledad,abril,miércoles,19,-101.1840072,19.7260921
56288,56489,2026,MOR2026115562,2026/04/01,19:20:00,COLISIÓN POR INVASIÓN DE CARRIL,ASFALTO,Bueno,Bueno,2,Honda,Arena,2,MINISTERIO PÚBLICO,,MASCULINO,SIN DATOS,0,0,Morelia,Francisco J Mujica,abril,miércoles,19,-101.1908591,19.7229282
56289,56491,2026,MOR/20260037764,2026/04/01,21:10:00,COLISIÓN POR CAMBIO DE CARRIL,ASFALTO,Bueno,Bueno,2,KIA,BLANCO,2,,42,MASCULINO,SIN DATOS,0,0,Morelia,Indeco El Vivero,abril,miércoles,21,-101.2317979,19.6778767
56290,56492,2026,MOR/20260037796,2026/04/01,22:10:00,COLISIÓN CON PEATÓN,ASFALTO,Bueno,Bueno,1,YAMAHA,GRIS,1,,42,MASCULINO,SIN DATOS,0,0,Morelia,Melchor Ocampo,abril,miércoles,22,-101.2033734,19.7074306
56291,56493,2026,MOR/20260037844,2026/04/01,23:58:00,COLISIÓN CONTRA OBJETO FIJO,ASFALTO,Bueno,Bueno,1,VOLKSWAGEN,AZUL,1,,38,FEMENINO,SIN DATOS,0,0,Morelia,Vista Bella,abril,miércoles,0,-101.1976655,19.6802763
56292,56494,2026,MOR202600000001,2026/04/02,11:15:00,VOLCADURA,ASFALTO,Bueno,Bueno,1,NISSAN,GRIS,1,,33,MASCULINO,SIN DATOS,0,0,Tarímbaro,Sin datos,abril,jueves,11,-101.1575977,19.7707702
56293,56495,2026,MOR/20260037990,2026/04/02,12:40:00,COLISIÓN POR CAMBIO DE CARRIL,ASFALTO,Bueno,Bueno,2,VOLKSWAGEN,NEGRO,2,,33,MASCULINO,SIN DATOS,0,0,Morelia,Matamoros,abril,jueves,13,-101.1649691,19.6962789
56294,56496,2026,MOR/20260038007,2026/04/02,13:30:00,COLISIÓN POR CAMBIO DE CARRIL,ASFALTO,Bueno,Regular,2,FREIGHTLINER,BLANCO,2,,40,MASCULINO,SIN DATOS,0,0,Morelia,Indeco El Vivero,abril,jueves,14,-101.2299429,19.6772346
56295,56497,2026,MOR20260038051,2026/04/02,15:53:00,COLISIÓN POR CORTE DE CIRCULACIÓN,ASFALTO,Bueno,Bueno,2,NISSAN,AZUL,2,,69,FEMENINO,SIN DATOS,0,0,Morelia,La Calera,abril,jueves,16,-101.2335229,19.6779031
56296,56498,2026,"20260038061",2026/04/02,17:10:00,COLISIÓN POR CORTE DE CIRCULACIÓN,ASFALTO,Bueno,Bueno,2,ITALIKA,ROJO,2,,29,MASCULINO,SIN DATOS,0,0,Morelia,Lomas de Morelia (Dr Ignacio Chavez),abril,jueves,17,-101.1745917,19.7167449
56297,56499,2026,MOR/202671673971638,2026/04/02,18:50:00,COLISIÓN POR CORTE DE CIRCULACIÓN,CONCRETO,Bueno,Bueno,2,Chevrolet,Dorado,2,,56,MASCULINO,SIN DATOS,0,0,Morelia,Ventura Puente,abril,jueves,19,-101.1803809,19.6894911
56298,56500,2026,"20260038249",2026/04/03,"00:40:00",CAIDA DE MOTOCICLETA,ASFALTO,Bueno,Bueno,1,Italika,Rojo,1,,27,MASCULINO,SIN DATOS,0,0,Morelia,Melchor Ocampo,abril,viernes,1,-101.202842,19.7071794