fid,id_accidente,anio_origen,folio_c5i,dia_incidente,hora_ocurrencia,tipo_incidente_vial,superficie_ocurrencia,condiciones_climaticas,condiciones_via,numero_vehiculos_involucrados,marca_vehiculo_ocasiona_siniestro,color_vehiculo_ocasiona_siniestro,numero_personas_involucradas,lugar_remite_presunto_responsable,edad_presunto_responsable,sexo_presunto_responsable,resultados_toxicologia,numero_personas_lesionadas,numero_personas_fallecidas,municipio,colonia,mes,dia_semana,hora_redondeada,lon,lat
56299,56501,2026,MOR/20260038367,2026/04/03,11:50:00,VOLCADURA,ASFALTO,Bueno,Bueno,1,CHEVROLET,BLANCO,0,MINISTERIO PÚBLICO,,,,0,0,Morelia,Sin datos,abril,viernes,12,-101.288724,19.6039201
56300,56503,2026,MOR/20260038717,2026/04/04,"00:10:00",COLISIÓN POR CORTE DE CIRCULACIÓN,ASFALTO,Lluvioso,Regular,2,HONDA,NEGRO,2,MINISTERIO PÚBLICO,31,MASCULINO,SIN DATOS,0,0,Morelia,Ana Maria Gallaga (Riviera Norte),abril,sábado,0,-101.2237048,19.6767604
56301,56504,2026,MOR/20260038794,2026/04/04,"07:22:00",SALIDA DE SUPERFICIE DE RODAMIENTO,ASFALTO,Bueno,Bueno,1,SEAT,NEGRO,1,,37,MASCULINO,SIN DATOS,0,0,Morelia,Sin datos,abril,sábado,7,-101.2917769,19.5985203
56302,56505,2026,MOR/20260038829,2026/04/04,10:50:00,COLISIÓN POR CORTE DE CIRCULACIÓN,ASFALTO,Bueno,Bueno,2,VOLKSWAGEN,GRIS,2,,33,MASCULINO,SIN DATOS,0,0,Morelia,Ferrocarrilero,abril,sábado,11,-101.2168506,19.6982888
56303,56506,2026,MOR20260038843,2026/04/04,11:39:00,COLISIÓN POR CAMBIO DE CARRIL,ASFALTO,Bueno,Bueno,2,Ford,Blanco,2,MINISTERIO PÚBLICO,36,MASCULINO,SIN DATOS,0,0,Morelia,La Quemada,abril,sábado,12,-101.2394516,19.7014407
56304,56507,2026,MOR202600000022,2026/04/04,11:40:00,COLISIÓN POR NO RESPETAR SEMÁFORO,ASFALTO,Bueno,Bueno,2,ITALIKA,ROJA,2,,23,MASCULINO,SIN DATOS,0,0,Morelia,La Loma,abril,sábado,12,-101.1812063,19.6809432
56305,56508,2026,MOR/20260038903,2026/04/04,14:50:00,COLISIÓN POR ALCANCE,ASFALTO,Bueno,Bueno,2,CHANGAN,BLANCO,2,MINISTERIO PÚBLICO,,,SIN DATOS,0,0,Morelia,Heroes de Bajan,abril,sábado,15,-101.2261297,19.6912759
56306,56509,2026,MOR/20260038973,2026/04/04,19:05:00,COLISIÓN CONTRA OBJETO FIJO,ASFALTO,Bueno,Bueno,1,Dodge,Negro,1,,38,FEMENINO,SIN DATOS,0,0,Morelia,Ignacio Zaragoza,abril,sábado,19,-101.2070498,19.7256791
56307,56510,2026,MOR/2026/0038998,2026/04/04,20:05:00,SALIDA DE SUPERFICIE DE RODAMIENTO,CONCRETO,Bueno,Malo,1,Chevrolet,Blanco,1,,31,MASCULINO,SIN DATOS,0,0,Morelia,Loma Dorada,abril,sábado,20,-101.2562769,19.7028395
56308,56511,2026,MOR202600000056,2026/04/04,20:30:00,COLISIÓN POR INVASIÓN DE CARRIL,ASFALTO,Bueno,Bueno,2,Dinamo,Gris,2,MINISTERIO PÚBLICO,16,MASCULINO,SIN DATOS,0,0,Morelia,La Capilla,abril,sábado,21,-101.1556171,19.6577616
56309,56512,2026,MOR/20260039052,2026/04/04,22:00:00,COLISIÓN POR CORTE DE CIRCULACIÓN,ASFALTO,Bueno,Bueno,2,Kia,Azul,2,,20,MASCULINO,SIN DATOS,0,0,Morelia,Elias Perez Avalos,abril,sábado,22,-101.165377,19.7103817
56310,56513,2026,MOR202600974,2026/04/04,22:58:00,COLISIÓN POR CAMBIO DE CARRIL,CONCRETO,Bueno,Bueno,2,Vento,Negro/gris,2,MINISTERIO PÚBLICO,26,MASCULINO,SIN DATOS,0,0,Morelia,Chapultepec Sur,abril,sábado,23,-101.1658359,19.6911855
56311,56514,2026,MOR/202698783877,2026/04/05,"00:05:00",COLISIÓN POR INVASIÓN DE CARRIL,ASFALTO,Bueno,Bueno,2,Dodge,Plata,2,,20,MASCULINO,SIN DATOS,0,0,Morelia,Fracc Valle de Mil Cumbres,abril,domingo,0,-101.102205,19.6891083
56312,56515,2026,"20260039220",2026/04/05,"02:10:00",COLISIÓN CONTRA OBJETO FIJO,ASFALTO,Bueno,Bueno,1,Toyota,Plata,1,MINISTERIO PÚBLICO,23,MASCULINO,SIN DATOS,0,0,Morelia,La Floresta,abril,domingo,2,-101.1520556,19.6844958
56313,56516,2026,MOR/20260039306,2026/04/05,"07:30:00",SALIDA DE SUPERFICIE DE RODAMIENTO,ASFALTO,Bueno,Bueno,1,Kia,Negro,1,,46,MASCULINO,SIN DATOS,0,0,Morelia,Sin datos,abril,domingo,8,-101.3625816,19.5517317
56314,56517,2026,MOR/20260039317,2026/04/05,11:56:00,COLISIÓN POR CORTE DE CIRCULACIÓN,CONCRETO,Bueno,Regular,2,Nissan,Azul,2,,,MASCULINO,SIN DATOS,0,0,Morelia,Lomas del Tecnologico,abril,domingo,12,-101.1907554,19.7204403
56315,56518,2026,MOR20260039410,2026/04/05,13:57:00,COLISIÓN POR ALCANCE,ASFALTO,Bueno,Bueno,2,MITSUBISHI,GRIS,2,,56,MASCULINO,SIN DATOS,0,0,Morelia,Sin datos,abril,domingo,14,-101.3397955,19.6863026
56316,56519,2026,MOR20267392,2026/04/05,18:47:00,COLISIÓN POR ALCANCE,ASFALTO,Bueno,Bueno,2,Chevrolet,Azul,1,,37,FEMENINO,SIN DATOS,0,0,Morelia,Ciudad Industrial,abril,domingo,19,-101.1424338,19.7251806
56317,56520,2026,MOR/20260039548,2026/04/05,21:11:00,COLISIÓN POR CAMBIO DE CARRIL,ASFALTO,Nublado,Bueno,2,Volkswagen,Blanco,2,,36,FEMENINO,SIN DATOS,0,0,Morelia,Ana Maria Gallaga (Riviera Norte),abril,domingo,21,-101.224259,19.6769052
56318,56521,2026,MOR/20260039550,2026/04/05,21:23:00,COLISIÓN POR CORTE DE CIRCULACIÓN,ASFALTO,Lluvioso,Regular,2,Italika,Azul,2,,34,MASCULINO,SIN DATOS,0,0,Morelia,Bicentenario,abril,domingo,21,-101.1349094,19.7354021
56319,56522,2026,"20260039537",2026/04/05,22:27:00,COLISIÓN POR ALCANCE,ASFALTO,Bueno,Bueno,2,Volkswagen,Rojo,2,,,MASCULINO,SIN DATOS,0,0,Morelia,Poblado de Ocolusen,abril,domingo,22,-101.1502236,19.6938991
56320,56523,2026,MOR/20260039675,2026/04/05,23:41:00,COLISIÓN POR CORTE DE CIRCULACIÓN,ASFALTO,Lluvioso,Regular,2,Nissan,Negro,2,MINISTERIO PÚBLICO,24,MASCULINO,SIN DATOS,0,0,Morelia,El Realito,abril,domingo,0,-101.2051608,19.7258421
56321,56524,2026,MOR/20260039702,2026/04/06,"02:00:00",COLISIÓN CONTRA OBJETO FIJO,ASFALTO,Bueno,Regular,1,Ford,Guinda,1,,35,MASCULINO,SIN DATOS,0,0,Morelia,Sin datos,abril,lunes,2,-101.3588695,19.6775864
56322,56525,2026,MOR/20260039763,2026/04/06,"07:55:00",COLISIÓN POR CAMBIO DE CARRIL,ASFALTO,Bueno,Bueno,2,Nissan,Blanco,2,,41,MASCULINO,SIN DATOS,0,0,Morelia,Diego Rivera,abril,lunes,8,-101.1766307,19.7186612
56323,56526,2026,MOR2026000002,2026/04/06,11:16:00,COLISIÓN POR NO RESPETAR SEMÁFORO,ASFALTO,Bueno,Bueno,2,Vento,Negro,2,,28,MASCULINO,SIN DATOS,0,0,Morelia,Los Pinos de Michoacan,abril,lunes,11,-101.2150881,19.6851875
56324,56527,2026,MOR/2026837617487,2026/04/06,12:37:00,COLISIÓN POR ALCANCE,ASFALTO,Bueno,Bueno,2,Ford,Guinda,2,,47,MASCULINO,SIN DATOS,0,0,Morelia,Alberto Oviedo Mota,abril,lunes,13,-101.2017339,19.6774122
56325,56528,2026,MOR202600052537,2026/04/06,13:38:00,COLISIÓN POR ALCANCE,ASFALTO,Bueno,Bueno,2,Nissan,Azul,2,,52,,SIN DATOS,0,0,Morelia,Felix Ireta,abril,lunes,14,-101.1836375,19.6828212
56326,56529,2026,MOR2026000000003,2026/04/06,18:31:00,COLISIÓN POR CORTE DE CIRCULACIÓN,ASFALTO,Bueno,Bueno,2,ITALIKA,BLANCO,2,,20,MASCULINO,SIN DATOS,0,0,Morelia,Lomas de Vista Bella,abril,lunes,19,-101.1967517,19.6728421
56327,56530,2026,MOR/2026817639862,2026/04/06,20:01:00,COLISIÓN POR ALCANCE,ASFALTO,Bueno,Bueno,2,JEEP,VERDE,2,,23,MASCULINO,SIN DATOS,0,0,Morelia,Chapultepec Oriente,abril,lunes,20,-101.1593096,19.6942509
56328,56531,2026,MOR/20260039985,2026/04/06,20:33:00,COLISIÓN CONTRA OBJETO FIJO,ASFALTO,Bueno,Bueno,1,Kia,Gris,2,,58,FEMENINO,SIN DATOS,1,0,Morelia,Vasco de Quiroga,abril,lunes,21,-101.175295,19.7039818
56329,56532,2026,MOR20261122333,2026/04/07,"08:02:00",COLISIÓN POR CORTE DE CIRCULACIÓN,ASFALTO,Bueno,Bueno,2,Jeep,Negro,2,,,MASCULINO,SIN DATOS,0,0,Morelia,Fuentes de Morelia,abril,martes,8,-101.2035516,19.670403
56330,56533,2026,MOR20260040117,2026/04/07,"09:20:00",COLISIÓN POR CORTE DE CIRCULACIÓN,ASFALTO,Bueno,Bueno,2,Toyota,Cris con blanco,2,,,FEMENINO,SIN DATOS,0,0,Morelia,Indeco El Vivero,abril,martes,9,-101.2300392,19.6773828
56331,56534,2026,MOR/20260040185,2026/04/07,11:09:00,COLISIÓN POR CAMBIO DE CARRIL,ASFALTO,Bueno,Malo,2,Toyota,Blanco,2,,71,MASCULINO,SIN DATOS,0,0,Morelia,Sentimientos de La Nacion,abril,martes,11,-101.2328914,19.6781714
56332,56535,2026,MOR/20260040217,2026/04/07,11:31:00,COLISIÓN POR ALCANCE,ASFALTO,Bueno,Bueno,3,Nissan,Negro,3,MINISTERIO PÚBLICO,33,MASCULINO,SIN DATOS,0,0,Morelia,Pascual Ortiz de Ayala,abril,martes,12,-101.1509618,19.6969972
56333,56536,2026,MOR/20260040245,2026/04/07,12:48:00,COLISIÓN POR ALCANCE,ASFALTO,Bueno,Bueno,2,Kia,Azul,2,,24,FEMENINO,SIN DATOS,0,0,Morelia,Isaac Arriaga,abril,martes,13,-101.1675268,19.709595
56334,56537,2026,MOR/20260040274,2026/04/07,14:19:00,COLISIÓN POR CORTE DE CIRCULACIÓN,ASFALTO,Bueno,Bueno,2,Nissan,Blanco,2,,40,MASCULINO,SIN DATOS,0,0,Morelia,Nueva Valladolid,abril,martes,14,-101.2088907,19.7011265
56335,56538,2026,MOR202601,2026/04/07,17:31:00,COLISIÓN POR ALCANCE,ASFALTO,Bueno,Bueno,3,Mazda,Negro,3,,23,MASCULINO,SIN DATOS,0,0,Morelia,Nueva Jacarndas,abril,martes,18,-101.1884493,19.6814895
56336,56539,2026,MOR/20260040366,2026/04/07,18:02:00,COLISIÓN POR CORTE DE CIRCULACIÓN,ASFALTO,Bueno,Bueno,3,NISSAN,PLATA,3,,23,MASCULINO,SIN DATOS,0,0,Morelia,Fidel Velazquez,abril,martes,18,-101.2381153,19.7064238
56337,56540,2026,MOR/20260040461,2026/04/07,22:01:00,COLISIÓN POR CAMBIO DE CARRIL,ASFALTO,Bueno,Bueno,2,Audi,Blanco,2,,55,MASCULINO,SIN DATOS,0,0,Morelia,Isaac Arriaga,abril,martes,22,-101.1663976,19.710374
56338,56541,2026,"20260040515",2026/04/08,"02:14:00",SALIDA DE SUPERFICIE DE RODAMIENTO,ASFALTO,Bueno,Bueno,1,Honda,Gris,1,,35,MASCULINO,SIN DATOS,0,0,Morelia,Sin datos,abril,miércoles,2,-101.2866487,19.6085575
56339,56542,2026,MOR/20260040524,2026/04/08,"05:58:00",COLISIÓN POR NO RESPETAR SEMÁFORO,ASFALTO,Bueno,Regular,2,Nissan,Rojo,2,MINISTERIO PÚBLICO,67,MASCULINO,SIN DATOS,0,0,Morelia,Sentimientos de La Nacion,abril,miércoles,6,-101.2348196,19.6812868
56340,56543,2026,MOR/ 20260040570,2026/04/08,"09:14:00",COLISIÓN POR ALCANCE,ASFALTO,Bueno,Bueno,2,Chevrolet,Amarillo,2,,39,FEMENINO,SIN DATOS,0,0,Morelia,Tierra Y Libertad,abril,miércoles,9,-101.2297261,19.7163433
56341,56544,2026,MOR/20260040590,2026/04/08,11:30:00,COLISIÓN POR CORTE DE CIRCULACIÓN,ASFALTO,Bueno,Bueno,2,Chevrolet,Plata,2,,20,FEMENINO,SIN DATOS,0,0,Morelia,Isaac Arriaga,abril,miércoles,12,-101.1705121,19.7080987
56342,56545,2026,MOR/20260040675,2026/04/08,15:01:00,COLISIÓN POR MANIOBRA DE REVERSA,ASFALTO,Bueno,Bueno,2,Volkswagen,Azul,2,,34,MASCULINO,SIN DATOS,0,0,Morelia,Americas Britania,abril,miércoles,15,-101.1495148,19.6927018
56343,56546,2026,MOR20260040709,2026/04/08,17:16:00,COLISIÓN POR MANIOBRA DE REVERSA,ADOQUIN_EMPEDRADO,Bueno,Bueno,2,Nissan,Negro,2,,52,,SIN DATOS,0,0,Morelia,Arkos San Pedro,abril,miércoles,17,-101.279444,19.6313909
56344,56547,2026,MOR/20260040728,2026/04/08,17:47:00,COLISIÓN POR CORTE DE CIRCULACIÓN,ASFALTO,Bueno,Bueno,2,Yamaha,Azul,2,,39,MASCULINO,SIN DATOS,0,0,Morelia,Ciudad Industrial,abril,miércoles,18,-101.1454312,19.7284837
56345,56548,2026,MOR202600000003,2026/04/08,18:24:00,COLISIÓN POR CAMBIO DE CARRIL,ASFALTO,Bueno,Bueno,2,Freightliner,Blanco,2,,27,MASCULINO,SIN DATOS,0,0,Morelia,Indeco El Vivero,abril,miércoles,18,-101.2301292,19.6773247
56346,56549,2026,MOR2026000004,2026/04/08,20:27:00,COLISIÓN CONTRA OBJETO FIJO,ASFALTO,Bueno,Bueno,2,Mercedes-benz,Blanco,2,,22,MASCULINO,SIN DATOS,0,0,Morelia,Pablo Galeana,abril,miércoles,20,-101.229619,19.6377998
56347,56550,2026,MOR/20260040885,2026/04/08,23:55:00,SUBIDA AL CAMELLÓN,ASFALTO,Bueno,Bueno,1,Chevrolet,Rojo,1,,26,MASCULINO,SIN DATOS,0,0,Morelia,Enrique Arreguin Robles,abril,miércoles,0,-101.179345,19.7205403
56348,56551,2026,MOR/20260040975,2026/04/09,"09:14:00",COLISIÓN POR CORTE DE CIRCULACIÓN,ASFALTO,Bueno,Bueno,2,Italika,Carbono,2,,25,MASCULINO,SIN DATOS,0,0,Morelia,Ventura Puente,abril,jueves,9,-101.1898512,19.6929397
56349,56552,2026,MOR/2026003,2026/04/09,10:58:00,COLISIÓN POR INVASIÓN DE CARRIL,ASFALTO,Bueno,Regular,2,Mercedes benz,Verde/blanco,2,,46,MASCULINO,SIN DATOS,0,0,Morelia,Prados de La Huerta,abril,jueves,11,-101.2233778,19.6683823
56350,56553,2026,MOR/20260041114,2026/04/09,16:57:00,COLISIÓN POR CAMBIO DE CARRIL,ASFALTO,Bueno,Bueno,2,Bajaj,Rojo,3,MINISTERIO PÚBLICO,,MASCULINO,SIN DATOS,1,0,Morelia,Felix Ireta,abril,jueves,17,-101.1804355,19.6878119
56351,56554,2026,MOR20268899107,2026/04/09,17:08:00,SALIDA DE SUPERFICIE DE RODAMIENTO,ASFALTO,Bueno,Bueno,1,Volkswagen,Blanco,1,,,,SIN DATOS,0,0,Morelia,Sin datos,abril,jueves,17,-101.409445,19.648295
56352,56555,2026,MOR/20260041112,2026/04/09,17:08:00,COLISIÓN POR CORTE DE CIRCULACIÓN,CONCRETO,Bueno,Bueno,2,Italika,Azul,2,MINISTERIO PÚBLICO,26,MASCULINO,SIN DATOS,0,0,Morelia,Ciudad Industrial,abril,jueves,17,-101.1256086,19.7363508
56353,56556,2026,MOR202626,2026/04/09,23:39:00,COLISIÓN POR ALCANCE,ASFALTO,Bueno,Bueno,2,Ford,Arena,2,,31,MASCULINO,SIN DATOS,0,0,Morelia,Villas del Pedregal,abril,jueves,0,-101.3070538,19.6725315
56354,56557,2026,"20260404",2026/04/10,"00:23:00",COLISIÓN CONTRA OBJETO FIJO,ASFALTO,Bueno,Bueno,1,Chrysler,Gris,1,,50,MASCULINO,SIN DATOS,0,0,Morelia,Sin datos,abril,viernes,0,-101.2700787,19.6002431
56355,56558,2026,MOR/20260041389,2026/04/10,"09:30:00",COLISIÓN POR ALCANCE,ASFALTO,Bueno,Bueno,2,Mitsubishi,Blanco,2,,65,MASCULINO,SIN DATOS,0,0,Pátzcuaro,Sin datos,abril,viernes,10,-101.6193865,19.4936151
56356,56559,2026,MOR/20260041505,2026/04/10,17:09:00,COLISIÓN POR CAMBIO DE CARRIL,CONCRETO,Bueno,Bueno,2,SUZUKI,BLANCO,2,,51,MASCULINO,SIN DATOS,0,0,Morelia,Indeco El Vivero,abril,viernes,17,-101.2297978,19.6772776
56357,56560,2026,MOR/20260041634,2026/04/10,23:16:00,COLISIÓN POR INVASIÓN DE CARRIL,ASFALTO,Bueno,Bueno,3,Freightliner,Rojo,2,,36,FEMENINO,SIN DATOS,0,0,Morelia,Los Girasoles,abril,viernes,23,-101.2131215,19.6906416
56358,56561,2026,MOR/20260041652,2026/04/10,23:36:00,COLISIÓN CONTRA OBJETO FIJO,ASFALTO,Bueno,Bueno,3,Seat,Blanco,3,,21,MASCULINO,SIN DATOS,0,0,Morelia,Santiaguito,abril,viernes,0,-101.193033,19.7165115
56359,56562,2026,MOR/202672673871,2026/04/11,"00:12:00",COLISIÓN CONTRA OBJETO FIJO,ASFALTO,Bueno,Bueno,1,Seat,Negro,1,,47,MASCULINO,SIN DATOS,0,0,Morelia,Los Manantiales de Morelia,abril,sábado,0,-101.240469,19.692828
56360,56563,2026,MOR/20260041710,2026/04/11,"00:32:00",COLISIÓN POR CORTE DE CIRCULACIÓN,ASFALTO,Bueno,Bueno,2,Chevrolet,Azul,2,,21,MASCULINO,SIN DATOS,0,0,Morelia,Jardines de Guadalupe,abril,sábado,1,-101.2220676,19.7115004
56361,56564,2026,MOR/20260041755,2026/04/11,"03:29:00",COLISIÓN CONTRA OBJETO FIJO,ASFALTO,Bueno,Bueno,1,Mazda,Gris,1,MINISTERIO PÚBLICO,64,MASCULINO,SIN DATOS,0,0,Morelia,Consuelo Alfaro de Vazquez,abril,sábado,3,-101.1374682,19.7288012
56362,56565,2026,MOR/20260041868,2026/04/11,13:53:00,COLISIÓN POR ALCANCE,ASFALTO,Bueno,Bueno,2,Dodge,Blanco,2,,31,MASCULINO,SIN DATOS,0,0,Morelia,Santillan La Huerta,abril,sábado,14,-101.2200912,19.6750756
56363,56566,2026,MOR/20260041916,2026/04/11,15:53:00,COLISIÓN POR ALCANCE,ASFALTO,Bueno,Bueno,2,NISSAN,BLANCO,2,,75,FEMENINO,SIN DATOS,0,0,Morelia,Jardines del Rincon,abril,sábado,16,-101.1528629,19.6872137
56364,56567,2026,MOR20260041913,2026/04/11,16:28:00,COLISIÓN POR INVASIÓN DE CARRIL,ASFALTO,Bueno,Bueno,2,NISSAN,BLANCO,0,,,,,0,0,Morelia,Eduardo Ruiz,abril,sábado,16,-101.2232959,19.7218839
56365,56568,2026,MOR/20260041948,2026/04/11,16:56:00,COLISIÓN POR INVASIÓN DE CARRIL,ASFALTO,Bueno,Bueno,2,KENWORTH,ROJO,2,,36,MASCULINO,SIN DATOS,0,0,Morelia,Indeco El Vivero,abril,sábado,17,-101.2311383,19.6775508
56366,56569,2026,MOR/20260041956,2026/04/11,18:29:00,COLISIÓN CONTRA OBJETO FIJO,CONCRETO,Nublado,Regular,2,Italika,Verde/negro,3,,38,MASCULINO,SIN DATOS,1,0,Morelia,Villas Oriente,abril,sábado,18,-101.1435783,19.7543324
56367,56570,2026,"202600000",2026/04/11,19:27:00,COLISIÓN CONTRA OBJETO FIJO,CONCRETO,Lluvioso,Bueno,2,NAVISTAR MEXICO,VERDE,2,,26,MASCULINO,SIN DATOS,0,0,Morelia,Ventura Puente,abril,sábado,19,-101.189899,19.6946544
56368,56571,2026,"20260005",2026/04/11,22:08:00,COLISIÓN POR CORTE DE CIRCULACIÓN,CONCRETO,Lluvioso,Bueno,2,HONDA,GUINDA,2,,31,MASCULINO,SIN DATOS,0,0,Morelia,Chapultepec Oriente,abril,sábado,22,-101.163588,19.6885614
56369,56572,2026,MOR/20260042129,2026/04/11,23:43:00,COLISIÓN POR ALCANCE,ASFALTO,Bueno,Bueno,2,VOLKSWAGEN,ROJO,2,,42,MASCULINO,SIN DATOS,0,0,Morelia,Fovissste La Huerta,abril,sábado,0,-101.2109102,19.69503
56370,56573,2026,MOR/20260042100,2026/04/11,23:59:00,COLISIÓN POR NO RESPETAR SEMÁFORO,ASFALTO,Bueno,Bueno,2,ITALIKA,NEGRO,3,,20,MASCULINO,SIN DATOS,1,0,Morelia,Granjas Unidas de Morelia,abril,sábado,0,-101.2793738,19.6911168
56371,56574,2026,MOR2026028,2026/04/12,"06:24:00",COLISIÓN CONTRA OBJETO FIJO,ASFALTO,Bueno,Bueno,1,Nissan,Azul,1,,50,MASCULINO,SIN DATOS,0,0,Morelia,Fuentes de Morelia,abril,domingo,6,-101.2025996,19.6712925
56372,56575,2026,MOR20260042369,2026/04/12,14:14:00,COLISIÓN POR ALCANCE,CONCRETO,Bueno,Bueno,2,CHEVROLET,BLANCO,2,,19,MASCULINO,SIN DATOS,0,0,Morelia,Felix Ireta,abril,domingo,14,-101.1954214,19.6833347
56373,56576,2026,MOR/20260042423,2026/04/12,16:10:00,COLISIÓN POR CORTE DE CIRCULACIÓN,CONCRETO,Bueno,Bueno,2,VENTO,GRIS,3,MINISTERIO PÚBLICO,32,MASCULINO,SIN DATOS,1,0,Morelia,Sin datos,abril,domingo,16,-101.1372932,19.7621328
56374,56577,2026,MOR/20260042416,2026/04/12,16:46:00,COLISIÓN POR ALCANCE,ASFALTO,Bueno,Bueno,3,SCANIA,"BEIGE, CREMA",3,,35,MASCULINO,SIN DATOS,0,0,Morelia,Florida,abril,domingo,17,-101.2279409,19.6765828
56375,56578,2026,MOR/20260041456,2026/04/12,16:56:00,COLISIÓN POR CORTE DE CIRCULACIÓN,CONCRETO,Lluvioso,Regular,2,NISSAN,BLANCO,2,,34,MASCULINO,SIN DATOS,0,0,Morelia,Industrial,abril,domingo,17,-101.2003191,19.7109743
56376,56579,2026,MOR/20260042444,2026/04/12,17:03:00,COLISIÓN POR CAMBIO DE CARRIL,ASFALTO,Bueno,Bueno,2,MERCEDES BENZ,BLANCO,2,,47,FEMENINO,SIN DATOS,0,0,Morelia,Mariano Michelena,abril,domingo,17,-101.2313192,19.6773013
56377,56580,2026,MOR/20260042503,2026/04/12,20:16:00,COLISIÓN POR CAMBIO DE CARRIL,ASFALTO,Bueno,Bueno,2,Ram,Blanco,2,,32,MASCULINO,SIN DATOS,0,0,Morelia,La Calera,abril,domingo,20,-101.2334033,19.6776183
56378,56581,2026,"20260042474",2026/04/12,22:38:00,COLISIÓN CONTRA OBJETO FIJO,CONCRETO,Nublado,Bueno,2,Chevrolet,Naranja metalico,2,,39,MASCULINO,SIN DATOS,0,0,Morelia,Cuauhtemoc,abril,domingo,23,-101.182455,19.6962781
56379,56582,2026,MOR20260042635,2026/04/13,"00:06:00",SALIDA DE SUPERFICIE DE RODAMIENTO,ASFALTO,Bueno,Bueno,1,Volkswagen,Blanco,1,,58,MASCULINO,SIN DATOS,0,0,Morelia,La Huerta,abril,lunes,0,-101.2148186,19.6726715
56380,56583,2026,MOR20260042703,2026/04/13,"05:34:00",COLISIÓN CONTRA OBJETO FIJO,ASFALTO,Bueno,Bueno,1,Chevrolet,Blanco,1,,48,MASCULINO,SIN DATOS,0,0,Morelia,Sin datos,abril,lunes,6,-101.2691574,19.6380615
56381,56584,2026,MOR/20260042742,2026/04/13,"09:14:00",COLISIÓN POR CAMBIO DE CARRIL,ASFALTO,Bueno,Regular,2,Toyota,Blanco/gris,0,,,,,0,0,Morelia,Lomas de Morelia (Dr Ignacio Chavez),abril,lunes,9,-101.1744215,19.7164039
56382,56585,2026,MOR/20260042747,2026/04/13,"09:33:00",COLISIÓN POR CAMBIO DE CARRIL,ASFALTO,Bueno,Bueno,2,Italika,Negro,2,,43,MASCULINO,SIN DATOS,0,0,Morelia,Campestre Los Manantiales,abril,lunes,10,-101.2383345,19.6883816
56383,56586,2026,MOR2026087,2026/04/13,10:00:00,COLISIÓN POR ALCANCE,CONCRETO,Bueno,Bueno,2,Volkswagen,Blanco,2,MINISTERIO PÚBLICO,42,MASCULINO,SIN DATOS,0,0,Morelia,Elias Perez Avalos,abril,lunes,10,-101.1676505,19.7119262
56384,56587,2026,MOR/20260042757,2026/04/13,10:10:00,COLISIÓN POR CAMBIO DE CARRIL,ASFALTO,Bueno,Bueno,2,Ford,Plata,2,,76,MASCULINO,SIN DATOS,0,0,Morelia,Indeco El Vivero,abril,lunes,10,-101.2301289,19.6772673
56385,56588,2026,MOR/20260042753,2026/04/13,11:02:00,COLISIÓN POR CAMBIO DE CARRIL,ASFALTO,Bueno,Bueno,2,Freightliner,Rojo,2,,,MASCULINO,SIN DATOS,0,0,Morelia,Elias Perez Avalos,abril,lunes,11,-101.1665327,19.7111717
56386,56589,2026,MOR/20260042783,2026/04/13,12:05:00,COLISIÓN CONTRA OBJETO FIJO,CONCRETO,Bueno,Bueno,1,Scania,Azul,1,MINISTERIO PÚBLICO,42,MASCULINO,SIN DATOS,0,0,Morelia,Torreon Nuevo,abril,lunes,12,-101.199915,19.7456107
56387,56590,2026,MOR/20260042794,2026/04/13,12:07:00,COLISIÓN POR CORTE DE CIRCULACIÓN,ASFALTO,Bueno,Bueno,2,Italika,Negro,1,MINISTERIO PÚBLICO,40,MASCULINO,SIN DATOS,0,0,Morelia,Jacarandas,abril,lunes,12,-101.2113764,19.7090634
56388,56591,2026,MOR/20260042853,2026/04/13,15:09:00,COLISIÓN POR CORTE DE CIRCULACIÓN,ASFALTO,Bueno,Bueno,2,Nissan,Gris,2,MINISTERIO PÚBLICO,39,MASCULINO,SIN DATOS,0,0,Morelia,Valle Quieto,abril,lunes,15,-101.2040322,19.6857191
56389,56592,2026,"20260000",2026/04/13,18:00:00,COLISIÓN POR ALCANCE,ASFALTO,Bueno,Bueno,3,Kenworth,Rojo,3,,44,MASCULINO,SIN DATOS,0,0,Morelia,La Calera,abril,lunes,18,-101.2332726,19.6777627
56390,56593,2026,"20260042934",2026/04/13,19:07:00,COLISIÓN POR ALCANCE,ASFALTO,Bueno,Regular,2,GMC,BLANCO,2,,37,MASCULINO,SIN DATOS,0,0,Morelia,La Calera,abril,lunes,19,-101.2334463,19.6780092
56391,56594,2026,MOR/20260042943,2026/04/13,20:19:00,COLISIÓN POR CAMBIO DE CARRIL,ASFALTO,Bueno,Bueno,2,VOLVO,AMARILLO,2,,30,MASCULINO,SIN DATOS,0,0,Morelia,Nicolas Bravo(Los Ejidos),abril,lunes,20,-101.2245076,19.7045604
56392,56595,2026,MOR/20260043089,2026/04/14,"09:34:00",COLISIÓN POR CORTE DE CIRCULACIÓN,ASFALTO,Bueno,Bueno,2,Toyota,Blaco/gris,2,,21,MASCULINO,SIN DATOS,0,0,Morelia,Isaac Arriaga,abril,martes,10,-101.16855,19.711981
56393,56596,2026,MOR20260000008,2026/04/14,"09:38:00",COLISIÓN POR CORTE DE CIRCULACIÓN,ASFALTO,Bueno,Bueno,2,Chevrolet,Blanco,4,,37,MASCULINO,SIN DATOS,2,0,Morelia,Cosmos,abril,martes,10,-101.2183205,19.6856089