fid,id_accidente,anio_origen,folio_c5i,dia_incidente,hora_ocurrencia,tipo_incidente_vial,superficie_ocurrencia,condiciones_climaticas,condiciones_via,numero_vehiculos_involucrados,marca_vehiculo_ocasiona_siniestro,color_vehiculo_ocasiona_siniestro,numero_personas_involucradas,lugar_remite_presunto_responsable,edad_presunto_responsable,sexo_presunto_responsable,resultados_toxicologia,numero_personas_lesionadas,numero_personas_fallecidas,municipio,colonia,mes,dia_semana,hora_redondeada,lon,lat
56394,56597,2026,MOR2026001685,2026/04/14,11:07:00,COLISIÓN POR CAMBIO DE CARRIL,CONCRETO,Bueno,Bueno,2,Volkswagen,Plata,2,MINISTERIO PÚBLICO,32,MASCULINO,SIN DATOS,0,0,Morelia,Camelinas,abril,martes,11,-101.1708516,19.6822879
56395,56598,2026,MOR/20260043126,2026/04/14,12:22:00,COLISIÓN POR ALCANCE,ASFALTO,Bueno,Bueno,2,Ram,Rojo,2,,31,MASCULINO,SIN DATOS,0,0,Morelia,El Lago 2,abril,martes,12,-101.2144579,19.7265205
56396,56599,2026,MOR/2026981789177298,2026/04/14,12:23:00,COLISIÓN POR CORTE DE CIRCULACIÓN,ASFALTO,Bueno,Bueno,2,Foton,Blanco,2,,41,MASCULINO,SIN DATOS,0,0,Morelia,Indeco El Vivero,abril,martes,12,-101.230129,19.6773898
56397,56600,2026,MOR/20260043142,2026/04/14,13:28:00,COLISIÓN POR CAMBIO DE CARRIL,ASFALTO,Bueno,Bueno,2,Mazda,Negro,2,,66,MASCULINO,SIN DATOS,0,0,Morelia,Sin datos,abril,martes,13,-101.2777202,19.6264212
56398,56601,2026,MOR/202682761848,2026/04/14,15:01:00,COLISIÓN POR CORTE DE CIRCULACIÓN,ASFALTO,Bueno,Bueno,2,Mazda,Gris,2,,76,MASCULINO,SIN DATOS,0,0,Morelia,Ventura Puente,abril,martes,15,-101.1798787,19.6903102
56399,56602,2026,MOR/20260043235,2026/04/14,16:55:00,COLISIÓN POR CAMBIO DE CARRIL,ASFALTO,Bueno,Bueno,2,Kenworth,Blanco,2,,61,MASCULINO,SIN DATOS,0,0,Morelia,Indeco El Vivero,abril,martes,17,-101.2311568,19.6776384
56400,56603,2026,MOR20260000007,2026/04/14,17:11:00,COLISIÓN POR CORTE DE CIRCULACIÓN,ASFALTO,Bueno,Bueno,2,Chevrolet,Blanco,2,,26,FEMENINO,SIN DATOS,0,0,Morelia,Morelos,abril,martes,17,-101.2068302,19.7011904
56401,56604,2026,MOR/20260043264,2026/04/14,17:44:00,COLISIÓN POR CORTE DE CIRCULACIÓN,CONCRETO,Bueno,Bueno,2,Suzuki,Gris,2,,21,MASCULINO,SIN DATOS,0,0,Morelia,Centro,abril,martes,18,-101.1905299,19.7074999
56402,56605,2026,MOR/20260043307,2026/04/14,21:26:00,COLISIÓN CONTRA OBJETO FIJO,ASFALTO,Bueno,Bueno,1,Ford,Blanco,1,MINISTERIO PÚBLICO,,,SIN DATOS,0,0,Morelia,Sin datos,abril,martes,21,-101.3414855,19.7190548
56403,56606,2026,MOR/2026827638817,2026/04/15,"05:55:00",VOLCADURA,ASFALTO,Bueno,Bueno,1,Ford,Rojo,1,,40,MASCULINO,SIN DATOS,0,0,Morelia,Sin datos,abril,miércoles,6,-101.2847993,19.6120504
56404,56607,2026,MOR/04202686543,2026/04/15,"07:27:00",SUBIDA AL CAMELLÓN,CONCRETO,Bueno,Bueno,1,Internacional,Blanco,1,,31,MASCULINO,SIN DATOS,0,0,Morelia,Sin datos,abril,miércoles,7,-101.2935691,19.5965151
56405,56608,2026,MOR/20260043485,2026/04/15,"08:17:00",COLISIÓN POR CORTE DE CIRCULACIÓN,ASFALTO,Bueno,Bueno,2,Seat,Gris,2,,45,FEMENINO,SIN DATOS,0,0,Morelia,Lomas del Valle,abril,miércoles,8,-101.2311595,19.6887235
56406,56609,2026,MOR/20260043508,2026/04/15,"08:57:00",COLISIÓN POR CAMBIO DE CARRIL,ASFALTO,Bueno,Bueno,2,Ford,Rojo,2,,46,MASCULINO,SIN DATOS,0,0,Morelia,Sin datos,abril,miércoles,9,-101.1745551,19.6581547
56407,56610,2026,MOR/20260043503,2026/04/15,10:02:00,COLISIÓN POR NO RESPETAR SEMÁFORO,ASFALTO,Bueno,Bueno,2,Bmw,Blanco,2,,51,MASCULINO,SIN DATOS,0,0,Morelia,Centro,abril,miércoles,10,-101.1784441,19.6994647
56408,56611,2026,MOR/20260043518,2026/04/15,10:19:00,COLISIÓN CON PEATÓN,ASFALTO,Bueno,Bueno,1,Volkswagen,Blanco,2,,51,MASCULINO,SIN DATOS,1,0,Morelia,Loma Real,abril,miércoles,10,-101.1992989,19.7312843
56409,56612,2026,MOR/20260043520,2026/04/15,10:31:00,COLISIÓN POR ALCANCE,ASFALTO,Bueno,Bueno,3,Volkswagen,Plata,3,,31,FEMENINO,SIN DATOS,0,0,Morelia,Sin datos,abril,miércoles,11,-101.3527351,19.6791231
56410,56613,2026,"2026000",2026/04/15,11:05:00,COLISIÓN POR CORTE DE CIRCULACIÓN,CONCRETO,Bueno,Bueno,2,Mazda,Blanco,2,,52,FEMENINO,SIN DATOS,0,0,Morelia,Solidaridad,abril,miércoles,11,-101.2036627,19.7349177
56411,56614,2026,MOR/20260043487,2026/04/15,11:09:00,COLISIÓN POR ALCANCE,ASFALTO,Bueno,Bueno,2,Toyota,Azul,2,,31,MASCULINO,SIN DATOS,0,0,Morelia,Chapultepec Oriente,abril,miércoles,11,-101.1620489,19.6902906
56412,56615,2026,MOR/20260043548,2026/04/15,11:51:00,COLISIÓN CONTRA OBJETO FIJO,ASFALTO,Bueno,Bueno,1,Nissan,Gris,1,,54,MASCULINO,SIN DATOS,0,0,Morelia,Ignaci0 Ramirez,abril,miércoles,12,-101.2236778,19.7253388
56413,56616,2026,"20260043584",2026/04/15,13:44:00,COLISIÓN POR CORTE DE CIRCULACIÓN,ASFALTO,Bueno,Bueno,2,Qjmotors,Negro,2,,38,MASCULINO,SIN DATOS,0,0,Morelia,Tenencia Morelos,abril,miércoles,14,-101.2491471,19.6459624
56414,56617,2026,MOR/20260043611,2026/04/15,14:39:00,COLISIÓN POR CAMBIO DE CARRIL,ASFALTO,Bueno,Regular,2,Toyota,Bco/amarillo,2,,77,MASCULINO,SIN DATOS,0,0,Morelia,Infonavit  Las  Camelinas,abril,miércoles,15,-101.1767887,19.681812
56415,56618,2026,MOR/20260043689,2026/04/15,17:29:00,COLISIÓN POR CORTE DE CIRCULACIÓN,ASFALTO,Bueno,Bueno,2,Hyundai,Rojo,2,,23,MASCULINO,SIN DATOS,0,0,Morelia,Felipe Carrillo Puerto,abril,miércoles,17,-101.1753321,19.7288869
56416,56619,2026,MOR/202600,2026/04/15,17:35:00,COLISIÓN POR CAMBIO DE CARRIL,ASFALTO,Bueno,Bueno,2,Toyota,Rojo,2,,20,MASCULINO,SIN DATOS,0,0,Morelia,Felix Ireta,abril,miércoles,18,-101.1954119,19.6825046
56417,56620,2026,"20260102",2026/04/15,18:44:00,VOLCADURA,ASFALTO,Bueno,Bueno,1,Wolkswagen,Blanco,1,,31,MASCULINO,SIN DATOS,0,0,Morelia,Sin datos,abril,miércoles,19,-101.2726251,19.6325894
56418,56621,2026,MOR/20260043740,2026/04/15,19:50:00,COLISIÓN POR MANIOBRA DE REVERSA,ASFALTO,Bueno,Bueno,2,SEAT,NEGRO,2,,22,MASCULINO,SIN DATOS,0,0,Morelia,Santiaguito,abril,miércoles,20,-101.1887698,19.7183171
56419,56622,2026,MOR/20260043741,2026/04/15,20:56:00,COLISIÓN POR CORTE DE CIRCULACIÓN,ASFALTO,Bueno,Bueno,2,Mazda,Blanco,2,,42,FEMENINO,SIN DATOS,0,0,Morelia,Sentimientos de La Nacion,abril,miércoles,21,-101.23653,19.6842026
56420,56623,2026,"20260043979",2026/04/16,12:34:00,COLISIÓN POR CAMBIO DE CARRIL,ASFALTO,Bueno,Bueno,2,Volkswagen,Gris,2,,61,MASCULINO,SIN DATOS,0,0,Morelia,Nueva Valladolid,abril,jueves,13,-101.2082464,19.7006707
56421,56624,2026,MOR20000006,2026/04/16,14:07:00,COLISIÓN CONTRA OBJETO FIJO,ASFALTO,Bueno,Bueno,1,Nissan,Guinda,1,,31,MASCULINO,SIN DATOS,0,0,Morelia,El Lago 3,abril,jueves,14,-101.2195247,19.7272022
56422,56625,2026,MOR/20260044021,2026/04/16,14:50:00,COLISIÓN POR ALCANCE,CONCRETO,Bueno,Bueno,2,MITSUBISHI,GRIS,2,,31,MASCULINO,SIN DATOS,0,0,Morelia,La Floresta,abril,jueves,15,-101.149682,19.6850562
56423,56626,2026,MOR/20260076527615,2026/04/16,15:25:00,COLISIÓN POR ALCANCE,ASFALTO,Bueno,Bueno,2,Chrysler,Rojo,2,,17,MASCULINO,SIN DATOS,0,0,Morelia,Cosmos,abril,jueves,15,-101.2160903,19.6854388
56424,56627,2026,MOR/20260044134,2026/04/16,20:21:00,COLISIÓN POR CORTE DE CIRCULACIÓN,CONCRETO,Bueno,Bueno,2,Mitsubishi,Gris,2,,48,FEMENINO,SIN DATOS,0,0,Morelia,Montaña Monarca,abril,jueves,20,-101.1628657,19.6737421
56425,56628,2026,MOR/20260044123,2026/04/16,21:38:00,COLISIÓN POR CAMBIO DE CARRIL,ASFALTO,Bueno,Bueno,2,Nissan,Blanco,2,,28,MASCULINO,SIN DATOS,0,0,Morelia,Sin datos,abril,jueves,22,-101.1299664,19.7337886
56426,56629,2026,MOR/20260044725,2026/04/16,22:21:00,COLISIÓN CONTRA OBJETO FIJO,ASFALTO,Bueno,Bueno,1,Kia,Gris,1,,37,FEMENINO,SIN DATOS,0,0,Morelia,Sin datos,abril,jueves,22,-101.3197867,19.686555
56427,56630,2026,MOR/20260044160,2026/04/16,22:29:00,COLISIÓN POR ALCANCE,ASFALTO,Bueno,Bueno,2,Nissan,Azul cobalto,2,,32,FEMENINO,SIN DATOS,0,0,Morelia,Tres Puentes,abril,jueves,22,-101.2136947,19.7026213
56428,56631,2026,MOR2026006588,2026/04/16,22:29:00,COLISIÓN POR ALCANCE,ASFALTO,Bueno,Bueno,2,VOLKSWAGEN,GRIS,2,,30,,SIN DATOS,0,0,Morelia,San Jose del Cerrito,abril,jueves,22,-101.2282792,19.657917
56429,56632,2026,MOR/20260044201,2026/04/16,23:34:00,COLISIÓN CONTRA OBJETO FIJO,CONCRETO,Bueno,Bueno,1,Ram,Blanco,1,,48,MASCULINO,SIN DATOS,0,0,Morelia,Lomas de Santa Maria,abril,jueves,0,-101.1854728,19.6751991
56430,56633,2026,MOR/20260044661,2026/04/17,"00:14:00",COLISIÓN CONTRA OBJETO FIJO,CONCRETO,Bueno,Bueno,1,NISSAN,GUINDA,1,,31,MASCULINO,ALIENTO ETÍLICO,0,0,Morelia,Valle del Punhuato,abril,viernes,0,-101.1455003,19.6979688
56431,56634,2026,MOR/20260044336,2026/04/17,"08:28:00",COLISIÓN POR ALCANCE,ASFALTO,Bueno,Bueno,2,Ford,Azul,2,,36,MASCULINO,SIN DATOS,0,0,Morelia,Camelinas,abril,viernes,8,-101.1734578,19.6821237
56432,56635,2026,MOR/20260044364,2026/04/17,10:01:00,COLISIÓN POR ALCANCE,CONCRETO,Bueno,Bueno,3,Nissan,Blanco,3,,39,FEMENINO,SIN DATOS,0,0,Morelia,Lazaro Cardenas,abril,viernes,10,-101.164091,19.7083542
56433,56636,2026,"202601",2026/04/17,10:37:00,COLISIÓN POR ALCANCE,ASFALTO,Bueno,Bueno,3,Fca,Azul,3,,48,MASCULINO,SIN DATOS,0,0,Morelia,Isaac Arriaga,abril,viernes,11,-101.1685215,19.7120324
56434,56637,2026,MOR/20260044397,2026/04/17,11:56:00,COLISIÓN POR ALCANCE,ASFALTO,Bueno,Bueno,2,International,Blanco/verde,2,,,MASCULINO,SIN DATOS,0,0,Morelia,Morelos,abril,viernes,12,-101.2065487,19.7002665
56435,56638,2026,MOR/20260044413,2026/04/17,12:06:00,COLISIÓN POR CAMBIO DE CARRIL,ASFALTO,Bueno,Bueno,2,Toyota,Blanco,2,MINISTERIO PÚBLICO,60,FEMENINO,SIN DATOS,0,0,Morelia,Eduardo Ruiz,abril,viernes,12,-101.2167118,19.7183492
56436,56639,2026,MOR/20260044415,2026/04/17,12:27:00,COLISIÓN CONTRA OBJETO FIJO,ASFALTO,Bueno,Bueno,1,International,Blanco,1,,44,MASCULINO,SIN DATOS,0,0,Morelia,Chapultepec Sur,abril,viernes,12,-101.1707362,19.692531
56437,56640,2026,MOR/20260044447,2026/04/17,13:36:00,COLISIÓN POR CAMBIO DE CARRIL,ASFALTO,Bueno,Bueno,2,Kenwort,Rojo,2,,58,MASCULINO,SIN DATOS,0,0,Morelia,Morelos,abril,viernes,14,-101.1834414,19.726292
56438,56641,2026,MOR20267172,2026/04/17,14:46:00,COLISIÓN POR ALCANCE,CONCRETO,Bueno,Bueno,2,Freightliner,Blanco,2,,24,MASCULINO,SIN DATOS,0,0,Morelia,Tres Puentes,abril,viernes,15,-101.2140996,19.7029363
56439,56642,2026,MOR/20260044462,2026/04/17,15:35:00,COLISIÓN POR CAMBIO DE CARRIL,ASFALTO,Bueno,Regular,3,NISSAN,BLANCO,3,,64,MASCULINO,SIN DATOS,0,0,Morelia,Chapultepec Norte,abril,viernes,16,-101.1769139,19.6931797
56440,56643,2026,MOR/20260044466,2026/04/17,15:54:00,COLISIÓN POR CORTE DE CIRCULACIÓN,ASFALTO,Bueno,Bueno,2,Nissan,Blanco,2,MINISTERIO PÚBLICO,70,FEMENINO,SIN DATOS,0,0,Morelia,Sin datos,abril,viernes,16,-101.1022986,19.7326911
56441,56644,2026,MOR/20260044524,2026/04/17,18:01:00,COLISIÓN POR CAMBIO DE CARRIL,ASFALTO,Bueno,Bueno,2,CHEVROLET,BLANCO,2,,36,MASCULINO,SIN DATOS,0,0,Morelia,Indeco El Vivero,abril,viernes,18,-101.229929,19.6770027
56442,56645,2026,MOR/20260044534,2026/04/17,18:17:00,COLISIÓN POR ALCANCE,ASFALTO,Bueno,Bueno,2,NISSAN,ARENA,2,,44,MASCULINO,SIN DATOS,0,0,Morelia,Fuentes de Valladolid,abril,viernes,18,-101.2214535,19.6729175
56443,56646,2026,MOR/20260044505,2026/04/17,19:43:00,COLISIÓN POR INVASIÓN DE CARRIL,ASFALTO,Bueno,Bueno,2,FORD,BLANCA,2,,,MASCULINO,SIN DATOS,0,0,Morelia,Real Santa Rita,abril,viernes,20,-101.2208976,19.6740595
56444,56647,2026,MOR/20260044556,2026/04/17,19:43:00,COLISIÓN CONTRA OBJETO FIJO,ASFALTO,Bueno,Bueno,2,Chevrolet,Negro,1,MINISTERIO PÚBLICO,63,MASCULINO,SIN DATOS,0,0,Morelia,Tierra Y Libertad,abril,viernes,20,-101.2283374,19.715005
56445,56648,2026,"20260044682",2026/04/18,"01:00:00",COLISIÓN POR CAMBIO DE CARRIL,ASFALTO,Bueno,Regular,2,Doge,Blanco,1,MINISTERIO PÚBLICO,,FEMENINO,SIN DATOS,0,0,Morelia,Sin datos,abril,sábado,1,-101.2651901,19.638567
56446,56649,2026,MOR/202600048716,2026/04/18,"09:28:00",COLISIÓN POR ALCANCE,ASFALTO,Bueno,Bueno,2,VENTO,NEGRA CON GRIS,2,,22,MASCULINO,SIN DATOS,0,0,Morelia,Solidaridad,abril,sábado,9,-101.2069845,19.7262169
56447,56650,2026,MOR20260044807,2026/04/18,12:10:00,COLISIÓN POR CAMBIO DE CARRIL,ASFALTO,Bueno,Bueno,2,FC. MOTO,GRIS CON NEGRO,2,,38,,SIN DATOS,0,0,Morelia,Los Angeles,abril,sábado,12,-101.1773573,19.7406944
56448,56651,2026,MOR/20260044866,2026/04/18,15:16:00,COLISIÓN CON PEATÓN,ASFALTO,Bueno,Bueno,1,VOYAGUER,BLANCO,1,MINISTERIO PÚBLICO,47,MASCULINO,SIN DATOS,0,0,Morelia,3 de Agosto,abril,sábado,15,-101.1718833,19.7311754
56449,56652,2026,MOR20260044866,2026/04/18,15:21:00,COLISIÓN POR CORTE DE CIRCULACIÓN,ASFALTO,Bueno,Bueno,2,KURAZAI,ROJO NEGRO,3,MINISTERIO PÚBLICO,39,MASCULINO,SIN DATOS,1,0,Morelia,Villas Lomas del Paraiso,abril,sábado,15,-101.1754924,19.6735112
56450,56653,2026,"20260044932",2026/04/18,15:52:00,COLISIÓN POR CAMBIO DE CARRIL,ASFALTO,Bueno,Bueno,2,Chevorolet,Guinda,2,MINISTERIO PÚBLICO,21,MASCULINO,SIN DATOS,0,0,Morelia,Villas Lomas del Paraiso,abril,sábado,16,-101.1754499,19.6734465
56451,56654,2026,MOR20260044920,2026/04/18,16:44:00,CAIDA DE MOTOCICLETA,ASFALTO,Bueno,Bueno,1,ITALIKA,NEGRO CON AMARILLO,1,MINISTERIO PÚBLICO,23,,SIN DATOS,0,0,Morelia,Francisco J Mujica,abril,sábado,17,-101.1853588,19.7242879
56452,56655,2026,MOR/202600827638,2026/04/18,17:21:00,COLISIÓN POR CORTE DE CIRCULACIÓN,ASFALTO,Bueno,Bueno,2,FIAT,ROJO,2,,42,MASCULINO,SIN DATOS,0,0,Morelia,Florida,abril,sábado,17,-101.2289967,19.6767067
56453,56656,2026,MOR/20260045055,2026/04/18,20:46:00,COLISIÓN POR CAMBIO DE CARRIL,ASFALTO,Bueno,Bueno,2,Freightliner,Blanco,2,,36,MASCULINO,SIN DATOS,0,0,Morelia,La Calera,abril,sábado,21,-101.2337704,19.6781906
56454,56657,2026,MOR/20260062863,2026/04/19,"01:26:00",VOLCADURA,ASFALTO,Bueno,Bueno,1,Volkswagen,Negro,2,MINISTERIO PÚBLICO,,,,1,1,Morelia,Bosques de Oriente,abril,domingo,1,-101.1498373,19.7198757
56455,56658,2026,MOR20260000030,2026/04/19,"07:31:00",COLISIÓN CONTRA OBJETO FIJO,ASFALTO,Bueno,Bueno,2,Nissan,Gris,2,,36,MASCULINO,SIN DATOS,0,0,Morelia,Popular Pogreso,abril,domingo,8,-101.2006181,19.7205729
56456,56659,2026,"20260045450",2026/04/19,13:30:00,COLISIÓN POR INVASIÓN DE CARRIL,CONCRETO,Bueno,Bueno,2,Vento,Negro y azul,2,,15,MASCULINO,SIN DATOS,0,0,Morelia,Villas Oriente,abril,domingo,14,-101.1435261,19.7547159
56457,56660,2026,MOR2026/,2026/04/19,18:34:00,COLISIÓN POR CORTE DE CIRCULACIÓN,CONCRETO,Bueno,Bueno,4,Volkswagen,Blanco,5,MINISTERIO PÚBLICO,38,MASCULINO,SIN DATOS,2,0,Morelia,El Lago 2,abril,domingo,19,-101.2139568,19.7250359
56458,56661,2026,"20260045589",2026/04/19,19:38:00,COLISIÓN POR CORTE DE CIRCULACIÓN,ASFALTO,Nublado,Bueno,2,Honda,Blanca,1,,27,MASCULINO,SIN DATOS,0,0,Morelia,El Eden,abril,domingo,20,-101.2496756,19.6462626
56459,56662,2026,MOR/20260,2026/04/19,20:24:00,COLISIÓN POR CAMBIO DE CARRIL,ASFALTO,Lluvioso,Regular,2,Toyota,Blanco/cafe,2,MINISTERIO PÚBLICO,35,MASCULINO,SIN DATOS,0,0,Morelia,Nicolas Bravo(Los Ejidos),abril,domingo,20,-101.2158238,19.703092
56460,56663,2026,MOR/20260045642,2026/04/19,21:18:00,COLISIÓN POR CORTE DE CIRCULACIÓN,ASFALTO,Bueno,Bueno,2,Vento,Naranja,2,,22,MASCULINO,SIN DATOS,0,0,Morelia,Centro,abril,domingo,21,-101.1915396,19.6981133
56461,56664,2026,MOR/20260045796,2026/04/20,"07:33:00",COLISIÓN POR CORTE DE CIRCULACIÓN,ASFALTO,Bueno,Bueno,2,Ford,Azul,3,MINISTERIO PÚBLICO,38,FEMENINO,SIN DATOS,1,1,Morelia,Sin datos,abril,lunes,8,-101.2392085,19.6593942
56462,56665,2026,MOR202600000005,2026/04/20,"08:49:00",COLISIÓN POR CAMBIO DE CARRIL,ASFALTO,Bueno,Bueno,2,Honda,Verde,2,,55,OTRO,SIN DATOS,0,0,Morelia,Fuentes de Morelia,abril,lunes,9,-101.2060743,19.6733339
56463,56666,2026,MOR/2026008272674,2026/04/20,"09:17:00",SALIDA DE SUPERFICIE DE RODAMIENTO,ASFALTO,Bueno,Bueno,1,Chevrolet,Blanco,1,,17,MASCULINO,SIN DATOS,0,0,Morelia,Clara Cordova Moran,abril,lunes,9,-101.179446,19.7369713
56464,56667,2026,"20260045817",2026/04/20,"09:23:00",COLISIÓN POR ALCANCE,ASFALTO,Nublado,Bueno,2,Gm,Negro,2,,49,MASCULINO,SIN DATOS,0,0,Morelia,Isaac Arriaga,abril,lunes,9,-101.1688403,19.7123018
56465,56668,2026,MOR/20260045816,2026/04/20,"09:35:00",COLISIÓN POR CAMBIO DE CARRIL,ASFALTO,Bueno,Bueno,2,Honda,Plata,2,,37,MASCULINO,SIN DATOS,0,0,Morelia,Victor Manuel Tinoco Rubi,abril,lunes,10,-101.2434608,19.7014771
56466,56669,2026,MOR63718737,2026/04/20,11:38:00,COLISIÓN CONTRA OBJETO FIJO,CONCRETO,Bueno,Bueno,1,Kenwhort,Rojo,1,,45,MASCULINO,SIN DATOS,0,0,Morelia,Tinijaro,abril,lunes,12,-101.2648528,19.6965445
56467,56670,2026,MOR/20260034589,2026/04/20,12:14:00,COLISIÓN POR ALCANCE,ASFALTO,Bueno,Bueno,2,Honda,Blanco,2,,52,MASCULINO,SIN DATOS,0,0,Morelia,Alberto Oviedo Mota,abril,lunes,12,-101.1961834,19.6815762
56468,56671,2026,"20260045861",2026/04/20,12:29:00,COLISIÓN POR CORTE DE CIRCULACIÓN,CONCRETO,Nublado,Bueno,2,Chrysler,Rojo,2,,41,FEMENINO,SIN DATOS,0,0,Morelia,Lomas de Guayangareo,abril,lunes,12,-101.161791,19.7051671
56469,56672,2026,MOR202600000010,2026/04/20,13:13:00,COLISIÓN POR ALCANCE,ASFALTO,Bueno,Bueno,2,Dodge,Rojo,2,,28,MASCULINO,SIN DATOS,0,0,Morelia,Alcaide Ignacio Perez,abril,lunes,13,-101.2190853,19.695358
56470,56673,2026,MOR/20260045918,2026/04/20,13:31:00,COLISIÓN POR CAMBIO DE CARRIL,CONCRETO,Bueno,Bueno,2,Nissan,Negro,2,,52,MASCULINO,SIN DATOS,0,0,Morelia,Loma del Salto,abril,lunes,14,-101.1999835,19.6598605
56471,56674,2026,MOR/202681763877,2026/04/20,15:46:00,COLISIÓN POR CORTE DE CIRCULACIÓN,ASFALTO,Bueno,Bueno,2,NISSAN,ARENA,2,,51,MASCULINO,SIN DATOS,0,0,Morelia,Nueva Valladolid,abril,lunes,16,-101.2088538,19.7009101
56472,56675,2026,MOR20260045979,2026/04/20,17:30:00,COLISIÓN POR CORTE DE CIRCULACIÓN,ASFALTO,Bueno,Bueno,2,HIUNDAY,AZUL,2,,48,FEMENINO,SIN DATOS,0,0,Morelia,La Quemada,abril,lunes,18,-101.2385371,19.6880743
56473,56676,2026,MOR/202683773884,2026/04/20,17:39:00,COLISIÓN POR ALCANCE,ASFALTO,Bueno,Bueno,2,FREIGHTLINER,BLANCO,2,,36,MASCULINO,SIN DATOS,0,0,Morelia,Jardines de Torremolinos,abril,lunes,18,-101.2285722,19.6773067
56474,56677,2026,MOR/20260046006,2026/04/20,18:24:00,COLISIÓN POR CORTE DE CIRCULACIÓN,ASFALTO,Bueno,Bueno,2,Honda,Negro,2,,25,MASCULINO,SIN DATOS,0,0,Morelia,Centro,abril,lunes,18,-101.1886318,19.7104958
56475,56678,2026,MOR2026000008,2026/04/20,22:24:00,COLISIÓN POR ALCANCE,ASFALTO,Bueno,Bueno,2,Nissan,Blanco,2,MINISTERIO PÚBLICO,54,FEMENINO,SIN DATOS,0,0,Morelia,Carlos Salazar,abril,lunes,22,-101.2103,19.713
56476,56680,2026,MOR/20260046046,2026/04/21,"06:18:00",COLISIÓN POR CAMBIO DE CARRIL,ASFALTO,Nublado,Bueno,2,Toyota,Blanco y gris,2,,50,MASCULINO,SIN DATOS,0,0,Morelia,Lomas del Tecnologico,abril,martes,6,-101.1887914,19.7212349
56477,56681,2026,MOR/20260046185,2026/04/21,"08:04:00",COLISIÓN POR CORTE DE CIRCULACIÓN,ASFALTO,Bueno,Bueno,2,Toyota,Gris,2,,38,FEMENINO,SIN DATOS,0,0,Morelia,Felix Ireta,abril,martes,8,-101.1908063,19.6846265
56478,56682,2026,MOR202670913,2026/04/21,"09:50:00",COLISIÓN POR CORTE DE CIRCULACIÓN,ASFALTO,Bueno,Bueno,2,Freightliner,Amarillo,2,,27,MASCULINO,SIN DATOS,0,0,Morelia,Mariano Michelena,abril,martes,10,-101.2303338,19.6769833
56479,56683,2026,MOR/20260046257,2026/04/21,12:55:00,COLISIÓN POR CORTE DE CIRCULACIÓN,ASFALTO,Nublado,Bueno,2,Nissan,Rojo,2,,53,MASCULINO,SIN DATOS,0,0,Morelia,Ejidal San Isidro,abril,martes,13,-101.2794919,19.6897352
56480,56684,2026,MOR/20260046272,2026/04/21,13:44:00,COLISIÓN POR INVASIÓN DE CARRIL,ASFALTO,Bueno,Regular,2,Nissan,Gris,2,,37,MASCULINO,SIN DATOS,0,0,Morelia,Plan de Ayala,abril,martes,14,-101.1824608,19.7080308
56481,56685,2026,MOR2026/0,2026/04/21,14:19:00,COLISIÓN CONTRA OBJETO FIJO,CONCRETO,Bueno,Bueno,2,Honda,Gris,2,MINISTERIO PÚBLICO,33,FEMENINO,SIN DATOS,0,0,Morelia,Primo Tapia Oriente,abril,martes,14,-101.1610515,19.715045
56482,56686,2026,MOR20269653200,2026/04/21,16:20:00,COLISIÓN POR CAMBIO DE CARRIL,ASFALTO,Bueno,Bueno,2,Mitsubishi,Blanco con azul,2,,29,MASCULINO,SIN DATOS,0,0,Morelia,La Esperanza,abril,martes,16,-101.1551056,19.7002034
56483,56687,2026,MOR/20260046333,2026/04/21,16:55:00,COLISIÓN POR CAMBIO DE CARRIL,ASFALTO,Nublado,Bueno,2,Nissan,Verde,2,MINISTERIO PÚBLICO,24,FEMENINO,SIN DATOS,0,0,Morelia,Morelos,abril,martes,17,-101.2066637,19.7006971
56484,56688,2026,MOR/20260046328,2026/04/21,17:49:00,COLISIÓN POR INVASIÓN DE CARRIL,CONCRETO,Bueno,Bueno,2,Jac,Blanco,2,MINISTERIO PÚBLICO,34,FEMENINO,SIN DATOS,0,0,Morelia,Jardines de Torremolinos,abril,martes,18,-101.2271766,19.6778656
56485,56689,2026,MOR/40456789,2026/04/21,18:26:00,COLISIÓN POR CAMBIO DE CARRIL,ASFALTO,Bueno,Regular,2,Kenworth,Amarillo,2,,36,MASCULINO,SIN DATOS,0,0,Morelia,Fuentes de Valladolid,abril,martes,18,-101.222256,19.6712547
56486,56690,2026,MOR/202600111,2026/04/21,18:46:00,COLISIÓN POR ALCANCE,ASFALTO,Nublado,Regular,3,Chevrolet,Blanco,3,MINISTERIO PÚBLICO,21,MASCULINO,SIN DATOS,0,0,Morelia,Comision Federal de Electricidad,abril,martes,19,-101.1798233,19.6878076
56487,56691,2026,MOR/20260046374,2026/04/21,19:23:00,COLISIÓN POR CAMBIO DE CARRIL,ASFALTO,Bueno,Bueno,2,Honda,Blaco,2,,45,MASCULINO,SIN DATOS,0,0,Morelia,Morelos,abril,martes,19,-101.2076554,19.7007193
56488,56692,2026,MOR/20260046389,2026/04/21,20:16:00,COLISIÓN POR NO RESPETAR SEMÁFORO,ASFALTO,Bueno,Bueno,2,"Nissan mexicana, s.a. de c.v.",Blanco,2,MINISTERIO PÚBLICO,42,FEMENINO,SIN DATOS,0,0,Morelia,Nicolas Bravo(Los Ejidos),abril,martes,20,-101.2248462,19.7045293