fid,id_accidente,anio_origen,folio_c5i,dia_incidente,hora_ocurrencia,tipo_incidente_vial,superficie_ocurrencia,condiciones_climaticas,condiciones_via,numero_vehiculos_involucrados,marca_vehiculo_ocasiona_siniestro,color_vehiculo_ocasiona_siniestro,numero_personas_involucradas,lugar_remite_presunto_responsable,edad_presunto_responsable,sexo_presunto_responsable,resultados_toxicologia,numero_personas_lesionadas,numero_personas_fallecidas,municipio,colonia,mes,dia_semana,hora_redondeada,lon,lat
56489,56693,2026,MOR2026809831,2026/04/21,23:58:00,COLISIÓN CONTRA OBJETO FIJO,ADOQUIN_EMPEDRADO,Bueno,Bueno,1,Volkswagen,Rojo,0,,,,,0,0,Morelia,Arkos San Pedro,abril,martes,0,-101.2862097,19.6319286
56490,56694,2026,MOR20260046538,2026/04/22,"09:45:00",COLISIÓN POR ALCANCE,ASFALTO,Bueno,Bueno,2,Ford,Gris,2,,24,FEMENINO,SIN DATOS,0,0,Morelia,Ampliacion La Soledad,abril,miércoles,10,-101.1828873,19.735184
56491,56695,2026,MOR/20260046570,2026/04/22,11:05:00,COLISIÓN POR ALCANCE,ASFALTO,Bueno,Bueno,2,Chevrolet,Azul,2,,28,FEMENINO,SIN DATOS,0,0,Morelia,Centro,abril,miércoles,11,-101.1779748,19.6998559
56492,56696,2026,MOR:20260046600,2026/04/22,12:30:00,COLISIÓN POR ALCANCE,ASFALTO,Bueno,Bueno,2,Chevrolet,Blanco,2,,54,MASCULINO,SIN DATOS,0,0,Morelia,Ejidal Ocolusen,abril,miércoles,13,-101.1578983,19.687795
56493,56697,2026,MOR/20260046605,2026/04/22,13:57:00,COLISIÓN POR ALCANCE,ASFALTO,Nublado,Bueno,5,CHEVROLET,BLANCO,5,,32,MASCULINO,SIN DATOS,0,0,Morelia,Elias Perez Avalos,abril,miércoles,14,-101.1689748,19.713254
56494,56698,2026,MOR/202600737846,2026/04/22,14:46:00,COLISIÓN POR CAMBIO DE CARRIL,ASFALTO,Bueno,Bueno,2,INTERNACIONAL,BLANCO CON NARANJA,2,,44,MASCULINO,SIN DATOS,0,0,Morelia,Morelos,abril,miércoles,15,-101.2065662,19.7023236
56495,56699,2026,"20260046635",2026/04/22,15:32:00,COLISIÓN POR ALCANCE,ASFALTO,Bueno,Bueno,4,NISSAN,GRIS,4,,25,MASCULINO,SIN DATOS,0,0,Morelia,Camelinas,abril,miércoles,16,-101.1728368,19.6821133
56496,56700,2026,MOR/20260046672,2026/04/22,16:36:00,COLISIÓN POR INVASIÓN DE CARRIL,ASFALTO,Nublado,Bueno,2,VOLKSWAGEN,AZUL,2,,40,FEMENINO,SIN DATOS,0,0,Morelia,Nueva Valladolid,abril,miércoles,17,-101.2094259,19.69803
56497,56701,2026,MOR/20260046761,2026/04/22,20:57:00,COLISIÓN POR CAMBIO DE CARRIL,ASFALTO,Bueno,Bueno,2,Volvo,Azul,2,,25,MASCULINO,SIN DATOS,0,0,Morelia,Xangari,abril,miércoles,21,-101.2197535,19.6741484
56498,56702,2026,MOR/20260046752,2026/04/22,21:09:00,COLISIÓN POR ALCANCE,CONCRETO,Bueno,Bueno,2,Volkswagen,Gris,2,MINISTERIO PÚBLICO,32,MASCULINO,SIN DATOS,0,0,Morelia,Ventura Puente,abril,miércoles,21,-101.1940885,19.6919073
56499,56703,2026,MOR/202693883987,2026/04/23,"04:35:00",SALIDA DE SUPERFICIE DE RODAMIENTO,ASFALTO,Bueno,Bueno,1,Freightliner,Blanco,1,,56,MASCULINO,SIN DATOS,0,0,Charo,Sin datos,abril,jueves,5,-100.9617733,19.64444
56500,56704,2026,MOR/20260046920,2026/04/23,"09:52:00",COLISIÓN POR ALCANCE,ASFALTO,Bueno,Bueno,2,Chevrolet,Blanco,2,,30,FEMENINO,SIN DATOS,0,0,Morelia,Rafael Carrillo,abril,jueves,10,-101.2367604,19.7077854
56501,56705,2026,MOR202678100,2026/04/23,12:01:00,COLISIÓN POR ALCANCE,ASFALTO,Bueno,Bueno,2,Ford,Rojo con blanco,2,,59,MASCULINO,SIN DATOS,0,0,Morelia,Sentimientos de La Nacion,abril,jueves,12,-101.235618,19.6853969
56502,56706,2026,MOR/20260046997,2026/04/23,14:40:00,COLISIÓN CONTRA OBJETO FIJO,CONCRETO,Bueno,Bueno,1,VOLKSWAGEN,VERDE,1,,57,FEMENINO,SIN DATOS,0,0,Morelia,La Pradera,abril,jueves,15,-101.2172656,19.6803737
56503,56707,2026,MOR/20260047086,2026/04/23,18:02:00,COLISIÓN POR ALCANCE,ASFALTO,Bueno,Bueno,4,SEAT,BLANCO,4,,33,MASCULINO,SIN DATOS,0,0,Morelia,Morelos,abril,jueves,18,-101.1851546,19.7240601
56504,56708,2026,MOR2026/0012,2026/04/23,18:56:00,COLISIÓN POR ALCANCE,ASFALTO,Bueno,Bueno,2,CUPRA,GRIS,2,,,FEMENINO,SIN DATOS,0,0,Morelia,Sin datos,abril,jueves,19,-101.1318728,19.692926
56505,56709,2026,MOR/20260047068,2026/04/23,20:59:00,VOLCADURA,CONCRETO,Bueno,Bueno,1,Chevrolet,Negro,1,,35,MASCULINO,SIN DATOS,0,0,Morelia,Tierra Y Libertad,abril,jueves,21,-101.2292524,19.7170702
56506,56710,2026,MOR /20260047273,2026/04/24,10:39:00,COLISIÓN POR ALCANCE,CONCRETO,Bueno,Bueno,2,CHEVROLET,GRIS,2,,71,MASCULINO,SIN DATOS,0,0,Morelia,Centro,abril,viernes,11,-101.2018671,19.7029875
56507,56711,2026,MOR/20260047276,2026/04/24,10:48:00,COLISIÓN POR INVASIÓN DE CARRIL,ASFALTO,Bueno,Bueno,2,GENERAL MOTORA,BLANCO PERLA,2,,56,MASCULINO,SIN DATOS,0,0,Morelia,Union de Tabiqueros,abril,viernes,11,-101.2441902,19.6816426
56508,56712,2026,MOR/ 20260047265,2026/04/24,10:53:00,COLISIÓN POR ALCANCE,ASFALTO,Bueno,Bueno,3,KENWORTH,BLANCO,3,,55,MASCULINO,SIN DATOS,0,0,Morelia,Xangari,abril,viernes,11,-101.2177209,19.6725075
56509,56713,2026,MOR20260047315,2026/04/24,13:51:00,COLISIÓN POR ALCANCE,CONCRETO,Bueno,Bueno,2,NISSAN,BLANCO,2,,22,MASCULINO,SIN DATOS,0,0,Morelia,Lomas de Santa Maria,abril,viernes,14,-101.1854579,19.6751723
56510,56714,2026,MOR20260047312,2026/04/24,16:15:00,COLISIÓN POR ALCANCE,ASFALTO,Bueno,Bueno,2,Toyota,Blanco,2,MINISTERIO PÚBLICO,45,FEMENINO,SIN DATOS,0,0,Morelia,Loma Bonita,abril,viernes,16,-101.197167,19.724453
56511,56715,2026,MOR/20260047350,2026/04/24,17:51:00,COLISIÓN POR CORTE DE CIRCULACIÓN,CONCRETO,Bueno,Bueno,2,VOLKSWAGEN,AZUL,2,,30,FEMENINO,SIN DATOS,0,0,Morelia,El Lago 1,abril,viernes,18,-101.218659,19.7287384
56512,56716,2026,MOR/20260047689,2026/04/24,18:35:00,COLISIÓN POR CORTE DE CIRCULACIÓN,ASFALTO,Bueno,Bueno,2,Kawasaki,Blanco,2,,42,MASCULINO,SIN DATOS,0,0,Morelia,La Calera,abril,viernes,19,-101.2340082,19.6776531
56513,56717,2026,MOR/20269277386,2026/04/24,19:31:00,COLISIÓN POR INVASIÓN DE CARRIL,ASFALTO,Bueno,Bueno,2,Nissan,Rojo,2,,28,MASCULINO,SIN DATOS,0,0,Morelia,Centro,abril,viernes,20,-101.1886978,19.7105886
56514,56718,2026,MOR/206876543,2026/04/24,21:20:00,COLISIÓN POR ALCANCE,ASFALTO,Bueno,Bueno,3,Suzuki,Rojo,3,MINISTERIO PÚBLICO,31,MASCULINO,SIN DATOS,0,0,Morelia,Josefa Ortiz de Dominguez,abril,viernes,21,-101.2066517,19.6728849
56515,56720,2026,MOR/20260047450,2026/04/25,"01:08:00",COLISIÓN POR CAMBIO DE CARRIL,ASFALTO,Bueno,Bueno,2,Volkswagen,Gris,2,MINISTERIO PÚBLICO,70,MASCULINO,SIN DATOS,0,0,Morelia,Villas Valladolid,abril,sábado,1,-101.2172848,19.6973198
56516,56721,2026,MOR20260000009,2026/04/25,"02:59:00",CAIDA DE MOTOCICLETA,ASFALTO,Bueno,Bueno,1,Vento,Gris,2,,26,FEMENINO,SIN DATOS,1,0,Morelia,Villas de La Esperanza,abril,sábado,3,-101.2707784,19.6942739
56517,56722,2026,MOR/20260047561,2026/04/25,"06:35:00",SUBIDA AL CAMELLÓN,ASFALTO,Bueno,Bueno,1,Nissan,Blanco,1,,30,MASCULINO,SIN DATOS,0,0,Morelia,Fidel Velazquez,abril,sábado,7,-101.2358543,19.7021556
56518,56723,2026,MOR2026/00234,2026/04/25,"08:27:00",COLISIÓN POR CAMBIO DE CARRIL,ASFALTO,Bueno,Bueno,2,Foton,Blanco,2,,54,MASCULINO,SIN DATOS,0,0,Morelia,Lomas de Hidalgo,abril,sábado,8,-101.1585911,19.6956664
56519,56724,2026,MOR/20260047585,2026/04/25,"09:00:00",COLISIÓN POR CORTE DE CIRCULACIÓN,ASFALTO,Bueno,Bueno,2,Kawasaki,Blanco,3,,40,MASCULINO,SIN DATOS,1,0,Morelia,Chapultepec Norte,abril,sábado,9,-101.1759183,19.6978333
56520,56725,2026,MOR/20260047679,2026/04/25,12:59:00,COLISIÓN POR CORTE DE CIRCULACIÓN,ASFALTO,Bueno,Bueno,2,RENAULT,AZUL,2,MINISTERIO PÚBLICO,22,MASCULINO,SIN DATOS,0,0,Morelia,Lomas de Hidalgo,abril,sábado,13,-101.1605173,19.6977015
56521,56726,2026,MOR/20260047656,2026/04/25,13:37:00,COLISIÓN POR ALCANCE,ASFALTO,Bueno,Bueno,2,Honda,Gris,2,,80,MASCULINO,SIN DATOS,0,0,Morelia,Vasco de Quiroga,abril,sábado,14,-101.1707621,19.7078799
56522,56727,2026,MOR/20260047690,2026/04/25,13:53:00,COLISIÓN POR CORTE DE CIRCULACIÓN,ASFALTO,Bueno,Bueno,2,Mercedez benz,Blanco,2,,52,MASCULINO,SIN DATOS,0,0,Morelia,Indeco El Vivero,abril,sábado,14,-101.2299072,19.6772974
56523,56728,2026,MOR/20260047716,2026/04/25,14:49:00,COLISIÓN POR CORTE DE CIRCULACIÓN,ASFALTO,Bueno,Bueno,2,Mazda,Blanco,2,,61,FEMENINO,SIN DATOS,0,0,Morelia,Nueva Chapultepec,abril,sábado,15,-101.1726448,19.6877129
56524,56729,2026,MOR/20260047719,2026/04/25,15:02:00,COLISIÓN POR CORTE DE CIRCULACIÓN,CONCRETO,Bueno,Bueno,2,Ford,Blanco,2,,34,MASCULINO,SIN DATOS,0,0,Morelia,Centro,abril,sábado,15,-101.186469,19.702749
56525,56730,2026,"20260047733",2026/04/25,15:41:00,COLISIÓN POR CAMBIO DE CARRIL,ASFALTO,Bueno,Bueno,2,Fiat,Rojo,2,,29,FEMENINO,SIN DATOS,0,0,Morelia,Felix Ireta,abril,sábado,16,-101.1917093,19.6825367
56526,56731,2026,MOR/20260047772,2026/04/25,16:54:00,COLISIÓN POR CORTE DE CIRCULACIÓN,ASFALTO,Bueno,Bueno,2,Nissan,Blanco,2,,29,MASCULINO,SIN DATOS,0,0,Morelia,Tzindurio Norte,abril,sábado,17,-101.2445303,19.7024922
56527,56732,2026,MOR/20260047773,2026/04/25,18:10:00,COLISIÓN CONTRA OBJETO FIJO,CONCRETO,Bueno,Bueno,1,Volkswagen,Gris,0,,,,,0,0,Morelia,Villas del Pedregal,abril,sábado,18,-101.2985539,19.6794582
56528,56733,2026,"20260047819",2026/04/25,19:58:00,COLISIÓN CONTRA OBJETO FIJO,ASFALTO,Bueno,Bueno,1,FORD,BLANCO,1,,52,FEMENINO,SIN DATOS,0,0,Morelia,Real Santa Rita,abril,sábado,20,-101.2208826,19.6743475
56529,56734,2026,MOR/20260047786,2026/04/25,20:13:00,VOLCADURA,ASFALTO,Bueno,Bueno,1,Volkswagen,Rojo,1,,42,MASCULINO,SIN DATOS,0,0,Morelia,Sentimientos de La Nacion,abril,sábado,20,-101.2350385,19.681683
56530,56735,2026,MOR20267900411,2026/04/25,21:51:00,COLISIÓN POR ALCANCE,ASFALTO,Bueno,Bueno,2,Nissan,Blanco con amarillo,2,,,MASCULINO,SIN DATOS,0,0,Morelia,Popular Pogreso,abril,sábado,22,-101.2007122,19.7244447
56531,56736,2026,MOR/20260048062,2026/04/26,"02:37:00",COLISIÓN POR CORTE DE CIRCULACIÓN,ASFALTO,Bueno,Bueno,1,Nissan,Verde,1,,47,FEMENINO,SIN DATOS,0,0,Morelia,Vasco de Quiroga,abril,domingo,3,-101.1781501,19.6990141
56532,56738,2026,MOR/20260048181,2026/04/26,11:13:00,COLISIÓN POR ALCANCE,ASFALTO,Bueno,Bueno,2,KIA,GUINDA,2,,37,MASCULINO,SIN DATOS,0,0,Morelia,Centro,abril,domingo,11,-101.200302,19.6997616
56533,56739,2026,MOR/20260048234,2026/04/26,14:19:00,COLISIÓN CONTRA OBJETO FIJO,ASFALTO,Bueno,Bueno,1,Suzuki,Rojo,1,,46,FEMENINO,SIN DATOS,0,0,Morelia,Nicolaitas Ilustres,abril,domingo,14,-101.2275598,19.7207458
56534,56740,2026,MOR/20260048243,2026/04/26,14:48:00,VOLCADURA,ASFALTO,Bueno,Bueno,1,Chevrolet,Gris,1,,72,MASCULINO,SIN DATOS,0,0,Morelia,Cumbres de Morelia,abril,domingo,15,-101.1369562,19.6899326
56535,56741,2026,MOR/ 20260048275,2026/04/26,17:25:00,COLISIÓN POR ALCANCE,ASFALTO,Lluvioso,Bueno,2,Jeep,Verde,2,,26,MASCULINO,SIN DATOS,0,0,Morelia,Loma Bonita,abril,domingo,17,-101.196284,19.7242426
56536,56742,2026,MOR202600000008,2026/04/26,18:10:00,COLISIÓN POR INVASIÓN DE CARRIL,ASFALTO,Bueno,Bueno,2,Jeep,Blanco,2,MINISTERIO PÚBLICO,21,MASCULINO,SIN DATOS,0,0,Morelia,Union,abril,domingo,18,-101.1547241,19.7074224
56537,56743,2026,MOR/20260048313,2026/04/26,18:34:00,COLISIÓN POR CAMBIO DE CARRIL,ASFALTO,Bueno,Bueno,2,Toyota,Blanco,2,,31,MASCULINO,SIN DATOS,0,0,Morelia,Vasco de Quiroga,abril,domingo,19,-101.1681117,19.6968854
56538,56744,2026,MOR/20260048364,2026/04/26,20:57:00,COLISIÓN POR CAMBIO DE CARRIL,ASFALTO,Bueno,Bueno,2,Italika,Verde,2,,17,MASCULINO,SIN DATOS,0,0,Morelia,Granjas del Maestro,abril,domingo,21,-101.188492,19.7129053
56539,56745,2026,MOR/20260048406,2026/04/26,21:50:00,COLISIÓN CONTRA OBJETO FIJO,ASFALTO,Bueno,Bueno,1,Ford,Gris,2,MINISTERIO PÚBLICO,62,MASCULINO,SIN DATOS,1,0,Morelia,Gertrudis Bocanegra,abril,domingo,22,-101.2117778,19.7020804
56540,56746,2026,MOR20260048430,2026/04/26,22:26:00,COLISIÓN POR ALCANCE,ASFALTO,Bueno,Bueno,2,Toyota,Blanco,2,,50,MASCULINO,SIN DATOS,0,0,Morelia,Las Americas,abril,domingo,22,-101.1560117,19.6876717
56541,56747,2026,MOR20260048426,2026/04/26,23:11:00,COLISIÓN POR CAMBIO DE CARRIL,ASFALTO,Bueno,Bueno,2,Honda,Gris,2,,40,MASCULINO,SIN DATOS,0,0,Morelia,Niño Artillero,abril,domingo,23,-101.2518983,19.697505
56542,56748,2026,"20268",2026/04/27,"07:53:00",COLISIÓN POR ALCANCE,ASFALTO,Bueno,Bueno,2,Jeep,Dorado,2,,41,FEMENINO,SIN DATOS,0,0,Morelia,Florida,abril,lunes,8,-101.2285072,19.6767158
56543,56749,2026,MOR/20260048592,2026/04/27,"09:21:00",COLISIÓN POR CAMBIO DE CARRIL,ASFALTO,Bueno,Bueno,2,Nissan,Guinda,2,,67,MASCULINO,SIN DATOS,0,0,Morelia,Francisco J Mujica,abril,lunes,9,-101.1911302,19.7229751
56544,56750,2026,MOR/20260048645,2026/04/27,10:55:00,COLISIÓN POR INVASIÓN DE CARRIL,ASFALTO,Bueno,Bueno,2,Bajaj,Blanco perla,2,,20,MASCULINO,SIN DATOS,0,0,Morelia,Obrera,abril,lunes,11,-101.1883704,19.7081848
56545,56751,2026,"20260048712",2026/04/27,14:09:00,COLISIÓN POR CAMBIO DE CARRIL,ASFALTO,Bueno,Malo,2,Dina,Amarillo,2,,40,MASCULINO,SIN DATOS,0,0,Morelia,La Calera,abril,lunes,14,-101.2336712,19.6779357
56546,56752,2026,MOR/2026004,2026/04/27,14:19:00,COLISIÓN POR CORTE DE CIRCULACIÓN,CONCRETO,Bueno,Bueno,3,SE DESCONOCE POR NO ENCONTRARSE EN EL LUGAR,GRIS,4,,44,MASCULINO,SIN DATOS,2,0,Morelia,Centro,abril,lunes,14,-101.1898459,19.7087554
56547,56753,2026,MOR/20260048739,2026/04/27,15:34:00,COLISIÓN POR CORTE DE CIRCULACIÓN,CONCRETO,Bueno,Bueno,2,Hyundai,Blanco,2,,72,MASCULINO,SIN DATOS,0,0,Morelia,Comision Federal de Electricidad,abril,lunes,16,-101.1800327,19.6821896
56548,56754,2026,"20260048739",2026/04/27,15:55:00,COLISIÓN POR ALCANCE,ASFALTO,Bueno,Bueno,2,Toyota,Blanco,2,,39,MASCULINO,SIN DATOS,0,0,Morelia,La Calera,abril,lunes,16,-101.2339956,19.6782423
56549,56755,2026,MOR/20260048749,2026/04/27,15:58:00,VOLCADURA,ASFALTO,Bueno,Bueno,1,Nissan,Azul marino,1,,44,MASCULINO,SIN DATOS,0,0,Morelia,Sin datos,abril,lunes,16,-101.3146434,19.5760485
56550,56756,2026,"20260048782",2026/04/27,17:17:00,COLISIÓN POR ALCANCE,ASFALTO,Bueno,Bueno,2,"Nissan mexicana, s.a. de c.v.",Blanco perla,2,,34,FEMENINO,SIN DATOS,0,0,Morelia,Mariano Michelena,abril,lunes,17,-101.2300814,19.6765814
56551,56757,2026,MOR/20260048778,2026/04/27,17:41:00,CAIDA DE MOTOCICLETA,CONCRETO,Nublado,Regular,1,Honda,Plata,1,,46,MASCULINO,SIN DATOS,0,0,Morelia,Las Americas,abril,lunes,18,-101.1537027,19.6918619
56552,56758,2026,MOR202678931,2026/04/28,"00:44:00",SALIDA DE SUPERFICIE DE RODAMIENTO,ASFALTO,Bueno,Bueno,1,Volkswagen,Rojo,1,,,MASCULINO,SIN DATOS,0,0,Charo,Sin datos,abril,martes,1,-101.065025,19.74462
56553,56759,2026,MOR/20260078298,2026/04/28,"08:39:00",COLISIÓN POR CORTE DE CIRCULACIÓN,ASFALTO,Bueno,Bueno,2,MITSUBISHI,BLANCO,2,,47,MASCULINO,SIN DATOS,0,0,Morelia,Sin datos,abril,martes,9,-101.1168833,19.7256133
56554,56760,2026,MOR/20260049040,2026/04/28,"09:53:00",COLISIÓN POR CORTE DE CIRCULACIÓN,CONCRETO,Bueno,Bueno,2,NISSAN,BLANCO,2,MINISTERIO PÚBLICO,21,MASCULINO,SIN DATOS,0,0,Morelia,Jose Ma Pino Suarez,abril,martes,10,-101.1623335,19.7208593
56555,56761,2026,MOR/20260049021,2026/04/28,10:04:00,COLISIÓN POR CAMBIO DE CARRIL,ASFALTO,Bueno,Bueno,2,Italika,Gris,2,,25,MASCULINO,SIN DATOS,0,0,Morelia,Reforma,abril,martes,10,-101.2387294,19.7068325
56556,56762,2026,MOR/20260049053,2026/04/28,11:04:00,COLISIÓN POR ALCANCE,ASFALTO,Bueno,Bueno,2,JEEP,BLANCO,2,,33,FEMENINO,SIN DATOS,0,0,Morelia,Felix Ireta,abril,martes,11,-101.1829058,19.681406
56557,56763,2026,MOR/20260049077,2026/04/28,12:24:00,COLISIÓN POR MANIOBRA DE REVERSA,ASFALTO,Bueno,Bueno,2,Freightliner,Blanco,2,,36,MASCULINO,SIN DATOS,0,0,Morelia,Popular Pogreso,abril,martes,12,-101.1998907,19.7243399
56558,56764,2026,MOR2026/0006254736,2026/04/28,15:12:00,COLISIÓN POR CORTE DE CIRCULACIÓN,CONCRETO,Bueno,Bueno,2,NISSAN,GRIS OXFORD,2,,55,MASCULINO,SIN DATOS,0,0,Morelia,5 de Mayo,abril,martes,15,-101.1761666,19.7042074
56559,56765,2026,MOR2026000000010,2026/04/28,15:45:00,COLISIÓN POR ALCANCE,ASFALTO,Bueno,Bueno,2,VENTO,ROJO,2,,55,MASCULINO,SIN DATOS,0,0,Morelia,Chapultepec Norte,abril,martes,16,-101.1745946,19.6977722
56560,56766,2026,MOR20260049137,2026/04/28,17:27:00,COLISIÓN POR CAMBIO DE CARRIL,ASFALTO,Bueno,Bueno,2,Toyota,Blanco,2,MINISTERIO PÚBLICO,50,MASCULINO,SIN DATOS,0,0,Morelia,Alberto Oviedo Mota,abril,martes,17,-101.2021029,19.6774718
56561,56767,2026,MOR20260049198,2026/04/28,17:34:00,COLISIÓN POR NO RESPETAR SEMÁFORO,ASFALTO,Bueno,Bueno,2,VOLKSWAGEN,GRIS,2,,23,MASCULINO,SIN DATOS,0,0,Morelia,Gertrudis Bocanegra,abril,martes,18,-101.2106498,19.7022217
56562,56768,2026,MOR/20260049175,2026/04/28,17:45:00,COLISIÓN POR ALCANCE,ASFALTO,Bueno,Bueno,2,Chrysler,Rojo,2,,21,MASCULINO,SIN DATOS,0,0,Morelia,Loma Bonita,abril,martes,18,-101.1966616,19.7227761
56563,56769,2026,MOR/20260049567,2026/04/28,18:19:00,SALIDA DE SUPERFICIE DE RODAMIENTO,ASFALTO,Bueno,Regular,1,Nissan,Blanco,1,,40,MASCULINO,SIN DATOS,0,0,Charo,Sin datos,abril,martes,18,-100.957268,19.65098
56564,56770,2026,MOR/202687654,2026/04/28,19:15:00,SUBIDA AL CAMELLÓN,ASFALTO,Bueno,Bueno,1,Vmw,Plata,1,,28,FEMENINO,SIN DATOS,0,0,Morelia,Cumbres de Morelia,abril,martes,19,-101.1385412,19.6902952
56565,56771,2026,MOR/20260049453,2026/04/29,"09:39:00",COLISIÓN POR ALCANCE,ASFALTO,Bueno,Bueno,3,Chevrolet,Plata,3,,70,MASCULINO,SIN DATOS,0,0,Charo,Sin datos,abril,miércoles,10,-101.0817103,19.6874834
56566,56772,2026,MOR/20260049444,2026/04/29,"09:39:00",CAIDA DE MOTOCICLETA,ASFALTO,Bueno,Bueno,1,Italika,Rojo,1,,19,MASCULINO,SIN DATOS,0,0,Morelia,Ignacio Zaragoza,abril,miércoles,10,-101.2033442,19.7252798
56567,56773,2026,MOR/20260049447,2026/04/29,"09:48:00",COLISIÓN POR ALCANCE,ASFALTO,Bueno,Bueno,2,Ford,Rojo,2,,59,MASCULINO,SIN DATOS,0,0,Morelia,El Realito,abril,miércoles,10,-101.2032037,19.7253902
56568,56774,2026,MOR/20260049474,2026/04/29,11:54:00,COLISIÓN POR CAMBIO DE CARRIL,CONCRETO,Bueno,Bueno,2,Suzuki,Azul,2,,28,MASCULINO,SIN DATOS,0,0,Morelia,Del Empleado,abril,miércoles,12,-101.179212,19.6899463
56569,56775,2026,"20260049481",2026/04/29,12:23:00,COLISIÓN POR CORTE DE CIRCULACIÓN,ASFALTO,Bueno,Bueno,2,HONDA,BLANCO,2,,22,MASCULINO,SIN DATOS,0,0,Morelia,Primo Tapia Oriente,abril,miércoles,12,-101.1587132,19.7135219
56570,56776,2026,MOR26807190,2026/04/29,12:33:00,COLISIÓN POR ALCANCE,ASFALTO,Bueno,Bueno,2,Chevrolet,Blanco,2,,,MASCULINO,SIN DATOS,0,0,Morelia,Juarez,abril,miércoles,13,-101.1952607,19.6965839
56571,56777,2026,MOR/20260049494,2026/04/29,12:44:00,COLISIÓN POR CORTE DE CIRCULACIÓN,CONCRETO,Bueno,Bueno,2,Nissan,Gris,2,,27,MASCULINO,SIN DATOS,0,0,Morelia,Centro,abril,miércoles,13,-101.1898847,19.7087097
56572,56778,2026,MOR/20260049516,2026/04/29,13:13:00,COLISIÓN POR NO RESPETAR SEMÁFORO,ASFALTO,Bueno,Bueno,2,Audi,Gris,2,,69,MASCULINO,SIN DATOS,0,0,Morelia,Morelos,abril,miércoles,13,-101.2077177,19.7008206
56573,56779,2026,"20260049558",2026/04/29,15:12:00,COLISIÓN POR ALCANCE,ASFALTO,Bueno,Bueno,3,Chrysler,Gris oxford,3,,50,MASCULINO,SIN DATOS,0,0,Morelia,Ampliacion La Soledad,abril,miércoles,15,-101.1830534,19.7330668
56574,56780,2026,MOR/20260049562,2026/04/29,15:31:00,COLISIÓN POR CAMBIO DE CARRIL,CONCRETO,Bueno,Bueno,2,GENERAL MOTORS,BLANCO,2,,50,MASCULINO,SIN DATOS,0,0,Morelia,Montaña Monarca,abril,miércoles,16,-101.1609927,19.6717739
56575,56781,2026,MOR/20260049618,2026/04/29,18:07:00,COLISIÓN POR CORTE DE CIRCULACIÓN,CONCRETO,Bueno,Bueno,2,ITALIKA,ROJO,2,MINISTERIO PÚBLICO,16,MASCULINO,SIN DATOS,0,0,Morelia,Tenencia Morelos,abril,miércoles,18,-101.2368477,19.6484625
56576,56782,2026,MOR/20260049672,2026/04/29,20:16:00,COLISIÓN POR MANIOBRA DE REVERSA,ASFALTO,Bueno,Bueno,2,HONDA,GRIS,2,,37,MASCULINO,SIN DATOS,0,0,Morelia,Chapultepec Norte,abril,miércoles,20,-101.1680918,19.6965641
56577,56783,2026,MOR/20260049686,2026/04/29,21:22:00,COLISIÓN POR CAMBIO DE CARRIL,ASFALTO,Bueno,Bueno,3,HONDA,ROJO,3,,18,MASCULINO,SIN DATOS,0,0,Morelia,Isaac Arriaga,abril,miércoles,21,-101.1695668,19.7124003
56578,56784,2026,MOR/20260049700,2026/04/29,21:22:00,COLISIÓN CONTRA OBJETO FIJO,CONCRETO,Bueno,Bueno,1,CHEVROLET,PLATA,1,,45,MASCULINO,SIN DATOS,0,0,Morelia,Ferrocarrilero,abril,miércoles,21,-101.2223223,19.6933251
56579,56785,2026,MOR/20260049726,2026/04/29,22:20:00,COLISIÓN POR CORTE DE CIRCULACIÓN,ASFALTO,Bueno,Bueno,2,BMW,BLANCO,2,,51,MASCULINO,SIN DATOS,0,0,Morelia,Americas Britania,abril,miércoles,22,-101.1490507,19.6935994
56580,56786,2026,MOR2026798033,2026/04/29,22:59:00,COLISIÓN CONTRA OBJETO FIJO,CONCRETO,Bueno,Bueno,2,Volkswagen,Blanco,1,MINISTERIO PÚBLICO,,MASCULINO,SIN DATOS,0,0,Morelia,Ricardo Flores Magon,abril,miércoles,23,-101.2446457,19.7054464
56581,56788,2026,"20260049820",2026/04/30,"03:40:00",COLISIÓN CONTRA OBJETO FIJO,ASFALTO,Bueno,Bueno,1,CHEVROLET,NEGRO,0,,,,,0,0,Morelia,Lindavista,abril,jueves,4,-101.2160288,19.7047579
56582,56789,2026,MOR/20260049836,2026/04/30,"06:36:00",COLISIÓN POR ALCANCE,ASFALTO,Bueno,Bueno,2,KENWORTH,BLANCO,2,,29,MASCULINO,SIN DATOS,0,0,Morelia,Vicente Lombardo Toledano (Ejidal Isacc Arriaga) (Etnias de Mexico),abril,jueves,7,-101.1539604,19.7163684
56583,56790,2026,MOR/2026000625638,2026/04/30,"08:28:00",COLISIÓN POR ALCANCE,CONCRETO,Bueno,Bueno,2,JEEP,GRIS OXFORD,2,,29,FEMENINO,SIN DATOS,0,0,Morelia,La Loma,abril,jueves,8,-101.1813023,19.6803848
56584,56791,2026,MOR/20260049856,2026/04/30,"08:55:00",COLISIÓN POR CORTE DE CIRCULACIÓN,CONCRETO,Bueno,Regular,2,FORD,PLATA,2,,53,FEMENINO,SIN DATOS,0,0,Morelia,Buenavista,abril,jueves,9,-101.1675846,19.7074964
56585,56792,2026,MOR2026000000007,2026/04/30,"09:08:00",COLISIÓN POR MANIOBRA DE REVERSA,ASFALTO,Bueno,Bueno,2,KENWORTH,NARANJA,2,,29,MASCULINO,SIN DATOS,0,0,Morelia,Irrigacion,abril,jueves,9,-101.2256507,19.7046215