fid,id_accidente,anio_origen,folio_c5i,dia_incidente,hora_ocurrencia,tipo_incidente_vial,superficie_ocurrencia,condiciones_climaticas,condiciones_via,numero_vehiculos_involucrados,marca_vehiculo_ocasiona_siniestro,color_vehiculo_ocasiona_siniestro,numero_personas_involucradas,lugar_remite_presunto_responsable,edad_presunto_responsable,sexo_presunto_responsable,resultados_toxicologia,numero_personas_lesionadas,numero_personas_fallecidas,municipio,colonia,mes,dia_semana,hora_redondeada,lon,lat
56586,56793,2026,MOR/20260049888,2026/04/30,10:09:00,COLISIÓN POR CORTE DE CIRCULACIÓN,CONCRETO,Bueno,Bueno,2,NISSAN,BLANCO,2,,49,MASCULINO,SIN DATOS,0,0,Morelia,Chapultepec Sur,abril,jueves,10,-101.1789597,19.6922368
56587,56794,2026,MOR/202600716638,2026/04/30,12:21:00,COLISIÓN POR CAMBIO DE CARRIL,ASFALTO,Bueno,Bueno,2,TOYOTA,BLANCO,2,,36,MASCULINO,SIN DATOS,0,0,Morelia,Cinco de Diciembre,abril,jueves,12,-101.1633565,19.6863243
56588,56795,2026,MOR20260049961,2026/04/30,13:52:00,COLISIÓN POR CAMBIO DE CARRIL,ASFALTO,Bueno,Bueno,3,Suzuki,Blanco,4,,34,MASCULINO,SIN DATOS,1,0,Morelia,Campestre Los Manantiales,abril,jueves,14,-101.2379902,19.6885128
56589,56796,2026,MOR20260050097,2026/04/30,18:59:00,COLISIÓN POR ALCANCE,ASFALTO,Bueno,Bueno,2,International,Rojo,2,,22,MASCULINO,SIN DATOS,0,0,Morelia,Felix Arreguin,abril,jueves,19,-101.2260394,19.7213037
56590,56797,2026,MOR202641325,2026/04/30,19:11:00,COLISIÓN POR CORTE DE CIRCULACIÓN,CONCRETO,Bueno,Bueno,2,Vento,Blanco,2,MINISTERIO PÚBLICO,19,MASCULINO,SIN DATOS,0,0,Morelia,Union Antorchista,abril,jueves,19,-101.2680227,19.7009417
56591,56798,2026,MOR/20260050166,2026/04/30,21:22:00,COLISIÓN CONTRA OBJETO FIJO,ASFALTO,Bueno,Bueno,1,Ford,Amarillo,1,,31,MASCULINO,SIN DATOS,0,0,Morelia,Lomas del Tecnologico,abril,jueves,21,-101.1887333,19.7211818
56592,56799,2026,MOR/2026006517836,2026/04/30,23:11:00,COLISIÓN POR CAMBIO DE CARRIL,ASFALTO,Bueno,Bueno,2,Volkswagen,Gris oxford,2,,19,MASCULINO,SIN DATOS,0,0,Morelia,Villa de Santa Maria,abril,jueves,23,-101.1723662,19.669483
56593,56800,2026,MOR20260050182,2026/04/30,23:41:00,COLISIÓN POR MANIOBRA DE REVERSA,ADOQUIN_EMPEDRADO,Bueno,Bueno,3,International,Blanco,3,,33,MASCULINO,SIN DATOS,0,0,Morelia,Villas del Pedregal,abril,jueves,0,-101.3078127,19.6724571
56594,56801,2026,MOR2026006263,2026/05/01,"00:37:00",COLISIÓN CONTRA OBJETO FIJO,CONCRETO,Bueno,Bueno,1,Changan,Rojo,1,,0,,SIN DATOS,0,0,Morelia,Central de Abastos,mayo,viernes,1,-101.1664676,19.7166633
56595,56802,2026,MOR20260050283,2026/05/01,"02:24:00",SALIDA DE SUPERFICIE DE RODAMIENTO,ASFALTO,Bueno,Bueno,1,Gmc,Rojo,1,,37,MASCULINO,SIN DATOS,0,0,Morelia,Los Manantiales de Morelia,mayo,viernes,2,-101.2428667,19.6993933
56596,56803,2026,MOR20268910,2026/05/01,"08:10:00",COLISIÓN CONTRA OBJETO FIJO,CONCRETO,Bueno,Bueno,1,Volkswagen,Gris,1,,,MASCULINO,SIN DATOS,0,0,Morelia,Centro,mayo,viernes,8,-101.2008085,19.7028624
56597,56804,2026,MOR/20260050383,2026/05/01,11:39:00,COLISIÓN POR CORTE DE CIRCULACIÓN,ASFALTO,Bueno,Bueno,2,Chevrolet,Rojo,3,MINISTERIO PÚBLICO,30,MASCULINO,SIN DATOS,1,0,Morelia,Las Margaritas,mayo,viernes,12,-101.20729,19.7080898
56598,56805,2026,MOR/20260050468,2026/05/01,14:25:00,COLISIÓN POR CORTE DE CIRCULACIÓN,ASFALTO,Bueno,Bueno,2,Nissan,Blanco,2,MINISTERIO PÚBLICO,64,MASCULINO,SIN DATOS,0,0,Morelia,Villas de La Loma,mayo,viernes,14,-101.2993986,19.6893668
56599,56806,2026,MOR202689007,2026/05/01,17:41:00,COLISIÓN POR CORTE DE CIRCULACIÓN,ASFALTO,Bueno,Bueno,2,KAWASAKI,BLANCO Y AZUL,2,,,MASCULINO,SIN DATOS,0,0,Morelia,Ana Maria Gallaga (Riviera Norte),mayo,viernes,18,-101.224294,19.6770816
56600,56807,2026,"20260050530",2026/05/01,18:06:00,COLISIÓN POR INVASIÓN DE CARRIL,ASFALTO,Bueno,Bueno,3,NISSAN,BLANCO,4,,52,MASCULINO,ALIENTO ETÍLICO,1,0,Morelia,Ampliacion La Soledad,mayo,viernes,18,-101.1806694,19.7377253
56601,56808,2026,MOR20260088,2026/05/01,18:24:00,COLISIÓN POR INVASIÓN DE CARRIL,CONCRETO,Bueno,Bueno,2,BYD,VERDE,2,MINISTERIO PÚBLICO,34,MASCULINO,SIN DATOS,0,0,Morelia,Colinas del Sur,mayo,viernes,18,-101.2005137,19.6637563
56602,56809,2026,LCR/20260006704,2026/05/01,21:01:00,SALIDA DE SUPERFICIE DE RODAMIENTO,CONCRETO,Bueno,Bueno,1,MAZDA,AZUL,1,,,OTRO,SIN DATOS,0,0,Lázaro Cárdenas,Sin datos,mayo,viernes,21,-102.1898826,17.9651587
56603,56810,2026,MOR20261122,2026/05/01,21:32:00,COLISIÓN CONTRA OBJETO FIJO,ASFALTO,Bueno,Bueno,2,CHEVROLET,GRIS,2,,,MASCULINO,SIN DATOS,0,0,Morelia,Jardines del Rincon,mayo,viernes,22,-101.149971,19.689818
56604,56811,2026,"20260050895",2026/05/02,"06:47:00",SALIDA DE SUPERFICIE DE RODAMIENTO,ASFALTO,Bueno,Bueno,1,Ford,Gris,0,,,,,0,0,Morelia,Alfonso Garcia Robles,mayo,sábado,7,-101.1828546,19.7186629
56605,56812,2026,MOR20260005743,2026/05/02,"09:00:00",COLISIÓN POR NO RESPETAR SEMÁFORO,ASFALTO,Bueno,Bueno,2,CHEVROLET,ROJO,2,,39,,SIN DATOS,0,0,Morelia,Bosques de Oriente,mayo,sábado,9,-101.1555425,19.7160019
56606,56813,2026,MOR20260050944,2026/05/02,11:10:00,COLISIÓN POR ALCANCE,ASFALTO,Bueno,Bueno,3,AUDI,NEGRO,3,,19,MASCULINO,SIN DATOS,0,0,Morelia,Isaac Arriaga,mayo,sábado,11,-101.1685368,19.7120023
56607,56814,2026,MOR/20260050946,2026/05/02,11:46:00,COLISIÓN CONTRA OBJETO FIJO,CONCRETO,Bueno,Bueno,1,NISSAN,BLANCO,1,,77,MASCULINO,SIN DATOS,0,0,Morelia,Dr Miguel Silva,mayo,sábado,12,-101.1875871,19.7162714
56608,56815,2026,MOR/20260050958,2026/05/02,12:10:00,COLISIÓN POR ALCANCE,CONCRETO,Bueno,Bueno,2,FORD,BLANCO,2,,37,MASCULINO,SIN DATOS,0,0,Morelia,Morelos,mayo,sábado,12,-101.2079388,19.6995942
56609,56816,2026,MOR20260000000008,2026/05/02,12:20:00,COLISIÓN CONTRA OBJETO FIJO,ASFALTO,Bueno,Bueno,2,CHANGAN,BLANCO,2,,61,MASCULINO,SIN DATOS,0,0,Morelia,Felix Ireta,mayo,sábado,12,-101.1958319,19.681852
56610,56817,2026,,2026/05/02,12:29:00,SALIDA DE SUPERFICIE DE RODAMIENTO,CONCRETO,Bueno,Bueno,1,VOLKSWAGEN,GRIS,2,,,,SIN DATOS,0,1,Zitácuaro,Sin datos,mayo,sábado,12,-100.2756,19.4237
56611,56818,2026,,2026/05/02,13:34:00,COLISIÓN CONTRA OBJETO FIJO,ASFALTO,Bueno,Bueno,1,CHEVROLET,GRIS,2,,22,MASCULINO,SIN DATOS,1,0,Pátzcuaro,Centro,mayo,sábado,14,-101.61273,19.5383283
56612,56819,2026,MOR/2026876543,2026/05/02,14:49:00,COLISIÓN CONTRA OBJETO FIJO,ASFALTO,Bueno,Bueno,2,MERCEDES,ROJO,2,,41,MASCULINO,SIN DATOS,0,0,Morelia,Popular Pogreso,mayo,sábado,15,-101.2001584,19.7249278
56613,56820,2026,PATZ/20260008859,2026/05/02,15:34:00,CAIDA DE MOTOCICLETA,ASFALTO,Bueno,Bueno,1,Veloci,Negro/verde,3,,26,MASCULINO,SIN DATOS,2,0,Pátzcuaro,Sin datos,mayo,sábado,16,-101.6735604,19.5282311
56614,56821,2026,MOR/20260051096,2026/05/02,15:35:00,COLISIÓN POR ALCANCE,CONCRETO,Bueno,Bueno,2,Chevrolet,Blanco,2,MINISTERIO PÚBLICO,26,MASCULINO,SIN DATOS,0,0,Morelia,Ferrocarrilero,mayo,sábado,16,-101.2176235,19.6976202
56615,56822,2026,MOR/20260051053,2026/05/02,16:30:00,COLISIÓN POR CORTE DE CIRCULACIÓN,ASFALTO,Bueno,Bueno,2,CHEVROLET,VERDE,3,MINISTERIO PÚBLICO,46,MASCULINO,SIN DATOS,1,0,Morelia,La Quemada,mayo,sábado,17,-101.2395822,19.7012248
56616,56823,2026,MOR20260051041,2026/05/02,16:55:00,COLISIÓN POR CORTE DE CIRCULACIÓN,ASFALTO,Bueno,Bueno,2,VENTO,NEGRO,2,,21,MASCULINO,SIN DATOS,0,0,Morelia,Vasco de Quiroga,mayo,sábado,17,-101.1687817,19.705585
56617,56824,2026,MOR202600000011,2026/05/02,17:45:00,COLISIÓN POR ALCANCE,ASFALTO,Bueno,Bueno,2,SEAT,ROJO,2,,25,MASCULINO,SIN DATOS,0,0,Morelia,Los Pinos de Michoacan,mayo,sábado,18,-101.2161384,19.68308
56618,56825,2026,MOR/20260051145,2026/05/02,20:01:00,COLISIÓN POR ALCANCE,ASFALTO,Bueno,Bueno,3,Volkswagen,Blanco,3,,71,MASCULINO,ALIENTO ETÍLICO,0,0,Charo,Sin datos,mayo,sábado,20,-101.0722833,19.74404
56619,56826,2026,APTZ/20250003398,2026/05/02,20:59:00,COLISIÓN POR ALCANCE,ASFALTO,Bueno,Bueno,3,"MAZDA MOTOR DE MEXICO, S. DE R.L. DE C.V.",NEGRO,3,,48,FEMENINO,ALIENTO ETÍLICO,0,0,Apatzingán,18 de Marzo,mayo,sábado,21,-102.3643893,19.094517
56620,56827,2026,,2026/05/02,21:48:00,CAIDA DE MOTOCICLETA,ASFALTO,Bueno,Regular,1,CFMOTO,NEGRO,2,,20,MASCULINO,SIN DATOS,1,0,Lázaro Cárdenas,Segundo Sector de Fidelac,mayo,sábado,22,-102.2109204,17.9616532
56621,56828,2026,MOR/20260082763,2026/05/02,22:09:00,COLISIÓN CONTRA OBJETO FIJO,CONCRETO,Bueno,Bueno,1,Chevrolet,Gris,1,,79,FEMENINO,SIN DATOS,0,0,Morelia,Real Punhuato,mayo,sábado,22,-101.1497714,19.6965785
56622,56829,2026,,2026/05/02,22:29:00,COLISIÓN POR INVASIÓN DE CARRIL,ASFALTO,Bueno,Bueno,2,Vento,Negro,5,,,,SIN DATOS,3,0,Zacapu,Zacapu,mayo,sábado,22,-101.7688609,19.8495595
56623,56830,2026,,2026/05/02,22:56:00,COLISIÓN CONTRA OBJETO FIJO,ASFALTO,Bueno,Bueno,1,GMC,AZUL MARINO,1,,52,MASCULINO,ALIENTO ETÍLICO,0,0,Pátzcuaro,Revolucion,mayo,sábado,23,-101.6116071,19.5317784
56624,56831,2026,MOR2026000000005,2026/05/02,23:23:00,VOLCADURA,ASFALTO,Bueno,Bueno,1,Nissan,Cafe,3,,0,,SIN DATOS,2,0,Morelia,Colinas del Sol,mayo,sábado,23,-101.1288151,19.729909
56625,56833,2026,,2026/05/03,"06:38:00",SALIDA DE SUPERFICIE DE RODAMIENTO,ASFALTO,Bueno,Bueno,1,VOLKSWAGUEN,BLANCO,1,,62,MASCULINO,SIN DATOS,0,0,Lázaro Cárdenas,Pescadores,mayo,domingo,7,-102.2174457,17.975994
56626,56834,2026,,2026/05/03,"09:13:00",COLISIÓN POR CORTE DE CIRCULACIÓN,ASFALTO,Bueno,Bueno,2,Kia,Azul marino,2,,23,MASCULINO,SIN DATOS,0,0,Tarímbaro,Campestre Tarimbaro,mayo,domingo,9,-101.1290136,19.7769492
56627,56835,2026,,2026/05/03,"09:30:00",CAIDA ACUATICA DE VEHÍCULO,ASFALTO,Bueno,Regular,1,FORD,NEGRO,2,,,MASCULINO,SIN DATOS,1,0,Álvaro Obregón,16 de Mayo,mayo,domingo,10,-101.0289494,19.8256508
56628,56836,2026,MOR/20260051534,2026/05/03,"09:53:00",COLISIÓN POR CORTE DE CIRCULACIÓN,ASFALTO,Bueno,Regular,2,Yamaha,Azul,2,,25,MASCULINO,SIN DATOS,0,0,Morelia,La Colina,mayo,domingo,10,-101.2155133,19.7088622
56629,56837,2026,LCR/20260006860,2026/05/03,11:06:00,COLISIÓN POR CORTE DE CIRCULACIÓN,ASFALTO,Bueno,Bueno,2,NISSAN,BLANCO,2,,53,MASCULINO,SIN DATOS,0,0,Lázaro Cárdenas,3Er Sect de Fidelac,mayo,domingo,11,-102.2167626,17.9594968
56630,56838,2026,MOR/20260051569,2026/05/03,12:19:00,CAIDA DE MOTOCICLETA,ASFALTO,Bueno,Bueno,1,Honda,Negro,1,,24,MASCULINO,SIN DATOS,0,0,Morelia,Elias Perez Avalos,mayo,domingo,12,-101.1691538,19.7128185
56631,56839,2026,MOR202600987,2026/05/03,13:09:00,COLISIÓN CONTRA OBJETO FIJO,CONCRETO,Bueno,Bueno,3,Nissan,Negro,3,,30,MASCULINO,SIN DATOS,0,0,Morelia,Vista Bella,mayo,domingo,13,-101.1980377,19.6777208
56632,56840,2026,,2026/05/03,13:40:00,COLISIÓN POR ALCANCE,ASFALTO,Bueno,Bueno,3,Chevrolet,Negro,3,,31,MASCULINO,SIN DATOS,0,0,Pátzcuaro,San Lazaro,mayo,domingo,14,-101.6115136,19.5062006
56633,56842,2026,MOR/20260051667,2026/05/03,15:56:00,COLISIÓN POR ALCANCE,ADOQUIN_EMPEDRADO,Bueno,Bueno,2,Nissan,Verde,2,,46,MASCULINO,SIN DATOS,0,0,Morelia,Centro,mayo,domingo,16,-101.189791,19.6985726
56634,56843,2026,,2026/05/03,17:27:00,COLISIÓN POR ALCANCE,ASFALTO,Bueno,Bueno,2,Italica,Negro,3,,,OTRO,SIN DATOS,1,0,Zitácuaro,Sin datos,mayo,domingo,17,-100.3496945,19.4744421
56635,56844,2026,,2026/05/03,18:17:00,COLISIÓN POR CORTE DE CIRCULACIÓN,ASFALTO,Bueno,Bueno,2,JEEP,GRIS,4,,50,FEMENINO,SIN DATOS,2,0,Pátzcuaro,Centro,mayo,domingo,18,-101.6074367,19.5207452
56636,56845,2026,MOR20260051808,2026/05/03,21:00:00,COLISIÓN POR CORTE DE CIRCULACIÓN,ASFALTO,Bueno,Bueno,2,NISSAN,NARANJA,2,,63,FEMENINO,SIN DATOS,0,0,Morelia,Nueva Valladolid,mayo,domingo,21,-101.2141326,19.7005167
56637,56846,2026,APTZ/20260003441,2026/05/03,21:15:00,COLISIÓN CON PEATÓN,ASFALTO,Bueno,Bueno,2,ITALIKA,NEGRO,3,,22,MASCULINO,SIN DATOS,1,0,Apatzingán,Lazaro Cardenas,mayo,domingo,21,-102.3447068,19.0986339
56638,56847,2026,ZITA/20260006940,2026/05/04,"00:51:00",COLISIÓN POR INVASIÓN DE CARRIL,ASFALTO,Bueno,Bueno,3,JEEP,VERDE OSCURO,6,,,MASCULINO,SIN DATOS,3,0,Zitácuaro,Sin datos,mayo,lunes,1,-100.3787863,19.5169657
56639,56848,2026,MOR/20260051968,2026/05/04,"01:25:00",COLISIÓN CONTRA OBJETO FIJO,CONCRETO,Bueno,Regular,2,SUZUKI,NEGRO,1,MINISTERIO PÚBLICO,22,MASCULINO,SIN DATOS,0,0,Morelia,La Aldea,mayo,lunes,1,-101.1341773,19.7416349
56640,56849,2026,,2026/05/04,"03:06:00",CAIDA DE MOTOCICLETA,ASFALTO,Bueno,Bueno,1,CARABELA,NEGRO,2,,,FEMENINO,SIN DATOS,1,0,Pátzcuaro,Juventino Rosas,mayo,lunes,3,-101.615366,19.5093684
56641,56850,2026,MOR/20260052050,2026/05/04,"08:17:00",CAIDA DE MOTOCICLETA,ASFALTO,Bueno,Bueno,1,Bajaj,Negro,2,,41,MASCULINO,SIN DATOS,1,0,Morelia,Los Manantiales de Morelia,mayo,lunes,8,-101.236546,19.7017518
56642,56851,2026,MOR20260052072,2026/05/04,"09:24:00",COLISIÓN POR ALCANCE,ASFALTO,Bueno,Bueno,2,NISSAN,BLANCO,2,,49,MASCULINO,SIN DATOS,0,0,Morelia,La Esperanza,mayo,lunes,9,-101.155045,19.7000659
56643,56852,2026,MOR/20260052074,2026/05/04,"09:47:00",COLISIÓN POR ALCANCE,ASFALTO,Bueno,Bueno,2,NISSAN,BLANCO,2,,25,MASCULINO,SIN DATOS,0,0,Morelia,Tzindurio Sarh,mayo,lunes,10,-101.2411416,19.6942444
56644,56853,2026,MOR20260000010,2026/05/04,11:19:00,SUBIDA AL CAMELLÓN,ASFALTO,Bueno,Bueno,1,Chevrolet,Rojo,1,,23,MASCULINO,SIN DATOS,0,0,Morelia,Reforma,mayo,lunes,11,-101.2386721,19.7064733
56645,56854,2026,MOR/20260052123,2026/05/04,12:03:00,COLISIÓN POR CAMBIO DE CARRIL,CONCRETO,Bueno,Bueno,2,VOLKSWAGEN,BLANCO,2,,31,MASCULINO,SIN DATOS,0,0,Morelia,Isaac Arriaga,mayo,lunes,12,-101.166809,19.7105367
56646,56855,2026,LCR/20260006917,2026/05/04,12:55:00,COLISIÓN POR INVASIÓN DE CARRIL,ASFALTO,Bueno,Bueno,2,MAZDA,GRIS,2,,36,MASCULINO,SIN DATOS,0,0,Lázaro Cárdenas,Centro,mayo,lunes,13,-102.2008199,17.9612336
56647,56856,2026,,2026/05/04,14:13:00,COLISIÓN POR INVASIÓN DE CARRIL,ASFALTO,Bueno,Regular,2,NISSAN,BLANCO,3,,32,MASCULINO,SIN DATOS,1,0,Pátzcuaro,Centro,mayo,lunes,14,-101.6165694,19.5211871
56648,56857,2026,MOR/20260052204,2026/05/04,15:24:00,COLISIÓN POR ALCANCE,ASFALTO,Bueno,Bueno,2,CHEVROLET,BLANCO,3,,18,MASCULINO,SIN DATOS,1,0,Morelia,Josefa Ortiz de Dominguez,mayo,lunes,15,-101.2097754,19.6718116
56649,56858,2026,MOR/2026008726783,2026/05/04,15:26:00,COLISIÓN POR MANIOBRA DE REVERSA,CONCRETO,Bueno,Bueno,2,Mack,Blanco,2,,50,MASCULINO,SIN DATOS,0,0,Morelia,Sin datos,mayo,lunes,15,-101.1158459,19.7008467
56650,56859,2026,MOR/20260052224,2026/05/04,16:09:00,COLISIÓN POR ALCANCE,ASFALTO,Bueno,Bueno,2,VOLKSWAGEN,GRIS,2,,43,MASCULINO,SIN DATOS,0,0,Morelia,Nicolas Bravo(Los Ejidos),mayo,lunes,16,-101.2242707,19.7046977
56651,56860,2026,,2026/05/04,17:31:00,COLISIÓN CONTRA OBJETO FIJO,ASFALTO,Bueno,Bueno,2,IZUSU,BLANCO,2,,29,MASCULINO,SIN DATOS,0,0,Zinapécuaro,San Pedro Bocaneo,mayo,lunes,18,-100.8170092,19.8386922
56652,56861,2026,HT20260001999,2026/05/04,19:37:00,COLISIÓN POR ALCANCE,ASFALTO,Bueno,Bueno,2,NISSAN,BLANCO,2,,25,MASCULINO,SIN DATOS,1,0,Huetamo,Sin datos,mayo,lunes,20,-100.937,18.5968
56653,56862,2026,,2026/05/04,19:41:00,VOLCADURA,ASFALTO,Bueno,Bueno,1,VOLKSWAGEN,AZUL,2,,28,MASCULINO,SIN DATOS,1,0,Coeneo,Sin datos,mayo,lunes,20,-101.6851383,19.7699384
56654,56863,2026,,2026/05/04,21:17:00,COLISIÓN CONTRA OBJETO FIJO,ASFALTO,Bueno,Bueno,2,NISSAN,BLANCO,2,,57,MASCULINO,SIN DATOS,0,0,Lázaro Cárdenas,Aserradero,mayo,lunes,21,-102.2136265,18.0211311
56655,56864,2026,MOR20260052637,2026/05/04,21:22:00,COLISIÓN POR CAMBIO DE CARRIL,ASFALTO,Bueno,Bueno,2,Volkswagen,Rojo,2,,31,,SIN DATOS,0,0,Morelia,Ana Maria Gallaga (Riviera Norte),mayo,lunes,21,-101.2240635,19.676963
56656,56865,2026,MOR202600000090,2026/05/04,21:28:00,COLISIÓN POR INVASIÓN DE CARRIL,ASFALTO,Bueno,Bueno,2,Nissan,Blanco,2,,19,MASCULINO,SIN DATOS,0,0,Morelia,Ferrocarrilero,mayo,lunes,21,-101.2242363,19.691314
56657,56866,2026,MOR20260052383,2026/05/04,23:06:00,COLISIÓN POR CORTE DE CIRCULACIÓN,ASFALTO,Bueno,Bueno,2,Chevrolet,Verde,2,,71,MASCULINO,SIN DATOS,0,0,Morelia,Sin datos,mayo,lunes,23,-101.3383908,19.6856159
56658,56867,2026,LCR/20260006960,2026/05/05,"06:55:00",CAIDA DE MOTOCICLETA,ASFALTO,Bueno,Bueno,1,VENTO,NEGRO,2,,26,MASCULINO,SIN DATOS,1,0,Lázaro Cárdenas,Ceferino Bailon,mayo,martes,7,-102.197983,17.9672913
56659,56868,2026,MOR/20260052470,2026/05/05,11:21:00,COLISIÓN POR ALCANCE,ASFALTO,Bueno,Bueno,2,Renault,Blanco,2,,49,FEMENINO,SIN DATOS,0,0,Morelia,Fuentes de Valladolid,mayo,martes,11,-101.2214764,19.672677
56660,56869,2026,,2026/05/05,11:41:00,COLISIÓN POR INVASIÓN DE CARRIL,ASFALTO,Bueno,Bueno,2,Ford,Rojo,4,,87,MASCULINO,SIN DATOS,2,0,Puruándiro,Sin datos,mayo,martes,12,-101.5859752,20.0819339
56661,56870,2026,MOR202689111,2026/05/05,12:44:00,COLISIÓN POR ALCANCE,ASFALTO,Bueno,Bueno,2,Volkswagen,Gris,2,MINISTERIO PÚBLICO,,MASCULINO,SIN DATOS,0,0,Morelia,Lazaro Cardenas,mayo,martes,13,-101.1642034,19.7088257
56662,56871,2026,MOR/20260052514,2026/05/05,16:09:00,COLISIÓN POR INVASIÓN DE CARRIL,ASFALTO,Bueno,Bueno,2,Nissan,Plata,2,MINISTERIO PÚBLICO,65,FEMENINO,SIN DATOS,0,0,Morelia,Valle de Las Flores,mayo,martes,16,-101.1310715,19.6857267
56663,56872,2026,MOR20261234,2026/05/05,18:14:00,COLISIÓN POR ALCANCE,ASFALTO,Bueno,Bueno,2,CHEVROLET,GRIS,2,,29,MASCULINO,SIN DATOS,0,0,Morelia,Nueva Chapultepec,mayo,martes,18,-101.1735484,19.6890733
56664,56873,2026,MOR/20260052563,2026/05/05,18:18:00,COLISIÓN POR CORTE DE CIRCULACIÓN,ASFALTO,Bueno,Bueno,2,Vento,Rojo,2,,35,MASCULINO,SIN DATOS,0,0,Morelia,Ana Maria Gallaga (Riviera Norte),mayo,martes,18,-101.2231613,19.6769701
56665,56874,2026,,2026/05/05,20:05:00,COLISIÓN POR CORTE DE CIRCULACIÓN,ASFALTO,Bueno,Bueno,2,ITALIKA,ROJO,2,,21,MASCULINO,SIN DATOS,1,0,Acuitzio,Sin datos,mayo,martes,20,-101.3156443,19.4461169
56666,56875,2026,MOR/20260052581,2026/05/05,21:01:00,COLISIÓN POR CORTE DE CIRCULACIÓN,ASFALTO,Bueno,Bueno,2,ITALIKA,NEGRO,3,MINISTERIO PÚBLICO,16,MASCULINO,SIN DATOS,1,0,Morelia,Villas de La Loma,mayo,martes,21,-101.2990522,19.690883
56667,56876,2026,MOR/20260052614,2026/05/05,21:11:00,COLISIÓN CONTRA OBJETO FIJO,ASFALTO,Bueno,Bueno,1,Lincoln,Negro,1,,,,SIN DATOS,0,0,Morelia,Del Prendimiento,mayo,martes,21,-101.3900696,19.6681263
56668,56877,2026,MOR/20260052657,2026/05/05,22:04:00,COLISIÓN CONTRA OBJETO FIJO,ASFALTO,Bueno,Bueno,2,NISSAN,BLANCO,2,,31,FEMENINO,SIN DATOS,0,0,Morelia,Alberto Oviedo Mota,mayo,martes,22,-101.1988791,19.6847861
56669,56878,2026,LCR/20260006987,2026/05/06,"00:25:00",COLISIÓN POR NO RESPETAR SEMÁFORO,ASFALTO,Bueno,Bueno,4,ITALIKA,NEGRO,4,,48,MASCULINO,SIN DATOS,0,0,Lázaro Cárdenas,1Er Sect de Fidelac,mayo,miércoles,0,-102.1992777,17.9625438
56670,56879,2026,MOR/20260052782,2026/05/06,"09:44:00",COLISIÓN POR ALCANCE,CONCRETO,Bueno,Bueno,2,Jeep,Negro,2,,32,MASCULINO,SIN DATOS,0,0,Morelia,Centro,mayo,miércoles,10,-101.1810997,19.7017194
56671,56880,2026,MOR/2026005280315,2026/05/06,10:18:00,COLISIÓN POR ALCANCE,ASFALTO,Bueno,Bueno,2,Italika,Negro,2,,57,MASCULINO,SIN DATOS,0,0,Morelia,Bosques de Oriente,mayo,miércoles,10,-101.1537774,19.7168671
56672,56881,2026,MOR/20260052818,2026/05/06,11:23:00,COLISIÓN POR CORTE DE CIRCULACIÓN,ASFALTO,Bueno,Regular,2,Fiat,Blanco,3,,41,FEMENINO,SIN DATOS,1,0,Morelia,Villas del Real,mayo,miércoles,11,-101.1990282,19.7357719
56673,56882,2026,MOR/202600625378,2026/05/06,12:42:00,COLISIÓN POR CAMBIO DE CARRIL,ASFALTO,Bueno,Bueno,2,Kia,Verde,2,,32,MASCULINO,SIN DATOS,0,0,Morelia,Felix Ireta,mayo,miércoles,13,-101.1889819,19.6821188
56674,56883,2026,MOR/20260052878,2026/05/06,14:36:00,COLISIÓN POR CORTE DE CIRCULACIÓN,ASFALTO,Bueno,Bueno,3,BDS,BLANCO,3,,45,MASCULINO,SIN DATOS,0,0,Morelia,Jesus Romero Flores,mayo,miércoles,15,-101.1828458,19.7306581
56675,56884,2026,MOR202600159,2026/05/06,15:17:00,COLISIÓN POR CAMBIO DE CARRIL,ASFALTO,Bueno,Bueno,2,Dodge,Rojo,2,,49,MASCULINO,SIN DATOS,0,0,Morelia,Tlalpujahua,mayo,miércoles,15,-101.218416,19.6783051
56676,56885,2026,MOR20260052924,2026/05/06,16:26:00,COLISIÓN POR CORTE DE CIRCULACIÓN,ASFALTO,Bueno,Bueno,2,FORD,BLANCO,4,MINISTERIO PÚBLICO,32,MASCULINO,SIN DATOS,2,0,Morelia,Sentimientos de La Nacion,mayo,miércoles,16,-101.2352813,19.6853592
56677,56886,2026,APTZ/20260003523,2026/05/06,17:03:00,COLISIÓN POR ALCANCE,ASFALTO,Bueno,Bueno,3,HONDA,GRIS,4,,40,FEMENINO,SIN DATOS,1,0,Apatzingán,18 de Marzo,mayo,miércoles,17,-102.3647074,19.0931807
56678,56887,2026,,2026/05/06,17:07:00,COLISIÓN POR ALCANCE,ASFALTO,Bueno,Bueno,2,Chevrolet,Dorado,2,,25,MASCULINO,SIN DATOS,0,0,Tarímbaro,Sin datos,mayo,miércoles,17,-101.1502341,19.7705939
56679,56888,2026,APTZ/20260003528,2026/05/06,18:39:00,SALIDA DE SUPERFICIE DE RODAMIENTO,ASFALTO,Bueno,Bueno,1,Nissan,Negro,1,,52,MASCULINO,SIN DATOS,0,0,Apatzingán,Sin datos,mayo,miércoles,19,-102.385948,19.0708452
56680,56889,2026,MMOR/20260053012,2026/05/06,18:56:00,COLISIÓN CON PEATÓN,TERRACERIA,Bueno,Bueno,1,VOLKSWAGEN,BLANCO,2,MINISTERIO PÚBLICO,32,MASCULINO,SIN DATOS,1,0,Morelia,Cinco de Diciembre,mayo,miércoles,19,-101.160328,19.6881
56681,56890,2026,MOR20250048,2026/05/06,19:38:00,COLISIÓN POR CORTE DE CIRCULACIÓN,ASFALTO,Bueno,Bueno,2,Dodge,Rojo,2,,52,MASCULINO,SIN DATOS,0,0,Morelia,Los Manantiales de Morelia,mayo,miércoles,20,-101.2402714,19.6930123
56682,56891,2026,LCR/20260007052,2026/05/06,20:01:00,COLISIÓN CONTRA OBJETO FIJO,ASFALTO,Bueno,Bueno,2,ITALIKA,NEGRO,2,,29,FEMENINO,SIN DATOS,0,0,Lázaro Cárdenas,Valle del Tecnologico,mayo,miércoles,20,-102.228205,17.9739709
56683,56892,2026,MOR/20260072663883,2026/05/06,20:08:00,COLISIÓN CONTRA OBJETO FIJO,ASFALTO,Bueno,Bueno,1,Chevrolet,Rojo,1,,21,MASCULINO,SIN DATOS,0,0,Morelia,Alberto Oviedo Mota,mayo,miércoles,20,-101.1995057,19.6810751