fid,id_accidente,anio_origen,folio_c5i,dia_incidente,hora_ocurrencia,tipo_incidente_vial,superficie_ocurrencia,condiciones_climaticas,condiciones_via,numero_vehiculos_involucrados,marca_vehiculo_ocasiona_siniestro,color_vehiculo_ocasiona_siniestro,numero_personas_involucradas,lugar_remite_presunto_responsable,edad_presunto_responsable,sexo_presunto_responsable,resultados_toxicologia,numero_personas_lesionadas,numero_personas_fallecidas,municipio,colonia,mes,dia_semana,hora_redondeada,lon,lat
56684,56893,2026,MOR202600000050,2026/05/06,20:58:00,COLISIÓN CONTRA OBJETO FIJO,ASFALTO,Bueno,Bueno,2,NISSAN,BLANCO,2,,31,MASCULINO,SIN DATOS,0,0,Morelia,Lomas de Guayangareo,mayo,miércoles,21,-101.1634731,19.7031657
56685,56894,2026,MOR/20260053077,2026/05/06,21:51:00,COLISIÓN POR ALCANCE,CONCRETO,Bueno,Bueno,3,Chevrolet,Plata,3,,20,MASCULINO,SIN DATOS,0,0,Morelia,Industrial,mayo,miércoles,22,-101.1904331,19.7103104
56686,56895,2026,,2026/05/06,22:47:00,COLISIÓN POR ALCANCE,ASFALTO,Bueno,Bueno,2,ITALIKA,NEGRO,3,,17,MASCULINO,SIN DATOS,1,0,Pátzcuaro,Juventino Rosas,mayo,miércoles,23,-101.6139918,19.5084206
56687,56896,2026,MOR/20260053069,2026/05/06,23:08:00,COLISIÓN POR CORTE DE CIRCULACIÓN,CONCRETO,Bueno,Bueno,2,Italika,Negro,2,,16,MASCULINO,SIN DATOS,0,0,Tarímbaro,Sin datos,mayo,miércoles,23,-101.1300884,19.7769746
56688,56897,2026,MOR/2026006268376,2026/05/07,"01:36:00",COLISIÓN CONTRA OBJETO FIJO,ASFALTO,Bueno,Bueno,1,Mercedes benz,Gris,1,,45,MASCULINO,SIN DATOS,0,0,Morelia,Victor Manuel Tinoco Rubi,mayo,jueves,2,-101.2433389,19.7009931
56689,56898,2026,,2026/05/07,"07:17:00",COLISIÓN POR CORTE DE CIRCULACIÓN,CONCRETO,Bueno,Bueno,2,Italika,Negro,1,MINISTERIO PÚBLICO,30,MASCULINO,SIN DATOS,0,0,Morelia,Lomas del Durazno,mayo,jueves,7,-101.1931273,19.6642669
56690,56899,2026,LCR/20260007067,2026/05/07,"08:37:00",COLISIÓN POR INVASIÓN DE CARRIL,ASFALTO,Bueno,Bueno,2,CHEVROLET,ROJO,2,,50,MASCULINO,SIN DATOS,0,0,Lázaro Cárdenas,Solidaridad Nacional,mayo,jueves,9,-102.2117927,17.9689799
56691,56900,2026,"000",2026/05/07,"08:55:00",CAIDA DE MOTOCICLETA,ASFALTO,Bueno,Bueno,1,VENTO,NEGRO,2,,,,,2,0,Zacapu,Sin datos,mayo,jueves,9,-101.846373,19.8345846
56692,56901,2026,,2026/05/07,"09:13:00",SALIDA DE SUPERFICIE DE RODAMIENTO,ASFALTO,Bueno,Bueno,1,RAM,GRIS OXFORD,1,,34,MASCULINO,SIN DATOS,0,0,Tingüindín,Sin datos,mayo,jueves,9,-102.4860417,19.7489567
56693,56902,2026,MOR2026811164,2026/05/07,"09:17:00",COLISIÓN POR CORTE DE CIRCULACIÓN,ASFALTO,Bueno,Bueno,2,Volkswagen,Gris,2,,,MASCULINO,SIN DATOS,0,0,Morelia,Infonavit  Las  Camelinas,mayo,jueves,9,-101.1751663,19.6838692
56694,56903,2026,MOR/20260053270,2026/05/07,10:01:00,COLISIÓN POR ALCANCE,ASFALTO,Bueno,Bueno,2,Jeep,Arena,2,,56,MASCULINO,SIN DATOS,0,0,Morelia,Santillan La Huerta,mayo,jueves,10,-101.2178424,19.6756386
56695,56904,2026,,2026/05/07,10:23:00,COLISIÓN POR ALCANCE,ASFALTO,Bueno,Bueno,2,Jac,Negro,2,,36,MASCULINO,SIN DATOS,0,0,Morelia,Martires de Uruapan,mayo,jueves,10,-101.1988172,19.7256376
56696,56905,2026,MOR/20260053274,2026/05/07,10:41:00,COLISIÓN POR ALCANCE,ASFALTO,Bueno,Bueno,2,Toyota,Rojo,2,MINISTERIO PÚBLICO,51,MASCULINO,SIN DATOS,0,0,Morelia,Nueva Jacarndas,mayo,jueves,11,-101.1874813,19.6812032
56697,56906,2026,MOR2026790066,2026/05/07,10:49:00,COLISIÓN POR CORTE DE CIRCULACIÓN,ASFALTO,Bueno,Bueno,2,Renault,Negro,2,,,MASCULINO,SIN DATOS,0,0,Morelia,Villa de Santa Maria,mayo,jueves,11,-101.1692294,19.6641844
56698,56907,2026,,2026/05/07,11:36:00,COLISIÓN POR INVASIÓN DE CARRIL,ASFALTO,Bueno,Bueno,3,VOLVO,GRIS,3,,39,MASCULINO,SIN DATOS,0,0,Tlalpujahua,Sin datos,mayo,jueves,12,-100.1615498,19.802127
56699,56908,2026,,2026/05/07,11:41:00,COLISIÓN POR CORTE DE CIRCULACIÓN,ASFALTO,Bueno,Bueno,2,CHEVROLET,GRIS,2,MINISTERIO PÚBLICO,31,MASCULINO,SIN DATOS,0,0,Morelia,Vasco de Quiroga,mayo,jueves,12,-101.1673582,19.6986414
56700,56909,2026,,2026/05/07,13:37:00,COLISIÓN POR ALCANCE,ASFALTO,Bueno,Bueno,3,NISSAN,PLATA,3,,37,MASCULINO,SIN DATOS,0,0,Coeneo,Sin datos,mayo,jueves,14,-101.5660503,19.8506788
56701,56910,2026,,2026/05/07,13:49:00,COLISIÓN POR INVASIÓN DE CARRIL,ASFALTO,Bueno,Bueno,2,Chevrolet,Gris,2,MINISTERIO PÚBLICO,33,MASCULINO,SIN DATOS,1,0,Morelia,Sin datos,mayo,jueves,14,-101.4153126,19.6331118
56702,56911,2026,,2026/05/07,13:53:00,COLISIÓN POR ALCANCE,ASFALTO,Bueno,Bueno,2,KIA,GRIS,2,,27,FEMENINO,SIN DATOS,0,0,Tarímbaro,Sin datos,mayo,jueves,14,-101.1079783,19.7837017
56703,56912,2026,MOR/20260053384,2026/05/07,14:37:00,COLISIÓN POR CORTE DE CIRCULACIÓN,ASFALTO,Bueno,Bueno,2,Hero,Azul,2,,25,MASCULINO,SIN DATOS,0,0,Morelia,Chapultepec Sur,mayo,jueves,15,-101.1776431,19.6920938
56704,56913,2026,MOR20257988,2026/05/07,14:38:00,COLISIÓN POR CORTE DE CIRCULACIÓN,ASFALTO,Bueno,Bueno,2,Honda,Rojo,2,MINISTERIO PÚBLICO,,MASCULINO,SIN DATOS,0,0,Morelia,Felix Ireta,mayo,jueves,15,-101.1886543,19.6818273
56705,56914,2026,MOR/20260053388,2026/05/07,15:33:00,COLISIÓN POR CORTE DE CIRCULACIÓN,CONCRETO,Bueno,Bueno,2,Italika,Verde,2,,16,MASCULINO,SIN DATOS,0,0,Morelia,Santiaguito,mayo,jueves,16,-101.1905385,19.7201598
56706,56915,2026,,2026/05/07,16:02:00,COLISIÓN POR CORTE DE CIRCULACIÓN,ASFALTO,Bueno,Bueno,2,VOLKSWAGEN,BLANCO,2,,32,MASCULINO,SIN DATOS,0,0,Lázaro Cárdenas,Segundo Sector de Fidelac,mayo,jueves,16,-102.2042592,17.9591298
56707,56916,2026,,2026/05/07,17:04:00,COLISIÓN POR CORTE DE CIRCULACIÓN,ASFALTO,Bueno,Bueno,2,PISTON,ROJO,3,,21,MASCULINO,SIN DATOS,1,0,Pátzcuaro,Centro,mayo,jueves,17,-101.6125654,19.5286711
56708,56917,2026,MOR/303567890,2026/05/07,19:10:00,COLISIÓN POR CORTE DE CIRCULACIÓN,ASFALTO,Bueno,Regular,2,NISSAN,BLANCO,2,MINISTERIO PÚBLICO,33,MASCULINO,SIN DATOS,0,0,Morelia,Colinas del Sur,mayo,jueves,19,-101.2002436,19.6628968
56709,56918,2026,LCR/20260007098,2026/05/07,19:25:00,COLISIÓN POR CORTE DE CIRCULACIÓN,CONCRETO,Bueno,Bueno,2,VOLKSWAGEN,BLANCO,2,,27,MASCULINO,SIN DATOS,0,0,Lázaro Cárdenas,Flor de Abril Sector 2 A,mayo,jueves,19,-102.2328377,18.0017663
56710,56919,2026,,2026/05/07,20:07:00,COLISIÓN POR CORTE DE CIRCULACIÓN,ASFALTO,Bueno,Bueno,2,CHEVROLET,AZUL,3,,,MASCULINO,SIN DATOS,1,0,Ario,Sin datos,mayo,jueves,20,-101.6699834,19.2252252
56711,56920,2026,,2026/05/07,20:57:00,COLISIÓN POR ALCANCE,ASFALTO,Bueno,Bueno,4,CHRYSLER,PLATA,4,,28,MASCULINO,SIN DATOS,0,0,Morelia,Tinijaro,mayo,jueves,21,-101.257739,19.6972254
56712,56921,2026,LCR/20260007109,2026/05/08,"00:44:00",COLISIÓN POR ALCANCE,ASFALTO,Bueno,Bueno,2,Nissan,Negro,2,,41,MASCULINO,SIN DATOS,0,0,Lázaro Cárdenas,Mexico,mayo,viernes,1,-102.2277987,17.9843778
56713,56922,2026,MOR/20260053624,2026/05/08,"00:48:00",COLISIÓN POR CAMBIO DE CARRIL,CONCRETO,Bueno,Bueno,2,CHEVROLET,GRIS,2,,32,FEMENINO,SIN DATOS,0,0,Morelia,Jacarandas,mayo,viernes,1,-101.2101515,19.7084816
56714,56923,2026,,2026/05/08,"02:27:00",COLISIÓN CONTRA OBJETO FIJO,ASFALTO,Bueno,Bueno,3,VOLKSWAGEN,GRIS,1,,50,FEMENINO,SIN DATOS,0,0,Morelia,Chapultepec Sur,mayo,viernes,2,-101.1679124,19.6913269
56715,56924,2026,,2026/05/08,"06:44:00",VOLCADURA,ASFALTO,Bueno,Bueno,1,NISSAN,ROJO,1,,36,MASCULINO,SIN DATOS,0,0,Coeneo,Sin datos,mayo,viernes,7,-101.6091555,19.7976837
56716,56925,2026,MOR/20260053692,2026/05/08,"07:58:00",COLISIÓN POR CAMBIO DE CARRIL,ASFALTO,Bueno,Bueno,2,SIN DATOS,BLANCO,2,,,MASCULINO,SIN DATOS,0,0,Morelia,Sin datos,mayo,viernes,8,-101.120925,19.6986817
56717,56926,2026,,2026/05/08,"09:21:00",COLISIÓN CONTRA OBJETO FIJO,ADOQUIN_EMPEDRADO,Bueno,Regular,1,NISSAN,BLANCO,1,,41,MASCULINO,SIN DATOS,0,0,Hidalgo,Sin Nombre,mayo,viernes,9,-100.5531979,19.7075643
56718,56927,2026,,2026/05/08,"09:29:00",COLISIÓN POR ALCANCE,CONCRETO,Bueno,Bueno,2,NISSAN,BLANCO,2,,32,MASCULINO,SIN DATOS,0,0,Lázaro Cárdenas,Flor de Abril Sector 1,mayo,viernes,9,-102.231511,17.9993406
56719,56928,2026,LCR/20260007126,2026/05/08,10:05:00,COLISIÓN POR CORTE DE CIRCULACIÓN,ASFALTO,Bueno,Bueno,2,MAZDA,ROJO,2,,48,FEMENINO,SIN DATOS,0,0,Lázaro Cárdenas,Centro,mayo,viernes,10,-102.1959861,17.9538292
56720,56929,2026,MOR2026000152627,2026/05/08,10:43:00,COLISIÓN POR CORTE DE CIRCULACIÓN,ASFALTO,Bueno,Bueno,2,ITALIKA,GRIS,2,,41,,SIN DATOS,0,0,Morelia,Tres Puentes,mayo,viernes,11,-101.2142169,19.7038876
56721,56930,2026,MOR0032166289,2026/05/08,12:04:00,COLISIÓN POR CORTE DE CIRCULACIÓN,ASFALTO,Bueno,Bueno,2,SUZUKU,VERDE,2,,29,FEMENINO,SIN DATOS,0,0,Morelia,Centro,mayo,viernes,12,-101.2006836,19.7028915
56722,56931,2026,MOR20260000000019,2026/05/08,15:25:00,COLISIÓN POR CAMBIO DE CARRIL,ASFALTO,Bueno,Bueno,2,BLUE BIRD,AMARILLO,2,,39,MASCULINO,SIN DATOS,0,0,Morelia,Chapultepec Norte,mayo,viernes,15,-101.1787278,19.6958776
56723,56932,2026,MOR20260053847,2026/05/08,17:11:00,COLISIÓN POR CORTE DE CIRCULACIÓN,ASFALTO,Bueno,Bueno,2,CHEVROLET,BLANCO,2,,41,MASCULINO,SIN DATOS,0,0,Morelia,La Colina,mayo,viernes,17,-101.215785,19.7046034
56724,56933,2026,MOR/20260053863,2026/05/08,17:23:00,CAIDA DE MOTOCICLETA,ASFALTO,Bueno,Bueno,1,ITALIKA,BLANCO,1,,33,FEMENINO,SIN DATOS,0,0,Morelia,Jardines de Torremolinos,mayo,viernes,17,-101.2294308,19.6771836
56725,56934,2026,MOR/20260053909,2026/05/08,19:57:00,COLISIÓN CON PEATÓN,ASFALTO,Bueno,Bueno,1,Mercedes benz,Amarillo,2,,23,MASCULINO,SIN DATOS,1,0,Morelia,Ciudad Industrial,mayo,viernes,20,-101.1433558,19.7241749
56726,56935,2026,MOR/20260053926,2026/05/08,20:38:00,COLISIÓN POR CAMBIO DE CARRIL,ASFALTO,Bueno,Bueno,2,CARABELA,AZUL,2,MINISTERIO PÚBLICO,33,MASCULINO,SIN DATOS,0,0,Morelia,La Loma,mayo,viernes,21,-101.1846745,19.6810641
56727,56936,2026,,2026/05/08,21:37:00,COLISIÓN POR CORTE DE CIRCULACIÓN,ASFALTO,Bueno,Bueno,2,MERCEDES BENZ,BLANCO,2,,59,MASCULINO,SIN DATOS,0,0,Zinapécuaro,Sin datos,mayo,viernes,22,-100.8280595,19.8191305
56728,56937,2026,MOR20260053949,2026/05/08,21:57:00,COLISIÓN POR CORTE DE CIRCULACIÓN,ASFALTO,Bueno,Bueno,2,ITALIKA,NEGRO,2,,23,MASCULINO,SIN DATOS,0,0,Morelia,Torreon Nuevo,mayo,viernes,22,-101.1986691,19.7348835
56729,56938,2026,MOR2026000000110,2026/05/08,22:33:00,CAIDA DE MOTOCICLETA,ASFALTO,Bueno,Bueno,1,Ducati,Negro,1,,35,MASCULINO,SIN DATOS,0,0,Morelia,Coto del Alce,mayo,viernes,23,-101.1633148,19.6527553
56730,56939,2026,MOR2026002412,2026/05/08,22:34:00,COLISIÓN POR ALCANCE,ASFALTO,Bueno,Bueno,2,BYD,GRIS,2,,22,FEMENINO,SIN DATOS,0,0,Morelia,Jardines de La Loma,mayo,viernes,23,-101.2250063,19.676917
56731,56940,2026,LCR/20260007193,2026/05/09,"04:12:00",VOLCADURA,ASFALTO,Bueno,Bueno,1,JEEP,GUINDA,0,,,,,0,0,Lázaro Cárdenas,600 Casas,mayo,sábado,4,-102.2168327,17.9659024
56732,56941,2026,MOR/20260054147,2026/05/09,"04:25:00",COLISIÓN POR ALCANCE,ASFALTO,Bueno,Bueno,2,SE DESCONOCE,PLATA,2,,,,SIN DATOS,0,0,Morelia,Granjas Unidas de Morelia,mayo,sábado,4,-101.2792548,19.6912207
56733,56942,2026,MOR19286296190,2026/05/09,"07:37:00",COLISIÓN POR ALCANCE,ASFALTO,Bueno,Bueno,2,TOYOTA,BLANCO,2,,32,MASCULINO,ALIENTO ETÍLICO,0,0,Morelia,Bello Horizonte,mayo,sábado,8,-101.2379033,19.6861517
56734,56943,2026,ZITA/20260007194,2026/05/09,"08:42:00",COLISIÓN POR INVASIÓN DE CARRIL,ASFALTO,Bueno,Bueno,2,TSURU,BLANCO,2,,,MASCULINO,SIN DATOS,1,0,Zitácuaro,Sin datos,mayo,sábado,9,-100.3415585,19.408425
56735,56944,2026,MOR/20260054190,2026/05/09,"09:41:00",COLISIÓN POR CORTE DE CIRCULACIÓN,ADOQUIN_EMPEDRADO,Bueno,Bueno,2,Toyota,Blanco,2,,30,MASCULINO,SIN DATOS,0,0,Morelia,Independencia,mayo,sábado,10,-101.1766181,19.7156991
56736,56945,2026,MOR/20260054223,2026/05/09,10:31:00,COLISIÓN POR CAMBIO DE CARRIL,CONCRETO,Bueno,Bueno,2,Chevrolet,Negro,2,,34,FEMENINO,SIN DATOS,0,0,Morelia,Jardines de La Loma,mayo,sábado,11,-101.2256467,19.6784784
56737,56946,2026,MOR/20260054309,2026/05/09,13:36:00,COLISIÓN POR ALCANCE,ASFALTO,Nublado,Bueno,2,NISSAN,GUINDA,2,,31,MASCULINO,SIN DATOS,0,0,Morelia,Prados Verdes,mayo,sábado,14,-101.1972955,19.713854
56738,56947,2026,,2026/05/09,13:45:00,COLISIÓN POR ALCANCE,ASFALTO,Bueno,Bueno,4,FORD,VERDE OSCURO,4,,30,MASCULINO,SIN DATOS,0,0,Lázaro Cárdenas,Del Carmen,mayo,sábado,14,-102.2076474,17.9723287
56739,56948,2026,,2026/05/09,14:41:00,COLISIÓN POR CORTE DE CIRCULACIÓN,CONCRETO,Bueno,Bueno,2,FORD,PLATA,2,,41,FEMENINO,SIN DATOS,0,0,Morelia,Agustin Arriaga Rivera,mayo,sábado,15,-101.2229911,19.689331
56740,56949,2026,MOR/20260054343,2026/05/09,15:02:00,COLISIÓN POR CORTE DE CIRCULACIÓN,CONCRETO,Bueno,Bueno,2,VELOCI,NEGRO,3,MINISTERIO PÚBLICO,16,MASCULINO,SIN DATOS,1,0,Morelia,Pastor Manuel Sanchez Camarena,mayo,sábado,15,-101.196865,19.7379355
56741,56950,2026,,2026/05/09,15:32:00,SALIDA DE SUPERFICIE DE RODAMIENTO,ASFALTO,Bueno,Bueno,1,Ford,Verde,1,,46,MASCULINO,SIN DATOS,0,0,Zinapécuaro,Sin datos,mayo,sábado,16,-100.8199531,19.8154936
56742,56951,2026,MOR2026112241,2026/05/09,16:27:00,COLISIÓN POR ALCANCE,ASFALTO,Bueno,Bueno,2,Volkswagen,Gris,2,MINISTERIO PÚBLICO,,MASCULINO,SIN DATOS,0,0,Morelia,Ana Maria Gallaga (Riviera Norte),mayo,sábado,16,-101.2231191,19.6770107
56743,56952,2026,,2026/05/09,16:57:00,COLISIÓN POR ALCANCE,ASFALTO,Bueno,Bueno,2,MITSUBISHI,GRIS,2,,41,FEMENINO,SIN DATOS,0,0,Morelia,San Rafael,mayo,sábado,17,-101.1537691,19.7000013
56744,56953,2026,,2026/05/09,17:46:00,SALIDA DE SUPERFICIE DE RODAMIENTO,ASFALTO,Bueno,Bueno,1,CHEVROLET,GRIS OXFORD,1,,21,MASCULINO,SIN DATOS,0,0,Álvaro Obregón,Sin datos,mayo,sábado,18,-101.0107867,19.8309497
56745,56954,2026,NO APLICA,2026/05/09,18:06:00,COLISIÓN POR ALCANCE,ASFALTO,Lluvioso,Regular,1,Chevrolet,Blanco,1,,30,MASCULINO,SIN DATOS,0,0,Zamora,Centro,mayo,sábado,18,-102.2891426,19.9839328
56746,56955,2026,NO,2026/05/09,21:31:00,COLISIÓN POR CORTE DE CIRCULACIÓN,ADOQUIN_EMPEDRADO,Bueno,Regular,2,JEEP,ROJO,2,,16,MASCULINO,SIN DATOS,0,0,Pátzcuaro,Morelos,mayo,sábado,22,-101.6149029,19.5388221
56747,56956,2026,APTZ/20260003619,2026/05/09,21:39:00,COLISIÓN POR ALCANCE,ASFALTO,Bueno,Regular,2,VENTO,GRIS,2,,,,SIN DATOS,0,0,Apatzingán,Porfirio Ponce,mayo,sábado,22,-102.3668251,19.1049949
56748,56957,2026,,2026/05/10,"01:18:00",VOLCADURA,ASFALTO,Bueno,Bueno,2,MERCEDES BENZ,BLANCO,2,MINISTERIO PÚBLICO,31,MASCULINO,SIN DATOS,0,0,Morelia,La Loma,mayo,domingo,1,-101.1811957,19.6813076
56749,56958,2026,MOR202655579,2026/05/10,"03:11:00",SALIDA DE SUPERFICIE DE RODAMIENTO,ASFALTO,Bueno,Bueno,1,Nissan,Blanco,1,,29,MASCULINO,SIN DATOS,0,0,Tzitzio,Sin datos,mayo,domingo,3,-100.91876,19.474295
56750,56959,2026,,2026/05/10,"05:59:00",COLISIÓN CONTRA OBJETO FIJO,ASFALTO,Bueno,Bueno,1,VOLKSWAGEN,BLANCO,1,,40,MASCULINO,SIN DATOS,0,0,Pátzcuaro,Revolucion,mayo,domingo,6,-101.6115753,19.531812
56751,56960,2026,,2026/05/10,"09:39:00",VOLCADURA,ASFALTO,Bueno,Bueno,1,FREIGHTLINER,ROJO,1,,35,MASCULINO,SIN DATOS,0,0,Nocupétaro,Sin datos,mayo,domingo,10,-101.254127,19.045045
56752,56961,2026,MOR/20260054828,2026/05/10,12:57:00,COLISIÓN CONTRA OBJETO FIJO,CONCRETO,Bueno,Bueno,2,FREIGHTLINER,AZUL,2,,42,MASCULINO,SIN DATOS,0,0,Morelia,Lomas de Guayangareo,mayo,domingo,13,-101.1579381,19.7006714
56753,56962,2026,"20260054871",2026/05/10,15:38:00,COLISIÓN POR ALCANCE,ASFALTO,Bueno,Bueno,3,Italika,Azul,3,,26,FEMENINO,SIN DATOS,0,0,Morelia,Josefa Ortiz de Dominguez,mayo,domingo,16,-101.2098516,19.6723484
56754,56963,2026,,2026/05/10,17:03:00,COLISIÓN POR CAMBIO DE CARRIL,ASFALTO,Bueno,Malo,2,NISSAN,BLANCO,3,,,MASCULINO,SIN DATOS,1,0,Uruapan,Rancho San Rafael,mayo,domingo,17,-102.0143259,19.4180164
56755,56964,2026,MOR/20260045896,2026/05/10,17:20:00,COLISIÓN POR CORTE DE CIRCULACIÓN,CONCRETO,Bueno,Regular,2,Vento,Negro,2,MINISTERIO PÚBLICO,28,MASCULINO,SIN DATOS,0,0,Morelia,Centro,mayo,domingo,17,-101.1873451,19.7056808
56756,56965,2026,,2026/05/10,17:40:00,SALIDA DE SUPERFICIE DE RODAMIENTO,ASFALTO,Bueno,Bueno,2,GM,NEGRO,2,,0,OTRO,SIN DATOS,0,0,Salvador Escalante,Sin datos,mayo,domingo,18,-101.6206483,19.41167
56757,56966,2026,MOR/20260054908,2026/05/10,18:19:00,COLISIÓN POR CAMBIO DE CARRIL,CONCRETO,Bueno,Bueno,2,Kia,Blanco,3,,42,MASCULINO,SIN DATOS,1,0,Morelia,Camponubes,mayo,domingo,18,-101.2915756,19.6960434
56758,56967,2026,,2026/05/10,20:33:00,COLISIÓN POR INVASIÓN DE CARRIL,ASFALTO,Bueno,Bueno,2,CHEVROLET,GUINDA,4,,29,MASCULINO,SIN DATOS,2,1,Zinapécuaro,Sin datos,mayo,domingo,21,-100.9331244,19.8758323
56759,56968,2026,MOR/20260056789,2026/05/10,20:57:00,SUBIDA AL CAMELLÓN,ASFALTO,Bueno,Bueno,1,Ford,Guinda,1,,63,MASCULINO,SIN DATOS,0,0,Morelia,Barrio Alto,mayo,domingo,21,-101.1951353,19.7244437
56760,56969,2026,,2026/05/10,20:58:00,COLISIÓN POR ALCANCE,ASFALTO,Bueno,Bueno,1,NISSAN,BLANCO,0,,,,,0,0,Zitácuaro,Sin datos,mayo,domingo,21,-100.3442599,19.4693351
56761,56970,2026,MOR 20260054991,2026/05/10,21:10:00,COLISIÓN POR MANIOBRA DE REVERSA,CONCRETO,Bueno,Bueno,2,Ford,Blanco,2,,28,MASCULINO,SIN DATOS,0,0,Morelia,Las Americas,mayo,domingo,21,-101.1525168,19.6881698
56762,56971,2026,,2026/05/10,22:17:00,SUBIDA AL CAMELLÓN,ASFALTO,Bueno,Bueno,1,HONDA,ROJO,1,,,,SIN DATOS,0,0,Queréndaro,Sin datos,mayo,domingo,22,-100.9118783,19.8031333
56763,56972,2026,,2026/05/11,"09:09:00",SALIDA DE SUPERFICIE DE RODAMIENTO,ASFALTO,Bueno,Bueno,1,Toyota,Rojo,1,,31,MASCULINO,SIN DATOS,0,0,Zinapécuaro,Sin datos,mayo,lunes,9,-100.6131032,19.8968243
56764,56973,2026,,2026/05/11,"09:11:00",COLISIÓN POR CORTE DE CIRCULACIÓN,ASFALTO,Nublado,Regular,2,Volkswagen,Blanco,2,,24,MASCULINO,SIN DATOS,0,0,Morelia,Ventura Puente,mayo,lunes,9,-101.1812321,19.6927203
56765,56974,2026,,2026/05/11,11:50:00,SALIDA DE SUPERFICIE DE RODAMIENTO,ASFALTO,Lluvioso,Bueno,1,Nissan,Blanco,1,,36,FEMENINO,SIN DATOS,0,0,Coeneo,Sin datos,mayo,lunes,12,-101.6949683,19.7514112
56766,56975,2026,,2026/05/11,16:06:00,COLISIÓN POR CAMBIO DE CARRIL,ASFALTO,Bueno,Bueno,2,Hyundai,Blanco,2,,47,FEMENINO,SIN DATOS,0,0,Morelia,Ana Maria Gallaga (Riviera Norte),mayo,lunes,16,-101.2230865,19.677072
56767,56976,2026,LCR/20260007361,2026/05/11,18:43:00,COLISIÓN POR INVASIÓN DE CARRIL,ASFALTO,Bueno,Bueno,2,INTERNATIONAL,AZUL,2,,42,MASCULINO,SIN DATOS,0,0,Lázaro Cárdenas,Segundo Sector de Fidelac,mayo,lunes,19,-102.205077,17.9612497
56768,56977,2026,MOR/20260055497,2026/05/11,20:48:00,COLISIÓN POR CORTE DE CIRCULACIÓN,ASFALTO,Bueno,Bueno,2,SUZUKI,NEGRO,2,,25,MASCULINO,SIN DATOS,0,0,Morelia,Bosques de Oriente,mayo,lunes,21,-101.153034,19.7178589
56769,56978,2026,LCR/20260007373,2026/05/11,22:23:00,COLISIÓN POR INVASIÓN DE CARRIL,ASFALTO,Bueno,Bueno,2,HONDA,NEGRO,2,,25,MASCULINO,SIN DATOS,0,0,Lázaro Cárdenas,Segundo Sector de Fidelac,mayo,lunes,22,-102.2043944,17.9591476
56770,56979,2026,,2026/05/11,23:16:00,COLISIÓN POR NO RESPETAR SEMÁFORO,ASFALTO,Bueno,Bueno,2,VELOCI,NEGRO,3,MINISTERIO PÚBLICO,17,MASCULINO,SIN DATOS,1,0,Morelia,La Quemada,mayo,lunes,23,-101.238404,19.6877261
56771,56980,2026,MOR/20260055453,2026/05/11,23:56:00,COLISIÓN POR CORTE DE CIRCULACIÓN,ASFALTO,Bueno,Bueno,2,Ford,Rojo,2,,49,FEMENINO,SIN DATOS,0,0,Morelia,Jardines de Guadalupe,mayo,lunes,0,-101.2251,19.7133
56772,56981,2026,MOR/20268756,2026/05/12,"07:50:00",COLISIÓN CONTRA OBJETO FIJO,ASFALTO,Lluvioso,Bueno,1,Volkswagen,Blanco,1,,19,MASCULINO,SIN DATOS,0,0,Morelia,Sin datos,mayo,martes,8,-101.1217306,19.7050231
56773,56982,2026,MOR/20260055679,2026/05/12,"08:14:00",COLISIÓN POR CORTE DE CIRCULACIÓN,ASFALTO,Lluvioso,Regular,2,Chevrolet,Blanco,2,,37,MASCULINO,SIN DATOS,0,0,Morelia,Vista Bella,mayo,martes,8,-101.2005685,19.676534
56774,56983,2026,MOR/ 202600,2026/05/12,"08:33:00",COLISIÓN CONTRA OBJETO FIJO,ASFALTO,Lluvioso,Bueno,1,Chevrolet,Azul marino,1,,55,FEMENINO,SIN DATOS,0,0,Morelia,Alfonso Garcia Robles,mayo,martes,9,-101.1836835,19.7189473
56775,56984,2026,MOR/20260055700,2026/05/12,10:05:00,VOLCADURA,CONCRETO,Lluvioso,Bueno,1,Mini cooper,Blanco,1,MINISTERIO PÚBLICO,,MASCULINO,SIN DATOS,0,0,Morelia,Sin datos,mayo,martes,10,-101.1343468,19.6910535
56776,56985,2026,MOR/20260055709,2026/05/12,10:47:00,COLISIÓN POR CORTE DE CIRCULACIÓN,CONCRETO,Bueno,Bueno,3,VOLKSWAGEN,BLANCO,3,,32,MASCULINO,SIN DATOS,0,0,Morelia,Gertrudis Bocanegra,mayo,martes,11,-101.2107471,19.703199
56777,56986,2026,MOR/20260055734,2026/05/12,11:22:00,COLISIÓN CONTRA OBJETO FIJO,ASFALTO,Bueno,Bueno,1,Ford,Plata,1,,33,MASCULINO,SIN DATOS,0,0,Morelia,Sin datos,mayo,martes,11,-101.1068982,19.7315738
56778,56987,2026,MOR / 20260055717,2026/05/12,12:06:00,COLISIÓN CONTRA OBJETO FIJO,ASFALTO,Nublado,Bueno,2,Nissan,Plata,2,MINISTERIO PÚBLICO,21,MASCULINO,SIN DATOS,0,0,Morelia,Jose Ma Pino Suarez,mayo,martes,12,-101.1629379,19.7229795
56779,56988,2026,MOR2026000646,2026/05/12,12:18:00,COLISIÓN POR CAMBIO DE CARRIL,ASFALTO,Bueno,Bueno,2,NISSAN,BLANCO,2,,42,,SIN DATOS,0,0,Morelia,Cosmos,mayo,martes,12,-101.2155497,19.6852084
56780,56989,2026,,2026/05/12,13:48:00,COLISIÓN POR INVASIÓN DE CARRIL,ASFALTO,Nublado,Regular,2,DINA,AZUL,2,,,MASCULINO,SIN DATOS,0,0,Hidalgo,Sin datos,mayo,martes,14,-100.7387232,19.6748948
56781,56990,2026,MOR /20260055773,2026/05/12,13:48:00,COLISIÓN CONTRA OBJETO FIJO,CONCRETO,Bueno,Bueno,3,HONDA,GRIS,2,,50,FEMENINO,SIN DATOS,0,0,Morelia,Loma Bonita,mayo,martes,14,-101.1967636,19.7218059
56782,56991,2026,MOR/20260055788,2026/05/12,14:15:00,COLISIÓN POR CAMBIO DE CARRIL,ASFALTO,Bueno,Bueno,2,CHEVROLET,GRIS OXFORD,2,,52,MASCULINO,SIN DATOS,0,0,Morelia,Morelos,mayo,martes,14,-101.18459,19.7239533