fid,id_accidente,anio_origen,folio_c5i,dia_incidente,hora_ocurrencia,tipo_incidente_vial,superficie_ocurrencia,condiciones_climaticas,condiciones_via,numero_vehiculos_involucrados,marca_vehiculo_ocasiona_siniestro,color_vehiculo_ocasiona_siniestro,numero_personas_involucradas,lugar_remite_presunto_responsable,edad_presunto_responsable,sexo_presunto_responsable,resultados_toxicologia,numero_personas_lesionadas,numero_personas_fallecidas,municipio,colonia,mes,dia_semana,hora_redondeada,lon,lat
56783,56992,2026,MOR20260055831,2026/05/12,16:32:00,COLISIÓN POR CAMBIO DE CARRIL,ASFALTO,Bueno,Bueno,2,Nissan,Arena,2,MINISTERIO PÚBLICO,27,MASCULINO,SIN DATOS,0,0,Morelia,Nueva Valladolid,mayo,martes,17,-101.2094321,19.7020385
56784,56993,2026,,2026/05/12,17:04:00,SALIDA DE SUPERFICIE DE RODAMIENTO,ASFALTO,Bueno,Bueno,1,SCANIA,GRIS OXFORD,1,,,,SIN DATOS,0,0,Queréndaro,Sin datos,mayo,martes,17,-100.784855,19.7507733
56785,56994,2026,,2026/05/12,17:05:00,COLISIÓN POR CORTE DE CIRCULACIÓN,ASFALTO,Bueno,Bueno,2,NISSAN,BLANCO,2,,47,MASCULINO,SIN DATOS,0,0,José Sixto Verduzco,Sin datos,mayo,martes,17,-101.5316308,20.3162073
56786,56995,2026,,2026/05/12,17:07:00,COLISIÓN POR ALCANCE,ASFALTO,Malo,Malo,2,NISSAN,PLATA,3,,,MASCULINO,SIN DATOS,2,0,Zitácuaro,Sin datos,mayo,martes,17,-100.2952,19.4519734
56787,56996,2026,MOR/ 20260055856,2026/05/12,18:03:00,COLISIÓN POR CAMBIO DE CARRIL,CONCRETO,Lluvioso,Bueno,2,Mercedez benz,Blanco,2,,50,MASCULINO,SIN DATOS,0,0,Morelia,Unidos Santa Cruz,mayo,martes,18,-101.2203282,19.7226731
56788,56997,2026,MOR/20260055896,2026/05/12,19:45:00,COLISIÓN POR CAMBIO DE CARRIL,ASFALTO,Lluvioso,Bueno,2,Nissan,Blanco,2,,31,MASCULINO,SIN DATOS,0,0,Morelia,Americas Britania,mayo,martes,20,-101.1489321,19.6944617
56789,56998,2026,,2026/05/12,20:11:00,COLISIÓN POR CORTE DE CIRCULACIÓN,ASFALTO,Lluvioso,Bueno,2,NISSAN,ROJO,1,,46,FEMENINO,SIN DATOS,0,0,Pátzcuaro,Centro,mayo,martes,20,-101.6101504,19.5301048
56790,56999,2026,,2026/05/13,"04:25:00",CAIDA DE MOTOCICLETA,ASFALTO,Bueno,Bueno,1,ITALIKA,NEGRO,2,,21,MASCULINO,SIN DATOS,1,0,Zitácuaro,Sin datos,mayo,miércoles,4,-100.3197102,19.4396767
56791,57000,2026,,2026/05/13,"06:48:00",SALIDA DE SUPERFICIE DE RODAMIENTO,ASFALTO,Bueno,Bueno,1,VOLKSWAGEN,BLANCO,0,,,,,0,0,Lázaro Cárdenas,Sin datos,mayo,miércoles,7,-102.2141333,17.9434
56792,57001,2026,,2026/05/13,"09:44:00",COLISIÓN POR CORTE DE CIRCULACIÓN,ASFALTO,Bueno,Regular,1,ITALICA,ROJO,2,,,MASCULINO,SIN DATOS,1,0,Hidalgo,Sin datos,mayo,miércoles,10,-100.5903445,19.6997577
56793,57002,2026,MOR/20260056080,2026/05/13,11:25:00,COLISIÓN POR CORTE DE CIRCULACIÓN,ASFALTO,Bueno,Bueno,2,Dodge,Blanco,3,MINISTERIO PÚBLICO,68,FEMENINO,SIN DATOS,1,0,Morelia,Felix Ireta,mayo,miércoles,11,-101.1802968,19.6876765
56794,57003,2026,,2026/05/13,14:38:00,COLISIÓN POR ALCANCE,ASFALTO,Bueno,Bueno,2,MAZDA,ROJO,2,,32,FEMENINO,SIN DATOS,0,0,Lázaro Cárdenas,600 Casas,mayo,miércoles,15,-102.2146954,17.9634016
56795,57004,2026,,2026/05/13,14:56:00,COLISIÓN POR CORTE DE CIRCULACIÓN,ASFALTO,Bueno,Bueno,2,HONDA,GRIS,2,,45,MASCULINO,SIN DATOS,0,0,Lázaro Cárdenas,1Er Sect de Fidelac,mayo,miércoles,15,-102.1989458,17.9623151
56796,57005,2026,,2026/05/13,15:11:00,COLISIÓN POR ALCANCE,ASFALTO,Bueno,Bueno,3,"NISSAN MEXICANA, S.A. DE C.V.",AZUL,3,,53,MASCULINO,SIN DATOS,0,0,Tarímbaro,Centro,mayo,miércoles,15,-101.086935,19.7912559
56797,57006,2026,MOR/20260056206,2026/05/13,17:47:00,COLISIÓN POR CORTE DE CIRCULACIÓN,ASFALTO,Bueno,Bueno,2,Italika,Negro,2,,41,MASCULINO,SIN DATOS,0,0,Morelia,Lomas del Tecnologico,mayo,miércoles,18,-101.1930855,19.7231505
56798,57007,2026,,2026/05/13,18:54:00,COLISIÓN POR INVASIÓN DE CARRIL,ASFALTO,Lluvioso,Malo,2,VOLKSWAGEN,CAFE,2,,30,MASCULINO,SIN DATOS,0,0,Zinapécuaro,San Pedro Bocaneo,mayo,miércoles,19,-100.8181649,19.8359155
56799,57008,2026,,2026/05/13,19:24:00,COLISIÓN POR ALCANCE,ASFALTO,Bueno,Bueno,2,HONDA,GRIS,2,,50,FEMENINO,SIN DATOS,0,0,Morelia,Sentimientos de La Nacion,mayo,miércoles,19,-101.2368319,19.6847915
56800,57009,2026,MOR/202600562760,2026/05/13,20:49:00,COLISIÓN POR ALCANCE,ASFALTO,Bueno,Bueno,1,Ford,Plata,1,,45,MASCULINO,SIN DATOS,0,0,Morelia,Lomas de Santa Maria,mayo,miércoles,21,-101.1863429,19.6754941
56801,57010,2026,LCR/20260007479,2026/05/13,21:00:00,COLISIÓN POR CORTE DE CIRCULACIÓN,ASFALTO,Bueno,Bueno,2,HYUNDAI,BLANCO,2,,21,MASCULINO,SIN DATOS,0,0,Lázaro Cárdenas,La Huerta,mayo,miércoles,21,-102.2188444,17.9749264
56802,57011,2026,,2026/05/13,21:03:00,COLISIÓN POR INVASIÓN DE CARRIL,ASFALTO,Bueno,Bueno,2,VOLKSWAGEN,BLANCO,2,,38,MASCULINO,SIN DATOS,0,0,Morelia,Nueva Valladolid,mayo,miércoles,21,-101.2144551,19.6989458
56803,57012,2026,,2026/05/13,21:18:00,COLISIÓN POR INVASIÓN DE CARRIL,CONCRETO,Bueno,Bueno,2,CHEVROLET,BLANCO,2,,56,MASCULINO,SIN DATOS,0,0,Morelia,Sin datos,mayo,miércoles,21,-101.3010718,19.6658256
56804,57013,2026,LCR/20260007502,2026/05/14,"06:52:00",COLISIÓN POR ALCANCE,ASFALTO,Nublado,Bueno,2,KIA,BLANCO,1,,26,FEMENINO,SIN DATOS,0,0,Lázaro Cárdenas,Segundo Sector de Fidelac,mayo,jueves,7,-102.2061717,17.9613177
56805,57014,2026,MOR202600914,2026/05/14,"08:37:00",COLISIÓN POR INVASIÓN DE CARRIL,CONCRETO,Bueno,Bueno,2,ITALIKA,NEGRO,2,MINISTERIO PÚBLICO,17,MASCULINO,SIN DATOS,0,0,Morelia,Industrial,mayo,jueves,9,-101.1978398,19.7089711
56806,57015,2026,MOR20260056454,2026/05/14,"08:39:00",CAIDA DE MOTOCICLETA,ASFALTO,Bueno,Bueno,1,Vento,Negro,2,,23,MASCULINO,SIN DATOS,1,0,Morelia,Prados Verdes,mayo,jueves,9,-101.2012835,19.7154595
56807,57016,2026,MOR/20260056475,2026/05/14,"08:44:00",COLISIÓN POR CAMBIO DE CARRIL,ASFALTO,Bueno,Bueno,2,TOYOTA,BLANCO,2,,34,MASCULINO,SIN DATOS,0,0,Morelia,Comision Federal de Electricidad,mayo,jueves,9,-101.1785032,19.6816405
56808,57017,2026,MOR2026000000111,2026/05/14,"08:53:00",COLISIÓN POR ALCANCE,ASFALTO,Bueno,Bueno,3,FORD,BLANCO,3,MINISTERIO PÚBLICO,49,MASCULINO,SIN DATOS,0,0,Morelia,Sin datos,mayo,jueves,9,-101.2379271,19.6602289
56809,57018,2026,,2026/05/14,10:23:00,SALIDA DE SUPERFICIE DE RODAMIENTO,ASFALTO,Bueno,Bueno,1,Nissan,Blanco,1,,30,MASCULINO,SIN DATOS,0,0,Indaparapeo,Sin datos,mayo,jueves,10,-100.9513313,19.7939446
56810,57019,2026,MOR/20260056530,2026/05/14,12:26:00,COLISIÓN POR ALCANCE,ASFALTO,Bueno,Bueno,2,Izusu,Blanco,3,MINISTERIO PÚBLICO,25,MASCULINO,SIN DATOS,1,0,Morelia,Ciudad Industrial,mayo,jueves,12,-101.1428133,19.7251155
56811,57020,2026,MOR/20260056562,2026/05/14,14:44:00,COLISIÓN POR CORTE DE CIRCULACIÓN,CONCRETO,Bueno,Bueno,2,NISSAAN,BLANCO,2,,71,MASCULINO,SIN DATOS,0,0,Morelia,Centro,mayo,jueves,15,-101.1798472,19.7004983
56812,57021,2026,MOR/20260056608,2026/05/14,15:57:00,COLISIÓN POR ALCANCE,ASFALTO,Bueno,Bueno,2,CHEVROLET,BLANCO,2,,23,FEMENINO,SIN DATOS,0,0,Morelia,Comision Federal de Electricidad,mayo,jueves,16,-101.1787323,19.6815696
56813,57022,2026,MOR/20260056605,2026/05/14,16:05:00,COLISIÓN POR CAMBIO DE CARRIL,ASFALTO,Bueno,Bueno,2,INTERNACIONAL,BLANCO,2,,36,MASCULINO,SIN DATOS,0,0,Morelia,Ana Maria Gallaga (Riviera Norte),mayo,jueves,16,-101.2222977,19.6770591
56814,57023,2026,MOR/20260056620,2026/05/14,16:42:00,COLISIÓN POR ALCANCE,ASFALTO,Bueno,Bueno,2,Nissan,Rojo,2,,52,MASCULINO,SIN DATOS,0,0,Morelia,Ciudad Industrial,mayo,jueves,17,-101.1420436,19.7257523
56815,57024,2026,MOR/20260056598,2026/05/14,17:41:00,COLISIÓN POR ALCANCE,ASFALTO,Bueno,Bueno,2,Seat,Azul,3,MINISTERIO PÚBLICO,39,FEMENINO,SIN DATOS,1,0,Morelia,Ciudad Industrial,mayo,jueves,18,-101.1443348,19.7239504
56816,57025,2026,"20260056600",2026/05/14,18:46:00,COLISIÓN POR ALCANCE,ASFALTO,Bueno,Bueno,2,Nissan,Rojo,2,,37,FEMENINO,SIN DATOS,0,0,Morelia,Ciudad Industrial,mayo,jueves,19,-101.1426668,19.7249824
56817,57026,2026,,2026/05/14,18:55:00,COLISIÓN POR ALCANCE,ASFALTO,Lluvioso,Bueno,2,CHEVROLET,VERDE,3,,,,SIN DATOS,0,1,Salvador Escalante,Sin datos,mayo,jueves,19,-101.6205179,19.4118051
56818,57027,2026,MOR2026000000230,2026/05/14,20:14:00,COLISIÓN POR CAMBIO DE CARRIL,ASFALTO,Bueno,Bueno,2,Ram,Blanco,2,,36,MASCULINO,SIN DATOS,0,0,Morelia,Fovissste La Huerta,mayo,jueves,20,-101.2125014,19.6926807
56819,57028,2026,,2026/05/14,20:19:00,COLISIÓN POR CORTE DE CIRCULACIÓN,ASFALTO,Bueno,Bueno,2,NISSAN,GRIS,3,,51,MASCULINO,SIN DATOS,1,0,Zacapu,Moderna,mayo,jueves,20,-101.7827092,19.8124249
56820,57029,2026,LZR/20260007538,2026/05/14,21:37:00,COLISIÓN CONTRA OBJETO FIJO,CONCRETO,Bueno,Bueno,1,CHEVROLET,ARENA,0,,,,,0,0,Lázaro Cárdenas,Lotes Y Servicios,mayo,jueves,22,-102.2135102,17.9594435
56821,57030,2026,,2026/05/14,21:48:00,VOLCADURA,CONCRETO,Nublado,Bueno,1,NISSAN,NEGRO,1,,,OTRO,SIN DATOS,0,0,Zamora,Ex-Hacienda El Refugio,mayo,jueves,22,-102.256605,19.9496337
56822,57031,2026,MOR20260056774,2026/05/14,23:06:00,COLISIÓN POR CORTE DE CIRCULACIÓN,ASFALTO,Bueno,Bueno,2,HIUNDAY,BLANCO,2,,,,SIN DATOS,0,0,Morelia,Los Angeles,mayo,jueves,23,-101.1714843,19.7507694
56823,57032,2026,APTZ/20260003743,2026/05/15,"01:47:00",COLISIÓN POR ALCANCE,ASFALTO,Bueno,Bueno,2,Mazda,Gris,2,,,,SIN DATOS,0,0,Apatzingán,Bellavista,mayo,viernes,2,-102.3473579,19.0736782
56824,57033,2026,MOR/20260056846,2026/05/15,"05:18:00",COLISIÓN CONTRA OBJETO FIJO,ASFALTO,Bueno,Bueno,1,Chevrolet,Gris,1,,25,MASCULINO,SIN DATOS,0,0,Morelia,Union Popular Solidaria,mayo,viernes,5,-101.217165,19.7046111
56825,57034,2026,LZR/2026000755666,2026/05/15,"07:30:00",CAIDA DE MOTOCICLETA,ASFALTO,Bueno,Bueno,1,ITALIKA,NEGRO,1,,22,MASCULINO,SIN DATOS,0,0,Lázaro Cárdenas,Las Torres,mayo,viernes,8,-102.2129293,17.9617833
56826,57035,2026,,2026/05/15,"07:42:00",COLISIÓN POR CORTE DE CIRCULACIÓN,ASFALTO,Bueno,Bueno,2,Chevrolet,Negro,2,,42,FEMENINO,SIN DATOS,0,0,Morelia,Jardines de Guadalupe,mayo,viernes,8,-101.2262633,19.7136297
56827,57036,2026,,2026/05/15,"07:50:00",SALIDA DE SUPERFICIE DE RODAMIENTO,ASFALTO,Bueno,Bueno,1,GML JAC,ROJO,1,,57,MASCULINO,SIN DATOS,0,0,Carácuaro,Sin datos,mayo,viernes,8,-101.0326622,18.9280077
56828,57037,2026,,2026/05/15,10:12:00,SALIDA DE SUPERFICIE DE RODAMIENTO,ASFALTO,Bueno,Bueno,1,Volkswagen,Blanco,1,,43,MASCULINO,SIN DATOS,0,0,Charo,Sin datos,mayo,viernes,10,-101.0475853,19.6864445
56829,57038,2026,MOR/20260056922,2026/05/15,11:02:00,COLISIÓN POR CORTE DE CIRCULACIÓN,ASFALTO,Bueno,Regular,2,Dina,Amarillo,2,,38,MASCULINO,SIN DATOS,0,0,Morelia,Elias Perez Avalos,mayo,viernes,11,-101.1650086,19.710552
56830,57039,2026,,2026/05/15,11:28:00,COLISIÓN POR CORTE DE CIRCULACIÓN,CONCRETO,Bueno,Bueno,2,VOLKSWAGEN,ROJO,4,,43,MASCULINO,SIN DATOS,2,0,Pátzcuaro,La Era,mayo,viernes,11,-101.6019308,19.500264
56831,57040,2026,MOR/20260056949,2026/05/15,12:22:00,COLISIÓN POR ALCANCE,ASFALTO,Bueno,Bueno,2,Renault,Guinda,2,,30,FEMENINO,SIN DATOS,0,0,Morelia,La Huerta,mayo,viernes,12,-101.2159024,19.6749159
56832,57041,2026,,2026/05/15,13:09:00,COLISIÓN POR CORTE DE CIRCULACIÓN,CONCRETO,Bueno,Bueno,2,Nissan,Blanco,2,,53,MASCULINO,SIN DATOS,0,0,Morelia,Isaac Arriaga,mayo,viernes,13,-101.1711095,19.7108052
56833,57042,2026,,2026/05/15,15:42:00,COLISIÓN POR ALCANCE,ASFALTO,Bueno,Bueno,2,NISSAN,VINO,2,,57,FEMENINO,SIN DATOS,0,0,Lázaro Cárdenas,Las Torres,mayo,viernes,16,-102.2143323,17.9600492
56834,57043,2026,LCR/20260007578,2026/05/15,18:58:00,COLISIÓN POR CORTE DE CIRCULACIÓN,ASFALTO,Bueno,Bueno,2,JEEP,NEGRO,2,,48,FEMENINO,SIN DATOS,0,0,Lázaro Cárdenas,Valle del Tecnologico,mayo,viernes,19,-102.2283284,17.9740335
56835,57044,2026,,2026/05/15,19:09:00,COLISIÓN POR INVASIÓN DE CARRIL,ASFALTO,Bueno,Regular,2,VOLKSWAGEN,VERDE,1,,,,,0,1,Zitácuaro,Sin datos,mayo,viernes,19,-100.2795883,19.4513883
56836,57045,2026,,2026/05/15,19:24:00,COLISIÓN POR CAMBIO DE CARRIL,ASFALTO,Bueno,Bueno,2,FREIGHTLINER,BLANCO,2,,29,MASCULINO,SIN DATOS,0,0,Morelia,Lic Daniel Espinoza Galindo,mayo,viernes,19,-101.225726,19.7061982
56837,57046,2026,,2026/05/15,19:55:00,COLISIÓN POR CAMBIO DE CARRIL,ASFALTO,Bueno,Bueno,2,Kenworth,Blanco,2,,,MASCULINO,SIN DATOS,0,0,Tarímbaro,Sin datos,mayo,viernes,20,-101.1273976,19.7777111
56838,57047,2026,MOR/20260057083,2026/05/15,20:14:00,COLISIÓN POR NO RESPETAR SEMÁFORO,ASFALTO,Bueno,Bueno,2,ITALIKA,NEGRO,2,,23,MASCULINO,ALIENTO ETÍLICO,0,0,Morelia,Irrigacion,mayo,viernes,20,-101.2249571,19.7050885
56839,57048,2026,MOR/20260057091,2026/05/15,20:17:00,COLISIÓN POR CORTE DE CIRCULACIÓN,CONCRETO,Bueno,Bueno,2,VENTO,BLANCO,2,,18,MASCULINO,SIN DATOS,0,0,Morelia,Ilustres Novohispanos,mayo,viernes,20,-101.1518409,19.7097855
56840,57049,2026,,2026/05/15,21:56:00,COLISIÓN CONTRA OBJETO FIJO,ASFALTO,Bueno,Bueno,2,JEEP,VERDE OSCURO,2,MINISTERIO PÚBLICO,45,FEMENINO,SIN DATOS,0,0,Morelia,Eduardo Ruiz,mayo,viernes,22,-101.2128905,19.7181127
56841,57050,2026,MOR/20260011,2026/05/16,"01:52:00",SALIDA DE SUPERFICIE DE RODAMIENTO,CONCRETO,Bueno,Bueno,1,TOYOTA,GRIS,1,,23,MASCULINO,SIN DATOS,0,0,Morelia,Sin datos,mayo,sábado,2,-101.128347,19.6961092
56842,57051,2026,,2026/05/16,"07:56:00",COLISIÓN CONTRA OBJETO FIJO,ASFALTO,Bueno,Bueno,2,Nissan,Gris,1,,32,MASCULINO,SIN DATOS,0,0,Morelia,Vasco de Quiroga,mayo,sábado,8,-101.1737644,19.7065605
56843,57052,2026,MOR20260057344,2026/05/16,"09:32:00",COLISIÓN POR ALCANCE,ASFALTO,Bueno,Bueno,2,RENAULT,GRIS,2,,44,MASCULINO,SIN DATOS,0,0,Morelia,Los Angeles,mayo,sábado,10,-101.1773617,19.740805
56844,57053,2026,MOR/2026000738493,2026/05/16,11:08:00,COLISIÓN POR ALCANCE,ASFALTO,Bueno,Bueno,2,HONDA,GRIS,2,,49,MASCULINO,SIN DATOS,0,0,Morelia,Solidaridad,mayo,sábado,11,-101.2055109,19.725708
56845,57054,2026,MOR20260057450,2026/05/16,16:16:00,COLISIÓN CON PEATÓN,ASFALTO,Bueno,Bueno,1,TOYOTA,BLANCO PERLA,2,MINISTERIO PÚBLICO,50,MASCULINO,SIN DATOS,1,0,Morelia,Consuelo Alfaro de Vazquez,mayo,sábado,16,-101.1386098,19.727898
56846,57055,2026,MOR/20260057406,2026/05/16,16:25:00,CAIDA DE MOTOCICLETA,ASFALTO,Bueno,Bueno,1,HONDA,ROJO,1,,26,MASCULINO,SIN DATOS,0,0,Morelia,Tlalpujahua,mayo,sábado,16,-101.2180478,19.6774027
56847,57056,2026,MOR/20260057476,2026/05/16,16:29:00,COLISIÓN POR CORTE DE CIRCULACIÓN,ASFALTO,Bueno,Bueno,2,FORD,GRIS,2,,27,MASCULINO,SIN DATOS,0,0,Morelia,Josefa Ortiz de Dominguez,mayo,sábado,16,-101.212792,19.6722825
56848,57057,2026,MOR/20260057448,2026/05/16,16:57:00,COLISIÓN CONTRA OBJETO FIJO,ASFALTO,Bueno,Bueno,1,VOLKSWAGEN,BLANCO,1,,29,MASCULINO,SIN DATOS,0,0,Morelia,Sin datos,mayo,sábado,17,-101.2373411,19.6606137
56849,57058,2026,MOR2026000000011,2026/05/16,17:46:00,SUBIDA AL CAMELLÓN,ASFALTO,Bueno,Bueno,1,VOLKSWAGEN,NEGRO,1,,38,MASCULINO,SIN DATOS,0,0,Morelia,Camelinas,mayo,sábado,18,-101.1737776,19.6836966
56850,57059,2026,,2026/05/16,18:28:00,COLISIÓN CONTRA OBJETO FIJO,ASFALTO,Bueno,Bueno,1,Chysler,Azul,5,,,MASCULINO,SIN DATOS,2,2,Tarímbaro,Sin datos,mayo,sábado,18,-101.1596429,19.7869342
56851,57060,2026,,2026/05/16,19:32:00,COLISIÓN POR ALCANCE,ASFALTO,Bueno,Bueno,2,"NISSAN MEXICANA, S.A. DE C.V.",GRIS,2,,37,FEMENINO,SIN DATOS,0,0,Jiménez,Sin datos,mayo,sábado,20,-101.757065,19.918385
56852,57061,2026,LCR/20260007643,2026/05/16,19:37:00,CAIDA DE MOTOCICLETA,CONCRETO,Bueno,Bueno,1,VENTO,ROJO,0,,,,,0,0,Lázaro Cárdenas,Sin datos,mayo,sábado,20,-102.2906433,17.9646433
56853,57062,2026,,2026/05/16,20:02:00,COLISIÓN CONTRA OBJETO FIJO,ASFALTO,Bueno,Bueno,2,VELOCI,BLANCO,2,,34,MASCULINO,SIN DATOS,0,0,Lázaro Cárdenas,Renovacion Sindical,mayo,sábado,20,-102.2285944,17.9883716
56854,57063,2026,MOR20260057592,2026/05/16,21:50:00,COLISIÓN CONTRA OBJETO FIJO,CONCRETO,Bueno,Bueno,1,Nissan,Blanco,1,,,,SIN DATOS,0,0,Morelia,Ciudad Industrial,mayo,sábado,22,-101.1354633,19.7320385
56855,57064,2026,MOR20260057564,2026/05/16,22:22:00,COLISIÓN CONTRA OBJETO FIJO,ASFALTO,Bueno,Bueno,2,MERCURY,BEIGE,2,MINISTERIO PÚBLICO,48,MASCULINO,ALIENTO ETÍLICO,0,0,Morelia,Real Punhuato,mayo,sábado,22,-101.149045,19.6964383
56856,57065,2026,,2026/05/16,22:48:00,CAIDA DE MOTOCICLETA,ASFALTO,Bueno,Bueno,1,ITALIKA,NEGRO,4,,16,MASCULINO,SIN DATOS,3,0,Coeneo,Sin datos,mayo,sábado,23,-101.5985326,19.8041254
56857,57066,2026,,2026/05/16,23:09:00,COLISIÓN POR ALCANCE,ASFALTO,Bueno,Regular,2,PULSAR,NEGRO,3,,24,MASCULINO,SIN DATOS,1,0,Pátzcuaro,Vuelta de Los Reyes,mayo,sábado,23,-101.6033371,19.5030389
56858,57067,2026,MOR20260057632,2026/05/16,23:38:00,COLISIÓN POR NO RESPETAR SEMÁFORO,ASFALTO,Bueno,Bueno,2,Nissan,Rojo,2,,48,MASCULINO,SIN DATOS,0,0,Morelia,Alberto Oviedo Mota,mayo,sábado,0,-101.2021584,19.6771198
56859,57068,2026,,2026/05/16,23:39:00,COLISIÓN POR ALCANCE,ASFALTO,Bueno,Regular,1,VENTO,NEGRO,2,,20,MASCULINO,SIN DATOS,1,0,Indaparapeo,Centro,mayo,sábado,0,-100.9691545,19.7916992
56860,57069,2026,,2026/05/16,23:41:00,COLISIÓN POR CORTE DE CIRCULACIÓN,ASFALTO,Bueno,Bueno,2,VOLKSWAGEN,GRIS,2,,32,MASCULINO,SIN DATOS,0,0,Zacapu,Mujica,mayo,sábado,0,-101.7976883,19.81351
56861,57070,2026,,2026/05/16,23:45:00,COLISIÓN POR INVASIÓN DE CARRIL,ASFALTO,Bueno,Bueno,2,CHEVROLET,VINO,2,,37,MASCULINO,ALIENTO ETÍLICO,0,0,Zacapu,Centro,mayo,sábado,0,-101.7946182,19.8119321
56862,57071,2026,MOR202600000020,2026/05/17,"00:14:00",COLISIÓN POR CORTE DE CIRCULACIÓN,ASFALTO,Bueno,Bueno,2,Mg,Blanco,2,MINISTERIO PÚBLICO,28,MASCULINO,SIN DATOS,0,0,Morelia,Gertrudis Sanchez,mayo,domingo,0,-101.2003872,19.7412261
56863,57072,2026,,2026/05/17,"03:25:00",SALIDA DE SUPERFICIE DE RODAMIENTO,ASFALTO,Bueno,Bueno,1,CHEVROLET,BLANCO,1,,41,MASCULINO,SIN DATOS,0,0,Álvaro Obregón,Sin datos,mayo,domingo,3,-101.0482058,19.8206048
56864,57073,2026,MOR/20260057835,2026/05/17,"05:47:00",COLISIÓN CONTRA OBJETO FIJO,CONCRETO,Bueno,Bueno,1,Volkswagen,Blanco,1,,24,MASCULINO,SIN DATOS,0,0,Morelia,Fidel Velazquez,mayo,domingo,6,-101.2363064,19.7062388
56865,57074,2026,MOR2026003271,2026/05/17,"06:23:00",COLISIÓN POR ALCANCE,ASFALTO,Bueno,Bueno,1,Ford,Blanco,1,,74,MASCULINO,SIN DATOS,0,0,Morelia,Los Laureles,mayo,domingo,6,-101.2311683,19.7153375
56866,57075,2026,APTZ/20260003834,2026/05/17,"07:23:00",COLISIÓN CONTRA OBJETO FIJO,ASFALTO,Bueno,Bueno,1,Nissan,Gris,1,,,,SIN DATOS,0,0,Apatzingán,Ferrocarril,mayo,domingo,7,-102.3535453,19.0777578
56867,57076,2026,,2026/05/17,"08:23:00",COLISIÓN POR NO RESPETAR SEMÁFORO,ASFALTO,Bueno,Bueno,2,VOLKSWAGEN,AZUL,2,,55,FEMENINO,SIN DATOS,0,0,Pátzcuaro,El Calvario,mayo,domingo,8,-101.6185902,19.5136739
56868,57077,2026,,2026/05/17,"08:23:00",CAIDA DE MOTOCICLETA,ASFALTO,Bueno,Regular,1,ITALIKA,NEGRO,1,,,,SIN DATOS,0,0,Maravatío,Sin datos,mayo,domingo,8,-100.4557692,19.7871586
56869,57078,2026,MOR20260057852,2026/05/17,"08:30:00",COLISIÓN POR CORTE DE CIRCULACIÓN,ASFALTO,Bueno,Bueno,2,VOLKSWAGEN,BLANCO,2,,68,FEMENINO,SIN DATOS,0,0,Morelia,Lomas del Tecnologico,mayo,domingo,9,-101.1929282,19.7234131
56870,57079,2026,MOR/20260057865,2026/05/17,"09:50:00",COLISIÓN CONTRA OBJETO FIJO,ASFALTO,Bueno,Bueno,1,Italika,Rojo,1,,30,FEMENINO,SIN DATOS,0,0,Morelia,El Lago 3,mayo,domingo,10,-101.2191311,19.726996
56871,57080,2026,MOR/20260057863,2026/05/17,10:29:00,COLISIÓN CONTRA OBJETO FIJO,ASFALTO,Bueno,Bueno,1,Toyota,Negro,3,MINISTERIO PÚBLICO,70,MASCULINO,SIN DATOS,2,0,Charo,Sin datos,mayo,domingo,10,-101.0829789,19.679389
56872,57081,2026,MOR/20260057918,2026/05/17,12:13:00,COLISIÓN POR NO RESPETAR SEMÁFORO,ASFALTO,Bueno,Bueno,2,NISSAN,AZUL,2,,45,MASCULINO,SIN DATOS,0,0,Morelia,Union,mayo,domingo,12,-101.1586403,19.7132837
56873,57082,2026,,2026/05/17,12:16:00,COLISIÓN POR INVASIÓN DE CARRIL,ASFALTO,Bueno,Bueno,2,ITALIKA,NEGRO,0,,,,,0,0,Zitácuaro,Sin datos,mayo,domingo,12,-100.3788093,19.4890395
56874,57083,2026,MOR/20260057942,2026/05/17,13:40:00,COLISIÓN POR ALCANCE,ASFALTO,Bueno,Bueno,2,Bajaj,Rojo,2,,23,MASCULINO,SIN DATOS,0,0,Morelia,Jardines de Guadalupe,mayo,domingo,14,-101.2261308,19.7130671
56875,57084,2026,,2026/05/17,15:14:00,COLISIÓN POR ALCANCE,ASFALTO,Nublado,Bueno,2,HONDA,GRIS,2,,22,FEMENINO,SIN DATOS,0,0,Zamora,La Rinconada,mayo,domingo,15,-102.2868709,20.040979
56876,57085,2026,,2026/05/17,18:25:00,COLISIÓN POR CORTE DE CIRCULACIÓN,CONCRETO,Bueno,Bueno,2,Ford,Blanco,2,,27,MASCULINO,SIN DATOS,0,0,Morelia,Ventura Puente,mayo,domingo,18,-101.1807429,19.6891752
56877,57086,2026,MOR/20260058052,2026/05/17,19:22:00,COLISIÓN POR ALCANCE,ASFALTO,Lluvioso,Malo,2,INTERNATIONAL,BLANCO,2,,57,MASCULINO,SIN DATOS,0,0,Morelia,Real Santa Rita,mayo,domingo,19,-101.2203931,19.6752172
56878,57087,2026,MOR/20260058090,2026/05/17,21:36:00,COLISIÓN POR NO RESPETAR SEMÁFORO,ASFALTO,Bueno,Bueno,2,SE DESCONOCE,NEGRO,2,,,OTRO,SIN DATOS,0,0,Morelia,Vasco de Quiroga,mayo,domingo,22,-101.167725,19.6967371
56879,57088,2026,MOR/20260058187,2026/05/18,"00:50:00",SALIDA DE SUPERFICIE DE RODAMIENTO,ASFALTO,Bueno,Regular,1,Volkswagen,Blanco,2,MINISTERIO PÚBLICO,41,MASCULINO,SIN DATOS,0,1,Morelia,Sin datos,mayo,lunes,1,-101.3627581,19.6763522
56880,57089,2026,MOR/20260058235,2026/05/18,"05:41:00",COLISIÓN POR CAMBIO DE CARRIL,ASFALTO,Bueno,Bueno,2,NISSAN,PLATA,2,,26,MASCULINO,SIN DATOS,0,0,Morelia,Los Angeles,mayo,lunes,6,-101.1757374,19.7434777
56881,57090,2026,MOR202600357,2026/05/18,"08:30:00",COLISIÓN CONTRA OBJETO FIJO,ASFALTO,Bueno,Bueno,2,Hyundai,Blanco,2,,,,SIN DATOS,0,0,Morelia,Lomas del Valle,mayo,lunes,9,-101.2307563,19.6893896
56882,57091,2026,MOR20260058250,2026/05/18,"08:40:00",COLISIÓN POR ALCANCE,CONCRETO,Bueno,Bueno,2,HONDA,BLANCO,2,,37,FEMENINO,SIN DATOS,0,0,Morelia,Santa Maria,mayo,lunes,9,-101.1995897,19.6809174