fid,id_accidente,anio_origen,folio_c5i,dia_incidente,hora_ocurrencia,tipo_incidente_vial,superficie_ocurrencia,condiciones_climaticas,condiciones_via,numero_vehiculos_involucrados,marca_vehiculo_ocasiona_siniestro,color_vehiculo_ocasiona_siniestro,numero_personas_involucradas,lugar_remite_presunto_responsable,edad_presunto_responsable,sexo_presunto_responsable,resultados_toxicologia,numero_personas_lesionadas,numero_personas_fallecidas,municipio,colonia,mes,dia_semana,hora_redondeada,lon,lat
56883,57092,2026,MOR/20260058276,2026/05/18,"09:44:00",COLISIÓN POR CORTE DE CIRCULACIÓN,CONCRETO,Bueno,Bueno,2,NISSAN,BLANCO,2,,60,MASCULINO,SIN DATOS,0,0,Morelia,Granjas del Maestro,mayo,lunes,10,-101.1910455,19.7131756
56884,57093,2026,MOR20260058264.,2026/05/18,"09:44:00",COLISIÓN POR CORTE DE CIRCULACIÓN,CONCRETO,Bueno,Bueno,2,VENTO,ROJO,2,,59,MASCULINO,SIN DATOS,0,0,Morelia,Nueva Valladolid,mayo,lunes,10,-101.2096386,19.7016265
56885,57094,2026,,2026/05/18,11:58:00,SALIDA DE SUPERFICIE DE RODAMIENTO,ASFALTO,Bueno,Bueno,1,VOLKSWAGEN,BLANCO,1,,52,MASCULINO,SIN DATOS,0,0,Álvaro Obregón,Sin datos,mayo,lunes,12,-101.009154,19.8549313
56886,57095,2026,MOR/2026005832,2026/05/18,12:51:00,COLISIÓN POR ALCANCE,ASFALTO,Bueno,Bueno,2,FORD,PLATA,2,,29,MASCULINO,SIN DATOS,0,0,Morelia,Articulo Constitucional,mayo,lunes,13,-101.1707498,19.7136093
56887,57096,2026,MOR2026001392,2026/05/18,14:11:00,COLISIÓN POR CORTE DE CIRCULACIÓN,CONCRETO,Bueno,Bueno,2,VENTO,NEGRO,2,,19,MASCULINO,SIN DATOS,0,0,Morelia,Jardines de Guadalupe,mayo,lunes,14,-101.2199,19.7124742
56888,57097,2026,MOR/20260058355,2026/05/18,14:24:00,COLISIÓN CONTRA OBJETO FIJO,CONCRETO,Bueno,Bueno,1,Nissan,Blanco,1,,56,MASCULINO,SIN DATOS,0,0,Morelia,Felix Ireta,mayo,lunes,14,-101.1954831,19.6863816
56889,57098,2026,MOR20260058363,2026/05/18,15:39:00,COLISIÓN POR CORTE DE CIRCULACIÓN,CONCRETO,Bueno,Bueno,2,Bds,Rojo,2,,36,MASCULINO,SIN DATOS,0,0,Morelia,Chapultepec Norte,mayo,lunes,16,-101.1788891,19.6948173
56890,57099,2026,MOR/20260058410,2026/05/18,16:21:00,COLISIÓN POR CORTE DE CIRCULACIÓN,ASFALTO,Bueno,Bueno,2,Seat,Negro,2,,21,MASCULINO,SIN DATOS,0,0,Morelia,Valle Quieto,mayo,lunes,16,-101.2013817,19.6821919
56891,57100,2026,,2026/05/18,18:09:00,COLISIÓN POR CORTE DE CIRCULACIÓN,CONCRETO,Bueno,Bueno,2,VOLKSWAGEN,GRIS,2,,23,MASCULINO,SIN DATOS,0,0,Lázaro Cárdenas,Centro,mayo,lunes,18,-102.1910032,17.9568247
56892,57101,2026,MOR/20260058519,2026/05/18,20:53:00,COLISIÓN POR ALCANCE,ASFALTO,Bueno,Bueno,2,Chevrolet,Blanco,1,MINISTERIO PÚBLICO,38,MASCULINO,SIN DATOS,0,0,Morelia,Infonavit Manantiales,mayo,lunes,21,-101.2386775,19.692956
56893,57102,2026,,2026/05/19,"08:04:00",COLISIÓN POR CAMBIO DE CARRIL,ASFALTO,Bueno,Bueno,2,Gmc,Gris,2,,,FEMENINO,SIN DATOS,0,0,Morelia,Los Manantiales de Morelia,mayo,martes,8,-101.2376993,19.7011507
56894,57103,2026,,2026/05/19,"08:07:00",COLISIÓN POR ALCANCE,CONCRETO,Bueno,Bueno,3,Honda,Gris,3,,38,FEMENINO,SIN DATOS,0,0,Morelia,Libertad,mayo,martes,8,-101.2354919,19.685536
56895,57104,2026,MOR/20260058685,2026/05/19,"08:54:00",COLISIÓN POR CAMBIO DE CARRIL,CONCRETO,Bueno,Regular,2,Dinamo,Blanco,2,,42,MASCULINO,SIN DATOS,0,0,Morelia,Chapultepec Oriente,mayo,martes,9,-101.1661592,19.6953688
56896,57105,2026,MOR/20260058707,2026/05/19,"09:29:00",COLISIÓN POR CAMBIO DE CARRIL,ASFALTO,Bueno,Malo,1,Nissan,Blanco,1,,34,MASCULINO,SIN DATOS,0,0,Morelia,Nicolaitas Ilustres,mayo,martes,9,-101.2286079,19.7199402
56897,57106,2026,,2026/05/19,10:35:00,COLISIÓN POR ALCANCE,ASFALTO,Bueno,Bueno,2,ITALIKA,BLANCO,3,,63,MASCULINO,SIN DATOS,1,0,Los Reyes,San Juan de Dios,mayo,martes,11,-102.4817567,19.6122048
56898,57107,2026,MOR/20260058747,2026/05/19,11:58:00,COLISIÓN POR CORTE DE CIRCULACIÓN,ASFALTO,Bueno,Bueno,2,Bajaj,Rojo,2,,20,MASCULINO,SIN DATOS,0,0,Morelia,Las Americas,mayo,martes,12,-101.1550322,19.6891895
56899,57108,2026,,2026/05/19,12:39:00,SUBIDA AL CAMELLÓN,ASFALTO,Bueno,Bueno,1,Ford,Blanco,1,,32,FEMENINO,SIN DATOS,0,0,Tarímbaro,Sin datos,mayo,martes,13,-101.1709176,19.7523067
56900,57109,2026,,2026/05/19,13:05:00,COLISIÓN POR CAMBIO DE CARRIL,ASFALTO,Bueno,Bueno,2,Kenworth kenmex,Azul,2,,46,MASCULINO,SIN DATOS,0,0,Morelia,Loma de Los Piñones,mayo,martes,13,-101.2066197,19.6732805
56901,57110,2026,,2026/05/19,13:31:00,SALIDA DE SUPERFICIE DE RODAMIENTO,ASFALTO,Bueno,Bueno,1,Nissan,Blanco,1,,72,MASCULINO,SIN DATOS,0,0,Morelia,Enrique Arreguin Robles,mayo,martes,14,-101.1868177,19.7209094
56902,57111,2026,MOR/20260058858,2026/05/19,15:37:00,COLISIÓN POR CAMBIO DE CARRIL,ASFALTO,Bueno,Bueno,2,Jepp,Blanco,2,,57,MASCULINO,SIN DATOS,0,0,Morelia,La Quemada,mayo,martes,16,-101.2394217,19.6902206
56903,57112,2026,,2026/05/19,15:54:00,SALIDA DE SUPERFICIE DE RODAMIENTO,ASFALTO,Bueno,Bueno,1,CHEVROLET,BLANCO,2,,,,SIN DATOS,1,0,Zitácuaro,Sin datos,mayo,martes,16,-100.3426783,19.4078474
56904,57113,2026,LCR/20260007790,2026/05/19,16:21:00,COLISIÓN POR CORTE DE CIRCULACIÓN,ASFALTO,Bueno,Bueno,2,VELOCI,ROJO,2,,17,FEMENINO,SIN DATOS,0,0,Lázaro Cárdenas,Lazaro Cardenas,mayo,martes,16,-102.2202815,18.0153169
56905,57114,2026,,2026/05/19,18:03:00,COLISIÓN POR INVASIÓN DE CARRIL,ASFALTO,Bueno,Bueno,2,DODGE,AZUL,3,,23,MASCULINO,SIN DATOS,1,0,Ario,Sin datos,mayo,martes,18,-101.65994,19.2980383
56906,57115,2026,,2026/05/19,18:36:00,VOLCADURA,ASFALTO,Lluvioso,Bueno,1,TOYOTA,ROJO,1,,27,MASCULINO,SIN DATOS,0,0,Coeneo,El Santuario,mayo,martes,19,-101.5847627,19.8167768
56907,57116,2026,,2026/05/19,18:39:00,VOLCADURA,ASFALTO,Bueno,Bueno,1,MERCEDES BENZ,VINO,1,,30,MASCULINO,SIN DATOS,0,0,Purépero,Tres Encinos,mayo,martes,19,-102.0196634,19.9122013
56908,57117,2026,,2026/05/19,20:05:00,VOLCADURA,ASFALTO,Bueno,Bueno,1,INTERNATIONAL,VERDE,1,,21,MASCULINO,SIN DATOS,0,0,Peribán,San Javier Ii,mayo,martes,20,-102.4272519,19.5233203
56909,57118,2026,LCR/20260007799,2026/05/19,20:09:00,COLISIÓN POR CORTE DE CIRCULACIÓN,ASFALTO,Nublado,Bueno,2,NISSAN,BLANCO,3,,41,FEMENINO,SIN DATOS,1,0,Lázaro Cárdenas,Flor de Abril Sector 1,mayo,martes,20,-102.2304456,18.0002735
56910,57119,2026,,2026/05/19,20:11:00,COLISIÓN POR CORTE DE CIRCULACIÓN,ASFALTO,Bueno,Regular,2,VOLKSWAGEN,GRIS,0,,,,,0,0,Maravatío,Maravatio,mayo,martes,20,-100.4311989,19.8920319
56911,57120,2026,,2026/05/19,21:46:00,COLISIÓN CONTRA OBJETO FIJO,ASFALTO,Bueno,Bueno,2,ITALIKA,NEGRO,2,,19,MASCULINO,SIN DATOS,0,1,Álvaro Obregón,Sin datos,mayo,martes,22,-101.0185796,19.8243225
56912,57121,2026,MOR/20260059025,2026/05/20,"00:46:00",SALIDA DE SUPERFICIE DE RODAMIENTO,ASFALTO,Bueno,Bueno,1,Mitsubishi,Plata,1,MINISTERIO PÚBLICO,,,SIN DATOS,0,0,Morelia,Sin datos,mayo,miércoles,1,-101.2835653,19.6151391
56913,57122,2026,,2026/05/20,"06:35:00",COLISIÓN CONTRA OBJETO FIJO,ASFALTO,Bueno,Bueno,1,Volkswagen,Azul,1,,,MASCULINO,SIN DATOS,0,0,Morelia,Canteras de Morelia,mayo,miércoles,7,-101.1736921,19.7164093
56914,57123,2026,MOR/20260059074,2026/05/20,"08:52:00",COLISIÓN CONTRA OBJETO FIJO,ASFALTO,Bueno,Bueno,2,FAMSA,BLANCO,2,,30,MASCULINO,SIN DATOS,0,0,Morelia,Lomas de Guayangareo,mayo,miércoles,9,-101.1608776,19.7043473
56915,57124,2026,MOR20260059075,2026/05/20,"08:55:00",COLISIÓN POR CORTE DE CIRCULACIÓN,ASFALTO,Bueno,Bueno,2,Italika,Gris,2,,32,FEMENINO,SIN DATOS,0,0,Morelia,Ilustres Novohispanos,mayo,miércoles,9,-101.1524225,19.706282
56916,57125,2026,MOR20260059090,2026/05/20,"09:19:00",COLISIÓN POR NO RESPETAR SEMÁFORO,ASFALTO,Bueno,Bueno,2,NISSAN,BLANCO,2,,25,MASCULINO,SIN DATOS,0,0,Morelia,Sentimientos de La Nacion,mayo,miércoles,9,-101.2352073,19.6814885
56917,57126,2026,,2026/05/20,11:51:00,COLISIÓN POR ALCANCE,ASFALTO,Bueno,Bueno,2,FORD,ROJO,2,,64,MASCULINO,SIN DATOS,0,0,Pátzcuaro,2A de San Lazaro,mayo,miércoles,12,-101.6077474,19.5063635
56918,57127,2026,,2026/05/20,12:07:00,COLISIÓN CONTRA OBJETO FIJO,CONCRETO,Bueno,Bueno,2,VOLKSWAGEN,NEGRO,2,,,,SIN DATOS,1,0,Queréndaro,Centro,mayo,miércoles,12,-100.8872024,19.80889
56919,57128,2026,MOR20260059149,2026/05/20,12:38:00,COLISIÓN POR NO RESPETAR SEMÁFORO,ASFALTO,Bueno,Bueno,2,Nissan,Blanco,2,,49,MASCULINO,SIN DATOS,0,0,Morelia,Los Pinos de Michoacan,mayo,miércoles,13,-101.2159194,19.6828528
56920,57129,2026,MOR/20260059158,2026/05/20,12:49:00,COLISIÓN POR CORTE DE CIRCULACIÓN,ASFALTO,Bueno,Bueno,2,Toyota,Blanco,2,,25,MASCULINO,SIN DATOS,0,0,Morelia,Enrique Arreguin Robles,mayo,miércoles,13,-101.1854467,19.7237717
56921,57130,2026,MOR20260059169,2026/05/20,13:27:00,COLISIÓN POR CORTE DE CIRCULACIÓN,ASFALTO,Bueno,Bueno,2,Ford,Azul,2,,26,MASCULINO,SIN DATOS,0,0,Morelia,El Eden,mayo,miércoles,13,-101.2498559,19.646143
56922,57131,2026,MOR/20260059187,2026/05/20,13:54:00,COLISIÓN POR CORTE DE CIRCULACIÓN,ASFALTO,Bueno,Bueno,2,Nissan,Blanco,2,,77,MASCULINO,SIN DATOS,0,0,Morelia,Ventura Puente,mayo,miércoles,14,-101.1804185,19.6923571
56923,57132,2026,MOR/20260059200,2026/05/20,15:05:00,COLISIÓN POR CAMBIO DE CARRIL,ASFALTO,Bueno,Bueno,2,Dodge,Gris,2,,41,MASCULINO,SIN DATOS,0,0,Morelia,Rafael Carrillo,mayo,miércoles,15,-101.2353765,19.7094198
56924,57133,2026,MOR/20260059221,2026/05/20,16:05:00,COLISIÓN POR MANIOBRA DE REVERSA,CONCRETO,Bueno,Bueno,2,CHEVY,AZUL,2,,42,MASCULINO,SIN DATOS,0,0,Morelia,Lomas de Vista Bella,mayo,miércoles,16,-101.1970249,19.6757869
56925,57134,2026,MOR20260059239,2026/05/20,16:32:00,COLISIÓN POR ALCANCE,ASFALTO,Bueno,Bueno,2,VOLKSWAGEN,NEGRO,2,,63,MASCULINO,SIN DATOS,0,0,Morelia,Arco Iris,mayo,miércoles,17,-101.2142699,19.6694343
56926,57135,2026,MOR20260059228,2026/05/20,16:32:00,COLISIÓN CONTRA OBJETO FIJO,CONCRETO,Bueno,Bueno,2,NISSAN,BLANCO,2,,22,FEMENINO,SIN DATOS,0,0,Morelia,La Aldea,mayo,miércoles,17,-101.1319249,19.748183
56927,57136,2026,MOR/20260059253,2026/05/20,16:38:00,COLISIÓN POR CORTE DE CIRCULACIÓN,ASFALTO,Bueno,Bueno,2,Mazda,Gris,2,,47,FEMENINO,SIN DATOS,0,0,Morelia,Chapultepec Norte,mayo,miércoles,17,-101.174939,19.6953167
56928,57137,2026,,2026/05/20,17:09:00,COLISIÓN POR CORTE DE CIRCULACIÓN,CONCRETO,Bueno,Bueno,2,VENTO,NEGRO,2,,18,MASCULINO,SIN DATOS,1,0,Pátzcuaro,Lazaro Cardenas,mayo,miércoles,17,-101.6046016,19.4988592
56929,57138,2026,,2026/05/20,18:45:00,COLISIÓN POR CORTE DE CIRCULACIÓN,ASFALTO,Bueno,Bueno,2,SEAT,BLANCO,2,,31,MASCULINO,SIN DATOS,0,0,Álvaro Obregón,Sin datos,mayo,miércoles,19,-101.0233942,19.8400626
56930,57139,2026,,2026/05/20,19:12:00,VOLCADURA,ASFALTO,Bueno,Bueno,0,,,0,,,,,0,0,Nuevo Urecho,Sin datos,mayo,miércoles,19,-101.8885208,19.2075981
56931,57140,2026,,2026/05/20,20:22:00,COLISIÓN POR ALCANCE,CONCRETO,Bueno,Bueno,1,Honda,Blanco,1,,77,FEMENINO,SIN DATOS,0,0,Queréndaro,Centro,mayo,miércoles,20,-100.8872089,19.8088658
56932,57141,2026,MOR/20260059339,2026/05/20,20:36:00,COLISIÓN POR INVASIÓN DE CARRIL,ASFALTO,Bueno,Bueno,2,Nissan,Blanco,2,,,MASCULINO,SIN DATOS,0,0,Morelia,Felix Ireta,mayo,miércoles,21,-101.1884863,19.6818269
56933,57142,2026,MOR/20260059298,2026/05/20,20:40:00,COLISIÓN POR CAMBIO DE CARRIL,ASFALTO,Bueno,Bueno,3,Crysler,Gris,1,MINISTERIO PÚBLICO,,,SIN DATOS,0,0,Morelia,Ignacio Zaragoza,mayo,miércoles,21,-101.2034261,19.7251638
56934,57143,2026,,2026/05/21,"00:35:00",VOLCADURA,ASFALTO,Bueno,Bueno,1,Nissan,Azul marino,0,,,,,0,0,Parácuaro,Sin datos,mayo,jueves,1,-102.2742283,19.0179467
56935,57144,2026,MOR/20260059424,2026/05/21,"00:55:00",COLISIÓN CONTRA OBJETO FIJO,ASFALTO,Bueno,Regular,1,Ford,Negro,1,,31,FEMENINO,SIN DATOS,0,0,Morelia,La Calera,mayo,jueves,1,-101.2366962,19.6724967
56936,57145,2026,MOR/20260059461,2026/05/21,"07:04:00",COLISIÓN POR INVASIÓN DE CARRIL,ASFALTO,Lluvioso,Regular,3,Toyota,Gris,3,MINISTERIO PÚBLICO,56,MASCULINO,SIN DATOS,0,0,Morelia,Alberto Oviedo Mota,mayo,jueves,7,-101.2012598,19.6799354
56937,57146,2026,MOR/20260059496,2026/05/21,"08:22:00",SUBIDA AL CAMELLÓN,ASFALTO,Bueno,Regular,1,Honda,Gris oxford,1,,24,FEMENINO,SIN DATOS,0,0,Morelia,Sin datos,mayo,jueves,8,-101.121151,19.7039873
56938,57147,2026,,2026/05/21,"08:31:00",COLISIÓN POR CAMBIO DE CARRIL,ASFALTO,Bueno,Bueno,2,Chevrolet,Rojo,2,,,FEMENINO,SIN DATOS,0,0,Morelia,Alfonso Garcia Robles,mayo,jueves,9,-101.1837798,19.718996
56939,57148,2026,MOR/20260059478,2026/05/21,"08:46:00",COLISIÓN POR ALCANCE,CONCRETO,Bueno,Bueno,2,Ford,Blanco,2,,48,MASCULINO,SIN DATOS,0,0,Morelia,Balcones de Morelia,mayo,jueves,9,-101.200861,19.6723467
56940,57149,2026,,2026/05/21,"09:42:00",COLISIÓN POR CAMBIO DE CARRIL,CONCRETO,Bueno,Bueno,3,Chevrolet,Naranja,4,MINISTERIO PÚBLICO,25,MASCULINO,SIN DATOS,1,0,Morelia,Loma Libre,mayo,jueves,10,-101.1482033,19.7056125
56941,57150,2026,,2026/05/21,"09:52:00",COLISIÓN POR CAMBIO DE CARRIL,ASFALTO,Bueno,Bueno,3,Honda,Blanco,3,,,,SIN DATOS,0,0,Morelia,Cuauhtemoc,mayo,jueves,10,-101.1821073,19.6999441
56942,57151,2026,,2026/05/21,10:04:00,COLISIÓN CONTRA OBJETO FIJO,ASFALTO,Bueno,Bueno,1,CHEVROLET,AZUL,1,,38,MASCULINO,SIN DATOS,0,0,Lázaro Cárdenas,Solidaridad Nacional,mayo,jueves,10,-102.210331,17.9711513
56943,57152,2026,,2026/05/21,11:24:00,VOLCADURA,ASFALTO,Bueno,Regular,0,,,0,,,,,0,0,Venustiano Carranza,Centro (Cumuatillo),mayo,jueves,11,-102.622276,20.152666
56944,57153,2026,,2026/05/21,11:40:00,COLISIÓN POR ALCANCE,ASFALTO,Bueno,Bueno,2,INTERNATIONAL,BLANCO,2,,,MASCULINO,SIN DATOS,0,0,Zitácuaro,Sin datos,mayo,jueves,12,-100.2970313,19.4515954
56945,57154,2026,,2026/05/21,13:12:00,DESBARRANCAMIENTO,ASFALTO,Lluvioso,Regular,1,Suzuki,Mentolato,1,,45,FEMENINO,SIN DATOS,0,0,Morelia,Adolfo Lopez Mateos,mayo,jueves,13,-101.2229,19.6999
56946,57155,2026,MOR/20260059618,2026/05/21,14:50:00,CAIDA DE MOTOCICLETA,CONCRETO,Lluvioso,Bueno,1,Supreme,Rojo,1,,25,MASCULINO,SIN DATOS,0,0,Morelia,Ventura Puente,mayo,jueves,15,-101.1879153,19.6908956
56947,57156,2026,,2026/05/21,14:51:00,COLISIÓN CONTRA OBJETO FIJO,ASFALTO,Bueno,Bueno,1,Dodge,Blanco,1,,,MASCULINO,SIN DATOS,0,0,Morelia,Centenario (Los Alamos Ii),mayo,jueves,15,-101.1792336,19.7379717
56948,57157,2026,MOR/20260059639,2026/05/21,16:00:00,COLISIÓN CONTRA OBJETO FIJO,CONCRETO,Bueno,Regular,2,SUZUKI,PLATA,2,,35,FEMENINO,SIN DATOS,0,0,Morelia,Isaac Arriaga,mayo,jueves,16,-101.1759682,19.7057258
56949,57158,2026,,2026/05/21,16:45:00,COLISIÓN POR ALCANCE,ASFALTO,Bueno,Bueno,2,NISSAN,BLANCO,2,,44,MASCULINO,SIN DATOS,0,0,Lázaro Cárdenas,Jose Green,mayo,jueves,17,-102.201486,17.9654668
56950,57159,2026,,2026/05/21,17:30:00,COLISIÓN POR ALCANCE,ASFALTO,Bueno,Bueno,2,CHEVORLET,NEGRO,2,,32,MASCULINO,SIN DATOS,0,0,Morelia,Sin datos,mayo,jueves,18,-101.2731649,19.6315294
56951,57160,2026,APTZ/20260003956,2026/05/21,19:17:00,COLISIÓN POR CORTE DE CIRCULACIÓN,ASFALTO,Bueno,Bueno,2,Italika,Rojo,1,,,,,1,0,Apatzingán,Bonifacio Moreno,mayo,jueves,19,-102.3578759,19.0879812
56952,57161,2026,,2026/05/21,19:53:00,COLISIÓN POR CORTE DE CIRCULACIÓN,ASFALTO,Bueno,Bueno,2,Chrysler,Guinda,2,MINISTERIO PÚBLICO,,MASCULINO,SIN DATOS,0,0,Morelia,Lomas de Hidalgo,mayo,jueves,20,-101.1591441,19.6977507
56953,57162,2026,,2026/05/21,19:59:00,COLISIÓN POR CAMBIO DE CARRIL,ASFALTO,Bueno,Bueno,2,NISSAN,NEGRO,2,,50,MASCULINO,SIN DATOS,0,0,Morelia,Rafael Carrillo,mayo,jueves,20,-101.2351801,19.7095431
56954,57163,2026,,2026/05/21,20:00:00,COLISIÓN POR CORTE DE CIRCULACIÓN,ASFALTO,Bueno,Bueno,2,TOYOTA,ROJO,2,,44,MASCULINO,SIN DATOS,0,0,Lázaro Cárdenas,Irekani,mayo,jueves,20,-102.2203005,17.9729328
56955,57164,2026,APTZ-20260003960,2026/05/21,20:41:00,COLISIÓN POR INVASIÓN DE CARRIL,ADOQUIN_EMPEDRADO,Bueno,Bueno,0,,,0,,,,,0,0,Múgica,Reforma,mayo,jueves,21,-102.0945689,19.0313343
56956,57165,2026,,2026/05/21,22:32:00,COLISIÓN POR ALCANCE,ASFALTO,Bueno,Bueno,3,"VOLKSWAGEN DE MEXICO, S.A. DE C.V.",GRIS,3,,59,MASCULINO,SIN DATOS,0,0,Morelia,Nueva Valladolid,mayo,jueves,23,-101.2107262,19.6951411
56957,57166,2026,MOR/20260059770,2026/05/21,23:00:00,COLISIÓN POR ALCANCE,ASFALTO,Bueno,Bueno,2,CHEVROLET,ROJO,2,,,,SIN DATOS,0,0,Morelia,Irrigacion,mayo,jueves,23,-101.2251823,19.7047073
56958,57167,2026,,2026/05/22,"02:32:00",CAIDA DE MOTOCICLETA,ASFALTO,Bueno,Bueno,0,,,0,,,,,0,0,Zamora,Centro,mayo,viernes,3,-102.2879497,19.9867681
56959,57168,2026,,2026/05/22,"03:06:00",INCENDIO,ASFALTO,Bueno,Bueno,1,FORD,NEGRO,1,,,OTRO,SIN DATOS,0,0,Zinapécuaro,Sin datos,mayo,viernes,3,-100.9249935,19.8775381
56960,57169,2026,,2026/05/22,"03:35:00",COLISIÓN POR INVASIÓN DE CARRIL,ASFALTO,Bueno,Bueno,2,VOLKSWAGEN,NEGRO,4,,,,SIN DATOS,0,2,Hidalgo,Sin datos,mayo,viernes,4,-100.4967781,19.6474951
56961,57170,2026,LCR/20260007933,2026/05/22,"05:27:00",SALIDA DE SUPERFICIE DE RODAMIENTO,ASFALTO,Bueno,Bueno,1,CHRYSLER,DORADO,0,,,,,0,0,Lázaro Cárdenas,El Palmar 77,mayo,viernes,5,-102.2158714,17.9736045
56962,57171,2026,LCR/20260007937,2026/05/22,"06:33:00",COLISIÓN POR ALCANCE,ASFALTO,Bueno,Bueno,2,VELOCI,BLANCO,1,,42,MASCULINO,SIN DATOS,0,0,Lázaro Cárdenas,Segundo Sector de Fidelac,mayo,viernes,7,-102.2066445,17.9585619
56963,57172,2026,MOR/20260059842,2026/05/22,"07:53:00",COLISIÓN POR ALCANCE,ASFALTO,Bueno,Bueno,2,OSHMEX,VERDE,2,,23,MASCULINO,SIN DATOS,0,0,Morelia,Villa Universidad,mayo,viernes,8,-101.213729,19.6880263
56964,57173,2026,MOR/6374748384,2026/05/22,"08:59:00",COLISIÓN POR CORTE DE CIRCULACIÓN,ASFALTO,Bueno,Bueno,2,Chrysler,Rojo,2,,24,FEMENINO,SIN DATOS,0,0,Morelia,Infonavit Colonial Universidad,mayo,viernes,9,-101.2056921,19.6864135
56965,57174,2026,,2026/05/22,"09:18:00",SALIDA DE SUPERFICIE DE RODAMIENTO,ASFALTO,Bueno,Bueno,1,NISSAN,BLANCO PERLA,1,,27,MASCULINO,SIN DATOS,0,0,Queréndaro,Sin datos,mayo,viernes,9,-100.816975,19.791205
56966,57175,2026,MOR/20260059859,2026/05/22,"09:28:00",COLISIÓN POR ALCANCE,ASFALTO,Bueno,Bueno,2,FORD,GRIS,2,,65,MASCULINO,SIN DATOS,0,0,Morelia,Ciudad Industrial,mayo,viernes,9,-101.1390238,19.7279945
56967,57176,2026,LCR/20260007954,2026/05/22,11:05:00,COLISIÓN POR CORTE DE CIRCULACIÓN,ASFALTO,Bueno,Bueno,2,CHEVROLET,BLANCO,2,,31,FEMENINO,SIN DATOS,0,0,Lázaro Cárdenas,Irekani,mayo,viernes,11,-102.2206065,17.9726216
56968,57177,2026,MOR/20260059898,2026/05/22,11:22:00,COLISIÓN POR INVASIÓN DE CARRIL,ASFALTO,Bueno,Bueno,2,FREIGHTLINER,BLANCO,2,,34,MASCULINO,SIN DATOS,0,0,Morelia,Jardines de Torremolinos,mayo,viernes,11,-101.2267123,19.6769395
56969,57178,2026,MOR/20260059949,2026/05/22,14:27:00,COLISIÓN CON PEATÓN,ASFALTO,Lluvioso,Bueno,1,MAZDA,ROJO,2,,,,SIN DATOS,1,0,Morelia,Nueva Chapultepec,mayo,viernes,14,-101.174078,19.68887
56970,57179,2026,MOR/20260059989,2026/05/22,14:41:00,COLISIÓN CONTRA OBJETO FIJO,ASFALTO,Bueno,Bueno,1,Volkswagen,Gris,0,,,,,0,0,Morelia,Lomas de Las Americas Sur,mayo,viernes,15,-101.1441733,19.6925613
56971,57180,2026,ALCR/20260007964,2026/05/22,15:35:00,COLISIÓN POR INVASIÓN DE CARRIL,ASFALTO,Bueno,Bueno,2,HONDA,GRIS,2,,36,MASCULINO,SIN DATOS,0,0,Lázaro Cárdenas,Sin datos,mayo,viernes,16,-102.2240152,17.9814909
56972,57181,2026,MOR2026000000050,2026/05/22,16:04:00,COLISIÓN CONTRA OBJETO FIJO,ASFALTO,Bueno,Bueno,1,NISSAN,PLATA,1,,20,MASCULINO,SIN DATOS,0,0,Morelia,Union,mayo,viernes,16,-101.1569063,19.7100656
56973,57182,2026,MOR/20260060042,2026/05/22,17:49:00,COLISIÓN POR CAMBIO DE CARRIL,ASFALTO,Bueno,Bueno,2,DODGE,GRIS,2,,25,MASCULINO,SIN DATOS,0,0,Morelia,Santillan La Huerta,mayo,viernes,18,-101.2175976,19.6756273
56974,57183,2026,,2026/05/22,18:21:00,COLISIÓN POR INVASIÓN DE CARRIL,ASFALTO,Bueno,Regular,2,TOYOTA,NEGRO,2,,76,MASCULINO,SIN DATOS,0,0,Carácuaro,Centro,mayo,viernes,18,-101.1266034,19.0193846
56975,57184,2026,MOR/20260060046,2026/05/22,19:16:00,COLISIÓN POR CAMBIO DE CARRIL,ASFALTO,Bueno,Bueno,2,NISSAN,BLANCO,2,,39,MASCULINO,SIN DATOS,0,0,Morelia,Lomas de Santiaguito,mayo,viernes,19,-101.1793844,19.7208024
56976,57185,2026,,2026/05/22,19:44:00,COLISIÓN POR CORTE DE CIRCULACIÓN,ASFALTO,Bueno,Bueno,2,NISSAN,BLANCO,2,,31,MASCULINO,SIN DATOS,0,0,Lázaro Cárdenas,Las Palmas,mayo,viernes,20,-102.2210928,17.9681585
56977,57186,2026,MOR2026000000089,2026/05/22,21:49:00,COLISIÓN CONTRA OBJETO FIJO,ASFALTO,Bueno,Bueno,3,DODGE,ROJO,3,,50,MASCULINO,SIN DATOS,0,0,Morelia,Vasco de Quiroga,mayo,viernes,22,-101.1737498,19.7022539
56978,57187,2026,MOR2026009887,2026/05/23,"00:51:00",CAIDA DE MOTOCICLETA,ASFALTO,Bueno,Bueno,1,Vento,Negro y naranja,2,,38,MASCULINO,SIN DATOS,1,0,Morelia,Ciudad Industrial,mayo,sábado,1,-101.1408655,19.7266451
56979,57188,2026,MOR20260000000010,2026/05/23,"06:17:00",COLISIÓN POR MANIOBRA DE REVERSA,ASFALTO,Bueno,Bueno,2,NISSAN,ROJO,2,,36,MASCULINO,SIN DATOS,0,0,Morelia,Hacienda del Valle,mayo,sábado,6,-101.2255131,19.6668106
56980,57189,2026,MOR/20260060250,2026/05/23,"06:34:00",COLISIÓN CONTRA OBJETO FIJO,ASFALTO,Bueno,Bueno,1,FORD,NEGRO,1,,18,MASCULINO,SIN DATOS,0,0,Morelia,Francisco J Mujica,mayo,sábado,7,-101.1885752,19.7217773
56981,57190,2026,MOR/20260060283,2026/05/23,10:54:00,COLISIÓN CONTRA OBJETO FIJO,ASFALTO,Bueno,Bueno,1,TOYOTA,ROJO,1,,47,MASCULINO,SIN DATOS,0,0,Morelia,Del Empleado,mayo,sábado,11,-101.179661,19.6906736
56982,57191,2026,"20260060304",2026/05/23,11:53:00,COLISIÓN POR CORTE DE CIRCULACIÓN,ASFALTO,Bueno,Bueno,3,DODGE,GUINDA,3,,45,FEMENINO,SIN DATOS,0,0,Morelia,Nueva Valladolid,mayo,sábado,12,-101.2095229,19.6976424
56983,57192,2026,MOR/20260060316,2026/05/23,13:35:00,COLISIÓN POR CAMBIO DE CARRIL,ASFALTO,Bueno,Bueno,2,MERCEDES BENZ,PLATA,2,,39,MASCULINO,SIN DATOS,0,0,Morelia,Libertad,mayo,sábado,14,-101.237744,19.6865179