fid,id_accidente,anio_origen,folio_c5i,dia_incidente,hora_ocurrencia,tipo_incidente_vial,superficie_ocurrencia,condiciones_climaticas,condiciones_via,numero_vehiculos_involucrados,marca_vehiculo_ocasiona_siniestro,color_vehiculo_ocasiona_siniestro,numero_personas_involucradas,lugar_remite_presunto_responsable,edad_presunto_responsable,sexo_presunto_responsable,resultados_toxicologia,numero_personas_lesionadas,numero_personas_fallecidas,municipio,colonia,mes,dia_semana,hora_redondeada,lon,lat
56984,57193,2026,,2026/05/23,14:14:00,COLISIÓN POR NO RESPETAR SEMÁFORO,ASFALTO,Bueno,Bueno,2,CHEVROLET,ROJO,2,,53,MASCULINO,SIN DATOS,0,0,Morelia,Primo Tapia Oriente,mayo,sábado,14,-101.1587274,19.7137
56985,57194,2026,MNFC072230520260006,2026/05/23,14:20:00,COLISIÓN POR ALCANCE,ASFALTO,Bueno,Bueno,2,TOYOTA,ROJO,3,,65,MASCULINO,SIN DATOS,1,0,Puruándiro,Sin datos,mayo,sábado,14,-101.5477833,20.0932117
56986,57195,2026,MOR/20260060347,2026/05/23,14:56:00,COLISIÓN POR CAMBIO DE CARRIL,ASFALTO,Bueno,Bueno,2,MERCEDEZ BENZ,BLANCO,2,,45,MASCULINO,SIN DATOS,0,0,Morelia,Felix Ireta,mayo,sábado,15,-101.1809308,19.6864644
56987,57196,2026,,2026/05/23,15:49:00,SALIDA DE SUPERFICIE DE RODAMIENTO,ASFALTO,Bueno,Bueno,2,HONDA,GRIS,3,,21,FEMENINO,SIN DATOS,1,0,Álvaro Obregón,Bellavista,mayo,sábado,16,-101.0466622,19.8221166
56988,57197,2026,APTZ/20260004003,2026/05/23,15:56:00,COLISIÓN POR ALCANCE,ASFALTO,Bueno,Bueno,2,NISSAN,BLANCO,2,,55,MASCULINO,SIN DATOS,0,0,Múgica,Cuatro Caminos (Emiliano Zapata),mayo,sábado,16,-102.104252,18.9918655
56989,57198,2026,LCR/20260008033,2026/05/23,16:01:00,CAIDA DE MOTOCICLETA,ASFALTO,Bueno,Bueno,1,VENTO,GRIS,0,,,,,0,0,Lázaro Cárdenas,Sin datos,mayo,sábado,16,-102.2212016,17.9502861
56990,57199,2026,MOR20260060341,2026/05/23,16:48:00,COLISIÓN POR CORTE DE CIRCULACIÓN,ASFALTO,Nublado,Bueno,2,Pulsar 2022,Blanco,2,,32,FEMENINO,SIN DATOS,0,0,Morelia,Eduardo Ruiz,mayo,sábado,17,-101.2156683,19.7171474
56991,57200,2026,,2026/05/23,17:04:00,COLISIÓN POR ALCANCE,ASFALTO,Bueno,Regular,2,NISSAN,ROJO,3,,50,MASCULINO,SIN DATOS,1,0,Contepec,Sin datos,mayo,sábado,17,-100.1979597,19.8753521
56992,57201,2026,,2026/05/23,17:40:00,VOLCADURA,ASFALTO,Lluvioso,Bueno,1,NISSAN,BLANCO,1,,25,MASCULINO,SIN DATOS,0,0,Morelia,Sin datos,mayo,sábado,18,-101.3264424,19.564016
56993,57202,2026,,2026/05/23,18:08:00,COLISIÓN POR CAMBIO DE CARRIL,ASFALTO,Bueno,Bueno,4,"Volkswagen de mexico, s.a. de c.v.",Azul,4,,25,MASCULINO,SIN DATOS,0,0,Morelia,Lazaro Cardenas,mayo,sábado,18,-101.1644282,19.7087472
56994,57203,2026,,2026/05/23,18:48:00,SALIDA DE SUPERFICIE DE RODAMIENTO,ASFALTO,Bueno,Bueno,1,CHEVROLET,GRIS OXFORD,1,,33,MASCULINO,SIN DATOS,0,0,Epitacio Huerta,Sin datos,mayo,sábado,19,-100.2040526,20.1718138
56995,57204,2026,"20260060397",2026/05/23,18:54:00,VOLCADURA,ASFALTO,Nublado,Bueno,1,Audi,Negro,2,,38,MASCULINO,SIN DATOS,1,0,Morelia,Sin datos,mayo,sábado,19,-101.3753674,19.5510127
56996,57205,2026,MOR/20260060499,2026/05/23,21:22:00,COLISIÓN CONTRA OBJETO FIJO,ASFALTO,Bueno,Bueno,1,Chevrolet,Negro,2,,,,SIN DATOS,1,0,Morelia,Sin datos,mayo,sábado,21,-101.279375,19.6233948
56997,57206,2026,,2026/05/23,21:44:00,COLISIÓN CONTRA OBJETO FIJO,ASFALTO,Nublado,Bueno,1,V.W.,GRIS,1,,42,MASCULINO,SIN DATOS,0,0,Pátzcuaro,Centro,mayo,sábado,22,-101.6113774,19.5323453
56998,57207,2026,,2026/05/23,21:59:00,COLISIÓN CONTRA OBJETO FIJO,ASFALTO,Bueno,Regular,1,LINCOLN,NEGRO,3,,,MASCULINO,SIN DATOS,2,0,Hidalgo,Sin datos,mayo,sábado,22,-100.6121309,19.702714
56999,57208,2026,,2026/05/23,22:48:00,COLISIÓN POR INVASIÓN DE CARRIL,ASFALTO,Nublado,Bueno,2,NISSAN,BLANCO,2,,,,SIN DATOS,0,0,Tlalpujahua,Sin datos,mayo,sábado,23,-100.1695398,19.8106017
57000,57209,2026,,2026/05/23,22:58:00,COLISIÓN CONTRA OBJETO FIJO,ASFALTO,Bueno,Bueno,1,Toyota,Gris,1,,79,MASCULINO,SIN DATOS,0,0,Morelia,Isaac Arriaga,mayo,sábado,23,-101.1689327,19.7122494
57001,57210,2026,,2026/05/23,23:02:00,COLISIÓN CON PEATÓN,CONCRETO,Bueno,Bueno,1,ITALIKA,NEGRO,2,,19,MASCULINO,SIN DATOS,1,0,Indaparapeo,Miguel Hidalgo,mayo,sábado,23,-100.976669,19.7880682
57002,57211,2026,,2026/05/23,23:32:00,COLISIÓN POR ALCANCE,ADOQUIN_EMPEDRADO,Bueno,Regular,2,FORD,BLANCO,2,,34,MASCULINO,SIN DATOS,0,0,Pátzcuaro,Revolucion,mayo,sábado,0,-101.6161501,19.5331704
57003,57212,2026,MOR20260000,2026/05/24,"00:30:00",COLISIÓN CONTRA OBJETO FIJO,CONCRETO,Bueno,Bueno,2,Toyota,Arena,2,,41,MASCULINO,SIN DATOS,0,0,Morelia,Rafael Carrillo,mayo,domingo,1,-101.2382863,19.7079126
57004,57213,2026,,2026/05/24,"01:16:00",COLISIÓN POR INVASIÓN DE CARRIL,ASFALTO,Bueno,Bueno,2,NISSAN,BLANCO,2,,45,MASCULINO,SIN DATOS,0,0,Zinapécuaro,Sin datos,mayo,domingo,1,-100.8851991,19.8704538
57005,57214,2026,,2026/05/24,"01:26:00",COLISIÓN POR ALCANCE,ASFALTO,Bueno,Bueno,2,JEEP,AMARILLO,0,,,,,0,0,Zitácuaro,Sin datos,mayo,domingo,1,-100.3522679,19.4756196
57006,57215,2026,MOR/20260060671,2026/05/24,"01:52:00",COLISIÓN POR CAMBIO DE CARRIL,ASFALTO,Bueno,Regular,2,HYUNDAI,Rojo,2,MINISTERIO PÚBLICO,19,MASCULINO,SIN DATOS,0,0,Morelia,Alberto Oviedo Mota,mayo,domingo,2,-101.202471,19.6773885
57007,57216,2026,SIN FOLIO,2026/05/24,"03:24:00",SALIDA DE SUPERFICIE DE RODAMIENTO,ASFALTO,Bueno,Bueno,1,PONTIAC,ROJO,1,,,,SIN DATOS,0,0,Senguio,Sin datos,mayo,domingo,3,-100.3786006,19.7480744
57008,57217,2026,,2026/05/24,"03:28:00",VOLCADURA,ASFALTO,Bueno,Bueno,1,Mg,Gris,1,,19,MASCULINO,SIN DATOS,0,0,Morelia,Los Angeles,mayo,domingo,3,-101.1720017,19.7499742
57009,57218,2026,LCR/20260008070,2026/05/24,"03:37:00",COLISIÓN CONTRA OBJETO FIJO,CONCRETO,Bueno,Bueno,1,FORD,GRIS,0,,,,,0,0,Lázaro Cárdenas,Anibal Ponce,mayo,domingo,4,-102.2128032,18.0271351
57010,57219,2026,MOR202612234,2026/05/24,"04:31:00",COLISIÓN CONTRA OBJETO FIJO,ASFALTO,Bueno,Bueno,1,Dodge,Gris,1,MINISTERIO PÚBLICO,37,MASCULINO,SIN DATOS,0,0,Morelia,Loma Bonita,mayo,domingo,5,-101.1961639,19.7225863
57011,57220,2026,LCR//20260008074,2026/05/24,"04:39:00",COLISIÓN CONTRA OBJETO FIJO,ASFALTO,Bueno,Bueno,1,VOLKSWAGEN,NEGRO,0,,,,,0,0,Lázaro Cárdenas,Infonavit Las Colinas,mayo,domingo,5,-102.2139826,17.9670366
57012,57221,2026,,2026/05/24,"09:11:00",COLISIÓN POR ALCANCE,CONCRETO,Bueno,Bueno,2,RENAULT,BLANCO,1,,37,FEMENINO,SIN DATOS,0,0,Morelia,Jose Ma Pino Suarez,mayo,domingo,9,-101.1583454,19.7295495
57013,57222,2026,,2026/05/24,12:30:00,COLISIÓN POR CORTE DE CIRCULACIÓN,ASFALTO,Bueno,Bueno,2,Nissan,Blanco,3,,59,MASCULINO,SIN DATOS,1,0,Múgica,El Carriel,mayo,domingo,13,-102.0968842,19.014503
57014,57223,2026,MOR/20260060869,2026/05/24,16:02:00,COLISIÓN POR CAMBIO DE CARRIL,ASFALTO,Bueno,Bueno,2,"Volvo trucks de mexico, s.a. de c.v.",Blanco,2,,63,MASCULINO,SIN DATOS,0,0,Morelia,Leandro Valle,mayo,domingo,16,-101.2307666,19.7158782
57015,57224,2026,MOR/202600893,2026/05/24,17:48:00,COLISIÓN CONTRA OBJETO FIJO,ASFALTO,Bueno,Bueno,1,Volkswagen,Plata,3,MINISTERIO PÚBLICO,,OTRO,SIN DATOS,1,1,Morelia,Sin datos,mayo,domingo,18,-101.317221,19.5734142
57016,57225,2026,,2026/05/24,20:26:00,COLISIÓN POR CORTE DE CIRCULACIÓN,ASFALTO,Bueno,Bueno,2,CHEVROLET,GRIS,2,,31,FEMENINO,SIN DATOS,0,0,Lázaro Cárdenas,Centro,mayo,domingo,20,-102.1963143,17.9593711
57017,57226,2026,MOR/20260061117,2026/05/25,"02:50:00",COLISIÓN POR CORTE DE CIRCULACIÓN,ASFALTO,Bueno,Bueno,1,Chevrolet,Blanco,1,,31,MASCULINO,SIN DATOS,0,0,Morelia,Canteras de Morelia,mayo,lunes,3,-101.1736971,19.7163829
57018,57227,2026,,2026/05/25,"06:31:00",VOLCADURA,ASFALTO,Bueno,Regular,1,CHEVROLET,GRIS,1,,,MASCULINO,SIN DATOS,0,0,Nocupétaro,Sin datos,mayo,lunes,7,-101.1294281,19.0315329
57019,57228,2026,,2026/05/25,"08:34:00",COLISIÓN POR CORTE DE CIRCULACIÓN,CONCRETO,Bueno,Bueno,2,Wolkswagen,Rojo,2,,20,MASCULINO,SIN DATOS,0,0,Morelia,Felicitas del Rio,mayo,lunes,9,-101.1997126,19.691939
57020,57229,2026,,2026/05/25,"08:53:00",COLISIÓN POR ALCANCE,ASFALTO,Bueno,Bueno,2,BAJAJ,AZUL MARINO,0,,,,,0,0,Zitácuaro,Sin datos,mayo,lunes,9,-100.3819105,19.4878751
57021,57230,2026,,2026/05/25,"09:16:00",SALIDA DE SUPERFICIE DE RODAMIENTO,ASFALTO,Bueno,Bueno,1,HYUNDAI,BLANCO,1,,56,MASCULINO,SIN DATOS,0,0,Lázaro Cárdenas,Sin datos,mayo,lunes,9,-102.2219942,17.9486801
57022,57231,2026,,2026/05/25,"09:51:00",COLISIÓN POR INVASIÓN DE CARRIL,ASFALTO,Bueno,Regular,2,CHEVROLET,GRIS,2,,,,SIN DATOS,0,0,Huetamo,La Nopalera,mayo,lunes,10,-100.8990257,18.6443048
57023,57232,2026,APTZ/20260004080,2026/05/25,"09:54:00",COLISIÓN CONTRA OBJETO FIJO,CONCRETO,Bueno,Bueno,1,NISSAN,GRIS,0,,,,,0,0,Apatzingán,Lazaro Cardenas,mayo,lunes,10,-102.3469548,19.1020019
57024,57233,2026,,2026/05/25,10:02:00,COLISIÓN POR ALCANCE,ASFALTO,Bueno,Bueno,2,Freightliner,Blanco,2,,31,MASCULINO,SIN DATOS,0,0,Tarímbaro,Sin datos,mayo,lunes,10,-101.1729136,19.7488199
57025,57234,2026,MOR/20260061230,2026/05/25,12:41:00,COLISIÓN POR CORTE DE CIRCULACIÓN,CONCRETO,Bueno,Bueno,2,Chevrolet,Azul,2,MINISTERIO PÚBLICO,61,FEMENINO,SIN DATOS,0,0,Morelia,Villa Universidad,mayo,lunes,13,-101.1970211,19.6885673
57026,57235,2026,"20260061279",2026/05/25,13:34:00,COLISIÓN POR CORTE DE CIRCULACIÓN,CONCRETO,Bueno,Bueno,2,Vento,Negro,2,,21,MASCULINO,SIN DATOS,0,0,Morelia,Fuentes de Morelia,mayo,lunes,14,-101.2047957,19.6739738
57027,57236,2026,MOR/20260061276,2026/05/25,14:00:00,COLISIÓN POR CORTE DE CIRCULACIÓN,CONCRETO,Bueno,Bueno,2,Italika,Azul,2,,36,MASCULINO,SIN DATOS,0,0,Morelia,Ventura Puente,mayo,lunes,14,-101.1925361,19.6959627
57028,57237,2026,,2026/05/25,18:02:00,COLISIÓN POR ALCANCE,ASFALTO,Lluvioso,Regular,2,Ford,Blanco,2,MINISTERIO PÚBLICO,,MASCULINO,SIN DATOS,0,0,Morelia,Sin datos,mayo,lunes,18,-101.1587932,19.6702463
57029,57238,2026,MOR/20260061337,2026/05/25,18:20:00,COLISIÓN POR CORTE DE CIRCULACIÓN,CONCRETO,Bueno,Regular,2,Peugeot,Plata,2,,36,MASCULINO,SIN DATOS,0,0,Morelia,Central de Abastos,mayo,lunes,18,-101.1706951,19.7161108
57030,57239,2026,,2026/05/25,18:22:00,SALIDA DE SUPERFICIE DE RODAMIENTO,ASFALTO,Lluvioso,Regular,1,VOLKSWAGEN,ROJO,0,,,,,0,0,Coeneo,Sin datos,mayo,lunes,18,-101.6772297,19.7449353
57031,57240,2026,"20260061362",2026/05/25,18:53:00,COLISIÓN POR MANIOBRA DE REVERSA,ASFALTO,Bueno,Bueno,2,Nissan,Gris,2,,32,MASCULINO,SIN DATOS,0,0,Morelia,Morelia 450,mayo,lunes,19,-101.2167415,19.6757073
57032,57241,2026,APTZ/20260004092,2026/05/25,19:40:00,COLISIÓN POR ALCANCE,CONCRETO,Bueno,Bueno,2,Honda,Gris,2,,51,MASCULINO,SIN DATOS,0,0,Apatzingán,Los Limones,mayo,lunes,20,-102.3652284,19.0882782
57033,57242,2026,MOR/2026006140,2026/05/25,20:04:00,COLISIÓN POR CAMBIO DE CARRIL,ASFALTO,Bueno,Bueno,2,Italika,Blanco,2,,32,MASCULINO,SIN DATOS,0,0,Morelia,Nicolas Bravo(Los Ejidos),mayo,lunes,20,-101.2248597,19.7043163
57034,57243,2026,MOR/20260061397,2026/05/25,20:38:00,COLISIÓN POR CAMBIO DE CARRIL,ASFALTO,Nublado,Regular,2,Gmc,Blanco,2,,37,FEMENINO,SIN DATOS,0,0,Morelia,Eduardo Ruiz,mayo,lunes,21,-101.222816,19.7223242
57035,57244,2026,,2026/05/25,21:35:00,SALIDA DE SUPERFICIE DE RODAMIENTO,ASFALTO,Bueno,Bueno,1,SUZUKI,NEGRO,1,,,MASCULINO,SIN DATOS,0,0,Zinapécuaro,Del Seguro,mayo,lunes,22,-100.8233944,19.8516247
57036,57245,2026,MOR/20260000000,2026/05/25,23:24:00,COLISIÓN POR CAMBIO DE CARRIL,ASFALTO,Nublado,Regular,2,Toyota,Blanco/rojo,2,,22,MASCULINO,SIN DATOS,0,0,Morelia,Jardines de Guadalupe,mayo,lunes,23,-101.2271567,19.7131261
57037,57246,2026,,2026/05/26,"05:45:00",CAIDA DE MOTOCICLETA,ASFALTO,Bueno,Bueno,1,ITALIKA,NEGRO,2,,,,SIN DATOS,1,0,Puruándiro,Sin datos,mayo,martes,6,-101.517375,20.1839
57038,57247,2026,,2026/05/26,"07:11:00",CAIDA DE MOTOCICLETA,ASFALTO,Bueno,Bueno,1,VENTO,NEGRO,1,,,,,1,0,Coeneo,Coeneo de La Libertad,mayo,martes,7,-101.5895535,19.8252482
57039,57248,2026,MOR/2026000616638,2026/05/26,"07:40:00",COLISIÓN POR ALCANCE,ASFALTO,Bueno,Bueno,4,Chevrolet,Gris,4,,37,FEMENINO,SIN DATOS,0,0,Morelia,Asociacion Zirahuen,mayo,martes,8,-101.2493862,19.6988839
57040,57249,2026,,2026/05/26,"08:36:00",COLISIÓN POR INVASIÓN DE CARRIL,ASFALTO,Bueno,Bueno,2,Mazda,Gris,2,,,,SIN DATOS,0,0,Zamora,Centro,mayo,martes,9,-102.2891426,19.9839328
57041,57250,2026,MOR20260061532,2026/05/26,"09:05:00",COLISIÓN POR CORTE DE CIRCULACIÓN,CONCRETO,Bueno,Bueno,2,Toyota,Blanco,2,,50,MASCULINO,SIN DATOS,0,0,Morelia,Felix Ireta,mayo,martes,9,-101.1860474,19.6870101
57042,57251,2026,,2026/05/26,"09:20:00",COLISIÓN POR ALCANCE,ASFALTO,Bueno,Bueno,2,KIA,GRIS,3,,45,MASCULINO,SIN DATOS,1,0,Álvaro Obregón,Sin datos,mayo,martes,9,-101.0209608,19.8410124
57043,57252,2026,MOR/20260061547,2026/05/26,10:41:00,COLISIÓN POR NO RESPETAR SEMÁFORO,ASFALTO,Bueno,Bueno,2,Dodge,Blanco,2,,42,MASCULINO,SIN DATOS,0,0,Morelia,Jardines de Torremolinos,mayo,martes,11,-101.2265556,19.6770285
57044,57253,2026,,2026/05/26,10:42:00,COLISIÓN POR INVASIÓN DE CARRIL,ASFALTO,Bueno,Bueno,2,FORD,BLANCO,1,,49,MASCULINO,SIN DATOS,0,0,Venustiano Carranza,Sin datos,mayo,martes,11,-102.6272602,20.1464314
57045,57254,2026,MOR2026000000123,2026/05/26,10:54:00,COLISIÓN POR CAMBIO DE CARRIL,ASFALTO,Bueno,Bueno,2,CHEVROLET,GRIS,2,MINISTERIO PÚBLICO,30,MASCULINO,SIN DATOS,0,0,Morelia,Nueva Valladolid,mayo,martes,11,-101.2093674,19.6980165
57046,57255,2026,MOR/20260061562,2026/05/26,10:54:00,COLISIÓN POR CAMBIO DE CARRIL,ASFALTO,Bueno,Bueno,2,Chevrolet,Azul,3,,19,MASCULINO,SIN DATOS,1,0,Morelia,Solidaridad,mayo,martes,11,-101.207394,19.7278679
57047,57256,2026,,2026/05/26,12:04:00,COLISIÓN CONTRA OBJETO FIJO,ADOQUIN_EMPEDRADO,Bueno,Bueno,1,Ford,Negro,1,,48,MASCULINO,SIN DATOS,0,0,Apatzingán,22 de Octubre,mayo,martes,12,-102.3454161,19.0891045
57048,57257,2026,MOR2026005190,2026/05/26,13:36:00,CAIDA DE MOTOCICLETA,ASFALTO,Bueno,Bueno,1,Italika,Azul,1,MINISTERIO PÚBLICO,27,MASCULINO,SIN DATOS,0,0,Morelia,Solidaridad,mayo,martes,14,-101.2055373,19.7257712
57049,57258,2026,LCR/20260008242,2026/05/26,14:14:00,SUBIDA AL CAMELLÓN,ASFALTO,Bueno,Bueno,1,VOLKSWAGEN,NEGRO,0,,,,,0,0,Lázaro Cárdenas,Nuevo Infonavit(11 de Julio),mayo,martes,14,-102.2174666,17.9671455
57050,57259,2026,,2026/05/26,14:45:00,COLISIÓN POR ALCANCE,ASFALTO,Bueno,Bueno,2,MITSUBISHI,GRIS,2,,24,MASCULINO,SIN DATOS,0,0,Maravatío,San Miguel Curahuango,mayo,martes,15,-100.4428242,19.8847536
57051,57260,2026,MOR/20260061666,2026/05/26,15:48:00,COLISIÓN POR ALCANCE,ASFALTO,Lluvioso,Malo,2,Tvs,Rojo,2,,25,MASCULINO,SIN DATOS,0,0,Morelia,Lomas de Morelia (Dr Ignacio Chavez),mayo,martes,16,-101.1752862,19.7173349
57052,57261,2026,MOR20260003267,2026/05/26,16:10:00,COLISIÓN POR ALCANCE,ASFALTO,Lluvioso,Regular,3,Toyota,Gris,3,,50,MASCULINO,SIN DATOS,0,0,Morelia,Cinco de Diciembre,mayo,martes,16,-101.1612785,19.6875725
57053,57262,2026,MOR/20260061677,2026/05/26,16:19:00,COLISIÓN POR ALCANCE,CONCRETO,Bueno,Bueno,2,Volkswagen,Blanco,2,,33,MASCULINO,SIN DATOS,0,0,Morelia,Nueva Valladolid,mayo,martes,16,-101.2129684,19.7012501
57054,57263,2026,MOR/6374738828,2026/05/26,17:30:00,COLISIÓN POR CORTE DE CIRCULACIÓN,CONCRETO,Nublado,Regular,2,Nissan,Gris,2,,38,MASCULINO,SIN DATOS,0,0,Morelia,Isaac Arriaga,mayo,martes,18,-101.171279,19.7134396
57055,57264,2026,MOR/2026007167395,2026/05/26,17:39:00,COLISIÓN POR ALCANCE,ASFALTO,Bueno,Bueno,2,Volkswagen,Dorado,2,,30,MASCULINO,SIN DATOS,0,0,Morelia,Bello Horizonte,mayo,martes,18,-101.2373248,19.6851236
57056,57265,2026,MOR/20260061,2026/05/26,18:07:00,COLISIÓN POR CORTE DE CIRCULACIÓN,ASFALTO,Lluvioso,Regular,2,Nissan,Blanco,2,,65,MASCULINO,SIN DATOS,0,0,Morelia,Lazaro Cardenas,mayo,martes,18,-101.1651208,19.7103734
57057,57266,2026,MOR/20260061741,2026/05/26,19:06:00,COLISIÓN POR CAMBIO DE CARRIL,CONCRETO,Bueno,Bueno,3,Nissan,Negro,3,,45,MASCULINO,SIN DATOS,0,0,Morelia,El Lago 1,mayo,martes,19,-101.2186543,19.7287913
57058,57267,2026,MOR/636376363738,2026/05/26,19:56:00,COLISIÓN POR INVASIÓN DE CARRIL,ASFALTO,Nublado,Regular,2,Chevrolet,Rojo,2,,32,MASCULINO,SIN DATOS,0,0,Morelia,Canteras de Morelia,mayo,martes,20,-101.171847,19.7151811
57059,57268,2026,MOR2026001502,2026/05/26,20:57:00,COLISIÓN CON PEATÓN,ASFALTO,Bueno,Bueno,1,Nissan,Azul,1,,27,FEMENINO,SIN DATOS,0,0,Morelia,Quinceo,mayo,martes,21,-101.2257809,19.7281512
57060,57269,2026,MOR/20260061821,2026/05/26,21:58:00,COLISIÓN POR ALCANCE,ASFALTO,Bueno,Bueno,2,Honda,Blanco,2,,66,FEMENINO,SIN DATOS,0,0,Morelia,Centro,mayo,martes,22,-101.1857271,19.7029269
57061,57270,2026,MOR/20260061823,2026/05/26,22:17:00,COLISIÓN POR CAMBIO DE CARRIL,CONCRETO,Bueno,Bueno,2,Vento,Negro,2,,28,MASCULINO,SIN DATOS,0,0,Morelia,Loma Bonita,mayo,martes,22,-101.1967345,19.7199207
57062,57271,2026,,2026/05/27,"08:00:00",COLISIÓN POR ALCANCE,ASFALTO,Bueno,Bueno,2,Chevrolet,Azul,2,,35,MASCULINO,SIN DATOS,0,0,Morelia,Santillan La Huerta,mayo,miércoles,8,-101.2203167,19.6749472
57063,57272,2026,MOR20260061931,2026/05/27,"08:23:00",COLISIÓN POR MANIOBRA DE REVERSA,ASFALTO,Bueno,Bueno,1,Ford,Gris oxford,1,,49,MASCULINO,SIN DATOS,0,0,Morelia,Felix Ireta,mayo,miércoles,8,-101.1888279,19.6819116
57064,57273,2026,,2026/05/27,"08:44:00",COLISIÓN POR ALCANCE,ASFALTO,Bueno,Bueno,2,Nissan,Blanco,2,,50,MASCULINO,SIN DATOS,0,0,Morelia,Dr Miguel Silva,mayo,miércoles,9,-101.1784285,19.7194652
57065,57274,2026,,2026/05/27,"09:54:00",COLISIÓN POR CAMBIO DE CARRIL,ASFALTO,Bueno,Bueno,2,Hyundai,Blanco,2,,28,FEMENINO,SIN DATOS,0,0,Morelia,Chapultepec Oriente,mayo,miércoles,10,-101.1594738,19.6880217
57066,57275,2026,LCR/20260008271,2026/05/27,10:22:00,COLISIÓN POR CORTE DE CIRCULACIÓN,ASFALTO,Bueno,Bueno,2,NISSAN,BLANCO,2,,26,MASCULINO,SIN DATOS,0,0,Lázaro Cárdenas,Valle del Tecnologico,mayo,miércoles,10,-102.2281885,17.9738202
57067,57276,2026,MOR/202600000,2026/05/27,10:29:00,COLISIÓN POR ALCANCE,ASFALTO,Bueno,Bueno,2,Jeep,Rojo,2,,44,MASCULINO,SIN DATOS,0,0,Morelia,Dr Miguel Silva,mayo,miércoles,10,-101.1786875,19.7197765
57068,57277,2026,MOR20260061962,2026/05/27,13:24:00,COLISIÓN POR CORTE DE CIRCULACIÓN,ASFALTO,Bueno,Bueno,2,Ford,Blanco,2,,,MASCULINO,SIN DATOS,0,0,Morelia,Jardines del Rincon,mayo,miércoles,13,-101.1474666,19.6873374
57069,57278,2026,,2026/05/27,14:41:00,SALIDA DE SUPERFICIE DE RODAMIENTO,CONCRETO,Lluvioso,Bueno,1,Renault,Gris,1,,,MASCULINO,SIN DATOS,0,0,Morelia,Sin datos,mayo,miércoles,15,-101.2723512,19.6340563
57070,57279,2026,,2026/05/27,15:22:00,COLISIÓN POR CORTE DE CIRCULACIÓN,ASFALTO,Nublado,Bueno,2,Chevrolet,Gris,2,,40,MASCULINO,SIN DATOS,0,0,Morelia,Jardines de La Loma,mayo,miércoles,15,-101.2245574,19.6769202
57071,57280,2026,,2026/05/27,15:47:00,COLISIÓN POR CORTE DE CIRCULACIÓN,ASFALTO,Bueno,Bueno,2,HONDA,BLANCO,2,,31,FEMENINO,SIN DATOS,0,0,Lázaro Cárdenas,Lomas del Tec,mayo,miércoles,16,-102.2308168,17.9681521
57072,57281,2026,MOR/20260062041,2026/05/27,16:53:00,COLISIÓN POR ALCANCE,ASFALTO,Bueno,Bueno,2,Mazda,Blanco,2,,19,MASCULINO,SIN DATOS,0,0,Morelia,Diego Rivera,mayo,miércoles,17,-101.1753362,19.7177491
57073,57282,2026,,2026/05/27,18:11:00,COLISIÓN POR CAMBIO DE CARRIL,ASFALTO,Bueno,Bueno,2,CHEVROLET,Gris,2,MINISTERIO PÚBLICO,40,FEMENINO,SIN DATOS,0,0,Morelia,Comision Federal de Electricidad,mayo,miércoles,18,-101.1803132,19.68692
57074,57283,2026,"20260062107",2026/05/27,19:41:00,COLISIÓN POR CORTE DE CIRCULACIÓN,CONCRETO,Bueno,Bueno,2,Italika,Blanco,2,,33,MASCULINO,SIN DATOS,0,0,Morelia,Ciudad Industrial,mayo,miércoles,20,-101.1340517,19.7332145
57075,57284,2026,MOR/20260062118,2026/05/27,19:49:00,SALIDA DE SUPERFICIE DE RODAMIENTO,ASFALTO,Nublado,Malo,1,Nissan,Gris,0,MINISTERIO PÚBLICO,,,,0,0,Morelia,Elias Perez Avalos,mayo,miércoles,20,-101.1710389,19.7145932
57076,57285,2026,,2026/05/27,21:54:00,VOLCADURA,ASFALTO,Bueno,Regular,1,FREIGHTLINER,BLANCO,0,,,,,0,0,Gabriel Zamora,Sin datos,mayo,miércoles,22,-102.0488617,19.2263886
57077,57286,2026,LCR/20260008319,2026/05/27,23:09:00,DESBARRANCAMIENTO,CONCRETO,Bueno,Bueno,1,CHEVROLET,NEGRO,0,,,,,0,0,Lázaro Cárdenas,Obrera,mayo,miércoles,23,-102.2846887,18.0195111
57078,57287,2026,MOR/20260062178,2026/05/27,23:14:00,COLISIÓN POR CORTE DE CIRCULACIÓN,ASFALTO,Nublado,Regular,2,DODGE,GUINDA,2,,28,MASCULINO,SIN DATOS,0,0,Morelia,Vasco de Quiroga,mayo,miércoles,23,-101.1702146,19.7081433
57079,57288,2026,,2026/05/27,23:50:00,SALIDA DE SUPERFICIE DE RODAMIENTO,ASFALTO,Bueno,Regular,0,,,0,,,,,0,0,Tangamandapio,Sin datos,mayo,miércoles,0,-102.5162109,19.8117086
57080,57289,2026,MOR/20260062220,2026/05/28,"01:29:00",VOLCADURA,CONCRETO,Bueno,Regular,1,Seat,Azul,3,,22,MASCULINO,SIN DATOS,2,0,Morelia,Mariano Escobedo,mayo,jueves,1,-101.2091279,19.7193412
57081,57290,2026,,2026/05/28,"06:55:00",COLISIÓN CON PEATÓN,ASFALTO,Bueno,Bueno,0,,,0,,,,,0,0,Tocumbo,Sin Nombre,mayo,jueves,7,-102.4933,19.6473567
57082,57291,2026,,2026/05/28,"06:55:00",VOLCADURA,ASFALTO,Bueno,Bueno,1,FREIGHTLINER,NARANJA,0,,,,,0,0,Tocumbo,Sin Nombre,mayo,jueves,7,-102.49364,19.6404233
57083,57292,2026,MOR202612312345,2026/05/28,"08:05:00",COLISIÓN POR CORTE DE CIRCULACIÓN,ASFALTO,Bueno,Bueno,2,HONDA,ARENA,2,,34,FEMENINO,SIN DATOS,0,0,Morelia,Ana Maria Gallaga (Riviera Norte),mayo,jueves,8,-101.2207033,19.67707
57084,57293,2026,MOR/20260062256,2026/05/28,"08:13:00",COLISIÓN POR ALCANCE,ASFALTO,Bueno,Bueno,2,Toyota,Gris oxford,2,MINISTERIO PÚBLICO,62,MASCULINO,SIN DATOS,0,0,Morelia,Ciudad Industrial,mayo,jueves,8,-101.1439802,19.723679