fid,id_accidente,anio_origen,folio_c5i,dia_incidente,hora_ocurrencia,tipo_incidente_vial,superficie_ocurrencia,condiciones_climaticas,condiciones_via,numero_vehiculos_involucrados,marca_vehiculo_ocasiona_siniestro,color_vehiculo_ocasiona_siniestro,numero_personas_involucradas,lugar_remite_presunto_responsable,edad_presunto_responsable,sexo_presunto_responsable,resultados_toxicologia,numero_personas_lesionadas,numero_personas_fallecidas,municipio,colonia,mes,dia_semana,hora_redondeada,lon,lat
57085,57294,2026,MOR202600000089,2026/05/28,"08:57:00",COLISIÓN POR CORTE DE CIRCULACIÓN,ASFALTO,Bueno,Bueno,2,MAZDA,BLANCO,2,,51,MASCULINO,SIN DATOS,0,0,Morelia,Santa Maria,mayo,jueves,9,-101.1996341,19.6808812
57086,57295,2026,MOR2026000000021,2026/05/28,"09:21:00",CAIDA DE MOTOCICLETA,ASFALTO,Bueno,Bueno,1,Vento,Rojo,2,,22,MASCULINO,SIN DATOS,1,0,Morelia,Alberto Oviedo Mota,mayo,jueves,9,-101.2014016,19.6794185
57087,57296,2026,MOR/20260062291,2026/05/28,"09:34:00",COLISIÓN POR ALCANCE,CONCRETO,Bueno,Bueno,2,International,Blanco,2,,19,MASCULINO,SIN DATOS,0,0,Morelia,Santa Maria de Guido,mayo,jueves,10,-101.1904315,19.6767294
57088,57297,2026,MOR/20265432,2026/05/28,10:03:00,COLISIÓN POR INVASIÓN DE CARRIL,CONCRETO,Bueno,Bueno,2,FREIGHTLINE,ROJO,2,,51,MASCULINO,SIN DATOS,0,0,Morelia,Nueva Valladolid,mayo,jueves,10,-101.2109803,19.7017681
57089,57298,2026,MOR/20260062293,2026/05/28,10:19:00,COLISIÓN CONTRA OBJETO FIJO,ASFALTO,Bueno,Regular,2,Italika,Rojo,2,MINISTERIO PÚBLICO,25,MASCULINO,SIN DATOS,0,0,Morelia,Plan de La Garita,mayo,jueves,10,-101.1841667,19.7132317
57090,57299,2026,MOR20261234568,2026/05/28,13:23:00,COLISIÓN POR CORTE DE CIRCULACIÓN,ASFALTO,Bueno,Bueno,2,Toyota,Blanco,2,,66,MASCULINO,SIN DATOS,0,0,Morelia,Juarez,mayo,jueves,13,-101.1995526,19.6955672
57091,57300,2026,MOR/20260062373,2026/05/28,14:38:00,COLISIÓN POR CORTE DE CIRCULACIÓN,ASFALTO,Bueno,Bueno,2,"Nissan mexicana, s.a. de c.v.",Blanco,2,,17,MASCULINO,SIN DATOS,0,0,Morelia,Sin datos,mayo,jueves,15,-101.1299668,19.7338076
57092,57301,2026,MOR/20260062371,2026/05/28,14:43:00,COLISIÓN POR MANIOBRA DE REVERSA,ASFALTO,Bueno,Bueno,2,NISSAN,PLATA,2,,72,MASCULINO,SIN DATOS,0,0,Morelia,Las Americas,mayo,jueves,15,-101.1553504,19.6882685
57093,57302,2026,MOR20260062381,2026/05/28,16:06:00,COLISIÓN POR CORTE DE CIRCULACIÓN,ASFALTO,Bueno,Bueno,2,Volkswagen,Gris,2,,48,FEMENINO,SIN DATOS,0,0,Morelia,Alberto Oviedo Mota,mayo,jueves,16,-101.1958964,19.6825319
57094,57303,2026,MOR/20260062447,2026/05/28,16:16:00,COLISIÓN POR INVASIÓN DE CARRIL,ASFALTO,Bueno,Bueno,2,CHEVROLET,PLATA,1,,63,MASCULINO,SIN DATOS,0,0,Morelia,Las Americas,mayo,jueves,16,-101.1525197,19.689121
57095,57304,2026,,2026/05/28,18:24:00,SALIDA DE SUPERFICIE DE RODAMIENTO,ASFALTO,Bueno,Bueno,1,Ford,Rojo,1,,68,MASCULINO,SIN DATOS,0,0,Zinapécuaro,Sin datos,mayo,jueves,18,-100.733802,19.8522156
57096,57305,2026,LCR/20260008368,2026/05/28,19:21:00,COLISIÓN POR CORTE DE CIRCULACIÓN,ASFALTO,Bueno,Bueno,2,VOLKSWAGEN,BLANCO,1,,60,FEMENINO,SIN DATOS,0,0,Lázaro Cárdenas,Santa Cecilia,mayo,jueves,19,-102.2326332,18.0039051
57097,57306,2026,MOR/20260062502,2026/05/28,22:06:00,COLISIÓN POR CORTE DE CIRCULACIÓN,ASFALTO,Bueno,Bueno,2,Italika,Negro,3,,15,MASCULINO,SIN DATOS,1,0,Morelia,Los Sauces,mayo,jueves,22,-101.1118132,19.6885957
57098,57307,2026,MOR/20260062591,2026/05/29,"01:26:00",CAIDA DE MOTOCICLETA,CONCRETO,Bueno,Bueno,1,Bajaj,Negro,1,MINISTERIO PÚBLICO,22,MASCULINO,SIN DATOS,0,0,Morelia,Infonavit  Las  Camelinas,mayo,viernes,1,-101.1752129,19.6817474
57099,57308,2026,,2026/05/29,"02:05:00",COLISIÓN CONTRA OBJETO FIJO,ASFALTO,Bueno,Bueno,2,INTERNATIONAL,BLANCO,2,,,,SIN DATOS,0,0,Tingüindín,La Purisima,mayo,viernes,2,-102.4836331,19.7325835
57100,57309,2026,LCR/20260008396,2026/05/29,"03:43:00",SALIDA DE SUPERFICIE DE RODAMIENTO,TERRACERIA,Bueno,Bueno,1,VOLKSWAGEN,PLATA,0,,,,,0,0,Lázaro Cárdenas,Sin datos,mayo,viernes,4,-102.2144593,17.9414716
57101,57310,2026,MOR/63737288207,2026/05/29,"03:44:00",COLISIÓN POR INVASIÓN DE CARRIL,ASFALTO,Bueno,Bueno,2,Ford,Blanco,2,MINISTERIO PÚBLICO,,OTRO,SIN DATOS,0,0,Morelia,Sin datos,mayo,viernes,4,-101.3319572,19.5583362
57102,57311,2026,,2026/05/29,"07:44:00",COLISIÓN POR ALCANCE,ASFALTO,Bueno,Bueno,2,Volkswagen,Blanco,2,,30,MASCULINO,SIN DATOS,0,0,Morelia,Nueva Valladolid,mayo,viernes,8,-101.2106504,19.7013798
57103,57312,2026,,2026/05/29,"09:02:00",SALIDA DE SUPERFICIE DE RODAMIENTO,TERRACERIA,Bueno,Malo,1,MERCEDES BENZ,NEGRO,1,,22,MASCULINO,SIN DATOS,0,0,Pátzcuaro,Sin datos,mayo,viernes,9,-101.5887246,19.5197328
57104,57313,2026,,2026/05/29,"09:22:00",COLISIÓN POR CORTE DE CIRCULACIÓN,ASFALTO,Bueno,Bueno,2,Nissan,Gris,2,,39,FEMENINO,SIN DATOS,0,0,Morelia,Vasco de Quiroga,mayo,viernes,9,-101.1774483,19.7031762
57105,57314,2026,"20260062681",2026/05/29,10:03:00,COLISIÓN POR CORTE DE CIRCULACIÓN,ASFALTO,Bueno,Bueno,2,Nissan,Gris oxford,2,,21,FEMENINO,SIN DATOS,0,0,Morelia,Pastor Manuel Sanchez Camarena,mayo,viernes,10,-101.1993928,19.7379198
57106,57315,2026,MOR/20260062647,2026/05/29,10:32:00,COLISIÓN CON PEATÓN,ASFALTO,Bueno,Regular,1,Chevrolet,Negro,1,,,,,1,0,Morelia,Valle de Las Flores,mayo,viernes,11,-101.1266696,19.6878605
57107,57316,2026,,2026/05/29,11:56:00,COLISIÓN POR CORTE DE CIRCULACIÓN,ASFALTO,Bueno,Bueno,2,NISSAN,PLATA,2,,28,MASCULINO,SIN DATOS,0,0,Zamora,La Rinconada,mayo,viernes,12,-102.2839283,20.039901
57108,57317,2026,MOR2026000062702,2026/05/29,11:59:00,COLISIÓN POR CORTE DE CIRCULACIÓN,ASFALTO,Bueno,Bueno,2,Chevrolet,Azul,2,,28,FEMENINO,SIN DATOS,0,0,Morelia,Hacienda de Tinijaro (Villas de Tinijaro),mayo,viernes,12,-101.2576475,19.6846255
57109,57318,2026,,2026/05/29,12:39:00,COLISIÓN POR CORTE DE CIRCULACIÓN,ASFALTO,Bueno,Bueno,2,VOLKSWAGEN,NEGRO,2,,61,MASCULINO,SIN DATOS,0,0,Tarímbaro,Sin datos,mayo,viernes,13,-101.1546464,19.7691441
57110,57319,2026,MOR20260062747,2026/05/29,13:34:00,COLISIÓN POR CORTE DE CIRCULACIÓN,ASFALTO,Bueno,Bueno,2,Chevrolet,Plata,2,,44,MASCULINO,SIN DATOS,0,0,Morelia,Ferrocarrilero,mayo,viernes,14,-101.2185744,19.6966183
57111,57320,2026,MOR/20260062762,2026/05/29,13:35:00,COLISIÓN POR ALCANCE,ASFALTO,Bueno,Bueno,2,Volkswagen,Rojo,2,,26,MASCULINO,SIN DATOS,0,0,Morelia,La Esperanza,mayo,viernes,14,-101.1550936,19.7002507
57112,57321,2026,,2026/05/29,13:55:00,COLISIÓN POR CORTE DE CIRCULACIÓN,ASFALTO,Bueno,Bueno,2,Hino,Blanco,1,,,,,1,0,Indaparapeo,La Cajita,mayo,viernes,14,-100.9753733,19.7902783
57113,57322,2026,,2026/05/29,15:54:00,SUBIDA AL CAMELLÓN,ASFALTO,Bueno,Bueno,1,Nissan,Blanco,1,,,MASCULINO,SIN DATOS,0,0,Morelia,Alberto Oviedo Mota,mayo,viernes,16,-101.1999426,19.6809387
57114,57323,2026,,2026/05/29,16:04:00,COLISIÓN POR CORTE DE CIRCULACIÓN,ASFALTO,Bueno,Bueno,2,Nissan,Blanco,2,,46,MASCULINO,SIN DATOS,0,0,Zamora,Sin datos,mayo,viernes,16,-102.2507667,20.01938
57115,57324,2026,LCR/20260008438,2026/05/29,20:05:00,COLISIÓN POR CORTE DE CIRCULACIÓN,ASFALTO,Bueno,Bueno,2,NISSAN,BLANCO,3,,44,MASCULINO,SIN DATOS,1,0,Lázaro Cárdenas,Comunal Morelos,mayo,viernes,20,-102.2227117,17.9935946
57116,57325,2026,,2026/05/29,20:15:00,COLISIÓN POR ALCANCE,ASFALTO,Bueno,Regular,2,General motors,Arena,2,,44,MASCULINO,SIN DATOS,0,0,Angamacutiro,Morelos,mayo,viernes,20,-101.7152488,20.1534099
57117,57326,2026,,2026/05/29,20:19:00,COLISIÓN POR NO RESPETAR SEMÁFORO,ASFALTO,Bueno,Bueno,2,"GENERAL MOTORS DE MEXICO, S.DE R. L. DE C.V.",GRIS,2,,,,SIN DATOS,0,0,Morelia,Lomas de Guayangareo,mayo,viernes,20,-101.1606254,19.7043031
57118,57327,2026,LCR/20260008442,2026/05/29,21:04:00,COLISIÓN CONTRA OBJETO FIJO,ASFALTO,Bueno,Bueno,3,MAZDA,BLANCO,2,,67,MASCULINO,SIN DATOS,0,0,Lázaro Cárdenas,1Er Sect de Fidelac,mayo,viernes,21,-102.1998109,17.9637764
57119,57328,2026,,2026/05/29,21:34:00,SALIDA DE SUPERFICIE DE RODAMIENTO,ASFALTO,Bueno,Regular,1,VOLKSWAGEN,GRIS,1,,55,MASCULINO,SIN DATOS,0,0,Carácuaro,Sin datos,mayo,viernes,22,-100.9515709,18.8667938
57120,57329,2026,,2026/05/29,22:55:00,COLISIÓN CON PEATÓN,ASFALTO,Bueno,Bueno,0,,,1,,,,,0,1,Hidalgo,Sin datos,mayo,viernes,23,-100.5928382,19.6994653
57121,57330,2026,,2026/05/29,23:45:00,SALIDA DE SUPERFICIE DE RODAMIENTO,ASFALTO,Bueno,Bueno,1,CHRYLER,VERDE,0,,,,,0,0,Zitácuaro,Sin datos,mayo,viernes,0,-100.282278,19.4495073
57122,57331,2026,,2026/05/29,23:49:00,SALIDA DE SUPERFICIE DE RODAMIENTO,ASFALTO,Bueno,Bueno,1,"NISSAN MEXICANA, S.A. DE C.V.",BLANCO,0,,,,,0,0,Los Reyes,Sin datos,mayo,viernes,0,-102.270315,19.56987
57123,57332,2026,,2026/05/30,"02:36:00",COLISIÓN CONTRA OBJETO FIJO,CONCRETO,Bueno,Bueno,1,DODGE,PLATA,1,,59,MASCULINO,SIN DATOS,0,0,Morelia,Arcos del Valle,mayo,sábado,3,-101.2361797,19.7076152
57124,57333,2026,MOR/20260063007,2026/05/30,10:55:00,COLISIÓN POR ALCANCE,CONCRETO,Bueno,Bueno,2,RENAULT,ROJO,2,,30,MASCULINO,SIN DATOS,0,0,Morelia,Jardines de Torremolinos,mayo,sábado,11,-101.228893,19.6768011
57125,57334,2026,MOR/20260062345,2026/05/30,11:09:00,CAIDA DE MOTOCICLETA,TERRACERIA,Malo,Malo,1,ITALIKA,NEGRO,1,MINISTERIO PÚBLICO,,,,0,1,Morelia,Sin datos,mayo,sábado,11,-101.2382885,19.6031999
57126,57335,2026,MOR/20260063055,2026/05/30,13:04:00,COLISIÓN POR ALCANCE,ASFALTO,Bueno,Bueno,2,NISSAN,PLATA,2,,30,MASCULINO,SIN DATOS,0,0,Morelia,Montaña Monarca,mayo,sábado,13,-101.1649502,19.6688199
57127,57336,2026,MOR/20260062784,2026/05/30,14:41:00,COLISIÓN POR ALCANCE,ASFALTO,Bueno,Bueno,2,"HYUNDAI MOTOR DE MEXICO, S. DE R.L. DE C.V.",BLANCO,2,,35,MASCULINO,SIN DATOS,0,0,Morelia,Lomas de Guayangareo,mayo,sábado,15,-101.157025,19.701795
57128,57337,2026,,2026/05/30,15:54:00,COLISIÓN POR INVASIÓN DE CARRIL,ASFALTO,Bueno,Bueno,2,NISSAN,BLANCO,0,,,,,0,0,Pátzcuaro,Primaveras,mayo,sábado,16,-101.5882799,19.5257935
57129,57338,2026,MOR/63737383993,2026/05/30,17:02:00,COLISIÓN POR ALCANCE,ASFALTO,Bueno,Bueno,3,NISSAN,GRIS,3,,18,MASCULINO,SIN DATOS,0,0,Morelia,Ana Maria Gallaga (Riviera Ii),mayo,sábado,17,-101.225667,19.6764648
57130,57339,2026,MOR20260063157,2026/05/30,18:01:00,COLISIÓN CONTRA OBJETO FIJO,ASFALTO,Bueno,Bueno,1,DODGE,GRIS,1,,17,MASCULINO,SIN DATOS,0,0,Morelia,Clara Cordova Moran,mayo,sábado,18,-101.1790346,19.7376815
57131,57340,2026,,2026/05/30,18:06:00,COLISIÓN POR CORTE DE CIRCULACIÓN,ASFALTO,Bueno,Regular,0,,,0,,,,,0,0,Tlalpujahua,Sin datos,mayo,sábado,18,-100.197105,19.7960849
57132,57341,2026,MOR/2025876543,2026/05/30,19:19:00,COLISIÓN POR NO RESPETAR SEMÁFORO,ASFALTO,Bueno,Bueno,2,VOLKSWAGEN,VERDE,2,MINISTERIO PÚBLICO,28,FEMENINO,SIN DATOS,0,0,Morelia,Vicente Lombardo Toledano (Ejidal Isacc Arriaga) (Etnias de Mexico),mayo,sábado,19,-101.155173,19.7156323
57133,57342,2026,,2026/05/30,21:06:00,COLISIÓN POR CORTE DE CIRCULACIÓN,CONCRETO,Bueno,Bueno,0,,,1,,,,,1,0,Coeneo,Coeneo de La Libertad,mayo,sábado,21,-101.5825525,19.8294113
57134,57343,2026,APTZ/20260004285,2026/05/30,21:27:00,COLISIÓN POR CORTE DE CIRCULACIÓN,ASFALTO,Bueno,Bueno,2,Nissan,Blanco/rojo,2,,58,MASCULINO,SIN DATOS,0,0,Apatzingán,Centro,mayo,sábado,21,-102.3549542,19.0830951
57135,57344,2026,,2026/05/30,22:42:00,COLISIÓN POR INVASIÓN DE CARRIL,ASFALTO,Nublado,Malo,2,Ford,Blanco,2,,,MASCULINO,SIN DATOS,0,0,Queréndaro,Sin datos,mayo,sábado,23,-100.8482333,19.680935
57136,57345,2026,,2026/05/31,"03:09:00",COLISIÓN CONTRA OBJETO FIJO,ADOQUIN_EMPEDRADO,Lluvioso,Regular,2,FORD,GRIS,0,,,,,0,0,Pátzcuaro,Centro,mayo,domingo,3,-101.6032558,19.5146647
57137,57346,2026,MOR/6382729839,2026/05/31,"04:41:00",COLISIÓN POR NO RESPETAR SEMÁFORO,ASFALTO,Bueno,Bueno,2,CHEVROLET,NEGRO,2,,28,MASCULINO,SIN DATOS,0,0,Morelia,Chapultepec Norte,mayo,domingo,5,-101.178159,19.6988071
57138,57347,2026,MOR/202608765,2026/05/31,"05:52:00",COLISIÓN CONTRA OBJETO FIJO,ASFALTO,Bueno,Bueno,1,VOLKSWAGEN,GRIS,1,,30,MASCULINO,SIN DATOS,0,0,Morelia,Tinijaro,mayo,domingo,6,-101.2590653,19.6971545
57139,57348,2026,MOR2026000000013,2026/05/31,"06:02:00",COLISIÓN CONTRA OBJETO FIJO,ASFALTO,Bueno,Bueno,1,Ford,Blanco,1,MINISTERIO PÚBLICO,0,OTRO,SIN DATOS,0,0,Morelia,Ampliacion La Soledad,mayo,domingo,6,-101.1822292,19.7368126
57140,57349,2026,,2026/05/31,"06:54:00",COLISIÓN POR ALCANCE,ASFALTO,Lluvioso,Regular,2,NISSAN,BLANCO,2,,27,,SIN DATOS,0,0,Lázaro Cárdenas,Centro,mayo,domingo,7,-102.2006933,17.9613426
57141,57350,2026,MOR/20260063528,2026/05/31,"07:22:00",SALIDA DE SUPERFICIE DE RODAMIENTO,CONCRETO,Bueno,Bueno,1,FORD,ROJO,0,,,,,0,0,Morelia,Balcones de Morelia,mayo,domingo,7,-101.2008704,19.6726582
57142,57351,2026,MOR/20260063526,2026/05/31,"07:36:00",COLISIÓN POR CORTE DE CIRCULACIÓN,ADOQUIN_EMPEDRADO,Bueno,Bueno,2,TOYOTA,GRIS,2,,34,MASCULINO,SIN DATOS,0,0,Morelia,Centro,mayo,domingo,8,-101.1896678,19.7016533
57143,57352,2026,,2026/05/31,11:07:00,COLISIÓN POR CAMBIO DE CARRIL,ASFALTO,Bueno,Bueno,2,MERCEDES BENZ,BLANCO,2,,27,MASCULINO,SIN DATOS,0,0,Morelia,Centro,mayo,domingo,11,-101.191571,19.7025224
57144,57353,2026,,2026/05/31,12:15:00,SALIDA DE SUPERFICIE DE RODAMIENTO,ASFALTO,Bueno,Regular,0,,,0,,,,,0,0,Ecuandureo,Sin datos,mayo,domingo,12,-102.2626808,20.1082124
57145,57354,2026,MOR/202611111,2026/05/31,12:26:00,COLISIÓN POR ALCANCE,ASFALTO,Bueno,Regular,2,FORD,BLANCO,2,,59,FEMENINO,SIN DATOS,0,0,Morelia,Sin datos,mayo,domingo,12,-101.2790496,19.6749203
57146,57355,2026,MOR/20260063578,2026/05/31,12:58:00,COLISIÓN POR MANIOBRA DE REVERSA,CONCRETO,Nublado,Bueno,2,VOLKSWAGEN,BLANCO,2,,70,FEMENINO,SIN DATOS,0,0,Morelia,Colinas del Sur,mayo,domingo,13,-101.1980823,19.6650379
57147,57356,2026,MOR/20260063597,2026/05/31,13:25:00,COLISIÓN POR CAMBIO DE CARRIL,ASFALTO,Bueno,Bueno,2,"NISSAN MEXICANA, S.A. DE C.V.",GRIS,2,MINISTERIO PÚBLICO,59,MASCULINO,SIN DATOS,0,0,Morelia,Centro,mayo,domingo,13,-101.2056287,19.7027709
57148,57357,2026,,2026/05/31,16:03:00,VOLCADURA,CONCRETO,Bueno,Bueno,1,CHEVROLET,BLANCO,0,,,,,0,0,Contepec,Sin datos,mayo,domingo,16,-100.1827886,19.8611369
57149,57358,2026,,2026/05/31,16:29:00,COLISIÓN POR CORTE DE CIRCULACIÓN,ASFALTO,Bueno,Bueno,2,Ford,Gris,2,,56,MASCULINO,SIN DATOS,0,0,Múgica,Benito Juarez,mayo,domingo,16,-102.0859701,19.0315096
57150,57359,2026,,2026/05/31,16:35:00,COLISIÓN POR INVASIÓN DE CARRIL,ASFALTO,Bueno,Bueno,2,CHEVROLET,GRIS,0,,,,,0,0,Zitácuaro,Sin datos,mayo,domingo,17,-100.2429867,19.45712
57151,57360,2026,,2026/05/31,18:28:00,COLISIÓN POR CORTE DE CIRCULACIÓN,ASFALTO,Bueno,Bueno,2,NISSAN,BLANCO,2,,31,FEMENINO,SIN DATOS,0,0,Morelia,Independencia,mayo,domingo,18,-101.1786602,19.7056944
57152,57361,2026,MOR/20260063709,2026/05/31,18:35:00,COLISIÓN POR CORTE DE CIRCULACIÓN,ASFALTO,Bueno,Bueno,2,Honda,Plata,2,,33,MASCULINO,SIN DATOS,0,0,Morelia,Tenencia Morelos,mayo,domingo,19,-101.2494516,19.6459947
57153,57362,2026,,2026/05/31,19:29:00,CAIDA ACUATICA DE VEHÍCULO,TERRACERIA,Bueno,Regular,1,CHEVROLET,AZUL,1,,18,MASCULINO,SIN DATOS,0,0,Álvaro Obregón,Sin datos,mayo,domingo,19,-101.0158838,19.8241967
57154,57363,2026,,2026/05/31,20:33:00,SALIDA DE SUPERFICIE DE RODAMIENTO,ASFALTO,Bueno,Bueno,1,Chevrolet,Blanco,0,,,,,0,0,Morelia,Sin datos,mayo,domingo,21,-101.3836401,19.6692398
57155,57364,2026,MOR/2026001234,2026/05/31,20:59:00,COLISIÓN CONTRA OBJETO FIJO,ASFALTO,Bueno,Bueno,1,Vento,Negra,3,,46,FEMENINO,SIN DATOS,2,0,Morelia,El Eden,mayo,domingo,21,-101.2551381,19.6413506
57156,57365,2026,MOR/20260063792,2026/05/31,21:32:00,COLISIÓN POR CORTE DE CIRCULACIÓN,ASFALTO,Bueno,Regular,2,SUZUKI,Beige,2,MINISTERIO PÚBLICO,41,FEMENINO,SIN DATOS,0,0,Morelia,Sin datos,mayo,domingo,22,-101.3025749,19.5875892
57157,57366,2026,,2026/05/31,22:35:00,SALIDA DE SUPERFICIE DE RODAMIENTO,CONCRETO,Bueno,Bueno,1,Audi,Negro,1,,,MASCULINO,SIN DATOS,0,0,Morelia,Santa Maria de Guido,mayo,domingo,23,-101.1925756,19.6771722
57158,57367,2026,MOR/20260063708,2026/05/31,22:58:00,COLISIÓN POR CAMBIO DE CARRIL,ASFALTO,Bueno,Regular,2,SE RETIRO DE LA UNICA,BLANCO,2,,,,SIN DATOS,0,0,Morelia,Sentimientos de La Nacion,mayo,domingo,23,-101.2352254,19.6828572
57159,57368,2026,,2026/05/31,23:21:00,SALIDA DE SUPERFICIE DE RODAMIENTO,ASFALTO,Bueno,Bueno,1,NISSAN,GRIS OXFORD,0,,,,,0,0,Lázaro Cárdenas,Ejidal,mayo,domingo,23,-102.2038628,17.9567856
57160,57369,2026,,2026/05/31,23:26:00,COLISIÓN CON PEATÓN,ASFALTO,Bueno,Bueno,1,HYUNDAI,GRIS,1,,,,,0,1,Coeneo,Sin datos,mayo,domingo,23,-101.6220857,19.7934751
57161,57370,2026,MOR20260063876,2026/05/31,23:34:00,COLISIÓN POR INVASIÓN DE CARRIL,ASFALTO,Nublado,Regular,2,TOYOTA,Gris,2,MINISTERIO PÚBLICO,,MASCULINO,SIN DATOS,0,0,Morelia,Sin datos,mayo,domingo,0,-101.3639498,19.6760013
57162,57371,2026,,2026/06/01,"00:26:00",COLISIÓN POR INVASIÓN DE CARRIL,ASFALTO,Lluvioso,Regular,2,Seat,Azul,2,,24,MASCULINO,SIN DATOS,0,0,Charo,San Pedro Y San Pablo,junio,lunes,0,-101.0504287,19.7486282
57163,57372,2026,MOR/20260064018,2026/06/01,"07:11:00",COLISIÓN POR ALCANCE,ASFALTO,Bueno,Regular,3,NISSAN,Blanco,4,MINISTERIO PÚBLICO,33,MASCULINO,SIN DATOS,1,0,Morelia,El Lago 1,junio,lunes,7,-101.2125727,19.7266415
57164,57373,2026,,2026/06/01,"07:34:00",VOLCADURA,ASFALTO,Bueno,Bueno,1,Freightliner,Blanco,1,,54,MASCULINO,SIN DATOS,0,0,Tarímbaro,Sin datos,junio,lunes,8,-101.0768794,19.7976927
57165,57374,2026,MOR20260064022,2026/06/01,"08:05:00",COLISIÓN POR ALCANCE,ASFALTO,Bueno,Bueno,3,Vw,Plata,3,,36,FEMENINO,SIN DATOS,0,0,Morelia,Lazaro Cardenas,junio,lunes,8,-101.160125,19.7123071
57166,57375,2026,ZAM-20260008216,2026/06/01,"08:27:00",COLISIÓN POR CORTE DE CIRCULACIÓN,ASFALTO,Bueno,Bueno,2,FORD,VERDE,2,,41,FEMENINO,SIN DATOS,0,0,Jacona,Sin Nombre,junio,lunes,8,-102.3287436,19.9339956
57167,57376,2026,,2026/06/01,"08:28:00",COLISIÓN POR ALCANCE,ASFALTO,Bueno,Regular,2,ITALIKA,NEGRO,3,,17,MASCULINO,SIN DATOS,1,0,Apatzingán,El Varillero,junio,lunes,8,-102.3607969,19.0840194
57168,57377,2026,,2026/06/01,10:38:00,SALIDA DE SUPERFICIE DE RODAMIENTO,SIN_DATOS,Bueno,Regular,1,VW,BLANCO,2,,37,MASCULINO,SIN DATOS,1,0,Gabriel Zamora,Sin datos,junio,lunes,11,-102.0538531,19.1367994
57169,57378,2026,MOR/20260064061,2026/06/01,10:54:00,COLISIÓN CON PEATÓN,ASFALTO,Bueno,Bueno,1,Nissan,Rojo,1,,23,MASCULINO,SIN DATOS,0,0,Morelia,Lomas de Huerta,junio,lunes,11,-101.2141192,19.6741228
57170,57379,2026,APATZ/20260004340,2026/06/01,11:16:00,COLISIÓN POR CORTE DE CIRCULACIÓN,ASFALTO,Bueno,Bueno,2,Nissan,Blanco,2,,51,MASCULINO,SIN DATOS,0,0,Apatzingán,Niños Heroes,junio,lunes,11,-102.3427136,19.0765645
57171,57380,2026,,2026/06/01,14:37:00,COLISIÓN POR ALCANCE,ASFALTO,Bueno,Bueno,3,VOLKSWAGEN,AZUL,3,,64,MASCULINO,SIN DATOS,0,0,Lázaro Cárdenas,Las Palmas,junio,lunes,15,-102.2211071,17.9681312
57172,57381,2026,MOR20260064136,2026/06/01,14:47:00,COLISIÓN POR CORTE DE CIRCULACIÓN,ASFALTO,Bueno,Bueno,2,Mini,Blanco,2,,22,FEMENINO,SIN DATOS,0,0,Morelia,Felix Ireta,junio,lunes,15,-101.1894441,19.6861413
57173,57382,2026,MOR/20260064136,2026/06/01,15:17:00,COLISIÓN POR CORTE DE CIRCULACIÓN,CONCRETO,Bueno,Bueno,2,NISSAN,NEGRO,2,,72,FEMENINO,SIN DATOS,0,0,Morelia,Ventura Puente,junio,lunes,15,-101.1935258,19.6952172
57174,57383,2026,,2026/06/01,16:05:00,COLISIÓN POR ALCANCE,ASFALTO,Bueno,Bueno,2,FORD,GRIS,2,,19,MASCULINO,SIN DATOS,0,0,Lázaro Cárdenas,1Er Sect de Fidelac,junio,lunes,16,-102.1985149,17.9619694
57175,57384,2026,MOR20260064151,2026/06/01,16:59:00,COLISIÓN POR NO RESPETAR SEMÁFORO,ASFALTO,Bueno,Bueno,2,Volkswagen,Blanco,2,,65,MASCULINO,SIN DATOS,0,0,Morelia,Obrera,junio,lunes,17,-101.185258,19.7083082
57176,57385,2026,,2026/06/01,18:09:00,COLISIÓN POR ALCANCE,ASFALTO,Bueno,Regular,2,Honda,Blanco,3,,21,MASCULINO,SIN DATOS,1,0,Zamora,Centro,junio,lunes,18,-102.287973,19.9870557
57177,57386,2026,MOR/20260064268,2026/06/01,21:34:00,COLISIÓN POR INVASIÓN DE CARRIL,ASFALTO,Lluvioso,Malo,2,Vento,Negro,3,MINISTERIO PÚBLICO,24,MASCULINO,SIN DATOS,1,0,Morelia,Ciudad Industrial,junio,lunes,22,-101.1468819,19.7279755
57178,57387,2026,,2026/06/01,23:16:00,COLISIÓN CONTRA OBJETO FIJO,ASFALTO,Lluvioso,Regular,1,Nissan,Blanco,1,,37,MASCULINO,SIN DATOS,0,0,Pátzcuaro,San Nicolas (La Valenciana),junio,lunes,23,-101.616419,19.5218416
57179,57388,2026,MOR/202600626738,2026/06/01,23:30:00,CAIDA DE MOTOCICLETA,ASFALTO,Bueno,Bueno,1,Veloci,Gris,1,,23,MASCULINO,SIN DATOS,0,0,Morelia,5 de Mayo,junio,lunes,0,-101.1772067,19.7050633
57180,57389,2026,MOR20260099999,2026/06/02,"08:20:00",COLISIÓN POR ALCANCE,ASFALTO,Nublado,Bueno,2,DINA,BLANCO,2,,27,MASCULINO,SIN DATOS,0,0,Morelia,Lomas de Morelia (Dr Ignacio Chavez),junio,martes,8,-101.1747162,19.7167574
57181,57390,2026,,2026/06/02,"08:23:00",VOLCADURA,ASFALTO,Lluvioso,Regular,1,CHEVROLET,GRIS,2,,23,MASCULINO,SIN DATOS,1,0,Gabriel Zamora,Sin datos,junio,martes,8,-102.0491238,19.2301913
57182,57391,2026,MOR/20260064452,2026/06/02,"08:30:00",COLISIÓN POR ALCANCE,ASFALTO,Bueno,Regular,2,Honda,Negro,2,,26,MASCULINO,SIN DATOS,0,0,Morelia,Bello Horizonte,junio,martes,9,-101.2379814,19.6868292
57183,57392,2026,,2026/06/02,"08:39:00",CAIDA DE MOTOCICLETA,ASFALTO,Bueno,Bueno,1,ITALIKA,NEGRO,0,,,,,0,0,Lázaro Cárdenas,Sin datos,junio,martes,9,-102.2182408,17.9374522
57184,57393,2026,,2026/06/02,"08:45:00",COLISIÓN POR CAMBIO DE CARRIL,ASFALTO,Bueno,Bueno,2,Toyota,Blanco,2,,35,MASCULINO,SIN DATOS,0,0,Morelia,Vicente Lombardo Toledano (Ejidal Isacc Arriaga) (Etnias de Mexico),junio,martes,9,-101.1511146,19.7187567