fid,id_accidente,anio_origen,folio_c5i,dia_incidente,hora_ocurrencia,tipo_incidente_vial,superficie_ocurrencia,condiciones_climaticas,condiciones_via,numero_vehiculos_involucrados,marca_vehiculo_ocasiona_siniestro,color_vehiculo_ocasiona_siniestro,numero_personas_involucradas,lugar_remite_presunto_responsable,edad_presunto_responsable,sexo_presunto_responsable,resultados_toxicologia,numero_personas_lesionadas,numero_personas_fallecidas,municipio,colonia,mes,dia_semana,hora_redondeada,lon,lat
57185,57394,2026,,2026/06/02,"09:23:00",COLISIÓN POR ALCANCE,CONCRETO,Bueno,Bueno,2,NISSAN,ARENA,2,,,,SIN DATOS,0,0,Morelia,Ferrocarrilero,junio,martes,9,-101.2163323,19.6986563
57186,57395,2026,,2026/06/02,10:17:00,COLISIÓN POR CORTE DE CIRCULACIÓN,ASFALTO,Bueno,Bueno,2,PEUGEOT,GUINDA,2,,19,FEMENINO,SIN DATOS,0,0,Morelia,Felix Ireta,junio,martes,10,-101.1805544,19.6875737
57187,57396,2026,,2026/06/02,10:55:00,COLISIÓN POR ALCANCE,ASFALTO,Bueno,Bueno,3,Nissan,Blanco,3,,50,MASCULINO,SIN DATOS,0,0,Morelia,Primo Tapia Oriente,junio,martes,11,-101.1612316,19.7123806
57188,57397,2026,,2026/06/02,11:40:00,COLISIÓN POR CAMBIO DE CARRIL,ASFALTO,Bueno,Bueno,2,KTM,BLANCO,2,,42,MASCULINO,SIN DATOS,0,0,Pátzcuaro,Centro,junio,martes,12,-101.6100921,19.5292523
57189,57398,2026,,2026/06/02,11:46:00,COLISIÓN POR CORTE DE CIRCULACIÓN,ASFALTO,Bueno,Bueno,2,NISSAN,BLANCO,2,,21,MASCULINO,SIN DATOS,0,0,Lázaro Cárdenas,Comunal Morelos,junio,martes,12,-102.221542,17.9968027
57190,57399,2026,,2026/06/02,14:01:00,COLISIÓN CON PEATÓN,ASFALTO,Bueno,Bueno,1,Suzuki,Blanco,2,,35,MASCULINO,SIN DATOS,1,0,Morelia,Club Campestre,junio,martes,14,-101.158458,19.6851822
57191,57400,2026,,2026/06/02,16:40:00,COLISIÓN CONTRA OBJETO FIJO,ASFALTO,Bueno,Bueno,1,NISSAN,BLANCO,1,,0,,SIN DATOS,0,0,Tuzantla,Sin datos,junio,martes,17,-100.5833638,19.2037902
57192,57401,2026,,2026/06/02,17:49:00,COLISIÓN CONTRA OBJETO FIJO,ASFALTO,Bueno,Regular,2,NISSAN,GRIS,2,,,,SIN DATOS,0,0,Apatzingán,Los Limones,junio,martes,18,-102.3512488,19.0710645
57193,57402,2026,,2026/06/02,17:54:00,SALIDA DE SUPERFICIE DE RODAMIENTO,ASFALTO,Bueno,Bueno,2,Nissan,Gris,2,,41,FEMENINO,SIN DATOS,0,0,Queréndaro,Sin datos,junio,martes,18,-100.8506843,19.8092561
57194,57403,2026,,2026/06/02,18:42:00,COLISIÓN POR CAMBIO DE CARRIL,ASFALTO,Bueno,Bueno,2,KENWORTH,BLANCO,2,,32,MASCULINO,SIN DATOS,0,0,Morelia,Cd Satelite,junio,martes,19,-101.1644358,19.7282249
57195,57404,2026,,2026/06/02,19:02:00,COLISIÓN POR CORTE DE CIRCULACIÓN,ASFALTO,Bueno,Bueno,2,NISSAN,PLATA,2,,31,MASCULINO,SIN DATOS,0,0,Lázaro Cárdenas,Sin datos,junio,martes,19,-102.2213573,17.9811129
57196,57405,2026,,2026/06/02,20:30:00,COLISIÓN POR CAMBIO DE CARRIL,ASFALTO,Bueno,Regular,2,Navistar,Arena,2,,47,MASCULINO,SIN DATOS,0,0,Morelia,Victor Manuel Tinoco Rubi,junio,martes,21,-101.2434703,19.7011724
57197,57406,2026,,2026/06/02,21:28:00,COLISIÓN POR CORTE DE CIRCULACIÓN,ASFALTO,Bueno,Bueno,2,ITALIKA,ROJO,0,,,,,0,0,Hidalgo,Barranca Seca,junio,martes,21,-100.5880866,19.6994409
57198,57407,2026,,2026/06/02,22:40:00,COLISIÓN CONTRA OBJETO FIJO,ASFALTO,Bueno,Bueno,2,VOLVO,BLANCO,2,,57,MASCULINO,SIN DATOS,0,0,Morelia,Obrera,junio,martes,23,-101.1792056,19.7133498
57199,57408,2026,MOR20260064790,2026/06/02,23:19:00,COLISIÓN POR CORTE DE CIRCULACIÓN,ASFALTO,Nublado,Regular,2,Dodge,Blanco,2,,,FEMENINO,SIN DATOS,0,0,Morelia,Buenavista,junio,martes,23,-101.1658723,19.7052492
57200,57409,2026,MOR20260064844,2026/06/03,"05:33:00",COLISIÓN POR ALCANCE,ASFALTO,Bueno,Bueno,3,Mercedes benz,Blanco,2,,,MASCULINO,SIN DATOS,0,0,Morelia,Centro,junio,miércoles,6,-101.1904517,19.7079375
57201,57410,2026,MOR/20260064866,2026/06/03,"08:37:00",COLISIÓN POR CORTE DE CIRCULACIÓN,CONCRETO,Bueno,Bueno,2,ITALIKA,ROJO,2,MINISTERIO PÚBLICO,24,MASCULINO,SIN DATOS,0,0,Morelia,Industrial,junio,miércoles,9,-101.2010723,19.7127873
57202,57411,2026,,2026/06/03,"08:53:00",COLISIÓN POR INVASIÓN DE CARRIL,ASFALTO,Lluvioso,Regular,2,"VOLKSWAGEN DE MEXICO, S.A. DE C.V.",PLATA,2,,38,MASCULINO,SIN DATOS,0,0,Uruapan,Sin datos,junio,miércoles,9,-102.3052783,19.5518583
57203,57412,2026,MOR/20260064872,2026/06/03,"08:55:00",COLISIÓN POR INVASIÓN DE CARRIL,CONCRETO,Nublado,Bueno,2,Chevrolet,Rojo,2,,39,MASCULINO,SIN DATOS,0,0,Morelia,Francisco I Madero,junio,miércoles,9,-101.1425599,19.7505632
57204,57413,2026,MOR2026000098,2026/06/03,10:08:00,COLISIÓN POR CAMBIO DE CARRIL,ASFALTO,Bueno,Bueno,2,Nissan,Blanco,2,,35,MASCULINO,SIN DATOS,0,0,Morelia,Arkos San Pedro,junio,miércoles,10,-101.2791881,19.6287966
57205,57414,2026,MOR/20260064914,2026/06/03,12:14:00,COLISIÓN POR CORTE DE CIRCULACIÓN,ASFALTO,Bueno,Bueno,2,Ford,Negro,2,,39,FEMENINO,SIN DATOS,0,0,Morelia,Ignacio Zaragoza,junio,miércoles,12,-101.2040367,19.725285
57206,57415,2026,MOR20260064899,2026/06/03,13:16:00,COLISIÓN POR ALCANCE,CONCRETO,Bueno,Bueno,4,Toyota,Gris,4,,25,FEMENINO,SIN DATOS,0,0,Morelia,Cinco de Diciembre,junio,miércoles,13,-101.165638,19.684564
57207,57416,2026,,2026/06/03,13:20:00,COLISIÓN CONTRA OBJETO FIJO,CONCRETO,Bueno,Bueno,1,PEUGEOT,BLANCO,1,,22,MASCULINO,SIN DATOS,0,0,Nocupétaro,Barrio Alto,junio,miércoles,13,-101.1588201,19.045045
57208,57417,2026,,2026/06/03,13:59:00,COLISIÓN POR MANIOBRA DE REVERSA,ASFALTO,Bueno,Bueno,2,CHRYSLER,NEGRO,2,,27,FEMENINO,SIN DATOS,0,0,Lázaro Cárdenas,1Er Sect de Fidelac,junio,miércoles,14,-102.1924955,17.9593148
57209,57418,2026,MOR202600064958,2026/06/03,14:07:00,COLISIÓN POR CORTE DE CIRCULACIÓN,ASFALTO,Bueno,Bueno,2,Ford,Blanco,2,,46,MASCULINO,SIN DATOS,0,0,Morelia,Jardines de Torremolinos,junio,miércoles,14,-101.2263864,19.6770113
57210,57419,2026,APTZ/20260004394,2026/06/03,15:11:00,COLISIÓN POR CORTE DE CIRCULACIÓN,ASFALTO,Bueno,Regular,2,HONDA,BLANCO,2,,35,FEMENINO,SIN DATOS,0,0,Apatzingán,Bonifacio Moreno,junio,miércoles,15,-102.356665,19.090614
57211,57420,2026,MOR/20260065001,2026/06/03,15:19:00,COLISIÓN POR CAMBIO DE CARRIL,ASFALTO,Bueno,Bueno,2,Freightliner,Blanco,2,,25,MASCULINO,SIN DATOS,0,0,Morelia,Industrial,junio,miércoles,15,-101.19128,19.7092783
57212,57421,2026,MOR20260064987,2026/06/03,15:38:00,COLISIÓN POR ALCANCE,ASFALTO,Bueno,Bueno,2,Bmw,Blanco,2,,55,MASCULINO,SIN DATOS,0,0,Morelia,Las Americas,junio,miércoles,16,-101.1570133,19.6879217
57213,57422,2026,,2026/06/03,15:44:00,COLISIÓN CON PEATÓN,ASFALTO,Nublado,Malo,1,HONDA,BLANCO,0,,,,,0,0,Coeneo,Sin datos,junio,miércoles,16,-101.5257461,19.840424
57214,57423,2026,MOR20260064998,2026/06/03,15:46:00,COLISIÓN POR ALCANCE,ASFALTO,Bueno,Bueno,2,Nissan,Beige,2,,30,MASCULINO,SIN DATOS,0,0,Morelia,Vasco de Quiroga,junio,miércoles,16,-101.1687233,19.6969317
57215,57424,2026,,2026/06/03,21:16:00,COLISIÓN CON PEATÓN,ASFALTO,Bueno,Regular,0,,,0,,,,,0,0,Zacapu,Tirindaro,junio,miércoles,21,-101.7514435,19.7712958
57216,57425,2026,MOR/20260065122,2026/06/03,21:45:00,COLISIÓN POR ALCANCE,ASFALTO,Bueno,Bueno,2,Ford,Blanco,2,,52,MASCULINO,SIN DATOS,0,0,Morelia,Guadalupe,junio,miércoles,22,-101.225748,19.7084472
57217,57426,2026,MOR/2026006178366,2026/06/04,"00:49:00",COLISIÓN CONTRA OBJETO FIJO,CONCRETO,Lluvioso,Regular,2,Mazda,Azul,2,,44,FEMENINO,SIN DATOS,0,0,Morelia,Matamoros,junio,jueves,1,-101.1652799,19.7000333
57218,57427,2026,,2026/06/04,"00:59:00",VOLCADURA,TERRACERIA,Lluvioso,Malo,1,HONDA,BLANCO,0,,,,,0,0,Zitácuaro,Sin datos,junio,jueves,1,-100.3569202,19.4767052
57219,57428,2026,MOR/20260065194,2026/06/04,"01:23:00",COLISIÓN POR CAMBIO DE CARRIL,ASFALTO,Bueno,Bueno,2,Ford,Gris,2,,21,MASCULINO,SIN DATOS,0,0,Morelia,Campestre Los Manantiales,junio,jueves,1,-101.2381185,19.6883675
57220,57429,2026,,2026/06/04,"08:09:00",VOLCADURA,ASFALTO,Lluvioso,Regular,1,FORD,NARANJA,0,,,,,0,0,Zitácuaro,Sin datos,junio,jueves,8,-100.4234004,19.482222
57221,57430,2026,,2026/06/04,"08:25:00",COLISIÓN POR ALCANCE,ASFALTO,Bueno,Bueno,2,Nissan,Gris,2,,,FEMENINO,SIN DATOS,0,0,Morelia,Lomas del Tecnologico,junio,jueves,8,-101.1931,19.7233167
57222,57431,2026,,2026/06/04,"08:28:00",COLISIÓN POR ALCANCE,ASFALTO,Bueno,Bueno,2,Mazda,Gris,2,,28,FEMENINO,SIN DATOS,0,0,Morelia,Alberto Oviedo Mota,junio,jueves,8,-101.1982945,19.684296
57223,57432,2026,,2026/06/04,"08:35:00",COLISIÓN POR CORTE DE CIRCULACIÓN,ASFALTO,Bueno,Bueno,2,Chevrolet,Azul,2,,40,FEMENINO,SIN DATOS,0,0,Morelia,Jardines de Torremolinos,junio,jueves,9,-101.2261091,19.6770027
57224,57433,2026,MOR20260065246,2026/06/04,"09:36:00",COLISIÓN POR CORTE DE CIRCULACIÓN,ASFALTO,Nublado,Bueno,2,Italika,Negro,2,,41,MASCULINO,SIN DATOS,0,0,Morelia,Colinas del Sur,junio,jueves,10,-101.201129,19.6663276
57225,57434,2026,,2026/06/04,"09:38:00",COLISIÓN POR CORTE DE CIRCULACIÓN,ASFALTO,Bueno,Bueno,2,HONDA,PLATA,2,,45,MASCULINO,SIN DATOS,0,0,Jacona,Sin datos,junio,jueves,10,-102.3415649,19.9604087
57226,57435,2026,,2026/06/04,10:25:00,COLISIÓN POR CORTE DE CIRCULACIÓN,ASFALTO,Bueno,Bueno,2,Renault,Azul,2,,47,MASCULINO,SIN DATOS,0,0,Morelia,Camelinas,junio,jueves,10,-101.1724348,19.681797
57227,57436,2026,,2026/06/04,11:40:00,CAIDA DE MOTOCICLETA,ASFALTO,Lluvioso,Malo,1,VENTO,NEGRO,1,,,,,0,1,Zitácuaro,Sin datos,junio,jueves,12,-100.4052717,19.4860833
57228,57437,2026,,2026/06/04,13:03:00,SALIDA DE SUPERFICIE DE RODAMIENTO,ASFALTO,Lluvioso,Bueno,0,,,0,,,,,0,0,Chilchota,Sin datos,junio,jueves,13,-102.143992,19.8552445
57229,57438,2026,LCR/20260008807,2026/06/04,13:07:00,COLISIÓN CONTRA OBJETO FIJO,ASFALTO,Bueno,Bueno,3,CHEVROLET,BLANCO,5,,61,FEMENINO,SIN DATOS,2,0,Lázaro Cárdenas,Jose Green,junio,jueves,13,-102.2038802,17.9669999
57230,57439,2026,URU/20260009380*,2026/06/04,16:40:00,COLISIÓN POR INVASIÓN DE CARRIL,ASFALTO,Bueno,Bueno,3,FORD,VERDE OSCURO,1,,,,,1,0,Uruapan,Sin datos,junio,jueves,17,-102.0761583,19.4557445
57231,57440,2026,,2026/06/04,16:41:00,COLISIÓN CONTRA OBJETO FIJO,ASFALTO,Lluvioso,Regular,1,FORD,ROJO,0,,,,,0,0,Tlalpujahua,Sin datos,junio,jueves,17,-100.1976957,19.7886454
57232,57441,2026,,2026/06/04,18:12:00,COLISIÓN POR CORTE DE CIRCULACIÓN,ASFALTO,Bueno,Bueno,1,Vento,Negro,0,,,,,0,0,Zinapécuaro,La Mora,junio,jueves,18,-100.827454,19.8533952
57233,57442,2026,,2026/06/04,18:16:00,COLISIÓN POR ALCANCE,ASFALTO,Bueno,Bueno,2,FORD,ARENA,2,,19,MASCULINO,SIN DATOS,0,0,Morelia,La Calera,junio,jueves,18,-101.2356257,19.6766261
57234,57443,2026,,2026/06/04,19:56:00,COLISIÓN CONTRA OBJETO FIJO,ASFALTO,Nublado,Regular,1,SEAT,BLANCO,0,,,,,0,0,Senguio,Sin datos,junio,jueves,20,-100.4065915,19.7540911
57235,57444,2026,,2026/06/04,20:19:00,COLISIÓN POR CORTE DE CIRCULACIÓN,ASFALTO,Bueno,Bueno,2,CHEVROLET,ROJO,3,,40,MASCULINO,SIN DATOS,1,0,Pátzcuaro,San Lazaro,junio,jueves,20,-101.6091339,19.5069824
57236,57445,2026,,2026/06/04,21:22:00,SALIDA DE SUPERFICIE DE RODAMIENTO,ASFALTO,Bueno,Bueno,1,Volkswagen,Blanco,0,,,,,0,0,Zinapécuaro,Las Tinajas,junio,jueves,21,-100.816685,19.8711633
57237,57446,2026,,2026/06/04,22:13:00,COLISIÓN POR ALCANCE,ASFALTO,Bueno,Bueno,2,"NISSAN MEXICANA, S.A. DE C.V.",GRIS,2,,87,MASCULINO,SIN DATOS,0,0,Morelia,Chapultepec Oriente,junio,jueves,22,-101.1632545,19.6958223
57238,57447,2026,,2026/06/04,22:39:00,VOLCADURA,ASFALTO,Bueno,Bueno,1,Toyota,Gris/blanco,0,,,,,0,0,Morelia,Las Margaritas,junio,jueves,23,-101.2076,19.7111
57239,57448,2026,MOR/20260065482,2026/06/04,23:05:00,COLISIÓN POR CAMBIO DE CARRIL,ASFALTO,Bueno,Regular,2,Gmc,Blanco,2,MINISTERIO PÚBLICO,,MASCULINO,SIN DATOS,0,0,Morelia,Sin datos,junio,jueves,23,-101.1036108,19.7361494
57240,57449,2026,,2026/06/04,23:14:00,COLISIÓN POR ALCANCE,CONCRETO,Bueno,Bueno,2,ITALIKA,BLANCO,3,,17,MASCULINO,SIN DATOS,1,0,Morelia,La Nueva Aldea,junio,jueves,23,-101.1432001,19.7473434
57241,57450,2026,,2026/06/05,"00:50:00",COLISIÓN CONTRA OBJETO FIJO,CONCRETO,Bueno,Bueno,2,UKR771H,GRIS,2,MINISTERIO PÚBLICO,,,SIN DATOS,0,0,Morelia,Cuauhtemoc,junio,viernes,1,-101.1826497,19.6950695
57242,57451,2026,,2026/06/05,"01:23:00",VOLCADURA,ASFALTO,Bueno,Bueno,1,TOYOTA,BLANCO,2,,,MASCULINO,SIN DATOS,1,0,Morelia,Los Laureles,junio,viernes,1,-101.2331545,19.7125958
57243,57452,2026,MOR/20260065623,2026/06/05,"06:06:00",COLISIÓN CONTRA OBJETO FIJO,ASFALTO,Lluvioso,Regular,1,VOLKSWAGEN,AZUL,1,MINISTERIO PÚBLICO,28,MASCULINO,SIN DATOS,0,0,Morelia,Los Angeles,junio,viernes,6,-101.1767173,19.7408896
57244,57453,2026,MOR/20260065638,2026/06/05,"08:52:00",COLISIÓN POR CORTE DE CIRCULACIÓN,CONCRETO,Bueno,Bueno,2,NISSAN,BLANCO,2,,37,MASCULINO,SIN DATOS,0,0,Morelia,Nueva Chapultepec,junio,viernes,9,-101.1656044,19.6888443
57245,57454,2026,MOR2026000000080,2026/06/05,"09:25:00",COLISIÓN POR INVASIÓN DE CARRIL,ASFALTO,Bueno,Bueno,2,JEEP,AZUL,2,,38,FEMENINO,SIN DATOS,0,0,Morelia,Los Angeles,junio,viernes,9,-101.1736694,19.7468347
57246,57455,2026,MOR/20260065665,2026/06/05,"09:29:00",COLISIÓN POR CORTE DE CIRCULACIÓN,ASFALTO,Bueno,Bueno,2,SUZUKI,NEGRO,2,,25,MASCULINO,SIN DATOS,0,0,Morelia,Centro,junio,viernes,9,-101.181202,19.704155
57247,57456,2026,MOR/20260065683,2026/06/05,"09:38:00",COLISIÓN POR CAMBIO DE CARRIL,ASFALTO,Bueno,Bueno,2,MAZDA,ROJO,2,,31,MASCULINO,SIN DATOS,0,0,Morelia,Chapultepec Oriente,junio,viernes,10,-101.1654281,19.6889161
57248,57457,2026,MOR20260065661,2026/06/05,10:15:00,COLISIÓN CON PEATÓN,ASFALTO,Bueno,Bueno,1,HONDA,BLANCO,2,MINISTERIO PÚBLICO,25,FEMENINO,SIN DATOS,1,0,Morelia,Molino de Parras,junio,viernes,10,-101.2052914,19.697441
57249,57458,2026,MOR202600000068,2026/06/05,10:20:00,COLISIÓN POR ALCANCE,ASFALTO,Bueno,Bueno,1,DODGE,NEGRO,1,,22,MASCULINO,SIN DATOS,0,0,Morelia,Los Angeles,junio,viernes,10,-101.1752868,19.7443528
57250,57459,2026,MOR/20260065678,2026/06/05,10:50:00,COLISIÓN CON PEATÓN,CONCRETO,Bueno,Regular,1,KTM,NARANJA,1,MINISTERIO PÚBLICO,,,,0,1,Morelia,Jesus del Monte,junio,viernes,11,-101.1553657,19.655154
57251,57460,2026,,2026/06/05,11:06:00,SALIDA DE SUPERFICIE DE RODAMIENTO,ASFALTO,Bueno,Bueno,1,NISSAN,BLANCO,1,,,,SIN DATOS,0,0,Nocupétaro,Sin datos,junio,viernes,11,-101.254127,19.045045
57252,57461,2026,MOR20260065726,2026/06/05,11:48:00,COLISIÓN POR CORTE DE CIRCULACIÓN,ASFALTO,Bueno,Bueno,2,ISUZU,BLANCO,2,,45,MASCULINO,SIN DATOS,0,0,Morelia,Nueva Valladolid,junio,viernes,12,-101.2083213,19.7020673
57253,57462,2026,MOR/20260065737,2026/06/05,13:09:00,COLISIÓN POR ALCANCE,ASFALTO,Bueno,Bueno,2,ISUZU,BLANCO,2,,39,MASCULINO,SIN DATOS,0,0,Morelia,Buenavista,junio,viernes,13,-101.1618887,19.7057527
57254,57463,2026,MOR/6383882929,2026/06/05,14:26:00,COLISIÓN POR ALCANCE,ASFALTO,Nublado,Bueno,2,BYD,BEIGE,2,,48,FEMENINO,SIN DATOS,0,0,Morelia,Villas Lomas del Paraiso,junio,viernes,14,-101.1758964,19.6737959
57255,57464,2026,MOR/4684747,2026/06/05,16:09:00,COLISIÓN POR ALCANCE,ASFALTO,Nublado,Bueno,2,Nissan,Blanco,2,,49,MASCULINO,SIN DATOS,0,0,Morelia,Loma de Los Piñones,junio,viernes,16,-101.2035392,19.6751225
57256,57465,2026,MOR20260065814,2026/06/05,17:06:00,COLISIÓN CON PEATÓN,ASFALTO,Bueno,Bueno,1,ITALIKA,GRIS,2,MINISTERIO PÚBLICO,38,MASCULINO,SIN DATOS,1,0,Morelia,Ana Maria Gallaga (Riviera),junio,viernes,17,-101.2259775,19.6762943
57257,57466,2026,,2026/06/05,17:17:00,SALIDA DE SUPERFICIE DE RODAMIENTO,ASFALTO,Nublado,Regular,1,HALCON,ROJO,1,,22,MASCULINO,SIN DATOS,0,0,Uruapan,Sin datos,junio,viernes,17,-102.0893191,19.5316934
57258,57467,2026,,2026/06/05,18:14:00,DESBARRANCAMIENTO,TERRACERIA,Malo,Regular,1,FORD,ROJO,0,,,,,0,0,Lázaro Cárdenas,Azteca,junio,viernes,18,-102.3297926,18.026232
57259,57468,2026,,2026/06/05,18:45:00,VOLCADURA,ASFALTO,Bueno,Bueno,1,"General motors de mexico, s.de r. l. de c.v.",Gris oxford,1,,30,MASCULINO,SIN DATOS,0,0,Morelia,Loma Bonita,junio,viernes,19,-101.1988323,19.7247313
57260,57469,2026,LCR/20260008880,2026/06/05,19:33:00,COLISIÓN POR ALCANCE,ASFALTO,Bueno,Bueno,2,ITALIKA,NEGRO,1,,50,FEMENINO,SIN DATOS,0,0,Lázaro Cárdenas,Vista Industrial,junio,viernes,20,-102.2262129,17.9663379
57261,57470,2026,MOR20268901235672,2026/06/05,19:52:00,COLISIÓN POR ALCANCE,ASFALTO,Nublado,Regular,2,Toyota,Plata,2,,41,FEMENINO,SIN DATOS,0,0,Morelia,La Loma,junio,viernes,20,-101.1855158,19.6810396
57262,57471,2026,MOR/20260065828,2026/06/05,20:08:00,COLISIÓN POR CAMBIO DE CARRIL,ASFALTO,Nublado,Regular,2,Bajaj,Gris,2,,22,MASCULINO,SIN DATOS,0,0,Morelia,Ventura Puente,junio,viernes,20,-101.1799658,19.6900356
57263,57472,2026,,2026/06/05,20:40:00,COLISIÓN POR CORTE DE CIRCULACIÓN,ASFALTO,Lluvioso,Bueno,2,NISSAN,ROJO,2,,,,SIN DATOS,0,0,Jungapeo,Sin datos,junio,viernes,21,-100.43683,19.480275
57264,57473,2026,,2026/06/05,21:43:00,SALIDA DE SUPERFICIE DE RODAMIENTO,ASFALTO,Bueno,Bueno,1,MERCEDES BENZ,BLANCO,1,,,,SIN DATOS,0,0,Zinapécuaro,Sin datos,junio,viernes,22,-100.8700949,19.8620417
57265,57474,2026,MOR20260098766,2026/06/05,22:29:00,COLISIÓN POR ALCANCE,ASFALTO,Nublado,Regular,2,Volkswagen,Gris,2,,25,FEMENINO,SIN DATOS,0,0,Morelia,Felix Ireta,junio,viernes,22,-101.1853849,19.6811907
57266,57475,2026,MOR202600000065,2026/06/05,23:43:00,COLISIÓN POR CORTE DE CIRCULACIÓN,ASFALTO,Bueno,Bueno,2,Italika,Negro,2,,21,MASCULINO,SIN DATOS,0,0,Morelia,Centro,junio,viernes,0,-101.2002689,19.7011716
57267,57476,2026,,2026/06/06,"01:35:00",COLISIÓN POR ALCANCE,ASFALTO,Bueno,Bueno,2,Kia,Gris,2,,39,MASCULINO,CON CERTIFICADO,0,0,Morelia,Sin datos,junio,sábado,2,-101.3093877,19.6871634
57268,57477,2026,LCR/20260008914,2026/06/06,"02:11:00",COLISIÓN POR ALCANCE,ASFALTO,Lluvioso,Regular,2,VOLKSWAGEN,GRIS,0,,,,,0,0,Lázaro Cárdenas,Sin datos,junio,sábado,2,-102.2243625,17.946169
57269,57478,2026,ZAM20260008444,2026/06/06,"06:32:00",SALIDA DE SUPERFICIE DE RODAMIENTO,ASFALTO,Nublado,Regular,1,Nissan,Blanco,1,,33,FEMENINO,SIN DATOS,0,0,Ecuandureo,Sin datos,junio,sábado,7,-102.1874435,20.1807259
57270,57479,2026,,2026/06/06,"06:59:00",COLISIÓN CONTRA OBJETO FIJO,ASFALTO,Nublado,Bueno,3,MAZDA,ROJO,2,,,,SIN DATOS,0,0,Marcos Castellanos,Centro,junio,sábado,7,-103.0230877,19.9868585
57271,57480,2026,,2026/06/06,"09:18:00",SALIDA DE SUPERFICIE DE RODAMIENTO,ASFALTO,Bueno,Bueno,1,NISSAN,GUINDA,0,,,,,0,0,Carácuaro,Sin datos,junio,sábado,9,-101.0356357,18.9276128
57272,57481,2026,,2026/06/06,11:15:00,COLISIÓN POR ALCANCE,ASFALTO,Bueno,Bueno,2,Chevrolet,Guinda,2,,,MASCULINO,SIN DATOS,0,0,Morelia,La Esperanza,junio,sábado,11,-101.2532293,19.6980879
57273,57482,2026,,2026/06/06,12:34:00,COLISIÓN POR ALCANCE,ASFALTO,Lluvioso,Regular,2,Nissan,Blanco,2,,70,MASCULINO,SIN DATOS,0,0,Morelia,Ejidal Ocolusen,junio,sábado,13,-101.1586394,19.6874468
57274,57483,2026,,2026/06/06,12:57:00,COLISIÓN POR CORTE DE CIRCULACIÓN,ASFALTO,Lluvioso,Regular,2,Nissan,Blanco,2,,77,MASCULINO,SIN DATOS,0,0,Morelia,La Esperanza,junio,sábado,13,-101.1548228,19.7001836
57275,57484,2026,MOR20260066086,2026/06/06,13:31:00,COLISIÓN POR CAMBIO DE CARRIL,ASFALTO,Nublado,Regular,2,Kia,Azul marino,2,,32,MASCULINO,SIN DATOS,0,0,Morelia,Lomas de Vista Bella,junio,sábado,14,-101.2006675,19.6730882
57276,57485,2026,,2026/06/06,13:58:00,CAIDA DE MOTOCICLETA,ASFALTO,Lluvioso,Regular,1,ITALIKA,NEGRO,2,,46,MASCULINO,SIN DATOS,1,0,Pátzcuaro,Sin datos,junio,sábado,14,-101.6119333,19.45085
57277,57486,2026,URU/20260009423,2026/06/06,14:09:00,SALIDA DE SUPERFICIE DE RODAMIENTO,ASFALTO,Lluvioso,Regular,1,INTERNACIONAL,CAFE,1,,36,MASCULINO,SIN DATOS,0,0,Uruapan,Sin datos,junio,sábado,14,-102.077245,19.5185796
57278,57487,2026,,2026/06/06,14:32:00,COLISIÓN POR ALCANCE,ASFALTO,Bueno,Bueno,2,Italika,Rojo,2,,,MASCULINO,SIN DATOS,0,0,Morelia,Lomas de Morelia (Dr Ignacio Chavez),junio,sábado,15,-101.1753619,19.7173204
57279,57488,2026,MOR20260066122,2026/06/06,14:50:00,COLISIÓN POR CAMBIO DE CARRIL,ASFALTO,Nublado,Regular,2,Toyota,Verde,2,MINISTERIO PÚBLICO,,MASCULINO,SIN DATOS,0,0,Morelia,Rinconada del Valle,junio,sábado,15,-101.2182372,19.6792165
57280,57489,2026,,2026/06/06,15:09:00,COLISIÓN POR CAMBIO DE CARRIL,ASFALTO,Nublado,Regular,2,Ford,Blanco,2,,22,MASCULINO,SIN DATOS,0,0,Morelia,Tinijaro,junio,sábado,15,-101.2579002,19.6973289
57281,57490,2026,,2026/06/06,15:51:00,COLISIÓN POR CORTE DE CIRCULACIÓN,ASFALTO,Lluvioso,Regular,2,CHEVROLET,GRIS,0,,,,,0,0,Zitácuaro,Sin datos,junio,sábado,16,-100.3432201,19.4218364
57282,57491,2026,,2026/06/06,16:12:00,COLISIÓN POR ALCANCE,ASFALTO,Nublado,Regular,2,NISSAN,BLANCO,2,,31,MASCULINO,SIN DATOS,0,0,Uruapan,Sin datos,junio,sábado,16,-102.0763455,19.4602673
57283,57492,2026,,2026/06/06,16:16:00,COLISIÓN POR ALCANCE,ASFALTO,Lluvioso,Regular,2,Hyundai,Blanco,2,,,MASCULINO,SIN DATOS,0,0,Morelia,Sin datos,junio,sábado,16,-101.3861042,19.5545711
57284,57493,2026,,2026/06/06,16:30:00,COLISIÓN POR CORTE DE CIRCULACIÓN,ASFALTO,Lluvioso,Regular,2,Gwm,Blanco perla,2,,54,MASCULINO,SIN DATOS,0,0,Morelia,Sin datos,junio,sábado,17,-101.3158121,19.6872468
57285,57494,2026,"20260001442",2026/06/06,17:56:00,CAIDA ACUATICA DE VEHÍCULO,ASFALTO,Lluvioso,Regular,0,,,0,,,,,0,0,Coalcomán de Vázquez Pallares,Valente Manzo,junio,sábado,18,-103.1518015,18.7791988
57286,57495,2026,,2026/06/06,20:13:00,COLISIÓN CONTRA OBJETO FIJO,ADOQUIN_EMPEDRADO,Lluvioso,Regular,5,FORD,AMARILLO,5,,24,MASCULINO,CON CERTIFICADO,0,0,Pátzcuaro,Centro,junio,sábado,20,-101.6062263,19.5141271
57287,57496,2026,,2026/06/06,20:31:00,COLISIÓN POR INVASIÓN DE CARRIL,ASFALTO,Lluvioso,Regular,2,CF MOTO,BLANCO,2,,,MASCULINO,SIN DATOS,0,0,Morelia,Morelos,junio,sábado,21,-101.1828717,19.7291283