fid,id_accidente,anio_origen,folio_c5i,dia_incidente,hora_ocurrencia,tipo_incidente_vial,superficie_ocurrencia,condiciones_climaticas,condiciones_via,numero_vehiculos_involucrados,marca_vehiculo_ocasiona_siniestro,color_vehiculo_ocasiona_siniestro,numero_personas_involucradas,lugar_remite_presunto_responsable,edad_presunto_responsable,sexo_presunto_responsable,resultados_toxicologia,numero_personas_lesionadas,numero_personas_fallecidas,municipio,colonia,mes,dia_semana,hora_redondeada,lon,lat
57288,57497,2026,,2026/06/06,20:59:00,COLISIÓN POR INVASIÓN DE CARRIL,ASFALTO,Nublado,Regular,1,SHARK,NEGRO,1,,,,SIN DATOS,0,0,Senguio,Sin datos,junio,sábado,21,-100.37311,19.8052267
57289,57498,2026,,2026/06/06,21:37:00,CAIDA DE MOTOCICLETA,ASFALTO,Nublado,Regular,1,ITALIKA,ROJO,2,,19,MASCULINO,SIN DATOS,1,0,Puruándiro,El Maestro,junio,sábado,22,-101.5119739,20.093073
57290,57499,2026,,2026/06/06,21:42:00,COLISIÓN POR NO RESPETAR SEMÁFORO,ASFALTO,Lluvioso,Regular,2,Volkswagen,Azul,2,,41,MASCULINO,SIN DATOS,0,0,Morelia,Las Flores,junio,sábado,22,-101.205093,19.7053246
57291,57500,2026,,2026/06/06,21:45:00,COLISIÓN POR ALCANCE,ASFALTO,Lluvioso,Malo,2,Mazda,Gris,2,,37,MASCULINO,SIN DATOS,0,0,Morelia,Lomas de Hidalgo,junio,sábado,22,-101.1590012,19.6956748
57292,57501,2026,,2026/06/06,22:12:00,COLISIÓN POR MANIOBRA DE REVERSA,ASFALTO,Lluvioso,Regular,2,Ram,Blanco,2,,41,MASCULINO,SIN DATOS,0,0,Morelia,Heroes de Bajan,junio,sábado,22,-101.2264561,19.6913309
57293,57502,2026,"20260066286",2026/06/06,22:21:00,COLISIÓN POR CORTE DE CIRCULACIÓN,ASFALTO,Lluvioso,Bueno,2,Renault,Azul,2,MINISTERIO PÚBLICO,53,MASCULINO,SIN DATOS,0,0,Morelia,Ventura Puente,junio,sábado,22,-101.1840288,19.6893182
57294,57503,2026,,2026/06/06,22:24:00,COLISIÓN CON PEATÓN,ASFALTO,Lluvioso,Regular,1,Chevrolet,Blanco,2,,23,FEMENINO,SIN DATOS,1,0,Morelia,Loma Real,junio,sábado,22,-101.1989462,19.7304517
57295,57504,2026,PATZ/20260011440,2026/06/06,22:25:00,SALIDA DE SUPERFICIE DE RODAMIENTO,ASFALTO,Lluvioso,Regular,1,VOLKSWAGEN,NEGRO,3,,39,MASCULINO,SIN DATOS,1,1,Coeneo,Sin datos,junio,sábado,22,-101.6383444,19.7327462
57296,57505,2026,MOR/20260066329,2026/06/07,"00:36:00",COLISIÓN POR INVASIÓN DE CARRIL,CONCRETO,Lluvioso,Bueno,2,Jeep,Blanco,2,,,MASCULINO,SIN DATOS,0,0,Morelia,Bicentenario,junio,domingo,1,-101.1338281,19.7374518
57297,57506,2026,,2026/06/07,"07:58:00",SALIDA DE SUPERFICIE DE RODAMIENTO,TERRACERIA,Lluvioso,Regular,1,NISSAN,BLANCO,0,,,,,0,0,Lázaro Cárdenas,Sin datos,junio,domingo,8,-102.21565,18.0093325
57298,57507,2026,,2026/06/07,"08:28:00",COLISIÓN CONTRA OBJETO FIJO,ASFALTO,Lluvioso,Malo,2,Mountaineer,Negro,2,MINISTERIO PÚBLICO,37,MASCULINO,ALIENTO ETÍLICO,0,0,Morelia,Fovissste La Huerta,junio,domingo,8,-101.2134754,19.693437
57299,57508,2026,,2026/06/07,10:49:00,COLISIÓN POR INVASIÓN DE CARRIL,ASFALTO,Lluvioso,Regular,2,CHEVROLET,GRIS,2,,,,SIN DATOS,0,0,Quiroga,Sin datos,junio,domingo,11,-101.5984122,19.7010939
57300,57509,2026,MOR/20260066500,2026/06/07,11:20:00,SALIDA DE SUPERFICIE DE RODAMIENTO,ASFALTO,Nublado,Bueno,1,Volkswagen,Rojo,1,,34,MASCULINO,SIN DATOS,0,0,Morelia,Sin datos,junio,domingo,11,-101.2846621,19.7957467
57301,57510,2026,MOR20260066502,2026/06/07,11:42:00,COLISIÓN POR ALCANCE,ASFALTO,Lluvioso,Regular,2,RAM,BLANCO,2,,23,MASCULINO,SIN DATOS,0,0,Morelia,Comision Federal de Electricidad,junio,domingo,12,-101.1808411,19.6823923
57302,57511,2026,MOR/2026000738947,2026/06/07,12:41:00,COLISIÓN CONTRA OBJETO FIJO,CONCRETO,Bueno,Bueno,1,Nissan,Blanco,1,,32,FEMENINO,SIN DATOS,0,0,Morelia,Cumbres de Morelia,junio,domingo,13,-101.1368596,19.6894395
57303,57512,2026,MOR/20260066789,2026/06/07,13:55:00,COLISIÓN POR ALCANCE,CONCRETO,Lluvioso,Regular,2,Honda,Plata,2,,32,MASCULINO,SIN DATOS,0,0,Morelia,San Jose del Cerrito,junio,domingo,14,-101.2278896,19.6587363
57304,57513,2026,MOR/20260066617,2026/06/07,16:59:00,COLISIÓN POR ALCANCE,ASFALTO,Bueno,Bueno,2,Suzuki,Azul,2,MINISTERIO PÚBLICO,26,MASCULINO,SIN DATOS,0,0,Morelia,Felix Ireta,junio,domingo,17,-101.1812822,19.6827821
57305,57514,2026,,2026/06/07,18:21:00,COLISIÓN CONTRA OBJETO FIJO,TERRACERIA,Nublado,Regular,3,NISSAN,GRIS,3,,20,MASCULINO,SIN DATOS,0,0,Pátzcuaro,Gertrudis Bocanegra,junio,domingo,18,-101.6039054,19.4992522
57306,57515,2026,,2026/06/07,18:41:00,COLISIÓN CONTRA OBJETO FIJO,ADOQUIN_EMPEDRADO,Lluvioso,Bueno,1,Chargan,Gris,1,,40,MASCULINO,SIN DATOS,0,0,Pátzcuaro,Centro,junio,domingo,19,-101.6083346,19.5107682
57307,57516,2026,LCR/2026000,2026/06/07,20:44:00,COLISIÓN POR INVASIÓN DE CARRIL,ASFALTO,Nublado,Regular,2,CHEVROLET,ROJO,2,,32,MASCULINO,SIN DATOS,0,0,Lázaro Cárdenas,Las Palmas,junio,domingo,21,-102.220347,17.9679353
57308,57517,2026,,2026/06/07,22:24:00,VOLCADURA,ASFALTO,Lluvioso,Regular,1,Chrysler,Gris,2,,,,SIN DATOS,1,0,Zamora,Sin datos,junio,domingo,22,-102.3358778,20.0570078
57309,57518,2026,,2026/06/07,22:31:00,COLISIÓN POR ALCANCE,ASFALTO,Lluvioso,Regular,5,MARCA: *FORD*,GRIS OXFORD,6,,,,SIN DATOS,1,0,Uruapan,Sin datos,junio,domingo,23,-102.0899583,19.3830392
57310,57519,2026,MOR20260066779,2026/06/07,23:35:00,COLISIÓN POR CORTE DE CIRCULACIÓN,CONCRETO,Nublado,Regular,2,Ford,Verde,2,MINISTERIO PÚBLICO,0,MASCULINO,SIN DATOS,0,0,Morelia,Lomas del Tecnologico,junio,domingo,0,-101.1957944,19.7201536
57311,57520,2026,MOR/20260006267385,2026/06/08,"00:22:00",COLISIÓN POR CORTE DE CIRCULACIÓN,ADOQUIN_EMPEDRADO,Bueno,Bueno,2,Kia,Azul,2,,39,MASCULINO,SIN DATOS,0,0,Morelia,Centro,junio,lunes,0,-101.1905004,19.7038461
57312,57521,2026,,2026/06/08,"07:33:00",COLISIÓN POR CORTE DE CIRCULACIÓN,ASFALTO,Nublado,Regular,2,Volkswagen,Azul,2,,39,MASCULINO,SIN DATOS,0,0,Álvaro Obregón,16 de Mayo,junio,lunes,8,-101.0344498,19.8320407
57313,57522,2026,MOR/20260066852,2026/06/08,"08:55:00",COLISIÓN POR CAMBIO DE CARRIL,ASFALTO,Nublado,Bueno,2,Nissan,Plata,2,,49,MASCULINO,SIN DATOS,0,0,Morelia,Los Pinos de Michoacan,junio,lunes,9,-101.2135753,19.6877336
57314,57523,2026,,2026/06/08,"08:57:00",COLISIÓN POR CORTE DE CIRCULACIÓN,ASFALTO,Bueno,Bueno,2,Renault,Negro,2,,47,MASCULINO,SIN DATOS,0,0,Morelia,Jardines de La Aldea,junio,lunes,9,-101.1350174,19.7347739
57315,57524,2026,,2026/06/08,10:03:00,COLISIÓN POR NO RESPETAR SEMÁFORO,ASFALTO,Lluvioso,Regular,2,URBAN SPORT,GRIS,2,,22,MASCULINO,SIN DATOS,1,0,Lázaro Cárdenas,Jose Green,junio,lunes,10,-102.200906,17.9652675
57316,57525,2026,,2026/06/08,11:17:00,COLISIÓN POR ALCANCE,ASFALTO,Nublado,Bueno,1,Nissan,Blanco,1,,,MASCULINO,SIN DATOS,0,0,Indaparapeo,San Lucas Pio,junio,lunes,11,-100.9215917,19.795595
57317,57526,2026,MOR/20260066925,2026/06/08,11:20:00,COLISIÓN POR NO RESPETAR SEMÁFORO,ASFALTO,Nublado,Bueno,2,Seat,Blanco,2,,49,MASCULINO,SIN DATOS,0,0,Morelia,Jardines de La Loma,junio,lunes,11,-101.225462,19.6766908
57318,57527,2026,,2026/06/08,11:47:00,COLISIÓN POR CORTE DE CIRCULACIÓN,ASFALTO,Bueno,Bueno,2,ITALIKA,NEGRO,2,,66,MASCULINO,SIN DATOS,1,0,Puruándiro,La Loma,junio,lunes,12,-101.5184233,20.0964233
57319,57528,2026,LCR/20260009049,2026/06/08,15:01:00,COLISIÓN POR CORTE DE CIRCULACIÓN,ASFALTO,Nublado,Regular,2,MITSUBISHI,AZUL,0,,,,,0,0,Lázaro Cárdenas,Pescadores,junio,lunes,15,-102.2174115,17.9758103
57320,57529,2026,MOR/20260067007,2026/06/08,16:27:00,COLISIÓN POR CAMBIO DE CARRIL,ASFALTO,Lluvioso,Bueno,2,Honda,Gris,2,,56,MASCULINO,SIN DATOS,0,0,Morelia,Molino de Parras,junio,lunes,16,-101.2066947,19.7017273
57321,57530,2026,,2026/06/08,16:52:00,COLISIÓN POR CAMBIO DE CARRIL,CONCRETO,Bueno,Bueno,2,Suzuki,Gris,2,,38,FEMENINO,SIN DATOS,0,0,Morelia,Lazaro Cardenas,junio,lunes,17,-101.1649688,19.7094323
57322,57531,2026,,2026/06/08,17:15:00,COLISIÓN POR CAMBIO DE CARRIL,ASFALTO,Lluvioso,Regular,2,NISSAN,GRIS,2,,,MASCULINO,SIN DATOS,0,0,Morelia,Nueva Chapultepec,junio,lunes,17,-101.1690298,19.6854356
57323,57532,2026,,2026/06/08,17:21:00,COLISIÓN POR MANIOBRA DE REVERSA,ASFALTO,Lluvioso,Regular,2,Navistar internacional co proration,Verde,2,,38,MASCULINO,SIN DATOS,0,0,Tarímbaro,Sin datos,junio,lunes,17,-101.1031805,19.7628776
57324,57533,2026,,2026/06/08,18:16:00,COLISIÓN POR CAMBIO DE CARRIL,ASFALTO,Lluvioso,Regular,2,VOLKSWAGEN,BLANCO,2,,33,MASCULINO,SIN DATOS,0,0,Morelia,Sin datos,junio,lunes,18,-101.1267981,19.7301436
57325,57534,2026,,2026/06/08,18:37:00,COLISIÓN POR CORTE DE CIRCULACIÓN,ASFALTO,Lluvioso,Regular,2,Volkswagen,Cafe,2,,35,MASCULINO,SIN DATOS,0,0,Morelia,Lazaro Cardenas,junio,lunes,19,-101.16168,19.7118574
57326,57535,2026,,2026/06/08,18:43:00,COLISIÓN POR CORTE DE CIRCULACIÓN,ASFALTO,Bueno,Regular,2,Mazda,Gris,4,MINISTERIO PÚBLICO,41,MASCULINO,SIN DATOS,2,0,Morelia,El Eden,junio,lunes,19,-101.2496729,19.6460475
57327,57536,2026,,2026/06/08,18:43:00,VOLCADURA,ASFALTO,Nublado,Malo,0,,,0,,,,,0,0,Jiquilpan,Sin datos,junio,lunes,19,-102.7090717,20.0088385
57328,57537,2026,MOR20260067084,2026/06/08,19:02:00,COLISIÓN POR INVASIÓN DE CARRIL,ASFALTO,Nublado,Regular,2,Toyota,Blanco,2,,,MASCULINO,SIN DATOS,0,0,Morelia,El Porvenir,junio,lunes,19,-101.2046858,19.7121035
57329,57538,2026,,2026/06/08,21:41:00,CAIDA DE MOTOCICLETA,ASFALTO,Lluvioso,Regular,1,ITALIKA,ROJO,1,,,,SIN DATOS,0,0,Arteaga,Centro,junio,lunes,22,-102.2957501,18.3572838
57330,57539,2026,MOR/20260067231,2026/06/09,"09:32:00",COLISIÓN POR ALCANCE,ASFALTO,Nublado,Regular,2,Ford,Negro,2,MINISTERIO PÚBLICO,72,,SIN DATOS,0,0,Morelia,Molino de Parras,junio,martes,10,-101.2066125,19.7017959
57331,57540,2026,MOR/20260067230,2026/06/09,"09:38:00",COLISIÓN POR NO RESPETAR SEMÁFORO,ASFALTO,Bueno,Bueno,2,NISSAN,BLANCO,3,MINISTERIO PÚBLICO,33,MASCULINO,SIN DATOS,1,0,Morelia,Josefa Ortiz de Dominguez,junio,martes,10,-101.2098429,19.6722767
57332,57541,2026,,2026/06/09,12:03:00,COLISIÓN POR ALCANCE,ASFALTO,Nublado,Bueno,2,NISSAN,BLANCO,2,,41,MASCULINO,SIN DATOS,0,0,Pátzcuaro,Las Palmas,junio,martes,12,-101.6177197,19.5105375
57333,57542,2026,MOR20267821111,2026/06/09,12:19:00,COLISIÓN POR CORTE DE CIRCULACIÓN,CONCRETO,Bueno,Bueno,2,Toyota,Blanco,2,,57,MASCULINO,SIN DATOS,0,0,Morelia,Cinco de Diciembre,junio,martes,12,-101.1635904,19.6852919
57334,57543,2026,,2026/06/09,16:31:00,VOLCADURA,ASFALTO,Lluvioso,Regular,1,TOYOTA,BLANCO,1,,61,MASCULINO,SIN DATOS,0,0,Los Reyes,Sin datos,junio,martes,17,-102.270601,19.57078
57335,57544,2026,"20260067324",2026/06/09,16:52:00,COLISIÓN POR CORTE DE CIRCULACIÓN,CONCRETO,Bueno,Bueno,2,Italika,Gris,2,,23,MASCULINO,SIN DATOS,0,0,Morelia,Primaveras,junio,martes,17,-101.2257823,19.6833173
57336,57545,2026,MOR/20260067335,2026/06/09,18:18:00,VOLCADURA,ASFALTO,Lluvioso,Bueno,1,Chevrolet,Rojo,2,,26,MASCULINO,SIN DATOS,1,0,Morelia,Sin datos,junio,martes,18,-101.1277797,19.717841
57337,57546,2026,MOR/20260067339,2026/06/09,18:21:00,SALIDA DE SUPERFICIE DE RODAMIENTO,ASFALTO,Lluvioso,Regular,1,NISSAN,BLANCO,1,,42,MASCULINO,SIN DATOS,0,0,Morelia,Sin datos,junio,martes,18,-101.2858674,19.6097312
57338,57547,2026,,2026/06/09,18:27:00,COLISIÓN POR ALCANCE,ASFALTO,Nublado,Regular,2,VOLKSWAGEN,GRIS,2,,24,MASCULINO,SIN DATOS,0,0,Pátzcuaro,Morelos,junio,martes,18,-101.6166882,19.5421332
57339,57548,2026,MOR20260068370,2026/06/09,21:00:00,COLISIÓN POR INVASIÓN DE CARRIL,ASFALTO,Malo,Regular,3,Nissan,Azul,5,MINISTERIO PÚBLICO,38,MASCULINO,SIN DATOS,2,0,Morelia,Los Angeles,junio,martes,21,-101.1746067,19.7447667
57340,57549,2026,MOR20260067370_2,2026/06/09,21:17:00,COLISIÓN POR ALCANCE,ASFALTO,Malo,Regular,2,Renault,Rojo,2,MINISTERIO PÚBLICO,39,FEMENINO,ALIENTO ETÍLICO,0,0,Morelia,Los Angeles,junio,martes,21,-101.17459,19.745355
57341,57550,2026,,2026/06/09,22:46:00,COLISIÓN POR INVASIÓN DE CARRIL,ASFALTO,Lluvioso,Bueno,2,NISSAN,BLANCO,3,,22,MASCULINO,SIN DATOS,1,0,Tuzantla,Sin datos,junio,martes,23,-100.4940309,19.2347714
57342,57551,2026,MOR20260000029,2026/06/09,23:58:00,COLISIÓN POR ALCANCE,ASFALTO,Lluvioso,Regular,2,Freightliner,Blanco,2,,45,MASCULINO,SIN DATOS,0,0,Morelia,Los Manantiales de Morelia,junio,martes,0,-101.2418527,19.6961465
57343,57552,2026,,2026/06/10,"00:09:00",CAIDA DE MOTOCICLETA,ASFALTO,Lluvioso,Regular,1,ITALIKA,BLANCO,2,,,,SIN DATOS,1,0,Zamora,Sin datos,junio,miércoles,0,-102.234962,19.9887806
57344,57553,2026,APTZ/20260004583,2026/06/10,"07:03:00",COLISIÓN POR INVASIÓN DE CARRIL,ASFALTO,Nublado,Regular,2,VELOCI,NEGRO,2,,,,SIN DATOS,0,0,Apatzingán,Sin datos,junio,miércoles,7,-102.3743067,19.0631834
57345,57554,2026,MOR20260067543,2026/06/10,"08:57:00",COLISIÓN CONTRA OBJETO FIJO,ASFALTO,Lluvioso,Malo,1,VOLKSWAGEN,NARANJA,1,,29,FEMENINO,SIN DATOS,0,0,Morelia,Sin datos,junio,miércoles,9,-101.138411,19.6923554
57346,57555,2026,,2026/06/10,"09:01:00",COLISIÓN POR CORTE DE CIRCULACIÓN,CONCRETO,Lluvioso,Bueno,2,Italika,Negro,2,,33,FEMENINO,SIN DATOS,0,0,Morelia,Buenavista,junio,miércoles,9,-101.1656345,19.7063344
57347,57556,2026,,2026/06/10,"09:26:00",COLISIÓN CONTRA OBJETO FIJO,ASFALTO,Nublado,Regular,1,Seat,Rojo,1,,29,MASCULINO,SIN DATOS,0,0,Morelia,Sin datos,junio,miércoles,9,-101.1281876,19.7169251
57348,57557,2026,,2026/06/10,10:32:00,COLISIÓN POR CORTE DE CIRCULACIÓN,ASFALTO,Bueno,Bueno,2,CHEVROLET,BLANCO,3,,,MASCULINO,SIN DATOS,1,0,Hidalgo,Sin datos,junio,miércoles,11,-100.626144,19.6888329
57349,57558,2026,SIN NUMERO,2026/06/10,11:31:00,COLISIÓN POR INVASIÓN DE CARRIL,ASFALTO,Bueno,Bueno,2,Bajaj,Blanco con gris,4,,,,SIN DATOS,2,0,Tacámbaro,Llanos de Canicuaro,junio,miércoles,12,-101.4478967,19.2271183
57350,57559,2026,"20260067618",2026/06/10,11:38:00,COLISIÓN POR INVASIÓN DE CARRIL,ASFALTO,Bueno,Bueno,2,Ford,Rojo,2,,48,MASCULINO,SIN DATOS,0,0,Morelia,Libertad,junio,miércoles,12,-101.2356563,19.6854392
57351,57560,2026,,2026/06/10,11:49:00,COLISIÓN CONTRA OBJETO FIJO,ASFALTO,Bueno,Bueno,2,NISSAN,VINO,2,,53,MASCULINO,SIN DATOS,0,0,Morelia,Ciudad Industrial,junio,miércoles,12,-101.1434932,19.724539
57352,57561,2026,,2026/06/10,12:24:00,COLISIÓN POR INVASIÓN DE CARRIL,ASFALTO,Bueno,Bueno,2,Italika,Gris,3,,28,MASCULINO,SIN DATOS,1,0,Tacámbaro,Sin datos,junio,miércoles,12,-101.4480967,19.2040183
57353,57562,2026,LCR/20260009131,2026/06/10,12:32:00,COLISIÓN POR CORTE DE CIRCULACIÓN,ASFALTO,Bueno,Bueno,2,ITALIKA,BLANCO,1,,24,MASCULINO,SIN DATOS,0,0,Lázaro Cárdenas,Leandro Valle,junio,miércoles,13,-102.2051336,18.0188594
57354,57563,2026,,2026/06/10,12:46:00,COLISIÓN POR ALCANCE,ASFALTO,Nublado,Bueno,2,Ford,Azul,2,,34,MASCULINO,SIN DATOS,0,0,Morelia,Bello Horizonte,junio,miércoles,13,-101.2378746,19.6866505
57355,57564,2026,,2026/06/10,13:18:00,COLISIÓN POR CORTE DE CIRCULACIÓN,CONCRETO,Bueno,Bueno,3,Chevrolet,Guinda,3,,,MASCULINO,SIN DATOS,0,0,Morelia,Lomas del Mayoral,junio,miércoles,13,-101.3140274,19.6893549
57356,57565,2026,,2026/06/10,14:00:00,COLISIÓN POR INVASIÓN DE CARRIL,ASFALTO,Nublado,Regular,0,,,0,,,,,0,0,Quiroga,Sin datos,junio,miércoles,14,-101.4951219,19.6534319
57357,57566,2026,APTZ/20260004594,2026/06/10,15:01:00,COLISIÓN POR CORTE DE CIRCULACIÓN,ASFALTO,Bueno,Bueno,2,Honda,Blanco,3,,22,MASCULINO,SIN DATOS,1,0,Apatzingán,Ruben Romero,junio,miércoles,15,-102.3750165,19.1143587
57358,57567,2026,MOR/20260067680,2026/06/10,16:22:00,COLISIÓN POR CAMBIO DE CARRIL,ASFALTO,Nublado,Bueno,2,Nissan,Blanco,2,MINISTERIO PÚBLICO,30,MASCULINO,SIN DATOS,0,0,Morelia,Dr Miguel Silva,junio,miércoles,16,-101.1883489,19.7176202
57359,57568,2026,"20260067721",2026/06/10,17:24:00,COLISIÓN POR ALCANCE,ASFALTO,Bueno,Bueno,2,MAZDA,ROJO,2,,66,FEMENINO,SIN DATOS,0,0,Morelia,Primaveras,junio,miércoles,17,-101.2257094,19.680099
57360,57569,2026,,2026/06/10,17:27:00,COLISIÓN POR CORTE DE CIRCULACIÓN,ASFALTO,Bueno,Bueno,2,NISSAN,PLATA,2,,44,FEMENINO,SIN DATOS,0,0,Morelia,Ventura Puente,junio,miércoles,17,-101.1926843,19.6923782
57361,57570,2026,,2026/06/10,18:32:00,VOLCADURA,ASFALTO,Lluvioso,Regular,2,NISSAN,BLANCO,0,,,,,0,0,Epitacio Huerta,Sin datos,junio,miércoles,19,-100.2904549,20.1290419
57362,57571,2026,MOR20260067789,2026/06/10,21:23:00,COLISIÓN POR ALCANCE,ASFALTO,Bueno,Bueno,2,VOLKSWAGEN,ROJO,2,,19,MASCULINO,SIN DATOS,0,0,Morelia,Vasco de Quiroga,junio,miércoles,21,-101.174679,19.6978623
57363,57572,2026,APTZ/20260004611,2026/06/11,"06:49:00",COLISIÓN CONTRA OBJETO FIJO,ASFALTO,Bueno,Bueno,1,MAN,AZUL MARINO,1,,51,MASCULINO,SIN DATOS,0,0,Apatzingán,Ferrocarril,junio,jueves,7,-102.3526893,19.0827839
57364,57573,2026,MOR/20260067900,2026/06/11,"08:18:00",COLISIÓN POR ALCANCE,CONCRETO,Nublado,Regular,2,Mazda,Negro,2,,35,MASCULINO,SIN DATOS,0,0,Morelia,Vasco de Quiroga,junio,jueves,8,-101.1779462,19.6993028
57365,57574,2026,,2026/06/11,"08:22:00",COLISIÓN POR CORTE DE CIRCULACIÓN,ASFALTO,Nublado,Bueno,2,VOLKSWAGEN,GRIS,2,,53,MASCULINO,SIN DATOS,0,0,Tarímbaro,Sin datos,junio,jueves,8,-101.1370235,19.7747173
57366,57575,2026,MOR/ 20260067904,2026/06/11,"08:58:00",COLISIÓN POR CORTE DE CIRCULACIÓN,ASFALTO,Bueno,Bueno,2,CHEVROLET,Rojo,2,MINISTERIO PÚBLICO,44,MASCULINO,SIN DATOS,0,0,Morelia,Gertrudis Bocanegra,junio,jueves,9,-101.2089038,19.7024308
57367,57576,2026,MOR/202600061673,2026/06/11,"09:20:00",COLISIÓN CONTRA OBJETO FIJO,ASFALTO,Bueno,Bueno,1,INTERNACIONAL,ROJO,1,,55,MASCULINO,ALIENTO ETÍLICO,0,0,Morelia,Florida,junio,jueves,9,-101.2293507,19.6765961
57368,57577,2026,MOR/20260067896,2026/06/11,"09:42:00",COLISIÓN POR ALCANCE,CONCRETO,Bueno,Bueno,2,Bajaj,Gris,2,,31,MASCULINO,SIN DATOS,0,0,Morelia,Colinas del Sur,junio,jueves,10,-101.200993,19.6700593
57369,57578,2026,MOR20260007654,2026/06/11,"09:55:00",COLISIÓN POR CORTE DE CIRCULACIÓN,CONCRETO,Nublado,Regular,2,Italika,Negro,3,,58,MASCULINO,SIN DATOS,1,0,Morelia,Ventura Puente,junio,jueves,10,-101.1942155,19.6926553
57370,57579,2026,MOR/20260067986,2026/06/11,13:26:00,COLISIÓN POR ALCANCE,ASFALTO,Bueno,Bueno,2,Jeep,Gris,2,,18,MASCULINO,SIN DATOS,0,0,Morelia,Sin datos,junio,jueves,13,-101.1648883,19.6654217
57371,57580,2026,,2026/06/11,17:50:00,CAIDA DE MOTOCICLETA,ASFALTO,Malo,Bueno,1,ITALIKA,AZUL,1,,18,MASCULINO,SIN DATOS,0,0,Pátzcuaro,Centro,junio,jueves,18,-101.6164679,19.5214118
57372,57581,2026,MOR/2026000827739,2026/06/11,18:28:00,COLISIÓN POR CORTE DE CIRCULACIÓN,CONCRETO,Bueno,Bueno,2,Toyota,Gris,2,,46,MASCULINO,SIN DATOS,0,0,Morelia,Villas del Pedregal,junio,jueves,18,-101.305065,19.6836183
57373,57582,2026,MOR/20260006157385,2026/06/11,20:17:00,COLISIÓN CON PEATÓN,ASFALTO,Bueno,Bueno,1,Ford,Gris,1,,42,MASCULINO,SIN DATOS,0,0,Morelia,Nicolas Bravo(Los Ejidos),junio,jueves,20,-101.2222117,19.7050834
57374,57583,2026,MOR/20260068197,2026/06/11,21:16:00,COLISIÓN POR ALCANCE,CONCRETO,Bueno,Bueno,2,Nissan,Plata,2,,55,MASCULINO,ALIENTO ETÍLICO,0,0,Morelia,Jardines de Torremolinos,junio,jueves,21,-101.2257317,19.6781267
57375,57584,2026,,2026/06/11,21:19:00,CAIDA DE MOTOCICLETA,ASFALTO,Lluvioso,Regular,1,ITALIKA,NEGRO,1,,,,,1,0,Maravatío,Loma Alta,junio,jueves,21,-100.4507068,19.909325
57376,57585,2026,MOR/20260068195,2026/06/11,22:26:00,COLISIÓN POR CORTE DE CIRCULACIÓN,ASFALTO,Lluvioso,Regular,2,Mazda,Gris,2,,23,MASCULINO,SIN DATOS,0,0,Morelia,Loma Bonita,junio,jueves,22,-101.1965818,19.7228005
57377,57586,2026,MOR20260068209,2026/06/11,22:41:00,COLISIÓN POR ALCANCE,ASFALTO,Lluvioso,Regular,2,Toyota,Gris,2,,31,MASCULINO,SIN DATOS,0,0,Morelia,Rafael Carrillo,junio,jueves,23,-101.2333079,19.7119933
57378,57587,2026,,2026/06/11,22:51:00,COLISIÓN POR ALCANCE,ASFALTO,Nublado,Bueno,2,Dodge,Arena,2,,22,MASCULINO,SIN DATOS,0,0,Morelia,Sentimientos de La Nacion,junio,jueves,23,-101.2366278,19.6843347
57379,57588,2026,,2026/06/11,23:12:00,COLISIÓN CONTRA OBJETO FIJO,ASFALTO,Bueno,Bueno,1,VENTO,NEGRO,2,,26,MASCULINO,SIN DATOS,0,1,Pátzcuaro,San Lazaro,junio,jueves,23,-101.612747,19.5056135
57380,57589,2026,MOR/2026000726748,2026/06/12,"00:12:00",COLISIÓN POR CORTE DE CIRCULACIÓN,ASFALTO,Lluvioso,Regular,2,Nissan,Gris oxford,2,,44,FEMENINO,SIN DATOS,0,0,Morelia,Sin datos,junio,viernes,0,-101.34727,19.6807467
57381,57590,2026,MOR20260068233,2026/06/12,"00:38:00",COLISIÓN CONTRA OBJETO FIJO,ASFALTO,Lluvioso,Malo,1,Kia,Rojo,1,,41,MASCULINO,SIN DATOS,0,0,Morelia,Sin datos,junio,viernes,1,-101.1068148,19.7315064
57382,57591,2026,,2026/06/12,"01:52:00",COLISIÓN POR ALCANCE,ASFALTO,Bueno,Bueno,2,ITALIKA,NEGRO,2,,,,,2,0,Tocumbo,Sin datos,junio,viernes,2,-102.5325088,19.7052741
57383,57592,2026,APATZ/20260004642,2026/06/12,"07:31:00",CAIDA DE MOTOCICLETA,TERRACERIA,Bueno,Bueno,1,Italika,Gris,3,,,,SIN DATOS,2,0,Apatzingán,Lomas de Palmira,junio,viernes,8,-102.3424583,19.0858583
57384,57593,2026,,2026/06/12,"08:19:00",SUBIDA AL CAMELLÓN,ASFALTO,Bueno,Bueno,1,Jeep,Azul marino,1,,45,FEMENINO,SIN DATOS,0,0,Morelia,Sentimientos de La Nacion,junio,viernes,8,-101.2351568,19.6812664
57385,57594,2026,LCR/20260009228,2026/06/12,"09:05:00",COLISIÓN POR CORTE DE CIRCULACIÓN,ASFALTO,Nublado,Bueno,2,FORD,GRIS,2,,47,FEMENINO,SIN DATOS,0,0,Lázaro Cárdenas,Centro,junio,viernes,9,-102.1936472,17.9553863
57386,57595,2026,,2026/06/12,"09:08:00",COLISIÓN POR CORTE DE CIRCULACIÓN,CONCRETO,Bueno,Bueno,2,RAM,BLANCO,2,,33,MASCULINO,SIN DATOS,0,0,Tarímbaro,Sin datos,junio,viernes,9,-101.143202,19.7672101
57387,57596,2026,MOR/20260068400,2026/06/12,10:03:00,COLISIÓN POR ALCANCE,ASFALTO,Bueno,Regular,2,Nissan,Rojo,2,,43,MASCULINO,SIN DATOS,0,0,Morelia,La Esperanza,junio,viernes,10,-101.1538026,19.6992824