fid,id_accidente,anio_origen,folio_c5i,dia_incidente,hora_ocurrencia,tipo_incidente_vial,superficie_ocurrencia,condiciones_climaticas,condiciones_via,numero_vehiculos_involucrados,marca_vehiculo_ocasiona_siniestro,color_vehiculo_ocasiona_siniestro,numero_personas_involucradas,lugar_remite_presunto_responsable,edad_presunto_responsable,sexo_presunto_responsable,resultados_toxicologia,numero_personas_lesionadas,numero_personas_fallecidas,municipio,colonia,mes,dia_semana,hora_redondeada,lon,lat
57388,57597,2026,MOR20260068372,2026/06/12,10:13:00,COLISIÓN POR CORTE DE CIRCULACIÓN,ASFALTO,Bueno,Bueno,2,Vento,Negro,2,,19,MASCULINO,SIN DATOS,0,0,Morelia,Felix Ireta,junio,viernes,10,-101.1919736,19.6879627
57389,57598,2026,,2026/06/12,12:06:00,COLISIÓN CONTRA OBJETO FIJO,ASFALTO,Bueno,Bueno,1,KENWORTH,BLANCO,1,,63,MASCULINO,SIN DATOS,0,0,Morelia,Ferrocarrilero,junio,viernes,12,-101.2163213,19.6986938
57390,57599,2026,,2026/06/12,12:58:00,COLISIÓN POR ALCANCE,CONCRETO,Bueno,Bueno,6,NISSAN,BLANCO,1,,,FEMENINO,SIN DATOS,0,0,Tocumbo,Obrera(Santa Clara),junio,viernes,13,-102.4916196,19.6347891
57391,57600,2026,,2026/06/12,13:09:00,SALIDA DE SUPERFICIE DE RODAMIENTO,ASFALTO,Bueno,Bueno,1,FORD,ROJO,1,,46,MASCULINO,SIN DATOS,0,0,Uruapan,Sin datos,junio,viernes,13,-102.2682045,19.5404515
57392,57601,2026,,2026/06/12,13:33:00,COLISIÓN CONTRA OBJETO FIJO,ASFALTO,Bueno,Bueno,2,KENWORTH,BLANCO,1,,36,MASCULINO,SIN DATOS,0,0,Lázaro Cárdenas,Solidaridad Nacional,junio,viernes,14,-102.2106416,17.973602
57393,57602,2026,,2026/06/12,13:36:00,COLISIÓN POR ALCANCE,ASFALTO,Bueno,Bueno,2,Volkswagen,Azul,2,,,MASCULINO,SIN DATOS,0,0,Morelia,Granjas Unidas de Morelia,junio,viernes,14,-101.2759083,19.6925152
57394,57603,2026,,2026/06/12,18:20:00,COLISIÓN POR ALCANCE,ASFALTO,Lluvioso,Bueno,4,CHIREY,PLATA,4,,20,FEMENINO,SIN DATOS,0,0,Morelia,Felix Ireta,junio,viernes,18,-101.1821092,19.6814543
57395,57604,2026,"20260068527",2026/06/12,18:56:00,COLISIÓN POR CORTE DE CIRCULACIÓN,CONCRETO,Lluvioso,Bueno,2,Ford,Negro,2,MINISTERIO PÚBLICO,44,MASCULINO,SIN DATOS,0,0,Morelia,Tzindurio Norte,junio,viernes,19,-101.2453628,19.7040924
57396,57605,2026,,2026/06/12,19:20:00,COLISIÓN POR MANIOBRA DE REVERSA,ASFALTO,Lluvioso,Regular,2,SUZUKI,GRIS,2,,45,MASCULINO,SIN DATOS,0,0,Morelia,Alberto Oviedo Mota,junio,viernes,19,-101.2023059,19.6771994
57397,57606,2026,,2026/06/12,21:33:00,COLISIÓN POR CORTE DE CIRCULACIÓN,ASFALTO,Bueno,Bueno,2,CHEVROLET,BLANCO,2,,,MASCULINO,SIN DATOS,0,0,Morelia,Rafael Carrillo,junio,viernes,22,-101.2355052,19.7095953
57398,57607,2026,,2026/06/12,21:43:00,SALIDA DE SUPERFICIE DE RODAMIENTO,ASFALTO,Nublado,Malo,1,VOLKSWAGEN,BLANCO,1,,37,MASCULINO,SIN DATOS,0,0,Queréndaro,Sin datos,junio,viernes,22,-100.7969433,19.760475
57399,57608,2026,,2026/06/12,22:48:00,COLISIÓN POR INVASIÓN DE CARRIL,CONCRETO,Lluvioso,Regular,2,Honda,Plata,3,,73,MASCULINO,ALIENTO ETÍLICO,1,0,Morelia,La Floresta,junio,viernes,23,-101.1514907,19.6845907
57400,57609,2026,"20260068630",2026/06/12,22:52:00,COLISIÓN POR CAMBIO DE CARRIL,ASFALTO,Nublado,Bueno,2,TOYOTA,BLANCO,2,,54,MASCULINO,SIN DATOS,0,0,Morelia,Industrial,junio,viernes,23,-101.1973406,19.712425
57401,57610,2026,,2026/06/13,"00:55:00",SALIDA DE SUPERFICIE DE RODAMIENTO,ASFALTO,Lluvioso,Regular,1,DODGE,NEGRO,1,,,,SIN DATOS,0,0,Ario,Sin datos,junio,sábado,1,-101.7374924,19.1968718
57402,57611,2026,,2026/06/13,"03:44:00",COLISIÓN CONTRA OBJETO FIJO,ASFALTO,Bueno,Bueno,1,Ford,Blanco,3,,28,MASCULINO,SIN DATOS,2,0,Morelia,Diego Rivera,junio,sábado,4,-101.1761381,19.7183421
57403,57612,2026,"20260068712",2026/06/13,"03:56:00",SUBIDA AL CAMELLÓN,CONCRETO,Bueno,Bueno,1,CHRYSLER,PLATA,1,,49,MASCULINO,SIN DATOS,0,0,Morelia,Sentimientos de La Nacion,junio,sábado,4,-101.2339475,19.6783746
57404,57613,2026,,2026/06/13,"07:47:00",CAIDA DE MOTOCICLETA,SIN_DATOS,Nublado,Bueno,1,KAWASAKI,GUINDA,1,,24,MASCULINO,SIN DATOS,0,0,Jacona,Sin datos,junio,sábado,8,-102.2681058,19.9327703
57405,57614,2026,,2026/06/13,"08:12:00",COLISIÓN POR ALCANCE,ASFALTO,Bueno,Bueno,2,TOYOTA,BLANCO,2,,37,MASCULINO,SIN DATOS,0,0,Morelia,Alberto Oviedo Mota,junio,sábado,8,-101.2023783,19.6773495
57406,57615,2026,,2026/06/13,"08:32:00",COLISIÓN POR INVASIÓN DE CARRIL,ASFALTO,Bueno,Bueno,2,MAZDA,BLANCO,2,,38,MASCULINO,SIN DATOS,0,0,Múgica,Cuatro Caminos (Emiliano Zapata),junio,sábado,9,-102.1036509,18.9949389
57407,57616,2026,MOR/ 20260068740,2026/06/13,"08:51:00",INCIDENTE DE TRÁNSITO,ASFALTO,Nublado,Bueno,1,VENTO,GRIS,1,,36,FEMENINO,SIN DATOS,0,0,Morelia,Loma Bonita,junio,sábado,9,-101.1966663,19.7234403
57408,57617,2026,,2026/06/13,"08:54:00",COLISIÓN POR INVASIÓN DE CARRIL,ASFALTO,Lluvioso,Regular,2,NISSAN,GRIS,2,,,,SIN DATOS,0,0,Tuxpan,Tuxpan,junio,sábado,9,-100.4656,19.56543
57409,57618,2026,JQL/2026003047,2026/06/13,"09:54:00",SALIDA DE SUPERFICIE DE RODAMIENTO,ASFALTO,Bueno,Bueno,1,VOLVO,BLANCO,0,,,,,0,0,Venustiano Carranza,Sin datos,junio,sábado,10,-102.5938177,20.1945152
57410,57619,2026,MOR/20260068799,2026/06/13,10:56:00,COLISIÓN POR CAMBIO DE CARRIL,ASFALTO,Bueno,Bueno,2,MERCEDES-BENZ,ROJO,2,,18,MASCULINO,SIN DATOS,0,0,Morelia,San Pascual,junio,sábado,11,-101.2645688,19.695965
57411,57620,2026,MOR/20260068886,2026/06/13,16:47:00,COLISIÓN POR CAMBIO DE CARRIL,ASFALTO,Bueno,Bueno,2,CADILLAC,NEGRO,2,,52,MASCULINO,SIN DATOS,0,0,Morelia,Lazaro Cardenas,junio,sábado,17,-101.165203,19.7104217
57412,57621,2026,,2026/06/13,17:17:00,COLISIÓN CON PEATÓN,ASFALTO,Lluvioso,Bueno,1,VENTO,GRIS,2,MINISTERIO PÚBLICO,20,MASCULINO,SIN DATOS,1,0,Morelia,Pastor Manuel Sanchez Camarena,junio,sábado,17,-101.1987367,19.738465
57413,57622,2026,,2026/06/13,17:36:00,SALIDA DE SUPERFICIE DE RODAMIENTO,ASFALTO,Bueno,Bueno,1,ITALIKA,NEGRO,0,,,,,0,0,Gabriel Zamora,Las Crucitas,junio,sábado,18,-102.0568461,19.1641341
57414,57623,2026,MOR/20260068903,2026/06/13,17:39:00,COLISIÓN POR CORTE DE CIRCULACIÓN,CONCRETO,Lluvioso,Bueno,2,CHEVROLET,PLATA,2,,52,MASCULINO,SIN DATOS,0,0,Morelia,Rafael Carrillo,junio,sábado,18,-101.2352013,19.7126619
57415,57624,2026,LCR/20260009299,2026/06/13,17:56:00,COLISIÓN POR CORTE DE CIRCULACIÓN,ASFALTO,Bueno,Bueno,2,VOLKSWAGEN,BLANCO,1,,29,FEMENINO,SIN DATOS,0,0,Lázaro Cárdenas,Puentes Cuates,junio,sábado,18,-102.1997126,17.969849
57416,57625,2026,,2026/06/13,18:33:00,COLISIÓN POR CORTE DE CIRCULACIÓN,ASFALTO,Bueno,Bueno,2,TSURO,BLANCO,2,,,,,2,0,Zitácuaro,Sin datos,junio,sábado,19,-100.34819,19.4735683
57417,57626,2026,MOR/20260068936,2026/06/13,18:56:00,COLISIÓN POR CAMBIO DE CARRIL,ASFALTO,Nublado,Regular,2,Veloci,Gris,2,,21,MASCULINO,SIN DATOS,0,0,Morelia,Ana Maria Gallaga (Riviera),junio,sábado,19,-101.2266267,19.67641
57418,57627,2026,APTZ/20260004729,2026/06/13,19:32:00,COLISIÓN POR CORTE DE CIRCULACIÓN,ADOQUIN_EMPEDRADO,Bueno,Regular,2,ITALIKA,BLANCO,3,,43,MASCULINO,SIN DATOS,1,0,Parácuaro,Centro,junio,sábado,20,-102.2152401,19.1500639
57419,57628,2026,,2026/06/13,19:49:00,COLISIÓN CONTRA OBJETO FIJO,ASFALTO,Bueno,Bueno,2,INTERNATIONAL,BLANCO,2,,28,MASCULINO,SIN DATOS,0,0,Lázaro Cárdenas,Centro,junio,sábado,20,-102.1972333,17.954535
57420,57629,2026,MOR20260068967,2026/06/13,21:01:00,CAIDA DE MOTOCICLETA,CONCRETO,Bueno,Bueno,1,Italika,Negro,1,,17,MASCULINO,SIN DATOS,0,0,Morelia,Bicentenario,junio,sábado,21,-101.1338701,19.737363
57421,57630,2026,,2026/06/13,21:09:00,COLISIÓN POR ALCANCE,ASFALTO,Bueno,Bueno,2,VOLKSWAGEN,BLANCO PERLA,2,,24,MASCULINO,SIN DATOS,0,0,Pátzcuaro,Popular Vasco de Quiroga,junio,sábado,21,-101.600954,19.499279
57422,57631,2026,MOR20260000015,2026/06/13,22:09:00,COLISIÓN POR ALCANCE,ASFALTO,Bueno,Bueno,2,Ford,Gris,2,,64,MASCULINO,SIN DATOS,0,0,Morelia,Comision Federal de Electricidad,junio,sábado,22,-101.1810494,19.6834816
57423,57632,2026,,2026/06/13,23:20:00,INCIDENTE DE TRÁNSITO,ASFALTO,Bueno,Regular,1,NISSAN,AZUL,0,,,,,0,0,Sin datos,Sin datos,junio,sábado,23,-100.1433498,19.7924411
57424,57633,2026,MOR/20260069063,2026/06/13,23:36:00,COLISIÓN POR CORTE DE CIRCULACIÓN,CONCRETO,Nublado,Bueno,2,Fiat,Negro,2,,31,MASCULINO,ALIENTO ETÍLICO,0,0,Morelia,Mariano Escobedo,junio,sábado,0,-101.2132507,19.7202913
57425,57634,2026,,2026/06/14,"00:10:00",COLISIÓN POR ALCANCE,ASFALTO,Bueno,Bueno,2,ITALIKA,NEGRO,2,,,,SIN DATOS,1,0,Tlazazalca,Centro,junio,domingo,0,-102.0551767,19.9617806
57426,57635,2026,,2026/06/14,"01:03:00",SALIDA DE SUPERFICIE DE RODAMIENTO,ASFALTO,Bueno,Bueno,1,HONDA,GRIS,0,,,,,0,0,Zinapécuaro,La Mora,junio,domingo,1,-100.8273816,19.8533927
57427,57636,2026,MOR/20260069138,2026/06/14,"01:07:00",COLISIÓN CONTRA OBJETO FIJO,ASFALTO,Bueno,Regular,1,Ford,Negro,1,MINISTERIO PÚBLICO,33,MASCULINO,SIN DATOS,0,0,Morelia,Dr Miguel Silva,junio,domingo,1,-101.1784363,19.7197825
57428,57637,2026,MOR/20260069130,2026/06/14,"01:12:00",COLISIÓN CONTRA OBJETO FIJO,ASFALTO,Lluvioso,Regular,1,Honda,Blanco,0,,,,,0,0,Morelia,Sin datos,junio,domingo,1,-101.3209729,19.5697672
57429,57638,2026,MOR/6373737383,2026/06/14,"02:08:00",SALIDA DE SUPERFICIE DE RODAMIENTO,ASFALTO,Bueno,Bueno,1,Audi,Negro,1,,21,FEMENINO,SIN DATOS,0,0,Morelia,Villa de Santa Maria,junio,domingo,2,-101.1731056,19.6683139
57430,57639,2026,MOR/20260069170,2026/06/14,"02:32:00",COLISIÓN CONTRA OBJETO FIJO,CONCRETO,Bueno,Bueno,1,Vento,Negro,1,,23,MASCULINO,ALIENTO ETÍLICO,0,0,Morelia,Chapultepec Sur,junio,domingo,3,-101.178882,19.692298
57431,57640,2026,MOR/20260069177,2026/06/14,"03:30:00",VOLCADURA,ASFALTO,Nublado,Regular,1,Volkswagen,Blanco,4,MINISTERIO PÚBLICO,,,,3,1,Morelia,Enrique Arreguin Robles,junio,domingo,4,-101.1797922,19.720368
57432,57641,2026,LCR/20260009341,2026/06/14,"03:52:00",COLISIÓN CONTRA OBJETO FIJO,CONCRETO,Bueno,Bueno,1,FIAT,ROJO,0,,,,,0,0,Lázaro Cárdenas,Solidaridad Nacional,junio,domingo,4,-102.2120114,17.9700103
57433,57642,2026,,2026/06/14,"06:42:00",COLISIÓN POR INVASIÓN DE CARRIL,ASFALTO,Bueno,Bueno,2,FORD,VERDE OSCURO,2,,36,MASCULINO,SIN DATOS,0,0,Zitácuaro,Sin datos,junio,domingo,7,-100.4248793,19.4816038
57434,57643,2026,MOR20260069237,2026/06/14,"06:59:00",COLISIÓN CONTRA OBJETO FIJO,CONCRETO,Bueno,Bueno,1,Honda,Negro,1,,46,MASCULINO,ALIENTO ETÍLICO,0,0,Morelia,Sentimientos de La Nacion,junio,domingo,7,-101.2322639,19.6777185
57435,57644,2026,,2026/06/14,"07:42:00",VOLCADURA,SIN_DATOS,Bueno,Regular,1,NISSAN,GRIS,0,,,,,0,0,Gabriel Zamora,Sin datos,junio,domingo,8,-102.054218,19.1317697
57436,57645,2026,,2026/06/14,"08:16:00",COLISIÓN POR CORTE DE CIRCULACIÓN,ASFALTO,Bueno,Bueno,3,Nissan,Blanco,3,,44,MASCULINO,SIN DATOS,0,0,Morelia,Vasco de Quiroga,junio,domingo,8,-101.1706494,19.7049609
57437,57646,2026,,2026/06/14,10:25:00,SALIDA DE SUPERFICIE DE RODAMIENTO,ASFALTO,Lluvioso,Regular,0,,,0,,,,,0,0,Quiroga,Prados Verdes (Cocupao),junio,domingo,10,-101.5288441,19.654165
57438,57647,2026,APATZ/20260004697,2026/06/14,10:57:00,COLISIÓN POR CORTE DE CIRCULACIÓN,ASFALTO,Bueno,Bueno,2,Vento,Rojo,3,,,,SIN DATOS,1,0,Apatzingán,Independencia,junio,domingo,11,-102.3531264,19.0974864
57439,57648,2026,,2026/06/14,11:33:00,COLISIÓN POR CORTE DE CIRCULACIÓN,ASFALTO,Bueno,Bueno,2,NISSAN,PLATA,1,,,,,1,0,Gabriel Zamora,Emiliano Zapata,junio,domingo,12,-102.0452289,19.1600403
57440,57649,2026,,2026/06/14,15:47:00,COLISIÓN POR CAMBIO DE CARRIL,ASFALTO,Bueno,Bueno,2,ITALIKA,ROJO,2,,,,SIN DATOS,0,0,Jacona,Sin datos,junio,domingo,16,-102.3147214,19.9329906
57441,57650,2026,MOR20260069420,2026/06/14,17:42:00,COLISIÓN POR CORTE DE CIRCULACIÓN,ASFALTO,Bueno,Bueno,2,FORD,AZUL,2,,28,MASCULINO,SIN DATOS,0,0,Morelia,Juarez,junio,domingo,18,-101.1977984,19.6929711
57442,57651,2026,,2026/06/14,18:15:00,INCIDENTE DE TRÁNSITO,ASFALTO,Bueno,Bueno,1,NISSAN,NEGRO,1,,35,MASCULINO,SIN DATOS,0,0,Gabriel Zamora,Sin datos,junio,domingo,18,-101.9977635,19.1541249
57443,57652,2026,,2026/06/14,18:49:00,SALIDA DE SUPERFICIE DE RODAMIENTO,CONCRETO,Bueno,Regular,1,Vento,Gris,4,MINISTERIO PÚBLICO,,,SIN DATOS,2,1,Morelia,Periodistas,junio,domingo,19,-101.1451367,19.6862101
57444,57653,2026,,2026/06/14,19:01:00,COLISIÓN POR CAMBIO DE CARRIL,ASFALTO,Bueno,Bueno,2,KAWASAKI,VERDE,2,,26,MASCULINO,SIN DATOS,0,0,Morelia,Chapultepec Sur,junio,domingo,19,-101.1788784,19.6906619
57445,57654,2026,,2026/06/14,21:31:00,CAIDA DE MOTOCICLETA,ASFALTO,Bueno,Regular,1,Italika,Azul,3,,22,MASCULINO,SIN DATOS,2,0,Pátzcuaro,Centro,junio,domingo,22,-101.6121674,19.5391877
57446,57655,2026,,2026/06/14,22:33:00,COLISIÓN POR ALCANCE,ASFALTO,Bueno,Regular,2,MAZDA,VINO,2,,,FEMENINO,SIN DATOS,0,0,Contepec,Sin datos,junio,domingo,23,-100.1803917,19.9253117
57447,57656,2026,,2026/06/14,23:44:00,COLISIÓN POR INVASIÓN DE CARRIL,ASFALTO,Bueno,Regular,2,FORD,BLANCO,0,,,,,0,0,Angangueo,Sin datos,junio,domingo,0,-100.3125308,19.6124969
57448,57657,2026,MOR/20260069611,2026/06/15,"01:15:00",COLISIÓN POR INVASIÓN DE CARRIL,ASFALTO,Bueno,Bueno,2,VENTO,ROJO,2,,50,MASCULINO,SIN DATOS,0,0,Morelia,Obrera,junio,lunes,1,-101.1836068,19.7133161
57449,57658,2026,,2026/06/15,"05:25:00",COLISIÓN CONTRA OBJETO FIJO,ASFALTO,Bueno,Bueno,1,NISSAN,NEGRO,1,,,,,1,0,Lázaro Cárdenas,Valle del Tecnologico,junio,lunes,5,-102.2278119,17.9739003
57450,57659,2026,LCR/2026009410,2026/06/15,"06:53:00",INCIDENTE DE TRÁNSITO,ASFALTO,Bueno,Bueno,2,NISSAN,BLANCO,1,,,,,1,0,Lázaro Cárdenas,Sin datos,junio,lunes,7,-102.2340096,17.9388237
57451,57660,2026,,2026/06/15,"07:35:00",COLISIÓN CONTRA OBJETO FIJO,CONCRETO,Bueno,Bueno,1,DODGE,BLANCO,0,,,,,0,0,Apatzingán,Nueva,junio,lunes,8,-102.3577849,19.0734456
57452,57661,2026,APTZ/20260004783.,2026/06/15,"08:07:00",COLISIÓN CONTRA OBJETO FIJO,ASFALTO,Bueno,Bueno,1,NISSAN,BLANCO,1,,,,SIN DATOS,0,0,Apatzingán,Centro,junio,lunes,8,-102.3550204,19.083252
57453,57662,2026,MOR/20260069782,2026/06/15,14:46:00,COLISIÓN POR CAMBIO DE CARRIL,ASFALTO,Bueno,Bueno,2,CHEVROLET,ROJO,2,,27,FEMENINO,SIN DATOS,0,0,Morelia,Ejidal Ocolusen,junio,lunes,15,-101.1530871,19.6861779
57454,57663,2026,MOR/20260069801,2026/06/15,15:12:00,COLISIÓN POR CAMBIO DE CARRIL,ASFALTO,Bueno,Bueno,2,FREIGHTLINER,BLANCO,2,,50,MASCULINO,SIN DATOS,0,0,Morelia,La Soledad,junio,lunes,15,-101.1838897,19.7260571
57455,57664,2026,,2026/06/15,15:26:00,COLISIÓN CONTRA OBJETO FIJO,ASFALTO,Bueno,Bueno,1,JEEP,GRIS OXFORD,1,,20,MASCULINO,SIN DATOS,0,0,Lázaro Cárdenas,Irekani,junio,lunes,15,-102.2212468,17.9753282
57456,57665,2026,,2026/06/15,16:03:00,SALIDA DE SUPERFICIE DE RODAMIENTO,ASFALTO,Bueno,Bueno,1,CHEVROLET,GUINDA,1,,36,MASCULINO,SIN DATOS,0,0,Álvaro Obregón,Sin datos,junio,lunes,16,-101.0438533,19.8401133
57457,57666,2026,MOR/20260069567,2026/06/15,16:16:00,COLISIÓN CON PEATÓN,CONCRETO,Bueno,Regular,1,Toyota,Blanco,1,,51,MASCULINO,SIN DATOS,0,0,Morelia,Mariano Abasolo,junio,lunes,16,-101.2575786,19.6891121
57458,57667,2026,,2026/06/15,16:31:00,COLISIÓN POR CORTE DE CIRCULACIÓN,ASFALTO,Bueno,Bueno,2,MERCEDES-BENZ,Negro,2,MINISTERIO PÚBLICO,63,FEMENINO,SIN DATOS,0,0,Morelia,Division del Norte,junio,lunes,17,-101.1639233,19.7111067
57459,57668,2026,MOR/ 20260068845,2026/06/15,16:40:00,COLISIÓN POR CAMBIO DE CARRIL,ASFALTO,Bueno,Regular,2,International,Blanco,2,,33,MASCULINO,SIN DATOS,0,0,Morelia,Canteras de Morelia,junio,lunes,17,-101.1717113,19.7155889
57460,57669,2026,,2026/06/15,17:29:00,COLISIÓN POR CORTE DE CIRCULACIÓN,ASFALTO,Bueno,Bueno,2,CHEVROLET,BLANCO,2,,75,MASCULINO,SIN DATOS,0,0,Lázaro Cárdenas,Solidaridad Nacional,junio,lunes,17,-102.2128468,17.9681077
57461,57670,2026,,2026/06/15,17:59:00,COLISIÓN POR CORTE DE CIRCULACIÓN,ASFALTO,Bueno,Bueno,2,Jeep,Arena,3,,42,MASCULINO,SIN DATOS,1,0,Pátzcuaro,Centro,junio,lunes,18,-101.6122526,19.5126776
57462,57671,2026,MOR20260989234,2026/06/15,18:50:00,COLISIÓN POR ALCANCE,ASFALTO,Bueno,Bueno,2,Volkswagen,Blanco,2,MINISTERIO PÚBLICO,33,MASCULINO,SIN DATOS,0,0,Morelia,Irrigacion,junio,lunes,19,-101.2224992,19.7053322
57463,57672,2026,MOR20260069868,2026/06/15,18:59:00,COLISIÓN POR ALCANCE,ASFALTO,Bueno,Bueno,2,Ford,Azul,2,,27,MASCULINO,SIN DATOS,0,0,Morelia,Chapultepec Oriente,junio,lunes,19,-101.1603843,19.6885711
57464,57673,2026,MOR202600000189,2026/06/15,19:22:00,COLISIÓN POR CAMBIO DE CARRIL,ASFALTO,Bueno,Bueno,2,Chevrolet,Blanco,2,,38,MASCULINO,SIN DATOS,0,0,Morelia,Tinijaro,junio,lunes,19,-101.2629483,19.6965559
57465,57674,2026,APTZ/20260004806,2026/06/15,19:52:00,VOLCADURA,ASFALTO,Bueno,Bueno,1,TOYOTA,BLANCO,2,,15,MASCULINO,SIN DATOS,1,0,Apatzingán,Buenos Aires,junio,lunes,20,-102.3591605,19.0991051
57466,57675,2026,LCR/20260009445,2026/06/15,19:59:00,COLISIÓN POR ALCANCE,ASFALTO,Bueno,Bueno,2,NISSAN,BLANCO,2,,48,FEMENINO,SIN DATOS,0,0,Lázaro Cárdenas,Segundo Sector de Fidelac,junio,lunes,20,-102.2026304,17.9615582
57467,57676,2026,MOR/20260069908,2026/06/15,20:08:00,COLISIÓN POR CAMBIO DE CARRIL,ASFALTO,Bueno,Bueno,2,Volkswagen,Blanco,2,,29,FEMENINO,SIN DATOS,0,0,Morelia,Camelinas,junio,lunes,20,-101.1702448,19.6821613
57468,57677,2026,,2026/06/15,20:32:00,INCIDENTE DE TRÁNSITO,ASFALTO,Bueno,Bueno,2,ANKAI,BLANCO,1,,35,MASCULINO,SIN DATOS,0,0,Gabriel Zamora,Martires de Lombardia,junio,lunes,21,-102.0629136,19.1691889
57469,57678,2026,MOR/20260069942,2026/06/15,21:39:00,SUBIDA AL CAMELLÓN,ASFALTO,Bueno,Bueno,1,Dodge,Azul,1,,67,MASCULINO,ALIENTO ETÍLICO,0,0,Morelia,Lomas del Tecnologico,junio,lunes,22,-101.193416,19.7231205
57470,57679,2026,MOR20260069979,2026/06/16,"06:43:00",CAIDA DE MOTOCICLETA,ASFALTO,Bueno,Bueno,1,Bajaj,Gris,1,,32,,SIN DATOS,0,0,Morelia,Libertad,junio,martes,7,-101.2379218,19.6869234
57471,57680,2026,MOR20260070065,2026/06/16,"08:52:00",COLISIÓN POR INVASIÓN DE CARRIL,ASFALTO,Bueno,Bueno,2,Vento,Blanco,2,,23,MASCULINO,SIN DATOS,0,0,Morelia,Jose Ma Pino Suarez,junio,martes,9,-101.1623398,19.7209161
57472,57681,2026,"20260070083",2026/06/16,10:00:00,COLISIÓN POR CORTE DE CIRCULACIÓN,CONCRETO,Bueno,Bueno,2,Mitsubishi,Blanco,2,,34,FEMENINO,SIN DATOS,0,0,Morelia,Residencial Alborada,junio,martes,10,-101.2349034,19.7034403
57473,57682,2026,,2026/06/16,12:48:00,COLISIÓN POR ALCANCE,ASFALTO,Bueno,Bueno,2,NISSAN,BLANCO,2,,26,MASCULINO,SIN DATOS,0,0,Uruapan,El Mirador,junio,martes,13,-102.0730789,19.441111
57474,57683,2026,,2026/06/16,13:13:00,COLISIÓN POR CORTE DE CIRCULACIÓN,ASFALTO,Bueno,Regular,2,NISSAN,BLANCO,4,,77,MASCULINO,SIN DATOS,2,0,Irimbo,Sin datos,junio,martes,13,-100.5041017,19.6889143
57475,57684,2026,LCR/20260009586,2026/06/16,14:21:00,COLISIÓN POR ALCANCE,CONCRETO,Bueno,Bueno,2,CHEVROLET,BLANCO,1,,,MASCULINO,SIN DATOS,0,0,Lázaro Cárdenas,Bassols,junio,martes,14,-102.2299307,17.9741048
57476,57685,2026,APTZ/20260004828,2026/06/16,14:25:00,INCENDIO,ASFALTO,Bueno,Bueno,1,JEEP,GRIS,0,,,,,0,0,Apatzingán,Sin datos,junio,martes,14,-102.3247967,19.148495
57477,57686,2026,MOR/20260070173,2026/06/16,15:14:00,COLISIÓN POR CAMBIO DE CARRIL,ASFALTO,Bueno,Bueno,2,Ford,Plata,2,,20,MASCULINO,SIN DATOS,0,0,Morelia,Balcones de Morelia,junio,martes,15,-101.2006522,19.67474
57478,57687,2026,,2026/06/16,15:39:00,SALIDA DE SUPERFICIE DE RODAMIENTO,ASFALTO,Bueno,Bueno,1,CHEVROLET,GRIS,1,,,FEMENINO,SIN DATOS,0,0,Zinapécuaro,Sin datos,junio,martes,16,-100.80255,19.898175
57479,57688,2026,MOR20260000012,2026/06/16,15:52:00,COLISIÓN POR CAMBIO DE CARRIL,CONCRETO,Bueno,Bueno,2,NISSAN,BLANCO,2,,24,MASCULINO,SIN DATOS,0,0,Morelia,Victor Manuel Tinoco Rubi,junio,martes,16,-101.2441341,19.7020478
57480,57689,2026,,2026/06/16,16:40:00,COLISIÓN POR CAMBIO DE CARRIL,ASFALTO,Bueno,Regular,2,International,Blanco,2,,31,MASCULINO,SIN DATOS,0,0,Morelia,Terrazas del Campestre,junio,martes,17,-101.1584831,19.6859858
57481,57690,2026,,2026/06/16,17:08:00,COLISIÓN POR CAMBIO DE CARRIL,CONCRETO,Bueno,Bueno,2,Toyota,Gris,2,,28,FEMENINO,SIN DATOS,0,0,Morelia,Tinijaro,junio,martes,17,-101.2578878,19.6974147
57482,57691,2026,MOR/20260070215,2026/06/16,17:24:00,COLISIÓN POR MANIOBRA DE REVERSA,CONCRETO,Nublado,Bueno,2,Chevrolet,Plata,2,,35,MASCULINO,SIN DATOS,0,0,Morelia,Arboledas de Valladolid,junio,martes,17,-101.2502367,19.6948109
57483,57692,2026,MOR/20260070232,2026/06/16,18:50:00,COLISIÓN POR CAMBIO DE CARRIL,ASFALTO,Bueno,Regular,2,HONDA,ROJO,2,MINISTERIO PÚBLICO,50,MASCULINO,SIN DATOS,0,0,Morelia,Centro,junio,martes,19,-101.2001477,19.7009403
57484,57693,2026,MOR/20260070264,2026/06/16,19:19:00,COLISIÓN POR ALCANCE,CONCRETO,Bueno,Bueno,2,Vento,Blanco perla,2,,28,MASCULINO,SIN DATOS,0,0,Morelia,Comision Federal de Electricidad,junio,martes,19,-101.1803491,19.6816294
57485,57694,2026,,2026/06/16,19:26:00,COLISIÓN POR CORTE DE CIRCULACIÓN,ASFALTO,Nublado,Regular,2,ITALIKA,AZUL,4,,26,MASCULINO,SIN DATOS,2,0,Paracho,Centro,junio,martes,19,-102.0512742,19.6444748
57486,57695,2026,,2026/06/16,20:37:00,COLISIÓN POR ALCANCE,ASFALTO,Bueno,Bueno,2,CHEVROLET,GRIS,4,,30,MASCULINO,SIN DATOS,2,0,Zacapu,Tirindaro,junio,martes,21,-101.7380109,19.7659994
57487,57696,2026,MOR/20260070296,2026/06/16,21:20:00,COLISIÓN POR ALCANCE,ASFALTO,Bueno,Bueno,2,NISSAN,ROJO,2,,18,MASCULINO,SIN DATOS,0,0,Morelia,Asociacion Zirahuen,junio,martes,21,-101.2468633,19.6996961
57488,57697,2026,,2026/06/16,21:29:00,COLISIÓN POR INVASIÓN DE CARRIL,ASFALTO,Bueno,Bueno,2,JOHN DEERE,VERDE,2,,45,MASCULINO,SIN DATOS,0,0,Álvaro Obregón,Sin datos,junio,martes,21,-101.0197117,19.8624283