fid,id_accidente,anio_origen,folio_c5i,dia_incidente,hora_ocurrencia,tipo_incidente_vial,superficie_ocurrencia,condiciones_climaticas,condiciones_via,numero_vehiculos_involucrados,marca_vehiculo_ocasiona_siniestro,color_vehiculo_ocasiona_siniestro,numero_personas_involucradas,lugar_remite_presunto_responsable,edad_presunto_responsable,sexo_presunto_responsable,resultados_toxicologia,numero_personas_lesionadas,numero_personas_fallecidas,municipio,colonia,mes,dia_semana,hora_redondeada,lon,lat
57489,57698,2026,,2026/06/16,21:56:00,COLISIÓN POR INVASIÓN DE CARRIL,ASFALTO,Bueno,Bueno,2,JEEP,AZUL,2,,,MASCULINO,SIN DATOS,0,0,Morelia,Josefa Ortiz de Dominguez,junio,martes,22,-101.2125717,19.6731933
57490,57699,2026,MOR20260070445,2026/06/17,"06:15:00",COLISIÓN CONTRA OBJETO FIJO,ASFALTO,Bueno,Bueno,1,Ford,Blanco,1,,,MASCULINO,SIN DATOS,0,0,Morelia,Tzindurio de Morelos,junio,miércoles,6,-101.2447554,19.6999107
57491,57700,2026,,2026/06/17,"08:47:00",COLISIÓN POR INVASIÓN DE CARRIL,ASFALTO,Nublado,Bueno,2,ISUZU,BLANCO,2,,33,MASCULINO,SIN DATOS,0,0,Lázaro Cárdenas,Jose Green,junio,miércoles,9,-102.2025953,17.9670109
57492,57701,2026,MOR/202636948,2026/06/17,10:07:00,COLISIÓN POR ALCANCE,ASFALTO,Bueno,Bueno,2,FORD,BLANCO,2,,19,FEMENINO,SIN DATOS,0,0,Morelia,Sin datos,junio,miércoles,10,-101.2913469,19.5985777
57493,57702,2026,,2026/06/17,10:11:00,CAIDA DE MOTOCICLETA,ASFALTO,Bueno,Bueno,1,VENTO,ROJO,1,,,,,1,0,Lázaro Cárdenas,Infonavit Nuevo Horizonte,junio,miércoles,10,-102.209001,17.9567396
57494,57703,2026,MOR20265627,2026/06/17,10:45:00,INCIDENTE DE TRÁNSITO,ASFALTO,Bueno,Bueno,1,Mercedes-benz,Verde,1,,71,,SIN DATOS,0,0,Morelia,Sin datos,junio,miércoles,11,-101.2998863,19.5902809
57495,57704,2026,MOR/20260070536,2026/06/17,11:53:00,SALIDA DE SUPERFICIE DE RODAMIENTO,ASFALTO,Bueno,Regular,1,NISSAN,BLANCO,1,,50,MASCULINO,SIN DATOS,0,0,Morelia,Sin datos,junio,miércoles,12,-101.2897622,19.6019063
57496,57705,2026,,2026/06/17,13:20:00,COLISIÓN POR CORTE DE CIRCULACIÓN,ASFALTO,Bueno,Bueno,2,International,Blanco,2,,,,SIN DATOS,0,0,Zamora,Centro,junio,miércoles,13,-102.2891426,19.9839328
57497,57706,2026,LCR/20260009545,2026/06/17,13:21:00,COLISIÓN POR CORTE DE CIRCULACIÓN,CONCRETO,Bueno,Bueno,2,NISSAN,ROJO,2,,66,MASCULINO,SIN DATOS,0,0,Lázaro Cárdenas,Del Carmen,junio,miércoles,13,-102.2076535,17.971987
57498,57707,2026,MOR/202664269,2026/06/17,14:04:00,COLISIÓN POR CORTE DE CIRCULACIÓN,TERRACERIA,Bueno,Bueno,1,Kenworth,Rojo,1,MINISTERIO PÚBLICO,27,MASCULINO,SIN DATOS,0,0,Lagunillas,Sin datos,junio,miércoles,14,-101.4412268,19.5801908
57499,57708,2026,MOR/20260070584,2026/06/17,14:06:00,COLISIÓN POR ALCANCE,ASFALTO,Bueno,Regular,2,CHEVROLET,AZUL,2,,49,MASCULINO,SIN DATOS,0,0,Morelia,Vasco de Quiroga,junio,miércoles,14,-101.1685831,19.7082248
57500,57709,2026,MOR20260070571,2026/06/17,14:16:00,COLISIÓN POR ALCANCE,ASFALTO,Bueno,Bueno,2,TOYOTA,BLANCO,2,,26,MASCULINO,SIN DATOS,0,0,Morelia,Emiliano Zapata,junio,miércoles,14,-101.2310865,19.6543419
57501,57710,2026,MOR/20260070587,2026/06/17,14:28:00,COLISIÓN POR CAMBIO DE CARRIL,ASFALTO,Nublado,Regular,2,Mercedes-benz,Plata,2,,29,FEMENINO,SIN DATOS,0,0,Morelia,Lomas de Las Americas Sur,junio,miércoles,14,-101.1468671,19.6944193
57502,57711,2026,MOR20260070560,2026/06/17,15:56:00,COLISIÓN CONTRA OBJETO FIJO,ASFALTO,Lluvioso,Regular,2,HINO,BLANCO,3,,18,MASCULINO,SIN DATOS,1,0,Morelia,El Eden,junio,miércoles,16,-101.2490083,19.6471417
57503,57712,2026,,2026/06/17,18:25:00,COLISIÓN CONTRA OBJETO FIJO,CONCRETO,Bueno,Bueno,2,NISSAN,NEGRO,0,,,,,0,0,Lázaro Cárdenas,Las Torres,junio,miércoles,18,-102.2142267,17.9624686
57504,57713,2026,MOR/2026007067,2026/06/17,20:21:00,SALIDA DE SUPERFICIE DE RODAMIENTO,ASFALTO,Bueno,Bueno,1,Toyota,Negro,5,MINISTERIO PÚBLICO,25,FEMENINO,SIN DATOS,4,0,Morelia,Sin datos,junio,miércoles,20,-101.2737739,19.6307247
57505,57714,2026,MOR/20260070688,2026/06/17,20:41:00,COLISIÓN POR ALCANCE,ASFALTO,Bueno,Bueno,2,Mercedes-benz,Blanco,2,,34,MASCULINO,SIN DATOS,0,0,Morelia,Nueva Valladolid,junio,miércoles,21,-101.207634,19.7017231
57506,57715,2026,APTZ/20260004860,2026/06/17,23:20:00,CAIDA DE MOTOCICLETA,ASFALTO,Bueno,Regular,1,ITALIKA,NEGRO,1,,,,SIN DATOS,0,0,Apatzingán,Centro,junio,miércoles,23,-102.354216,19.0890056
57507,57716,2026,MOR/20260070804,2026/06/18,"07:53:00",COLISIÓN POR CORTE DE CIRCULACIÓN,CONCRETO,Bueno,Bueno,2,Jeep,Negro,2,,38,MASCULINO,SIN DATOS,0,0,Morelia,Peña Blanca,junio,jueves,8,-101.1934255,19.6658651
57508,57717,2026,LCR/20260009601,2026/06/18,16:03:00,COLISIÓN POR NO RESPETAR SEMÁFORO,ASFALTO,Bueno,Bueno,2,CHRYSLER,BLANCO,2,,60,MASCULINO,SIN DATOS,0,0,Lázaro Cárdenas,El Palmar 77,junio,jueves,16,-102.2163,17.9744387
57509,57718,2026,MOR20260071071,2026/06/18,20:36:00,COLISIÓN CONTRA OBJETO FIJO,ASFALTO,Nublado,Regular,1,Nissan,Blanco,1,,70,MASCULINO,SIN DATOS,0,0,Morelia,Valle Quieto,junio,jueves,21,-101.2022421,19.6840685
57510,57719,2026,,2026/06/18,23:05:00,COLISIÓN POR NO RESPETAR SEMÁFORO,ASFALTO,Lluvioso,Bueno,2,HYUNDAI,GRIS,2,,20,MASCULINO,SIN DATOS,0,0,Morelia,Prados del Campestre,junio,jueves,23,-101.1657043,19.6840031
57511,57720,2026,MOR/20260071168,2026/06/19,"00:47:00",COLISIÓN CON PEATÓN,ASFALTO,Lluvioso,Regular,1,HYUNDAI,BLANCO,2,,19,MASCULINO,SIN DATOS,1,0,Morelia,Centro,junio,viernes,1,-101.1919753,19.7028673
57512,57721,2026,,2026/06/19,"00:48:00",COLISIÓN CONTRA OBJETO FIJO,CONCRETO,Bueno,Bueno,1,SEAT,BLANCO,0,,,,,0,0,Morelia,Santa Maria de Guido,junio,viernes,1,-101.1927009,19.6771929
57513,57722,2026,,2026/06/19,"02:47:00",VOLCADURA,ASFALTO,Lluvioso,Malo,1,TOYOTA,BLANCO,1,,24,MASCULINO,SIN DATOS,0,0,Morelia,Hermanos Lopez Rayon,junio,viernes,3,-101.2203502,19.6763235
57514,57723,2026,MOR/20260071272,2026/06/19,"09:24:00",COLISIÓN CONTRA OBJETO FIJO,ASFALTO,Nublado,Bueno,2,TOYOTA,BLANCO,2,,,OTRO,SIN DATOS,0,0,Morelia,Vasco de Quiroga,junio,viernes,9,-101.1690371,19.701668
57515,57724,2026,LCR/20260009644,2026/06/19,"09:37:00",COLISIÓN POR CORTE DE CIRCULACIÓN,ASFALTO,Bueno,Bueno,2,NISSAN,BLANCO,0,,,,,0,0,Lázaro Cárdenas,Irekani,junio,viernes,10,-102.2203007,17.9730091
57516,57725,2026,MOR20260071362,2026/06/19,14:19:00,CAIDA DE MOTOCICLETA,ASFALTO,Bueno,Bueno,1,CFMOTO,BLANCO,2,,21,MASCULINO,SIN DATOS,1,0,Morelia,Tres Puentes,junio,viernes,14,-101.2129549,19.7052514
57517,57726,2026,,2026/06/19,15:07:00,COLISIÓN POR ALCANCE,ASFALTO,Bueno,Regular,3,FORD,GUINDA,3,,42,FEMENINO,SIN DATOS,0,0,Tarímbaro,Sin datos,junio,viernes,15,-101.1284567,19.7775294
57518,57727,2026,MOR/20260071397,2026/06/19,15:33:00,COLISIÓN POR CORTE DE CIRCULACIÓN,CONCRETO,Bueno,Bueno,2,BAJAJ,AZUL,2,,27,FEMENINO,SIN DATOS,0,0,Morelia,Eduardo Ruiz,junio,viernes,16,-101.2130499,19.7186629
57519,57728,2026,MOR/20260071453,2026/06/19,17:08:00,COLISIÓN POR ALCANCE,ASFALTO,Bueno,Bueno,2,BYD,NEGRO,2,,23,MASCULINO,SIN DATOS,0,0,Morelia,Chapultepec Oriente,junio,viernes,17,-101.163441,19.695901
57520,57729,2026,MOR20260071400,2026/06/19,17:54:00,COLISIÓN POR ALCANCE,ASFALTO,Bueno,Bueno,2,KENWORTH,BLANCO,2,,39,MASCULINO,SIN DATOS,0,0,Morelia,La Quemada,junio,viernes,18,-101.2415752,19.7054577
57521,57730,2026,,2026/06/19,18:42:00,VOLCADURA,ASFALTO,Lluvioso,Bueno,1,TOYOTA,NEGRO,0,,,,,0,0,Zinapécuaro,Sin datos,junio,viernes,19,-100.7809065,19.8420232
57522,57731,2026,,2026/06/19,18:51:00,SALIDA DE SUPERFICIE DE RODAMIENTO,ASFALTO,Malo,Regular,1,FORD,VERDE OSCURO,1,,22,MASCULINO,SIN DATOS,0,0,Zitácuaro,Sin datos,junio,viernes,19,-100.4057783,19.3481417
57523,57732,2026,MOR/20260071472,2026/06/19,18:54:00,COLISIÓN CONTRA OBJETO FIJO,ASFALTO,Lluvioso,Regular,2,Mitsubishi,Blanco,2,,46,MASCULINO,SIN DATOS,0,0,Morelia,La Calera,junio,viernes,19,-101.2361197,19.6692906
57524,57733,2026,,2026/06/19,18:55:00,COLISIÓN POR CORTE DE CIRCULACIÓN,ASFALTO,Lluvioso,Regular,2,SUZUKI,BLANCO,2,,31,MASCULINO,SIN DATOS,0,0,Lázaro Cárdenas,Centro,junio,viernes,19,-102.2023492,17.9614031
57525,57734,2026,,2026/06/19,20:12:00,COLISIÓN POR ALCANCE,ASFALTO,Lluvioso,Regular,2,INFINITI,BLANCO,2,,31,FEMENINO,SIN DATOS,1,0,Lázaro Cárdenas,1Er Sect de Fidelac,junio,viernes,20,-102.2006294,17.9616064
57526,57735,2026,,2026/06/19,20:33:00,SALIDA DE SUPERFICIE DE RODAMIENTO,ASFALTO,Lluvioso,Regular,1,CHRYSLER,NEGRO,1,,54,MASCULINO,SIN DATOS,0,0,Coeneo,Sin datos,junio,viernes,21,-101.6121503,19.7139047
57527,57736,2026,,2026/06/19,21:05:00,COLISIÓN POR INVASIÓN DE CARRIL,ASFALTO,Bueno,Bueno,2,NISSAN,ROJO,2,,58,MASCULINO,SIN DATOS,0,0,Álvaro Obregón,Sin datos,junio,viernes,21,-101.0089117,19.850545
57528,57737,2026,MOR/20260071535,2026/06/19,21:32:00,SALIDA DE SUPERFICIE DE RODAMIENTO,ASFALTO,Lluvioso,Malo,1,Suzuki,Blanco,1,MINISTERIO PÚBLICO,27,MASCULINO,SIN DATOS,0,0,Morelia,Sin datos,junio,viernes,22,-101.3912106,19.5587592
57529,57738,2026,,2026/06/19,21:38:00,COLISIÓN POR ALCANCE,ASFALTO,Lluvioso,Regular,2,FORD,GRIS,2,,64,MASCULINO,SIN DATOS,0,0,Pátzcuaro,Revolucion,junio,viernes,22,-101.6117125,19.531984
57530,57739,2026,MOR/20260071570,2026/06/19,23:07:00,COLISIÓN POR ALCANCE,ASFALTO,Bueno,Bueno,2,CHEVROLET,GRIS,2,,38,MASCULINO,SIN DATOS,0,0,Morelia,Josefa Ortiz de Dominguez,junio,viernes,23,-101.2096215,19.672075
57531,57740,2026,MOR/20260071641,2026/06/20,"04:17:00",SUBIDA AL CAMELLÓN,ASFALTO,Lluvioso,Bueno,1,Nissan,Gris,1,,42,MASCULINO,ALIENTO ETÍLICO,0,0,Morelia,Eduardo Ruiz,junio,sábado,4,-101.2255014,19.7226702
57532,57741,2026,MOR/20260071670,2026/06/20,"05:35:00",SUBIDA AL CAMELLÓN,ASFALTO,Lluvioso,Regular,1,Nissan,Azul,1,,39,MASCULINO,ALIENTO ETÍLICO,0,0,Morelia,Leandro Valle,junio,sábado,6,-101.2301752,19.7164114
57533,57742,2026,,2026/06/20,"08:07:00",DESBARRANCAMIENTO,ASFALTO,Lluvioso,Bueno,1,VOLKSWAGEN,BLANCO,2,,39,FEMENINO,SIN DATOS,1,0,Hidalgo,Barranca Seca,junio,sábado,8,-100.5804186,19.6951432
57534,57743,2026,,2026/06/20,"08:32:00",COLISIÓN POR CORTE DE CIRCULACIÓN,ASFALTO,Bueno,Bueno,2,CHEVROLET,GRIS,2,MINISTERIO PÚBLICO,,,SIN DATOS,0,0,Morelia,Vista Bella,junio,sábado,9,-101.1947918,19.6798394
57535,57744,2026,MOR20260071693,2026/06/20,11:16:00,COLISIÓN POR CAMBIO DE CARRIL,ASFALTO,Bueno,Bueno,3,Kenworth,Blanco,3,,40,MASCULINO,SIN DATOS,0,0,Morelia,La Calera,junio,sábado,11,-101.232745,19.677815
57536,57745,2026,,2026/06/20,11:28:00,COLISIÓN POR CORTE DE CIRCULACIÓN,CONCRETO,Bueno,Bueno,2,Dodge,Amarillo,2,,,MASCULINO,SIN DATOS,0,0,Morelia,Los Manantiales de Morelia,junio,sábado,11,-101.2413441,19.7005857
57537,57746,2026,,2026/06/20,11:48:00,COLISIÓN POR CORTE DE CIRCULACIÓN,CONCRETO,Bueno,Bueno,2,Vento,Rojo,2,,21,MASCULINO,SIN DATOS,0,0,Morelia,Chapultepec Sur,junio,sábado,12,-101.1792654,19.6923517
57538,57747,2026,LCR/20260009703,2026/06/20,12:06:00,COLISIÓN CONTRA OBJETO FIJO,ASFALTO,Nublado,Bueno,5,NISSAN,GRIS,1,,25,MASCULINO,SIN DATOS,0,0,Lázaro Cárdenas,Centro,junio,sábado,12,-102.1964459,17.95749
57539,57748,2026,,2026/06/20,13:08:00,COLISIÓN POR CORTE DE CIRCULACIÓN,ADOQUIN_EMPEDRADO,Nublado,Regular,2,CHEVROLET,BLANCO,2,,59,MASCULINO,SIN DATOS,0,0,Lázaro Cárdenas,Leandro Valle,junio,sábado,13,-102.2080555,18.019289
57540,57749,2026,MOR/20260071805,2026/06/20,13:35:00,VOLCADURA,ASFALTO,Bueno,Bueno,2,Chevrolet,Blanco,2,,42,MASCULINO,SIN DATOS,0,0,Morelia,Los Manantiales de Morelia,junio,sábado,14,-101.2416834,19.6963777
57541,57750,2026,,2026/06/20,13:47:00,COLISIÓN CONTRA OBJETO FIJO,CONCRETO,Bueno,Bueno,1,Nissan,Blanco,1,,,,SIN DATOS,0,0,Morelia,Indeco El Vivero,junio,sábado,14,-101.23113,19.6774583
57542,57751,2026,,2026/06/20,14:22:00,COLISIÓN POR CORTE DE CIRCULACIÓN,CONCRETO,Bueno,Bueno,2,Hyundai,Gris,2,,59,MASCULINO,SIN DATOS,0,0,Morelia,Fuentes de Morelia,junio,sábado,14,-101.2040125,19.671605
57543,57752,2026,,2026/06/20,15:04:00,COLISIÓN POR CORTE DE CIRCULACIÓN,ASFALTO,Bueno,Regular,2,VOLKSWAGEN,BLANCO,3,,,MASCULINO,SIN DATOS,1,0,Zamora,La Rinconada,junio,sábado,15,-102.2843416,20.0401826
57544,57753,2026,,2026/06/20,15:24:00,COLISIÓN POR ALCANCE,ASFALTO,Bueno,Bueno,2,Dodge,Blanco,2,,20,MASCULINO,SIN DATOS,0,0,Morelia,La Floresta,junio,sábado,15,-101.1515324,19.6845775
57545,57754,2026,,2026/06/20,15:28:00,COLISIÓN POR ALCANCE,ASFALTO,Bueno,Regular,3,Chevrolet,Azul,3,,,MASCULINO,SIN DATOS,0,0,Zamora,Chaparaco,junio,sábado,15,-102.2592261,19.962785
57546,57755,2026,,2026/06/20,17:05:00,CAIDA DE MOTOCICLETA,ASFALTO,Bueno,Bueno,1,ITALIKA,AZUL,1,,,,SIN DATOS,0,0,Apatzingán,Zona Industrial,junio,sábado,17,-102.3309285,19.0637512
57547,57756,2026,MOR20260071895,2026/06/20,17:25:00,COLISIÓN POR ALCANCE,ASFALTO,Bueno,Bueno,2,Nissan,Gris,2,,,MASCULINO,SIN DATOS,0,0,Morelia,Jose Maria Morelos,junio,sábado,17,-101.2177586,19.7162511
57548,57757,2026,MOR/20260071909,2026/06/20,17:34:00,COLISIÓN POR CAMBIO DE CARRIL,ASFALTO,Bueno,Bueno,2,NISSAN,PLATA,2,,32,FEMENINO,SIN DATOS,0,0,Morelia,Francisco J Mujica,junio,sábado,18,-101.1854163,19.7241455
57549,57758,2026,,2026/06/20,19:26:00,COLISIÓN POR ALCANCE,ASFALTO,Bueno,Bueno,2,CHEVROLET,ROJO,2,,56,MASCULINO,SIN DATOS,0,0,Morelia,Guadalupe,junio,sábado,19,-101.2261688,19.7084804
57550,57759,2026,,2026/06/20,21:06:00,COLISIÓN POR INVASIÓN DE CARRIL,ASFALTO,Nublado,Bueno,2,NISSAN,PLATA,2,,22,FEMENINO,SIN DATOS,0,0,Lázaro Cárdenas,Las Torres,junio,sábado,21,-102.2141738,17.9629615
57551,57760,2026,MOR/20260072016,2026/06/20,21:12:00,COLISIÓN CONTRA OBJETO FIJO,CONCRETO,Bueno,Regular,1,NISSAN,GUINDA,0,,,,,0,0,Morelia,El Lago 1,junio,sábado,21,-101.2144674,19.7287539
57552,57761,2026,,2026/06/20,22:20:00,COLISIÓN POR INVASIÓN DE CARRIL,ASFALTO,Bueno,Bueno,2,CHEVROLET,NEGRO,1,,1,,SIN DATOS,0,0,Quiroga,Sin datos,junio,sábado,22,-101.5925045,19.6914155
57553,57762,2026,,2026/06/20,22:41:00,VOLCADURA,ASFALTO,Bueno,Bueno,1,Toyota,Rojo,0,MINISTERIO PÚBLICO,,,,0,0,Morelia,Alfonso Espinoza Guerrero (Barranca Seca),junio,sábado,23,-101.1715566,19.6703989
57554,57763,2026,,2026/06/20,22:44:00,COLISIÓN POR ALCANCE,ASFALTO,Bueno,Bueno,2,FORD,ROJO,2,,78,MASCULINO,SIN DATOS,0,0,Morelia,Ejidal San Isidro,junio,sábado,23,-101.2798199,19.691035
57555,57764,2026,,2026/06/20,23:55:00,VOLCADURA,CONCRETO,Lluvioso,Malo,1,Chevrolet,Gris,0,MINISTERIO PÚBLICO,,,,0,0,Morelia,La Aldea,junio,sábado,0,-101.140703,19.746592
57556,57765,2026,,2026/06/21,"02:05:00",COLISIÓN CONTRA OBJETO FIJO,ASFALTO,Lluvioso,Regular,1,Honda,Plata,1,,22,MASCULINO,SIN DATOS,0,0,Morelia,Villas Lomas del Paraiso,junio,domingo,2,-101.1712547,19.6706077
57557,57766,2026,,2026/06/21,"02:24:00",COLISIÓN CONTRA OBJETO FIJO,ASFALTO,Bueno,Bueno,2,CHEVROLET,ROJO,2,,,MASCULINO,SIN DATOS,0,0,Morelia,Villas del Real,junio,domingo,2,-101.2007849,19.7333309
57558,57767,2026,MOR/20260072207,2026/06/21,"03:16:00",SALIDA DE SUPERFICIE DE RODAMIENTO,ASFALTO,Bueno,Malo,1,Ford,Negro,1,,18,MASCULINO,SIN DATOS,0,0,Morelia,Sin datos,junio,domingo,3,-101.2893627,19.6030088
57559,57768,2026,,2026/06/21,"03:58:00",SUBIDA AL CAMELLÓN,ASFALTO,Lluvioso,Malo,1,Honda,Rojo,1,,32,MASCULINO,ALIENTO ETÍLICO,0,0,Morelia,Martires de Uruapan,junio,domingo,4,-101.2007838,19.7253631
57560,57769,2026,,2026/06/21,"04:45:00",COLISIÓN POR NO RESPETAR SEMÁFORO,ASFALTO,Bueno,Bueno,2,FORD,NEGRO,2,,,MASCULINO,SIN DATOS,0,0,Morelia,Jardines de Torremolinos,junio,domingo,5,-101.2257417,19.6766817
57561,57770,2026,,2026/06/21,"05:33:00",COLISIÓN POR NO RESPETAR SEMÁFORO,ASFALTO,Bueno,Bueno,2,FORD,NEGRO,2,,19,MASCULINO,SIN DATOS,0,0,Morelia,Molino de Parras,junio,domingo,6,-101.2064771,19.701229
57562,57771,2026,,2026/06/21,"05:50:00",COLISIÓN POR ALCANCE,ASFALTO,Bueno,Bueno,2,NISSAN,GRIS,1,,21,MASCULINO,SIN DATOS,0,0,Morelia,Cosmos,junio,domingo,6,-101.216377,19.6834999
57563,57772,2026,,2026/06/21,"08:15:00",SALIDA DE SUPERFICIE DE RODAMIENTO,ASFALTO,Lluvioso,Malo,1,BENELLI,ROJO,2,,,,,2,0,Uruapan,Sin datos,junio,domingo,8,-102.0573866,19.3665797
57564,57773,2026,,2026/06/21,"08:34:00",SALIDA DE SUPERFICIE DE RODAMIENTO,ASFALTO,Nublado,Malo,1,NISSAN,GRIS,1,,21,MASCULINO,SIN DATOS,0,0,Morelia,Sin datos,junio,domingo,9,-101.2904681,19.599308
57565,57774,2026,,2026/06/21,10:09:00,COLISIÓN POR INVASIÓN DE CARRIL,ASFALTO,Bueno,Regular,1,FORD,BLANCO,0,,,,,0,0,Hidalgo,Sin datos,junio,domingo,10,-100.6910914,19.6694454
57566,57775,2026,MOR/20260072289,2026/06/21,10:36:00,COLISIÓN POR ALCANCE,ASFALTO,Bueno,Bueno,2,TOYOTA,GRIS,2,,47,FEMENINO,SIN DATOS,0,0,Morelia,Vista Bella,junio,domingo,11,-101.1941403,19.6818127
57567,57776,2026,MOR/20260072292,2026/06/21,11:26:00,COLISIÓN POR CORTE DE CIRCULACIÓN,ASFALTO,Bueno,Regular,2,CHRYSLER,NEGRO,2,,60,MASCULINO,SIN DATOS,0,0,Morelia,Lomas del Tecnologico,junio,domingo,11,-101.1942639,19.7201827
57568,57777,2026,LCR/20260009761,2026/06/21,12:10:00,COLISIÓN POR ALCANCE,ASFALTO,Bueno,Regular,2,VOLKSWAGEN,BLANCO,2,,28,MASCULINO,SIN DATOS,0,0,Lázaro Cárdenas,Solidaridad Nacional,junio,domingo,12,-102.2131025,17.969492
57569,57778,2026,,2026/06/21,13:17:00,SALIDA DE SUPERFICIE DE RODAMIENTO,ASFALTO,Nublado,Regular,1,ISUZU,BLANCO,0,,,,,0,0,Tlalpujahua,Sin datos,junio,domingo,13,-100.2021365,19.783482
57570,57779,2026,MOR/20260072372,2026/06/21,15:27:00,SUBIDA AL CAMELLÓN,ASFALTO,Bueno,Bueno,1,VOLKSWAGEN,NEGRO,1,,61,MASCULINO,SIN DATOS,0,0,Morelia,Tlalpujahua,junio,domingo,15,-101.2178067,19.6791217
57571,57780,2026,MOR/202600615738,2026/06/21,16:29:00,COLISIÓN POR ALCANCE,ASFALTO,Bueno,Bueno,2,DODGE,GRIS,2,,23,MASCULINO,SIN DATOS,0,0,Morelia,Molino de Parras,junio,domingo,16,-101.2058739,19.7002876
57572,57781,2026,,2026/06/21,19:42:00,SALIDA DE SUPERFICIE DE RODAMIENTO,ASFALTO,Lluvioso,Regular,1,FORD,BLANCO,0,,,,,0,0,Tlalpujahua,Sin datos,junio,domingo,20,-100.2294031,19.7653422
57573,57782,2026,,2026/06/21,20:59:00,COLISIÓN POR INVASIÓN DE CARRIL,CONCRETO,Bueno,Regular,2,VOLKSWAGEN,ROJO,2,,28,MASCULINO,SIN DATOS,0,0,Múgica,Reforma,junio,domingo,21,-102.087694,19.030414
57574,57783,2026,MOR/20260072476,2026/06/21,21:03:00,COLISIÓN POR CORTE DE CIRCULACIÓN,CONCRETO,Bueno,Bueno,2,Volkswagen,Rojo,2,,32,MASCULINO,SIN DATOS,0,0,Morelia,Montaña Monarca,junio,domingo,21,-101.162743,19.6723735
57575,57784,2026,,2026/06/21,22:52:00,SALIDA DE SUPERFICIE DE RODAMIENTO,ASFALTO,Bueno,Bueno,1,CHEVROLET,GRIS,1,,24,MASCULINO,SIN DATOS,0,0,Charo,Sin datos,junio,domingo,23,-101.0332083,19.6881933
57576,57785,2026,,2026/06/21,23:36:00,SALIDA DE SUPERFICIE DE RODAMIENTO,ASFALTO,Bueno,Bueno,1,VOLKSWAGEN,GRIS,1,,28,MASCULINO,SIN DATOS,0,0,Charo,Sin datos,junio,domingo,0,-101.0493653,19.6836794
57577,57786,2026,MOR20260072544,2026/06/21,23:50:00,COLISIÓN POR ALCANCE,ASFALTO,Bueno,Bueno,2,Honda,Verde oscuro,2,,49,MASCULINO,SIN DATOS,0,0,Morelia,Sin datos,junio,domingo,0,-101.351625,19.540065
57578,57787,2026,MOR202600000099,2026/06/22,"01:11:00",VOLCADURA,ASFALTO,Bueno,Bueno,1,Volkswagen,Blanco,1,,50,MASCULINO,SIN DATOS,0,0,Morelia,Valle de Las Flores,junio,lunes,1,-101.1284015,19.6870809
57579,57788,2026,MOR/20260072717,2026/06/22,"06:38:00",COLISIÓN POR NO RESPETAR SEMÁFORO,ASFALTO,Bueno,Regular,1,Italika,Gris,3,,21,FEMENINO,SIN DATOS,2,0,Morelia,Nueva Valladolid,junio,lunes,7,-101.2081106,19.7010946
57580,57789,2026,,2026/06/22,"07:59:00",COLISIÓN POR ALCANCE,CONCRETO,Bueno,Bueno,1,HONDA,BLANCO,0,,,,,0,0,Lázaro Cárdenas,Sin datos,junio,lunes,8,-102.3347692,17.9781189
57581,57790,2026,,2026/06/22,"09:15:00",COLISIÓN POR ALCANCE,ASFALTO,Bueno,Bueno,2,Volkswagen,Blanco,2,,44,MASCULINO,SIN DATOS,0,0,Morelia,Los Angeles,junio,lunes,9,-101.177381,19.7406777
57582,57791,2026,,2026/06/22,"09:17:00",COLISIÓN POR ALCANCE,ASFALTO,Bueno,Bueno,3,Toyota,Azul,3,,50,MASCULINO,SIN DATOS,0,0,Morelia,Los Angeles,junio,lunes,9,-101.1775014,19.7399632
57583,57792,2026,,2026/06/22,"09:30:00",COLISIÓN POR MANIOBRA DE REVERSA,TERRACERIA,Bueno,Bueno,3,Nissan,Plata,3,,,,SIN DATOS,0,0,Morelia,Jose Vasconcelos,junio,lunes,10,-101.1070248,19.7598816
57584,57793,2026,,2026/06/22,11:36:00,COLISIÓN POR ALCANCE,ASFALTO,Bueno,Bueno,2,Nissan,Gris,2,,56,MASCULINO,SIN DATOS,0,0,Morelia,El Lago 1,junio,lunes,12,-101.2130558,19.7267581
57585,57794,2026,,2026/06/22,11:37:00,COLISIÓN POR CORTE DE CIRCULACIÓN,ASFALTO,Bueno,Bueno,2,DODGE,NEGRO,1,,24,MASCULINO,SIN DATOS,0,0,Lázaro Cárdenas,Segundo Sector de Fidelac,junio,lunes,12,-102.2039476,17.963224
57586,57795,2026,MOR/20260072816,2026/06/22,12:47:00,COLISIÓN POR CORTE DE CIRCULACIÓN,ASFALTO,Bueno,Bueno,2,Honda,Negro,2,,57,FEMENINO,SIN DATOS,0,0,Morelia,Alberto Oviedo Mota,junio,lunes,13,-101.2021182,19.6775147
57587,57796,2026,APTZ/20260004998,2026/06/22,13:22:00,COLISIÓN POR CORTE DE CIRCULACIÓN,ASFALTO,Bueno,Bueno,2,VOLKSWAGEN,ROJO,2,,43,FEMENINO,SIN DATOS,0,0,Apatzingán,Ferrocarril,junio,lunes,13,-102.3526571,19.0814001
57588,57797,2026,,2026/06/22,14:06:00,COLISIÓN POR INVASIÓN DE CARRIL,ASFALTO,Bueno,Bueno,2,CHEVROLET,VERDE,2,,46,MASCULINO,SIN DATOS,0,0,Lázaro Cárdenas,Centro,junio,lunes,14,-102.2021937,17.9608302
57589,57798,2026,,2026/06/22,15:52:00,COLISIÓN CONTRA OBJETO FIJO,ASFALTO,Lluvioso,Regular,1,Vento,Blanco,3,,18,FEMENINO,SIN DATOS,2,0,Pátzcuaro,Centro,junio,lunes,16,-101.6140526,19.5278965
57590,57799,2026,"20260001564",2026/06/22,17:08:00,VOLCADURA,ASFALTO,Bueno,Regular,0,,,0,,,,,0,0,Coalcomán de Vázquez Pallares,Cerro de Guzman,junio,lunes,17,-103.1579042,18.774025