fid,id_accidente,anio_origen,folio_c5i,dia_incidente,hora_ocurrencia,tipo_incidente_vial,superficie_ocurrencia,condiciones_climaticas,condiciones_via,numero_vehiculos_involucrados,marca_vehiculo_ocasiona_siniestro,color_vehiculo_ocasiona_siniestro,numero_personas_involucradas,lugar_remite_presunto_responsable,edad_presunto_responsable,sexo_presunto_responsable,resultados_toxicologia,numero_personas_lesionadas,numero_personas_fallecidas,municipio,colonia,mes,dia_semana,hora_redondeada,lon,lat
57591,57800,2026,,2026/06/22,18:18:00,COLISIÓN POR ALCANCE,ASFALTO,Nublado,Bueno,2,ITALIKA,BLANCO,3,MINISTERIO PÚBLICO,17,MASCULINO,SIN DATOS,1,0,Morelia,San Pascual,junio,lunes,18,-101.2698713,19.6945941
57592,57801,2026,MOR 202600012345,2026/06/22,18:49:00,COLISIÓN POR CORTE DE CIRCULACIÓN,ASFALTO,Bueno,Bueno,2,VOLKSWAGEN,NEGRO,2,,38,MASCULINO,SIN DATOS,0,0,Morelia,Jacarandas,junio,lunes,19,-101.2100164,19.7066748
57593,57802,2026,"20260001565",2026/06/22,19:17:00,CAIDA DE MOTOCICLETA,ASFALTO,Bueno,Regular,0,,,0,,,,,0,0,Coalcomán de Vázquez Pallares,Sin Nombre,junio,lunes,19,-103.1733773,18.7700468
57594,57803,2026,MOR20260009988,2026/06/22,20:15:00,COLISIÓN POR ALCANCE,ASFALTO,Bueno,Bueno,2,FORD,GRIS,2,,60,,SIN DATOS,0,0,Morelia,Alberto Oviedo Mota,junio,lunes,20,-101.198117,19.6812879
57595,57804,2026,,2026/06/22,21:00:00,COLISIÓN POR INVASIÓN DE CARRIL,ASFALTO,Bueno,Bueno,2,VOLKSWAGEN,AZUL,2,,58,MASCULINO,SIN DATOS,0,0,Morelia,Clara Cordova Moran,junio,lunes,21,-101.1828301,19.7322876
57596,57805,2026,,2026/06/22,21:25:00,COLISIÓN POR ALCANCE,ASFALTO,Nublado,Bueno,2,NISSAN,BLANCO,2,,40,MASCULINO,SIN DATOS,0,0,Pátzcuaro,Sin datos,junio,lunes,21,-101.679873,19.5277856
57597,57806,2026,,2026/06/23,"02:44:00",COLISIÓN CONTRA OBJETO FIJO,ASFALTO,Lluvioso,Regular,1,FREIGHTLINER,ROJO,1,,,,,1,0,Tocumbo,Sin datos,junio,martes,3,-102.4917702,19.66962
57598,57807,2026,,2026/06/23,"07:43:00",VOLCADURA,CONCRETO,Bueno,Bueno,1,MAZDA,ROJO,0,,,,,0,0,Lázaro Cárdenas,Sin datos,junio,martes,8,-102.3083293,17.9712127
57599,57808,2026,MOR20260000098,2026/06/23,"08:08:00",COLISIÓN POR ALCANCE,ASFALTO,Bueno,Bueno,2,MAZDA,GRIS,2,,49,FEMENINO,SIN DATOS,0,0,Morelia,La Huerta,junio,martes,8,-101.2161634,19.6748384
57600,57809,2026,MOR/20260073097,2026/06/23,"08:13:00",COLISIÓN POR ALCANCE,ASFALTO,Nublado,Regular,2,NISSAN,BLANCO,2,,42,MASCULINO,SIN DATOS,0,0,Morelia,Villas de La Esperanza,junio,martes,8,-101.2755254,19.6929312
57601,57810,2026,,2026/06/23,"09:02:00",COLISIÓN POR CORTE DE CIRCULACIÓN,ASFALTO,Bueno,Bueno,2,MITSUBISHI,BLANCO,0,,,,,0,0,Lázaro Cárdenas,El Mirador,junio,martes,9,-102.20746,17.9725481
57602,57811,2026,MOR/202600061563,2026/06/23,10:04:00,CAIDA DE MOTOCICLETA,ASFALTO,Bueno,Bueno,1,ITALIKA,NEGRO,1,,22,MASCULINO,SIN DATOS,0,0,Morelia,Clara Cordova Moran,junio,martes,10,-101.1799567,19.73767
57603,57812,2026,MOR/20260073127,2026/06/23,10:11:00,COLISIÓN POR CORTE DE CIRCULACIÓN,ASFALTO,Bueno,Bueno,2,CHEVROLET,BLANCO,2,,38,MASCULINO,SIN DATOS,0,0,Morelia,Ciudad Industrial,junio,martes,10,-101.1415145,19.7261661
57604,57813,2026,MOR/20260073110,2026/06/23,10:36:00,COLISIÓN POR ALCANCE,ASFALTO,Bueno,Bueno,2,TOYOTA,GRIS,2,,40,MASCULINO,SIN DATOS,0,0,Morelia,Vistas de Altozano,junio,martes,11,-101.1673245,19.6558291
57605,57814,2026,"20260073129",2026/06/23,10:51:00,COLISIÓN POR CORTE DE CIRCULACIÓN,CONCRETO,Nublado,Bueno,2,NISSAN,BLANCO,2,MINISTERIO PÚBLICO,27,MASCULINO,SIN DATOS,0,0,Morelia,Eva Samano,junio,martes,11,-101.2007574,19.7281672
57606,57815,2026,MOR/20260073139,2026/06/23,11:14:00,COLISIÓN POR CORTE DE CIRCULACIÓN,CONCRETO,Bueno,Bueno,2,NISSAN,BLANCO,2,,52,MASCULINO,SIN DATOS,0,0,Morelia,San Rafael,junio,martes,11,-101.1538651,19.700759
57607,57816,2026,MOR/20260073166,2026/06/23,12:24:00,COLISIÓN POR CORTE DE CIRCULACIÓN,CONCRETO,Bueno,Bueno,2,CHEVROLET,PLATA,2,,53,MASCULINO,SIN DATOS,0,0,Morelia,Unidos Santa Cruz,junio,martes,12,-101.2134267,19.7202983
57608,57817,2026,LCR/20260009897,2026/06/23,12:55:00,COLISIÓN CON PEATÓN,ASFALTO,Bueno,Bueno,1,NISSAN,BLANCO,1,,,,,1,0,Lázaro Cárdenas,Sin datos,junio,martes,13,-102.2672138,18.0114844
57609,57818,2026,,2026/06/23,13:40:00,COLISIÓN POR NO RESPETAR SEMÁFORO,ASFALTO,Bueno,Bueno,2,HONDA,AZUL MARINO,2,,54,FEMENINO,SIN DATOS,0,0,Morelia,Mirador del Punhuato,junio,martes,14,-101.1602402,19.7052127
57610,57819,2026,,2026/06/23,15:03:00,COLISIÓN POR MANIOBRA DE REVERSA,ASFALTO,Bueno,Bueno,2,FREIGHTLINER,BLANCO,2,,22,MASCULINO,SIN DATOS,0,0,Tarímbaro,Sin datos,junio,martes,15,-101.1323497,19.7724679
57611,57820,2026,MOR20260091529,2026/06/23,15:24:00,COLISIÓN POR CORTE DE CIRCULACIÓN,ASFALTO,Bueno,Bueno,2,VOLKSWAGEN,PLATA,2,,53,MASCULINO,SIN DATOS,0,0,Morelia,Ferrocarrilero,junio,martes,15,-101.2240019,19.6914738
57612,57821,2026,MOR202600000097,2026/06/23,15:28:00,COLISIÓN CONTRA OBJETO FIJO,ASFALTO,Bueno,Bueno,2,FIAT,BLANCO,2,,90,MASCULINO,SIN DATOS,0,0,Morelia,Centro,junio,martes,15,-101.2001982,19.702311
57613,57822,2026,LCR/20260009905,2026/06/23,15:39:00,COLISIÓN CONTRA OBJETO FIJO,ASFALTO,Bueno,Bueno,1,FIAT,GRIS,1,,32,FEMENINO,SIN DATOS,0,0,Lázaro Cárdenas,Solidaridad Nacional,junio,martes,16,-102.2116083,17.9670817
57614,57823,2026,MOR/2026003786,2026/06/23,15:58:00,COLISIÓN CONTRA OBJETO FIJO,ASFALTO,Bueno,Bueno,1,Kenworth,Blanco,2,,23,MASCULINO,SIN DATOS,1,0,Morelia,Sin datos,junio,martes,16,-101.2964577,19.5939691
57615,57824,2026,MOR/20260007176638,2026/06/23,17:33:00,COLISIÓN CONTRA OBJETO FIJO,ASFALTO,Lluvioso,Regular,1,MITSUBISHI,GRIS,1,,53,FEMENINO,SIN DATOS,0,0,Morelia,Sin datos,junio,martes,18,-101.1248967,19.7055017
57616,57825,2026,,2026/06/23,18:46:00,COLISIÓN POR ALCANCE,ASFALTO,Bueno,Bueno,3,FORD,GRIS,0,,,,,0,0,Contepec,Cuarto,junio,martes,19,-100.181898,19.9325388
57617,57826,2026,MOR20260041567,2026/06/23,19:16:00,COLISIÓN POR ALCANCE,ASFALTO,Nublado,Regular,3,Gmc,Rojo,3,MINISTERIO PÚBLICO,61,MASCULINO,SIN DATOS,0,0,Morelia,Sin datos,junio,martes,19,-101.2968617,19.5931617
57618,57827,2026,MOR /  202600,2026/06/23,19:17:00,CAIDA DE MOTOCICLETA,ASFALTO,Nublado,Bueno,1,Dinamo,Negro,3,MINISTERIO PÚBLICO,17,MASCULINO,SIN DATOS,2,0,Morelia,La Luz,junio,martes,19,-101.2978371,19.6870154
57619,57828,2026,MOR20260073324,2026/06/23,20:13:00,SALIDA DE SUPERFICIE DE RODAMIENTO,ASFALTO,Lluvioso,Malo,1,Ford,Rojo,1,,,,SIN DATOS,0,0,Morelia,Sin datos,junio,martes,20,-101.2820633,19.617755
57620,57829,2026,MOR202600999,2026/06/23,21:27:00,COLISIÓN CONTRA OBJETO FIJO,ASFALTO,Lluvioso,Malo,1,VOLKSWAGEN,GRIS,1,,35,FEMENINO,SIN DATOS,0,0,Morelia,Nueva Valladolid,junio,martes,21,-101.2082771,19.7021604
57621,57830,2026,,2026/06/23,21:55:00,INCIDENTE DE TRÁNSITO,ASFALTO,Bueno,Regular,2,ITALIKA,BLANCO,2,,,,SIN DATOS,0,0,Nocupétaro,Sin datos,junio,martes,22,-101.1778814,19.045045
57622,57831,2026,MOR/20260073392,2026/06/23,22:01:00,COLISIÓN POR ALCANCE,ASFALTO,Bueno,Regular,2,Italika,Gris,2,,22,MASCULINO,SIN DATOS,0,0,Morelia,Indeco Santiaguito,junio,martes,22,-101.178583,19.7202359
57623,57832,2026,MOR/2026000716738,2026/06/23,22:50:00,VOLCADURA,ASFALTO,Lluvioso,Regular,1,Volkswagen,Gris,1,,24,MASCULINO,SIN DATOS,0,0,Morelia,Sin datos,junio,martes,23,-101.316998,19.6869549
57624,57833,2026,MOR / 20260073390,2026/06/23,22:59:00,COLISIÓN POR ALCANCE,ASFALTO,Lluvioso,Bueno,2,Nissan,Blanco,2,,31,MASCULINO,SIN DATOS,0,0,Morelia,Tinijaro,junio,martes,23,-101.2645176,19.6964082
57625,57834,2026,LCR/20260009923,2026/06/24,"03:11:00",COLISIÓN CONTRA OBJETO FIJO,ASFALTO,Nublado,Bueno,1,VOLKSWAGEN,GRIS,0,,,,,0,0,Lázaro Cárdenas,Napoleon Gomez Sada,junio,miércoles,3,-102.2265999,17.9750011
57626,57835,2026,MOR20260073444,2026/06/24,"06:43:00",COLISIÓN POR NO RESPETAR SEMÁFORO,CONCRETO,Bueno,Bueno,2,Ram,Blanco,2,,25,MASCULINO,SIN DATOS,0,0,Morelia,Josefa Ortiz de Dominguez,junio,miércoles,7,-101.2146677,19.6740972
57627,57836,2026,,2026/06/24,"08:21:00",COLISIÓN POR CAMBIO DE CARRIL,ASFALTO,Bueno,Bueno,2,International,Amarillo,2,MINISTERIO PÚBLICO,58,MASCULINO,SIN DATOS,0,0,Morelia,Isaac Arriaga,junio,miércoles,8,-101.1711495,19.7087133
57628,57837,2026,,2026/06/24,"09:29:00",COLISIÓN POR CORTE DE CIRCULACIÓN,ASFALTO,Bueno,Bueno,2,Nissan,Gris oxford,2,,24,FEMENINO,SIN DATOS,0,0,Morelia,Industrial,junio,miércoles,9,-101.193971,19.7090256
57629,57838,2026,,2026/06/24,13:19:00,COLISIÓN POR CORTE DE CIRCULACIÓN,CONCRETO,Bueno,Bueno,2,Chevrolet,Naranja,2,MINISTERIO PÚBLICO,52,MASCULINO,SIN DATOS,0,0,Morelia,Lomas del Mayoral,junio,miércoles,13,-101.3131087,19.688916
57630,57839,2026,,2026/06/24,13:46:00,SUBIDA AL CAMELLÓN,ASFALTO,Bueno,Bueno,1,GMC,AZUL,1,,29,MASCULINO,SIN DATOS,0,0,Tarímbaro,Sin datos,junio,miércoles,14,-101.16169,19.7649717
57631,57840,2026,,2026/06/24,15:17:00,VOLCADURA,ASFALTO,Bueno,Bueno,4,FREIGHTLINER,AZUL,4,,34,MASCULINO,SIN DATOS,0,0,Tarímbaro,Sin datos,junio,miércoles,15,-101.1576055,19.7793501
57632,57841,2026,,2026/06/24,15:45:00,COLISIÓN POR CAMBIO DE CARRIL,ASFALTO,Bueno,Bueno,2,NISSAN,BLANCO,2,,44,MASCULINO,SIN DATOS,0,0,Morelia,Enrique Arreguin Robles,junio,miércoles,16,-101.187921,19.7216393
57633,57842,2026,MOR/20260073580,2026/06/24,16:21:00,COLISIÓN CONTRA OBJETO FIJO,ASFALTO,Lluvioso,Malo,1,MAZDA,Gris oxford,2,MINISTERIO PÚBLICO,35,FEMENINO,SIN DATOS,1,0,Morelia,Sin datos,junio,miércoles,16,-101.3267539,19.5635634
57634,57843,2026,,2026/06/24,18:14:00,COLISIÓN POR CAMBIO DE CARRIL,CONCRETO,Lluvioso,Regular,2,Volkswagen,Plata,2,,47,MASCULINO,SIN DATOS,0,0,Morelia,La Calera,junio,miércoles,18,-101.2327745,19.6770556
57635,57844,2026,,2026/06/24,19:08:00,COLISIÓN POR NO RESPETAR SEMÁFORO,ASFALTO,Lluvioso,Regular,3,KENWORTH,BLANCO,3,,30,MASCULINO,SIN DATOS,0,0,Morelia,Virrey Antonio de Mendoza,junio,miércoles,19,-101.1625804,19.7070209
57636,57845,2026,MOR/20260073665,2026/06/24,19:13:00,COLISIÓN POR CORTE DE CIRCULACIÓN,CONCRETO,Lluvioso,Regular,2,VOLKSWAGEN,ROJO,2,,32,FEMENINO,SIN DATOS,0,0,Morelia,Industrial,junio,miércoles,19,-101.2003204,19.7109122
57637,57846,2026,LCR/20260009951,2026/06/24,20:50:00,COLISIÓN POR CORTE DE CIRCULACIÓN,ASFALTO,Lluvioso,Regular,2,SUZUKI,AZUL,2,,32,MASCULINO,SIN DATOS,0,0,Lázaro Cárdenas,Nuevo Infonavit(11 de Julio),junio,miércoles,21,-102.2190179,17.9673778
57638,57847,2026,MOR/20260073697,2026/06/24,21:23:00,COLISIÓN POR CORTE DE CIRCULACIÓN,ASFALTO,Lluvioso,Regular,2,NISSAN,NEGRO,2,,52,MASCULINO,SIN DATOS,0,0,Morelia,Poblado de Ocolusen,junio,miércoles,21,-101.1496625,19.6943821
57639,57848,2026,,2026/06/24,23:40:00,SALIDA DE SUPERFICIE DE RODAMIENTO,ASFALTO,Lluvioso,Bueno,1,Volkswagen,Blanco,1,,26,,SIN DATOS,0,0,Morelia,Sin datos,junio,miércoles,0,-101.135213,19.7294691
57640,57849,2026,MOR/20260073763,2026/06/25,"00:22:00",COLISIÓN POR CAMBIO DE CARRIL,ASFALTO,Nublado,Regular,2,Nissan,Blanco,2,MINISTERIO PÚBLICO,37,MASCULINO,SIN DATOS,0,0,Morelia,Villas Insurgentes,junio,jueves,0,-101.2583051,19.6893596
57641,57850,2026,,2026/06/25,"00:25:00",VOLCADURA,ASFALTO,Lluvioso,Regular,1,Volkswagen,Rojo,1,,33,MASCULINO,SIN DATOS,0,0,Morelia,Mirador del Punhuato,junio,jueves,0,-101.1588886,19.7039779
57642,57851,2026,,2026/06/25,"00:49:00",SALIDA DE SUPERFICIE DE RODAMIENTO,ASFALTO,Lluvioso,Regular,2,CHEVROLET,BLANCO,2,,34,MASCULINO,SIN DATOS,0,0,Hidalgo,Sin Nombre,junio,jueves,1,-100.5257875,19.6906048
57643,57852,2026,LCR/20260009966,2026/06/25,"00:53:00",COLISIÓN POR NO RESPETAR SEMÁFORO,ASFALTO,Bueno,Bueno,2,VOLKSWAGEN,ROJO,1,,18,MASCULINO,SIN DATOS,0,0,Lázaro Cárdenas,Segundo Sector de Fidelac,junio,jueves,1,-102.2046349,17.9615008
57644,57853,2026,,2026/06/25,"03:37:00",SUBIDA AL CAMELLÓN,ASFALTO,Bueno,Bueno,1,Ford,Guinda,1,,,MASCULINO,SIN DATOS,0,0,Morelia,Indeco El Vivero,junio,jueves,4,-101.2301832,19.6769959
57645,57854,2026,MOR/20260073825,2026/06/25,"03:47:00",COLISIÓN CONTRA OBJETO FIJO,CONCRETO,Bueno,Bueno,1,Jeep,Negro,1,,27,FEMENINO,SIN DATOS,0,0,Morelia,Lomas de Vista Bella,junio,jueves,4,-101.1979386,19.6725524
57646,57855,2026,MOR/20260073864,2026/06/25,"08:40:00",COLISIÓN POR ALCANCE,ASFALTO,Bueno,Bueno,3,VOLKSWAGEN,AZUL,3,,28,FEMENINO,SIN DATOS,0,0,Morelia,Ciudad Industrial,junio,jueves,9,-101.1431883,19.7245733
57647,57856,2026,MOR / 20260073948,2026/06/25,12:59:00,COLISIÓN POR CAMBIO DE CARRIL,ASFALTO,Nublado,Bueno,2,Chevrolet,Negro,2,,21,FEMENINO,SIN DATOS,0,0,Morelia,Ignacio Zaragoza,junio,jueves,13,-101.2010284,19.724812
57648,57857,2026,MOR/20260073951,2026/06/25,13:05:00,COLISIÓN CONTRA OBJETO FIJO,CONCRETO,Bueno,Bueno,2,KIA,VINO,2,,65,FEMENINO,SIN DATOS,0,0,Morelia,Matamoros,junio,jueves,13,-101.1667515,19.7008571
57649,57858,2026,MOR/20260006156285,2026/06/25,15:09:00,COLISIÓN POR INVASIÓN DE CARRIL,CONCRETO,Bueno,Bueno,2,CFMOTO,GRIS,2,,28,MASCULINO,SIN DATOS,0,0,Morelia,Camelinas,junio,jueves,15,-101.1670937,19.683574
57650,57859,2026,MOR/20260074033,2026/06/25,16:16:00,COLISIÓN POR CAMBIO DE CARRIL,ASFALTO,Bueno,Bueno,2,DODGE,ROJO,2,,52,FEMENINO,SIN DATOS,0,0,Morelia,Felix Ireta,junio,jueves,16,-101.1809363,19.684228
57651,57860,2026,MOR/ 20260074039,2026/06/25,16:41:00,COLISIÓN POR CAMBIO DE CARRIL,CONCRETO,Nublado,Bueno,2,International,Blanco,2,,39,MASCULINO,SIN DATOS,0,0,Morelia,Enrique Arreguin Robles,junio,jueves,17,-101.1851236,19.7201527
57652,57861,2026,MOR/20260074045,2026/06/25,17:19:00,COLISIÓN POR ALCANCE,ASFALTO,Bueno,Bueno,2,Ford,Plata,2,,35,MASCULINO,SIN DATOS,0,0,Morelia,La Esperanza,junio,jueves,17,-101.1534126,19.6989767
57653,57862,2026,,2026/06/25,18:16:00,COLISIÓN POR INVASIÓN DE CARRIL,ASFALTO,Bueno,Bueno,2,NISSAN,BLANCO,2,,58,MASCULINO,SIN DATOS,0,0,Lázaro Cárdenas,1Er Sect de Fidelac,junio,jueves,18,-102.1985085,17.9623539
57654,57863,2026,MOR20262356782,2026/06/25,18:45:00,COLISIÓN POR ALCANCE,ASFALTO,Bueno,Bueno,2,Dodge,Blanco,2,,48,MASCULINO,SIN DATOS,0,0,Morelia,Elias Perez Avalos,junio,jueves,19,-101.16753,19.7120204
57655,57864,2026,MOR202600000111,2026/06/25,19:55:00,CAIDA DE MOTOCICLETA,ASFALTO,Bueno,Bueno,1,Italika,Negro,2,,20,MASCULINO,SIN DATOS,1,0,Morelia,Justo Mendoza,junio,jueves,20,-101.2304006,19.7145417
57656,57865,2026,,2026/06/25,20:07:00,COLISIÓN CONTRA OBJETO FIJO,SIN_DATOS,Bueno,Bueno,1,FREIGHTLINER,BLANCO,1,,56,MASCULINO,SIN DATOS,0,0,Tocumbo,Sin datos,junio,jueves,20,-102.4931256,19.6559469
57657,57866,2026,,2026/06/25,21:06:00,COLISIÓN POR CORTE DE CIRCULACIÓN,ASFALTO,Bueno,Bueno,2,VOLKSWAGEN,NEGRO,2,,22,MASCULINO,SIN DATOS,0,0,Lázaro Cárdenas,Segundo Sector de Fidelac,junio,jueves,21,-102.2042273,17.963167
57658,57867,2026,,2026/06/25,21:35:00,VOLCADURA,ASFALTO,Bueno,Regular,1,CHEVROLET,AZUL MARINO,0,,,,,0,0,Zamora,Sin datos,junio,jueves,22,-102.2692262,20.07768
57659,57868,2026,MOR/20260007517836,2026/06/26,"06:28:00",SALIDA DE SUPERFICIE DE RODAMIENTO,ASFALTO,Nublado,Regular,1,Chevrolet,Dorado,1,MINISTERIO PÚBLICO,26,MASCULINO,SIN DATOS,0,0,Morelia,Bicentenario,junio,viernes,6,-101.1796317,19.7381317
57660,57869,2026,,2026/06/26,"09:36:00",COLISIÓN POR NO RESPETAR SEMÁFORO,ASFALTO,Bueno,Bueno,2,MAZDA,BLANCO,2,,35,MASCULINO,SIN DATOS,0,0,Lázaro Cárdenas,Jose Green,junio,viernes,10,-102.2027,17.9674296
57661,57870,2026,,2026/06/26,11:10:00,COLISIÓN POR INVASIÓN DE CARRIL,ASFALTO,Bueno,Bueno,3,NISSAN,BLANCO,2,,61,MASCULINO,SIN DATOS,0,0,Lázaro Cárdenas,Centro,junio,viernes,11,-102.1957387,17.9557536
57662,57871,2026,,2026/06/26,13:18:00,COLISIÓN POR CORTE DE CIRCULACIÓN,ASFALTO,Bueno,Bueno,2,Mazda,Gris,2,,60,FEMENINO,SIN DATOS,0,0,Morelia,Las Americas,junio,viernes,13,-101.1507858,19.6905782
57663,57872,2026,MOR20260074342,2026/06/26,13:28:00,COLISIÓN POR MANIOBRA DE REVERSA,ASFALTO,Bueno,Bueno,2,Honda,Gris,2,,51,MASCULINO,SIN DATOS,0,0,Morelia,Jesus del Monte,junio,viernes,13,-101.157387,19.6560677
57664,57873,2026,,2026/06/26,13:37:00,COLISIÓN POR CORTE DE CIRCULACIÓN,ASFALTO,Bueno,Bueno,2,NISSAN,PLATA,2,,22,FEMENINO,SIN DATOS,0,0,Lázaro Cárdenas,Centro,junio,viernes,14,-102.1948588,17.9572511
57665,57874,2026,MOR/20260074384,2026/06/26,14:00:00,COLISIÓN POR ALCANCE,CONCRETO,Nublado,Regular,2,Nissan,Gris,2,,42,MASCULINO,SIN DATOS,0,0,Morelia,Tinijaro,junio,viernes,14,-101.2648567,19.6965357
57666,57875,2026,,2026/06/26,15:29:00,COLISIÓN POR CAMBIO DE CARRIL,ASFALTO,Bueno,Bueno,2,Seat,Negro,2,,17,MASCULINO,SIN DATOS,0,0,Morelia,Jesus del Monte,junio,viernes,15,-101.1573556,19.6583905
57667,57876,2026,,2026/06/26,16:21:00,COLISIÓN POR CAMBIO DE CARRIL,ASFALTO,Bueno,Bueno,2,Suzuki,Azul,2,,65,MASCULINO,SIN DATOS,0,0,Morelia,Sentimientos de La Nacion,junio,viernes,16,-101.2328499,19.6866757
57668,57877,2026,,2026/06/26,16:48:00,COLISIÓN POR MANIOBRA DE REVERSA,ASFALTO,Bueno,Bueno,2,Ford,Blanco,2,,30,MASCULINO,SIN DATOS,0,0,Morelia,Valle de Las Flores,junio,viernes,17,-101.1239428,19.6880343
57669,57878,2026,,2026/06/26,17:11:00,COLISIÓN POR CORTE DE CIRCULACIÓN,ASFALTO,Bueno,Bueno,2,INTERNATIONAL,BLANCO,2,,,MASCULINO,SIN DATOS,0,0,Lázaro Cárdenas,Jose Green,junio,viernes,17,-102.202103,17.9664356
57670,57879,2026,,2026/06/26,18:07:00,COLISIÓN POR CORTE DE CIRCULACIÓN,ASFALTO,Bueno,Bueno,2,HONDA,GRIS,2,,28,FEMENINO,SIN DATOS,0,0,Tangancícuaro,Sin datos,junio,viernes,18,-102.250311,19.9502772
57671,57880,2026,,2026/06/26,18:07:00,COLISIÓN POR INVASIÓN DE CARRIL,ASFALTO,Bueno,Bueno,2,DODGE,VERDE,0,,,,,0,0,Jungapeo,Sin datos,junio,viernes,18,-100.435744,19.4799574
57672,57881,2026,,2026/06/26,18:21:00,COLISIÓN POR ALCANCE,ASFALTO,Bueno,Bueno,2,BMW,BLANCO,2,,41,MASCULINO,SIN DATOS,0,0,Morelia,Vistas de Altozano,junio,viernes,18,-101.166125,19.657013
57673,57882,2026,MOR/20260074500,2026/06/26,18:47:00,COLISIÓN POR CAMBIO DE CARRIL,CONCRETO,Bueno,Bueno,2,FIAT,BLANCO,2,,24,MASCULINO,SIN DATOS,0,0,Morelia,Nueva Valladolid,junio,viernes,19,-101.210593,19.7011875
57674,57883,2026,,2026/06/26,19:10:00,COLISIÓN POR ALCANCE,ASFALTO,Bueno,Bueno,2,NISSAN,BLANCO,1,,25,MASCULINO,SIN DATOS,0,0,Lázaro Cárdenas,1Er Sect de Fidelac,junio,viernes,19,-102.1968727,17.9638663
57675,57884,2026,,2026/06/26,19:13:00,COLISIÓN POR CORTE DE CIRCULACIÓN,ASFALTO,Bueno,Bueno,2,TOYOTA,GRIS OXFORD,2,,50,MASCULINO,SIN DATOS,0,0,Morelia,Poblado de Ocolusen,junio,viernes,19,-101.1549425,19.6949632
57676,57885,2026,,2026/06/26,20:02:00,COLISIÓN POR CORTE DE CIRCULACIÓN,CONCRETO,Bueno,Bueno,2,FORD,ROJO,3,,27,MASCULINO,SIN DATOS,1,0,Morelia,Camponubes,junio,viernes,20,-101.2893524,19.7011757
57677,57886,2026,,2026/06/26,20:26:00,COLISIÓN POR ALCANCE,ASFALTO,Bueno,Bueno,2,FORD,GRIS,2,,69,MASCULINO,SIN DATOS,0,0,Pátzcuaro,Juventino Rosas,junio,viernes,20,-101.6153839,19.5093144
57678,57887,2026,,2026/06/26,21:13:00,COLISIÓN POR CORTE DE CIRCULACIÓN,ASFALTO,Bueno,Bueno,2,NISSAN,ROJO,1,,46,MASCULINO,SIN DATOS,0,0,Lázaro Cárdenas,Las Palmas,junio,viernes,21,-102.2214488,17.966328
57679,57888,2026,,2026/06/26,21:19:00,COLISIÓN POR CORTE DE CIRCULACIÓN,CONCRETO,Bueno,Bueno,2,KIA,AZUL,2,MINISTERIO PÚBLICO,25,FEMENINO,SIN DATOS,0,0,Morelia,Felix Ireta,junio,viernes,21,-101.1881675,19.6885569
57680,57889,2026,,2026/06/26,21:27:00,COLISIÓN POR ALCANCE,ASFALTO,Bueno,Bueno,3,Ford,Blanco,3,MINISTERIO PÚBLICO,24,MASCULINO,SIN DATOS,0,0,Morelia,Jardines del Rincon,junio,viernes,21,-101.1504088,19.6905984
57681,57890,2026,,2026/06/26,21:53:00,COLISIÓN POR INVASIÓN DE CARRIL,ASFALTO,Bueno,Regular,2,FORD,GRIS,2,,,,,2,0,Jiménez,Sin datos,junio,viernes,22,-101.5730577,19.9542794
57682,57891,2026,,2026/06/26,22:21:00,COLISIÓN POR NO RESPETAR SEMÁFORO,ASFALTO,Bueno,Bueno,2,ITALIKA,NEGRO,2,,25,MASCULINO,SIN DATOS,0,0,Morelia,Jardines del Rincon,junio,viernes,22,-101.1518417,19.6884591
57683,57892,2026,,2026/06/26,22:52:00,COLISIÓN POR CORTE DE CIRCULACIÓN,ASFALTO,Bueno,Regular,2,BIMOTA,AZUL,2,,20,MASCULINO,SIN DATOS,0,0,Morelia,Villas de La Loma,junio,viernes,23,-101.2994263,19.689144
57684,57893,2026,,2026/06/27,"03:36:00",COLISIÓN POR INVASIÓN DE CARRIL,CONCRETO,Bueno,Bueno,2,NISSAN,BLANCO,2,,20,MASCULINO,SIN DATOS,0,0,Morelia,Camelinas,junio,sábado,4,-101.1744822,19.6817217
57685,57894,2026,,2026/06/27,"04:44:00",COLISIÓN POR MANIOBRA DE REVERSA,ASFALTO,Bueno,Bueno,2,CHEVROLET,BLANCO,2,,19,MASCULINO,SIN DATOS,0,0,Morelia,Villas Lomas del Paraiso,junio,sábado,5,-101.1710752,19.6757428
57686,57895,2026,,2026/06/27,"06:16:00",COLISIÓN CONTRA OBJETO FIJO,ASFALTO,Bueno,Bueno,1,ITALIKA,AZUL MARINO,1,,,,SIN DATOS,0,0,Apatzingán,Bonifacio Moreno,junio,sábado,6,-102.3548611,19.0903077
57687,57896,2026,"20260005166",2026/06/27,"07:05:00",VOLCADURA,ASFALTO,Bueno,Regular,1,NISSAN,AZUL,0,,,,,0,0,Gabriel Zamora,Sin datos,junio,sábado,7,-102.0549609,19.1253377
57688,57897,2026,,2026/06/27,"08:48:00",CAIDA DE MOTOCICLETA,ASFALTO,Bueno,Bueno,1,YAMAHA,ROJO,0,,,,,0,0,Tocumbo,Sin datos,junio,sábado,9,-102.4800627,19.7149388
57689,57898,2026,,2026/06/27,10:33:00,SALIDA DE SUPERFICIE DE RODAMIENTO,ASFALTO,Bueno,Bueno,1,ITALIKA,ROJO,2,,,,,2,0,Coeneo,Sin datos,junio,sábado,11,-101.6657805,19.7744255
57690,57899,2026,MOR/2026000615737,2026/06/27,11:35:00,COLISIÓN POR ALCANCE,CONCRETO,Bueno,Bueno,2,CHEVROLET,NEGRO,2,,21,FEMENINO,SIN DATOS,0,0,Morelia,Morelia 450,junio,sábado,12,-101.2149626,19.6747706
57691,57900,2026,MOR/20260074771,2026/06/27,13:08:00,COLISIÓN POR CORTE DE CIRCULACIÓN,CONCRETO,Bueno,Bueno,2,HONDA,ROJO,1,MINISTERIO PÚBLICO,30,MASCULINO,SIN DATOS,0,0,Morelia,Industrial,junio,sábado,13,-101.1975488,19.7122469