fid,id_accidente,anio_origen,folio_c5i,dia_incidente,hora_ocurrencia,tipo_incidente_vial,superficie_ocurrencia,condiciones_climaticas,condiciones_via,numero_vehiculos_involucrados,marca_vehiculo_ocasiona_siniestro,color_vehiculo_ocasiona_siniestro,numero_personas_involucradas,lugar_remite_presunto_responsable,edad_presunto_responsable,sexo_presunto_responsable,resultados_toxicologia,numero_personas_lesionadas,numero_personas_fallecidas,municipio,colonia,mes,dia_semana,hora_redondeada,lon,lat
57692,57901,2026,,2026/06/27,15:13:00,COLISIÓN POR CORTE DE CIRCULACIÓN,ASFALTO,Bueno,Bueno,2,ITALIKA,NEGRO,1,,47,MASCULINO,SIN DATOS,0,0,Lázaro Cárdenas,Sin datos,junio,sábado,15,-102.1922516,17.9626189
57693,57902,2026,MOR2026789222,2026/06/27,15:25:00,COLISIÓN POR ALCANCE,ASFALTO,Bueno,Bueno,2,VOLKSWAGEN,AZUL,2,MINISTERIO PÚBLICO,47,MASCULINO,SIN DATOS,0,0,Morelia,La Loma,junio,sábado,15,-101.1809771,19.681366
57694,57903,2026,,2026/06/27,15:36:00,COLISIÓN POR CORTE DE CIRCULACIÓN,ASFALTO,Bueno,Bueno,2,Ford,Blanco,2,,,MASCULINO,SIN DATOS,0,0,Puruándiro,Lomas de Agua Tibia,junio,sábado,16,-101.49048,20.088305
57695,57904,2026,MOR2026000817376,2026/06/27,15:43:00,COLISIÓN POR ALCANCE,ASFALTO,Bueno,Bueno,2,NISSAN,BLANCO,2,,58,MASCULINO,SIN DATOS,0,0,Morelia,Ejidal San Isidro,junio,sábado,16,-101.2795633,19.69037
57696,57905,2026,MOR/20260074820,2026/06/27,15:54:00,COLISIÓN POR CAMBIO DE CARRIL,CONCRETO,Bueno,Bueno,2,DINA,BLANCO,2,,18,MASCULINO,SIN DATOS,0,0,Morelia,Asociacion Zirahuen,junio,sábado,16,-101.2465435,19.6997654
57697,57906,2026,,2026/06/27,16:33:00,COLISIÓN POR CORTE DE CIRCULACIÓN,ASFALTO,Bueno,Regular,2,FORD,ROJO,2,,54,FEMENINO,SIN DATOS,0,0,Tuxpan,Santa Ana,junio,sábado,17,-100.4661845,19.5914827
57698,57907,2026,LCR/20260010134,2026/06/27,17:05:00,COLISIÓN POR CORTE DE CIRCULACIÓN,ASFALTO,Bueno,Bueno,2,CARABELA,NEGRO,0,,,,,0,0,Lázaro Cárdenas,Centro,junio,sábado,17,-102.2019398,17.961363
57699,57908,2026,MOR/20260074855,2026/06/27,17:33:00,CAIDA DE MOTOCICLETA,ASFALTO,Lluvioso,Malo,1,ITALIKA,NEGRO,2,,29,FEMENINO,SIN DATOS,1,0,Morelia,Cinco de Diciembre,junio,sábado,18,-101.1613983,19.6875617
57700,57909,2026,MOR/20260074858,2026/06/27,17:34:00,COLISIÓN POR CAMBIO DE CARRIL,ASFALTO,Malo,Regular,2,MAZDA,BLANCO,2,,34,MASCULINO,SIN DATOS,0,0,Morelia,Lomas de Guayangareo,junio,sábado,18,-101.1609931,19.7041071
57701,57910,2026,MOR/20260074866,2026/06/27,17:48:00,COLISIÓN POR CAMBIO DE CARRIL,ASFALTO,Lluvioso,Malo,2,TOYOTA,BLANCO,2,,45,MASCULINO,SIN DATOS,0,0,Morelia,Cinco de Diciembre,junio,sábado,18,-101.1618924,19.6868554
57702,57911,2026,,2026/06/27,17:52:00,INCIDENTE DE TRÁNSITO,ADOQUIN_EMPEDRADO,Bueno,Regular,2,FORD,NEGRO,0,,,,,0,0,Tlalpujahua,Centro,junio,sábado,18,-100.1707534,19.8065866
57703,57912,2026,MOR / 20260074867,2026/06/27,17:55:00,COLISIÓN POR NO RESPETAR SEMÁFORO,ASFALTO,Lluvioso,Bueno,2,JEEP,ARENA,2,,21,MASCULINO,SIN DATOS,0,0,Morelia,Plan de La Garita,junio,sábado,18,-101.1880587,19.712603
57704,57913,2026,ZAM/20260009449,2026/06/27,18:02:00,SALIDA DE SUPERFICIE DE RODAMIENTO,ASFALTO,Nublado,Regular,1,MITSUBISHI,BLANCO,1,,,,SIN DATOS,0,0,Jacona,Sin datos,junio,sábado,18,-102.363959,19.9686321
57705,57914,2026,,2026/06/27,18:51:00,COLISIÓN POR INVASIÓN DE CARRIL,ASFALTO,Lluvioso,Bueno,2,INTERNATIONAL,BLANCO PERLA,2,,,,SIN DATOS,0,0,Salvador Escalante,El Mirador,junio,sábado,19,-101.6508783,19.3860099
57706,57915,2026,,2026/06/27,19:32:00,COLISIÓN POR CORTE DE CIRCULACIÓN,CONCRETO,Nublado,Bueno,2,FORD,GRIS,2,,66,MASCULINO,SIN DATOS,0,0,Coeneo,Sin datos,junio,sábado,20,-101.6214373,19.8519585
57707,57916,2026,,2026/06/27,19:50:00,COLISIÓN CONTRA OBJETO FIJO,ASFALTO,Lluvioso,Regular,1,CHEVROLET,ARENA,8,,,,SIN DATOS,7,0,Puruándiro,Sin datos,junio,sábado,20,-101.4439783,20.2326267
57708,57917,2026,,2026/06/27,20:23:00,COLISIÓN CON PEATÓN,ASFALTO,Nublado,Regular,1,ITALIKA,VERDE,2,,23,MASCULINO,SIN DATOS,1,0,Álvaro Obregón,Singuio,junio,sábado,20,-101.0490491,19.8191076
57709,57918,2026,,2026/06/28,"01:19:00",COLISIÓN CON PEATÓN,ASFALTO,Bueno,Regular,1,Bajaj,Negro,3,,26,MASCULINO,SIN DATOS,2,0,Ario,Morelos,junio,domingo,1,-101.7079498,19.2160708
57710,57919,2026,,2026/06/28,"01:44:00",COLISIÓN POR INVASIÓN DE CARRIL,ASFALTO,Bueno,Bueno,2,VOLKSWAGEN,BLANCO,0,,,,,0,0,Gabriel Zamora,Benito Juarez,junio,domingo,2,-102.0524565,19.1488326
57711,57920,2026,MOR/20260075096,2026/06/28,"02:46:00",COLISIÓN POR ALCANCE,ASFALTO,Bueno,Bueno,2,Mazda,Guinda,2,,43,FEMENINO,SIN DATOS,0,0,Morelia,Vasco de Quiroga,junio,domingo,3,-101.1760521,19.6980996
57712,57921,2026,MOR20260075107,2026/06/28,"03:02:00",COLISIÓN CONTRA OBJETO FIJO,ASFALTO,Bueno,Bueno,1,Dodge,Plata,1,,17,MASCULINO,SIN DATOS,0,0,Morelia,La Loma,junio,domingo,3,-101.1787533,19.6814212
57713,57922,2026,MOR20262222222,2026/06/28,"06:03:00",COLISIÓN CONTRA OBJETO FIJO,CONCRETO,Bueno,Bueno,1,Ford,Verde,1,,33,MASCULINO,SIN DATOS,0,0,Morelia,Union Popular Solidaria,junio,domingo,6,-101.2175884,19.7057538
57714,57923,2026,LCR/20260010182,2026/06/28,"06:13:00",CAIDA DE MOTOCICLETA,ASFALTO,Bueno,Bueno,1,ITALIKA,NEGRO,0,,,,,0,0,Lázaro Cárdenas,Centro,junio,domingo,6,-102.2023109,17.9611399
57715,57924,2026,MOR/20260075171,2026/06/28,"07:15:00",SALIDA DE SUPERFICIE DE RODAMIENTO,ASFALTO,Bueno,Bueno,1,Chevrolet,Rojo,1,,26,MASCULINO,SIN DATOS,0,0,Morelia,Centenario (Alamos),junio,domingo,7,-101.1684086,19.729091
57716,57925,2026,MOR/2026000616737,2026/06/28,"07:46:00",COLISIÓN CONTRA OBJETO FIJO,ASFALTO,Bueno,Bueno,1,Chevrolet,Negro,1,,31,MASCULINO,SIN DATOS,0,0,Morelia,Comision Federal de Electricidad,junio,domingo,8,-101.1813283,19.6816333
57717,57926,2026,,2026/06/28,"08:08:00",CAIDA DE MOTOCICLETA,ASFALTO,Bueno,Bueno,1,ITALIKA,AZUL,1,,30,MASCULINO,SIN DATOS,0,0,Gabriel Zamora,Sin datos,junio,domingo,8,-102.0543929,19.247754
57718,57927,2026,MOR/202600055565475,2026/06/28,"08:13:00",COLISIÓN POR ALCANCE,ASFALTO,Bueno,Bueno,2,Mazda,Gris,2,,21,MASCULINO,SIN DATOS,0,0,Morelia,Las Americas,junio,domingo,8,-101.1557543,19.6876442
57719,57928,2026,LCR/20260010188,2026/06/28,"08:30:00",COLISIÓN CONTRA OBJETO FIJO,ASFALTO,Bueno,Bueno,2,NISSAN,ROJO,2,,56,MASCULINO,SIN DATOS,0,0,Lázaro Cárdenas,Vista Industrial,junio,domingo,9,-102.2271188,17.9667298
57720,57929,2026,MOR/20260075207,2026/06/28,10:08:00,COLISIÓN CON PEATÓN,CONCRETO,Bueno,Bueno,1,Dinamo,Azul,2,MINISTERIO PÚBLICO,,MASCULINO,SIN DATOS,1,0,Morelia,Niño Artillero,junio,domingo,10,-101.2533565,19.6978267
57721,57930,2026,APTZ/20260005210,2026/06/28,12:10:00,CAIDA DE MOTOCICLETA,ASFALTO,Bueno,Bueno,1,ITALIKA,ROJO,2,,67,MASCULINO,SIN DATOS,1,0,Apatzingán,Sin datos,junio,domingo,12,-102.4752886,19.0987516
57722,57931,2026,MOR/20260075237,2026/06/28,12:13:00,COLISIÓN POR ALCANCE,ASFALTO,Bueno,Bueno,2,Volkswagen,Azul,2,MINISTERIO PÚBLICO,74,MASCULINO,SIN DATOS,0,0,Morelia,Irrigacion,junio,domingo,12,-101.2276984,19.7040765
57723,57932,2026,,2026/06/28,13:23:00,SALIDA DE SUPERFICIE DE RODAMIENTO,ASFALTO,Bueno,Bueno,0,,,0,,,,,0,0,Álvaro Obregón,Sin datos,junio,domingo,13,-101.0633903,19.8065698
57724,57933,2026,,2026/06/28,13:44:00,COLISIÓN POR CORTE DE CIRCULACIÓN,ASFALTO,Bueno,Bueno,2,Honda,Rojo,3,,33,MASCULINO,SIN DATOS,1,0,Lázaro Cárdenas,Centro,junio,domingo,14,-102.1949487,17.9577047
57725,57934,2026,,2026/06/28,14:31:00,COLISIÓN POR CORTE DE CIRCULACIÓN,ASFALTO,Nublado,Regular,2,Vento,Azul,3,,18,MASCULINO,SIN DATOS,1,0,Morelia,Asociacion Zirahuen,junio,domingo,15,-101.2498618,19.69883
57726,57935,2026,,2026/06/28,14:45:00,COLISIÓN CONTRA OBJETO FIJO,ASFALTO,Nublado,Regular,1,Toyota,Plata,1,,47,MASCULINO,SIN DATOS,0,0,Morelia,Valle de Los Sauces,junio,domingo,15,-101.2224836,19.6849385
57727,57936,2026,,2026/06/28,17:48:00,COLISIÓN CONTRA OBJETO FIJO,ASFALTO,Bueno,Bueno,1,Ford,Negro,1,,,MASCULINO,SIN DATOS,0,0,Morelia,Ignacio Zaragoza,junio,domingo,18,-101.2015981,19.7249181
57728,57937,2026,,2026/06/28,20:27:00,COLISIÓN POR INVASIÓN DE CARRIL,ASFALTO,Bueno,Bueno,2,VOLKSWAGEN,NEGRO,4,,36,MASCULINO,SIN DATOS,2,0,Nocupétaro,Sin datos,junio,domingo,20,-101.2729179,19.0587907
57729,57938,2026,,2026/06/28,21:35:00,COLISIÓN CONTRA OBJETO FIJO,CONCRETO,Bueno,Bueno,1,VOLKSWAGEN,ROJO,1,,72,MASCULINO,SIN DATOS,0,0,Morelia,Elias Perez Avalos,junio,domingo,22,-101.1698925,19.7135277
57730,57939,2026,,2026/06/28,21:57:00,COLISIÓN POR MANIOBRA DE REVERSA,ADOQUIN_EMPEDRADO,Nublado,Regular,2,NISSAN,GRIS,2,,60,MASCULINO,SIN DATOS,0,0,Morelia,Felix Arreguin,junio,domingo,22,-101.2266397,19.7205096
57731,57940,2026,,2026/06/28,22:05:00,COLISIÓN POR ALCANCE,CONCRETO,Bueno,Bueno,2,NISSAN,NEGRO,2,MINISTERIO PÚBLICO,38,MASCULINO,SIN DATOS,0,0,Morelia,Los Manantiales de Morelia,junio,domingo,22,-101.2344556,19.7022411
57732,57941,2026,MOR/20260075462,2026/06/28,22:28:00,VOLCADURA,ASFALTO,Bueno,Regular,1,Chevrolet,Blanco,1,MINISTERIO PÚBLICO,,,SIN DATOS,0,0,Morelia,Sin datos,junio,domingo,22,-101.2843813,19.6132874
57733,57942,2026,,2026/06/29,"07:15:00",CAIDA DE MOTOCICLETA,ASFALTO,Bueno,Bueno,1,Yamaha,Rojo,1,,,,,1,0,Tangancícuaro,Sin datos,junio,lunes,7,-102.2446913,19.9434567
57734,57943,2026,MOR20260041680,2026/06/29,"08:19:00",COLISIÓN POR CAMBIO DE CARRIL,ASFALTO,Bueno,Bueno,2,NISSAN,ROJO,2,,29,FEMENINO,SIN DATOS,0,0,Morelia,Felix Ireta,junio,lunes,8,-101.1914631,19.68248
57735,57944,2026,,2026/06/29,"08:25:00",COLISIÓN POR ALCANCE,ASFALTO,Bueno,Bueno,2,ITALIKA,NEGRO,2,,17,MASCULINO,SIN DATOS,0,0,Pátzcuaro,Centro,junio,lunes,8,-101.6187634,19.5116856
57736,57945,2026,MOR/202600615735,2026/06/29,11:38:00,COLISIÓN CONTRA OBJETO FIJO,ASFALTO,Bueno,Bueno,1,FORD,GRIS OXFORD,1,,21,MASCULINO,SIN DATOS,0,0,Morelia,El Lago 3,junio,lunes,12,-101.218875,19.7271246
57737,57946,2026,MOR20260075605,2026/06/29,12:43:00,COLISIÓN POR MANIOBRA DE REVERSA,ASFALTO,Bueno,Bueno,2,KENWORTH,Blanco,2,MINISTERIO PÚBLICO,27,MASCULINO,SIN DATOS,0,0,Morelia,Elias Perez Avalos,junio,lunes,13,-101.164964,19.7115385
57738,57947,2026,MOR20260081352,2026/06/29,13:45:00,COLISIÓN POR INVASIÓN DE CARRIL,CONCRETO,Bueno,Bueno,2,DODGE,ROJO,2,,73,MASCULINO,SIN DATOS,0,0,Morelia,Chapultepec Norte,junio,lunes,14,-101.1665291,19.6954085
57739,57948,2026,,2026/06/29,13:58:00,COLISIÓN POR ALCANCE,ASFALTO,Bueno,Bueno,2,Nissan,Rojo,3,,25,MASCULINO,SIN DATOS,1,0,Jiménez,Sin datos,junio,lunes,14,-101.711402,19.9250813
57740,57949,2026,,2026/06/29,14:59:00,COLISIÓN POR ALCANCE,ASFALTO,Bueno,Bueno,2,NISSAN,NEGRO,2,,40,MASCULINO,SIN DATOS,0,0,Pátzcuaro,San Nicolas (La Valenciana),junio,lunes,15,-101.6149991,19.5238744
57741,57950,2026,,2026/06/29,17:29:00,INCIDENTE DE TRÁNSITO,ASFALTO,Nublado,Bueno,1,CHEVROLET,ROJO,0,,,,,0,0,Maravatío,Sin datos,junio,lunes,17,-100.501379,19.913118
57742,57951,2026,,2026/06/29,18:35:00,COLISIÓN POR ALCANCE,ASFALTO,Bueno,Bueno,3,VOLKSWAGEN,NEGRO,3,,25,FEMENINO,SIN DATOS,0,0,Lázaro Cárdenas,Jose Green,junio,lunes,19,-102.2007093,17.9648099
57743,57952,2026,MOR/20260075680,2026/06/29,19:05:00,COLISIÓN CONTRA OBJETO FIJO,ASFALTO,Bueno,Bueno,2,VOLKSWAGEN,PLATA,2,,68,MASCULINO,ALIENTO ETÍLICO,0,0,Morelia,Felicitas del Rio,junio,lunes,19,-101.1977733,19.6903767
57744,57953,2026,MOR/20260075790,2026/06/29,19:24:00,COLISIÓN POR CORTE DE CIRCULACIÓN,ASFALTO,Bueno,Bueno,2,CFMOTO,AZUL,3,MINISTERIO PÚBLICO,19,MASCULINO,SIN DATOS,1,0,Morelia,Sin datos,junio,lunes,19,-101.1034469,19.7366105
57745,57954,2026,MOR20260075792,2026/06/29,20:42:00,SUBIDA AL CAMELLÓN,ASFALTO,Malo,Regular,1,Renault,Plata,1,,69,FEMENINO,SIN DATOS,0,0,Morelia,Los Manantiales de Morelia,junio,lunes,21,-101.2415909,19.6968454
57746,57955,2026,MOR/63838928288,2026/06/29,20:50:00,COLISIÓN POR ALCANCE,ASFALTO,Lluvioso,Malo,2,RENAULT,CAFE,2,,47,FEMENINO,SIN DATOS,0,0,Morelia,Alberto Oviedo Mota,junio,lunes,21,-101.1981427,19.6812931
57747,57956,2026,,2026/06/29,21:05:00,VOLCADURA,ASFALTO,Bueno,Bueno,1,CHRYSLER,BLANCO,1,,25,MASCULINO,SIN DATOS,0,0,Pátzcuaro,Vuelta de Los Reyes,junio,lunes,21,-101.6047208,19.5051566
57748,57957,2026,,2026/06/29,22:50:00,COLISIÓN POR CAMBIO DE CARRIL,ASFALTO,Lluvioso,Regular,2,KIA,GRIS OXFORD,2,,34,MASCULINO,SIN DATOS,0,0,Morelia,Sin datos,junio,lunes,23,-101.3412972,19.6853151
57749,57958,2026,MOR/20260075921,2026/06/30,"06:01:00",VOLCADURA,ASFALTO,Bueno,Regular,1,CHRYSLER,NEGRO,1,,61,MASCULINO,ALIENTO ETÍLICO,0,0,Morelia,Leandro Valle,junio,martes,6,-101.230323,19.7163573
57750,57959,2026,MOR/20260075958,2026/06/30,"09:18:00",COLISIÓN POR ALCANCE,ASFALTO,Bueno,Regular,2,NISSAN,NEGRO,2,,42,FEMENINO,SIN DATOS,0,0,Morelia,La Esperanza,junio,martes,9,-101.1551744,19.7002514
57751,57960,2026,,2026/06/30,"09:32:00",SALIDA DE SUPERFICIE DE RODAMIENTO,ASFALTO,Bueno,Bueno,1,VOLKSWAGEN,CAFE,0,,,,,0,0,Lázaro Cárdenas,Sin datos,junio,martes,10,-102.1892595,18.041621
57752,57961,2026,,2026/06/30,11:22:00,SUBIDA AL CAMELLÓN,ASFALTO,Bueno,Bueno,2,NISSAN,BLANCO,1,,,,SIN DATOS,0,0,Tangancícuaro,Sin datos,junio,martes,11,-102.2600396,19.9469949
57753,57962,2026,,2026/06/30,13:10:00,COLISIÓN POR ALCANCE,ASFALTO,Bueno,Bueno,2,VOLKSWAGEN,BLANCO,2,,49,MASCULINO,SIN DATOS,0,0,Morelia,Cuauhtemoc,junio,martes,13,-101.1789673,19.696316
57754,57963,2026,,2026/06/30,13:37:00,COLISIÓN POR MANIOBRA DE REVERSA,ASFALTO,Bueno,Bueno,2,HONDA,NEGRO,2,,70,MASCULINO,SIN DATOS,0,0,Lázaro Cárdenas,Centro,junio,martes,14,-102.1948297,17.9590057
57755,57964,2026,MOR20260076047,2026/06/30,14:51:00,COLISIÓN POR INVASIÓN DE CARRIL,ASFALTO,Bueno,Bueno,2,RENAULT,ROJO,2,,,MASCULINO,SIN DATOS,0,0,Morelia,Centro,junio,martes,15,-101.2050775,19.703191
57756,57965,2026,,2026/06/30,17:13:00,COLISIÓN CONTRA OBJETO FIJO,ASFALTO,Lluvioso,Malo,1,NISSAN,ROJO,0,,,,,0,0,Maravatío,Sin datos,junio,martes,17,-100.4527533,19.8227317
57757,57966,2026,MOR/20260076094,2026/06/30,19:42:00,COLISIÓN POR MANIOBRA DE REVERSA,ASFALTO,Lluvioso,Regular,2,FORD,ROJO,2,,33,FEMENINO,SIN DATOS,0,0,Morelia,Lomas de Guayangareo,junio,martes,20,-101.158452,19.7009253
57758,57967,2026,MICH2026009999,2026/06/30,19:44:00,COLISIÓN POR ALCANCE,ASFALTO,Lluvioso,Regular,2,HONDA,PLATA,2,,42,FEMENINO,SIN DATOS,0,0,Morelia,Tinijaro,junio,martes,20,-101.2605714,19.6969239
57759,57968,2026,,2026/06/30,20:11:00,COLISIÓN POR ALCANCE,ASFALTO,Lluvioso,Bueno,2,MERCEDES-BENZ,BLANCO,2,,29,MASCULINO,SIN DATOS,0,0,Morelia,Villas de La Esperanza,junio,martes,20,-101.2723744,19.6937774
57760,57969,2026,,2026/06/30,20:27:00,COLISIÓN POR CAMBIO DE CARRIL,CONCRETO,Bueno,Bueno,2,INTERNATIONAL,BLANCO,2,,,,SIN DATOS,0,0,Morelia,Ignacio Lopez Rayon,junio,martes,20,-101.2508858,19.6897811
57761,57970,2026,,2026/06/30,20:46:00,COLISIÓN POR NO RESPETAR SEMÁFORO,ASFALTO,Lluvioso,Regular,2,DODGE,ROJO,2,,41,FEMENINO,SIN DATOS,0,0,Morelia,Los Girasoles,junio,martes,21,-101.2130837,19.6905804
57762,57971,2026,,2026/06/30,21:37:00,COLISIÓN POR INVASIÓN DE CARRIL,ASFALTO,Lluvioso,Regular,2,FORD,AZUL,2,,52,MASCULINO,SIN DATOS,0,0,Álvaro Obregón,Sin datos,junio,martes,22,-101.0233597,19.8403024
57763,57972,2026,MOR2026009999988,2026/06/30,23:00:00,COLISIÓN POR CORTE DE CIRCULACIÓN,ASFALTO,Lluvioso,Regular,2,NISSAN,BLANCO,2,MINISTERIO PÚBLICO,22,MASCULINO,SIN DATOS,0,0,Morelia,Villa Universidad,junio,martes,23,-101.2134784,19.6891398
57764,57973,2026,,2026/07/01,"00:23:00",SUBIDA AL CAMELLÓN,ASFALTO,Lluvioso,Regular,1,FIAT,BLANCO,1,,34,MASCULINO,SIN DATOS,0,0,Morelia,Montaña Monarca,julio,miércoles,0,-101.1655262,19.6716645
57765,57974,2026,LCR/20260010321,2026/07/01,"02:19:00",COLISIÓN POR ALCANCE,ASFALTO,Bueno,Bueno,3,CHEVROLET,ROJO,3,,38,MASCULINO,SIN DATOS,0,0,Lázaro Cárdenas,1Er Sect de Fidelac,julio,miércoles,2,-102.1986197,17.962273
57766,57975,2026,,2026/07/01,"07:09:00",COLISIÓN CONTRA OBJETO FIJO,ASFALTO,Nublado,Bueno,1,DODGE,BLANCO,1,,26,MASCULINO,SIN DATOS,0,0,Lázaro Cárdenas,1Er Sect de Fidelac,julio,miércoles,7,-102.1972241,17.9605574
57767,57976,2026,MOR20261528399,2026/07/01,"07:30:00",COLISIÓN POR CORTE DE CIRCULACIÓN,ASFALTO,Nublado,Regular,2,NISSAN,BLANCO,2,,20,,CON CERTIFICADO,0,0,Morelia,Felix Ireta,julio,miércoles,8,-101.1876449,19.6814516
57768,57977,2026,,2026/07/01,"08:05:00",COLISIÓN POR CORTE DE CIRCULACIÓN,ASFALTO,Lluvioso,Regular,2,CHEVROLET,BLANCO,4,,40,MASCULINO,ALIENTO ETÍLICO,2,0,Pátzcuaro,Juventino Rosas,julio,miércoles,8,-101.6134335,19.5074605
57769,57978,2026,MOR/20260076265,2026/07/01,"09:12:00",VOLCADURA,ASFALTO,Lluvioso,Bueno,1,VOLKSWAGEN,NEGRO,1,,26,MASCULINO,SIN DATOS,0,0,Morelia,Sin datos,julio,miércoles,9,-101.3906732,19.5559825
57770,57979,2026,APTZ/20260005329,2026/07/01,"09:39:00",COLISIÓN CONTRA OBJETO FIJO,CONCRETO,Lluvioso,Regular,1,KIA,GRIS OXFORD,1,,,,SIN DATOS,0,0,Apatzingán,Ferrocarril,julio,miércoles,10,-102.3551233,19.079975
57771,57980,2026,,2026/07/01,10:46:00,COLISIÓN POR INVASIÓN DE CARRIL,ASFALTO,Nublado,Bueno,2,ITALIKA,NARANJA,2,,36,FEMENINO,SIN DATOS,0,0,Lázaro Cárdenas,Jose Green,julio,miércoles,11,-102.2010375,17.9650388
57772,57981,2026,MOR/ 20260076287,2026/07/01,11:27:00,COLISIÓN POR ALCANCE,CONCRETO,Lluvioso,Bueno,2,VOLKSWAGEN,PLATA,2,,35,MASCULINO,SIN DATOS,0,0,Morelia,Rafael Carrillo,julio,miércoles,11,-101.2363675,19.7079773
57773,57982,2026,,2026/07/01,11:28:00,COLISIÓN POR CORTE DE CIRCULACIÓN,ASFALTO,Nublado,Bueno,2,HONDA,BLANCO,2,,65,MASCULINO,SIN DATOS,0,0,Lázaro Cárdenas,Segundo Sector de Fidelac,julio,miércoles,11,-102.204003,17.9632493
57774,57983,2026,,2026/07/01,12:08:00,SALIDA DE SUPERFICIE DE RODAMIENTO,ASFALTO,Nublado,Regular,1,NISSAN,BLANCO,1,,39,MASCULINO,SIN DATOS,0,0,Zinapécuaro,Sin datos,julio,miércoles,12,-100.9341713,19.8751845
57775,57984,2026,MOR20260076323,2026/07/01,13:06:00,COLISIÓN POR CORTE DE CIRCULACIÓN,ASFALTO,Lluvioso,Regular,2,DINAMO,BLANCO,2,,43,MASCULINO,SIN DATOS,0,0,Morelia,Nueva Chapultepec,julio,miércoles,13,-101.1757414,19.6895202
57776,57985,2026,,2026/07/01,14:29:00,SALIDA DE SUPERFICIE DE RODAMIENTO,ASFALTO,Nublado,Regular,1,FREIGHTLINER,NEGRO,1,,36,MASCULINO,SIN DATOS,0,0,Tarímbaro,Sin datos,julio,miércoles,14,-101.1399361,19.7739429
57777,57986,2026,MOR/20160076372,2026/07/01,14:58:00,COLISIÓN POR CORTE DE CIRCULACIÓN,ASFALTO,Lluvioso,Bueno,2,DACIA,BEIGE,2,,60,MASCULINO,SIN DATOS,0,0,Morelia,Enrique Ramirez,julio,miércoles,15,-101.1657281,19.7098522
57778,57987,2026,MOR/63738283984,2026/07/01,15:30:00,COLISIÓN POR ALCANCE,ASFALTO,Lluvioso,Regular,3,MAZDA,BLANCO,3,,28,FEMENINO,SIN DATOS,0,0,Morelia,Primaveras,julio,miércoles,16,-101.2257541,19.6808989
57779,57988,2026,MOR/20260076391,2026/07/01,16:24:00,COLISIÓN POR CORTE DE CIRCULACIÓN,ASFALTO,Nublado,Regular,2,CHEVROLET,ROJO,2,,43,MASCULINO,SIN DATOS,0,0,Morelia,Nueva Valladolid,julio,miércoles,16,-101.2099399,19.700957
57780,57989,2026,,2026/07/01,16:58:00,SALIDA DE SUPERFICIE DE RODAMIENTO,ASFALTO,Bueno,Bueno,1,VOLVO,BLANCO,1,,23,MASCULINO,SIN DATOS,0,0,Zitácuaro,Sin datos,julio,miércoles,17,-100.3750633,19.4978383
57781,57990,2026,MOR/20260076407,2026/07/01,17:16:00,COLISIÓN CONTRA OBJETO FIJO,ASFALTO,Bueno,Bueno,1,RENAULT,NEGRO,1,,17,MASCULINO,SIN DATOS,0,0,Morelia,Ciudad Industrial,julio,miércoles,17,-101.1622278,19.7229629
57782,57991,2026,,2026/07/01,18:57:00,SALIDA DE SUPERFICIE DE RODAMIENTO,ASFALTO,Bueno,Regular,1,NISSAN,BLANCO,0,,,,,0,0,Epitacio Huerta,Sin datos,julio,miércoles,19,-100.2698678,20.17333
57783,57992,2026,,2026/07/01,19:02:00,COLISIÓN POR CORTE DE CIRCULACIÓN,ASFALTO,Nublado,Bueno,2,NISSAN,BLANCO,1,,31,MASCULINO,SIN DATOS,0,0,Lázaro Cárdenas,1Er Sect de Fidelac,julio,miércoles,19,-102.1978681,17.9633258
57784,57993,2026,MOR/ 20260076457,2026/07/01,20:09:00,COLISIÓN CONTRA OBJETO FIJO,CONCRETO,Nublado,Bueno,1,Nissan,Azul,1,,71,FEMENINO,SIN DATOS,0,0,Morelia,Enrique Arreguin Robles,julio,miércoles,20,-101.1839402,19.7198351
57785,57994,2026,MOR20260076445,2026/07/01,20:33:00,COLISIÓN POR CORTE DE CIRCULACIÓN,CONCRETO,Bueno,Bueno,2,Nissan,Blanco,3,,35,MASCULINO,SIN DATOS,1,0,Morelia,Punta Floresta,julio,miércoles,21,-101.2183023,19.7531688
57786,57995,2026,,2026/07/01,21:45:00,COLISIÓN POR CAMBIO DE CARRIL,ASFALTO,Nublado,Regular,2,Nissan,Rojo,2,,,,SIN DATOS,0,0,Tacámbaro,Sin datos,julio,miércoles,22,-101.4840481,19.3516018
57787,57996,2026,,2026/07/01,22:53:00,SALIDA DE SUPERFICIE DE RODAMIENTO,ASFALTO,Bueno,Bueno,1,MITSUBISHI,BLANCO,1,,23,MASCULINO,SIN DATOS,0,0,Ziracuaretiro,Sin datos,julio,miércoles,23,-101.91925,19.47485
57788,57997,2026,,2026/07/01,23:05:00,VOLCADURA,ASFALTO,Bueno,Bueno,1,GMC,BLANCO,1,,35,MASCULINO,SIN DATOS,0,0,Jungapeo,Sin datos,julio,miércoles,23,-100.4536245,19.4927234
57789,57998,2026,,2026/07/02,"07:32:00",COLISIÓN POR CORTE DE CIRCULACIÓN,ASFALTO,Bueno,Bueno,2,FORD,AZUL,3,,42,MASCULINO,SIN DATOS,1,0,Álvaro Obregón,Sin datos,julio,jueves,8,-101.0232238,19.8399852
57790,57999,2026,,2026/07/02,10:33:00,COLISIÓN POR CORTE DE CIRCULACIÓN,ASFALTO,Bueno,Bueno,3,Cfmoto,Azul,3,,27,MASCULINO,SIN DATOS,0,0,Morelia,Centro,julio,jueves,11,-101.1875839,19.7028735
57791,58000,2026,,2026/07/02,13:02:00,COLISIÓN POR ALCANCE,ASFALTO,Nublado,Bueno,2,International,Beige,2,,42,MASCULINO,SIN DATOS,0,0,Morelia,Nueva Valladolid,julio,jueves,13,-101.2111853,19.7017689