fid,id_accidente,anio_origen,folio_c5i,dia_incidente,hora_ocurrencia,tipo_incidente_vial,superficie_ocurrencia,condiciones_climaticas,condiciones_via,numero_vehiculos_involucrados,marca_vehiculo_ocasiona_siniestro,color_vehiculo_ocasiona_siniestro,numero_personas_involucradas,lugar_remite_presunto_responsable,edad_presunto_responsable,sexo_presunto_responsable,resultados_toxicologia,numero_personas_lesionadas,numero_personas_fallecidas,municipio,colonia,mes,dia_semana,hora_redondeada,lon,lat
57792,58001,2026,,2026/07/02,13:41:00,COLISIÓN POR CORTE DE CIRCULACIÓN,ASFALTO,Bueno,Bueno,2,TOYOTA,BLANCO,2,,58,MASCULINO,SIN DATOS,0,0,Tarímbaro,El Trebol,julio,jueves,14,-101.1553089,19.7688556
57793,58002,2026,,2026/07/02,14:06:00,COLISIÓN POR ALCANCE,ASFALTO,Bueno,Bueno,2,NISSAN,CAFE,1,,63,MASCULINO,SIN DATOS,0,0,Ziracuaretiro,Sin datos,julio,jueves,14,-101.9425672,19.4705665
57794,58003,2026,,2026/07/02,16:12:00,COLISIÓN POR ALCANCE,CONCRETO,Nublado,Bueno,2,FORD,ROJO,2,MINISTERIO PÚBLICO,57,MASCULINO,SIN DATOS,0,0,Morelia,Vasco de Quiroga,julio,jueves,16,-101.1775375,19.6985881
57795,58004,2026,,2026/07/02,16:27:00,VOLCADURA,ASFALTO,Bueno,Bueno,1,INTERNATIONAL,BLANCO,1,,46,MASCULINO,SIN DATOS,0,0,Peribán,Sin datos,julio,jueves,16,-102.3787494,19.5493533
57796,58005,2026,,2026/07/02,17:17:00,SALIDA DE SUPERFICIE DE RODAMIENTO,ASFALTO,Bueno,Malo,1,ITALIKA,ROJO,2,,,,,0,2,Jiménez,Sin datos,julio,jueves,17,-101.7531021,19.9129511
57797,58006,2026,,2026/07/02,18:10:00,VOLCADURA,ASFALTO,Bueno,Bueno,1,FREIGHTLINER,BLANCO,0,,,,,0,0,Nuevo Urecho,Sin datos,julio,jueves,18,-101.881115,19.1711
57798,58007,2026,,2026/07/02,18:31:00,COLISIÓN CONTRA OBJETO FIJO,ASFALTO,Bueno,Bueno,1,TOYOTA,AZUL,1,,43,MASCULINO,SIN DATOS,0,0,Lázaro Cárdenas,Napoleon Gomez Sada,julio,jueves,19,-102.2272947,17.978091
57799,58008,2026,,2026/07/02,19:18:00,COLISIÓN POR CORTE DE CIRCULACIÓN,ASFALTO,Bueno,Regular,2,NISSAN,BLANCO,0,,,,,0,0,Hidalgo,Sin datos,julio,jueves,19,-100.5204118,19.6824007
57800,58009,2026,,2026/07/02,19:30:00,COLISIÓN POR MANIOBRA DE REVERSA,CONCRETO,Bueno,Bueno,2,HYUNDAI,BLANCO,2,,40,MASCULINO,SIN DATOS,0,0,Morelia,Felix Ireta,julio,jueves,20,-101.1918758,19.6847227
57801,58010,2026,,2026/07/02,19:51:00,COLISIÓN CONTRA OBJETO FIJO,ASFALTO,Bueno,Regular,1,VOLKSWAGEN,ROJO,2,,,,,2,0,Tocumbo,Sin datos,julio,jueves,20,-102.4803083,19.7133733
57802,58011,2026,MOR20260076819,2026/07/02,20:23:00,COLISIÓN POR ALCANCE,ASFALTO,Bueno,Bueno,2,TOYOTA,BLANCO,2,,,FEMENINO,SIN DATOS,0,0,Morelia,Alberto Oviedo Mota,julio,jueves,20,-101.2025308,19.6775212
57803,58012,2026,,2026/07/02,20:48:00,COLISIÓN CONTRA OBJETO FIJO,CONCRETO,Bueno,Regular,2,Volkswagen,Gris oxford,2,,27,MASCULINO,SIN DATOS,0,0,Morelia,Centro,julio,jueves,21,-101.1785071,19.7007687
57804,58013,2026,MOR/20260076828,2026/07/02,20:49:00,COLISIÓN POR INVASIÓN DE CARRIL,ASFALTO,Nublado,Bueno,2,HONDA,BLANCO,2,MINISTERIO PÚBLICO,41,MASCULINO,ALIENTO ETÍLICO,0,0,Morelia,Torreon Nuevo,julio,jueves,21,-101.1986646,19.7340124
57805,58014,2026,MOR20260076975,2026/07/03,"08:29:00",COLISIÓN POR CORTE DE CIRCULACIÓN,CONCRETO,Bueno,Bueno,2,ITALIKA,AZUL,2,,28,MASCULINO,SIN DATOS,0,0,Morelia,Rey Tariacuri (Eucaliptos),julio,viernes,8,-101.2003333,19.6779117
57806,58015,2026,MOR/20260076968,2026/07/03,"08:47:00",COLISIÓN CONTRA OBJETO FIJO,ASFALTO,Bueno,Bueno,3,NISSAN,ROJO,1,,23,MASCULINO,SIN DATOS,0,0,Morelia,Morelos,julio,viernes,9,-101.2073259,19.6997111
57807,58016,2026,MOR20260063451,2026/07/03,"09:05:00",COLISIÓN POR CORTE DE CIRCULACIÓN,ASFALTO,Bueno,Bueno,2,VOLKSWAGEN,GRIS,2,,52,MASCULINO,SIN DATOS,0,0,Morelia,Prados Verdes,julio,viernes,9,-101.197165,19.7154133
57808,58017,2026,,2026/07/03,"09:35:00",COLISIÓN POR CORTE DE CIRCULACIÓN,CONCRETO,Bueno,Bueno,2,CHEVROLET,ROJO,2,,26,FEMENINO,SIN DATOS,0,0,Morelia,Ventura Puente,julio,viernes,10,-101.1906493,19.6912
57809,58018,2026,MOR/6383883929,2026/07/03,10:05:00,COLISIÓN POR CORTE DE CIRCULACIÓN,ASFALTO,Bueno,Bueno,2,FORD,ROJO,2,MINISTERIO PÚBLICO,35,FEMENINO,SIN DATOS,0,0,Morelia,Prados Verdes,julio,viernes,10,-101.2029312,19.7153032
57810,58019,2026,,2026/07/03,11:24:00,SALIDA DE SUPERFICIE DE RODAMIENTO,ASFALTO,Bueno,Bueno,1,NISSAN,BLANCO,1,,37,MASCULINO,SIN DATOS,0,0,Irimbo,Sin datos,julio,viernes,11,-100.4599104,19.7186626
57811,58020,2026,MOR20260077006,2026/07/03,11:28:00,COLISIÓN CONTRA OBJETO FIJO,CONCRETO,Bueno,Bueno,2,KENWORTH,NARANJA,1,,59,MASCULINO,SIN DATOS,0,0,Morelia,Agustin Arriaga Rivera,julio,viernes,11,-101.2245339,19.6912704
57812,58021,2026,MOR202600000999,2026/07/03,11:36:00,COLISIÓN POR ALCANCE,ASFALTO,Bueno,Bueno,2,KIA,BLANCO,2,,35,MASCULINO,SIN DATOS,0,0,Morelia,Loma Bonita,julio,viernes,12,-101.1974037,19.7243711
57813,58022,2026,MOR/20260077049,2026/07/03,11:37:00,COLISIÓN CONTRA OBJETO FIJO,CONCRETO,Bueno,Bueno,3,KENWORTH,AZUL MARINO,3,,24,MASCULINO,SIN DATOS,0,0,Morelia,Division del Norte,julio,viernes,12,-101.1648167,19.7116483
57814,58023,2026,M9R20260077024,2026/07/03,11:39:00,COLISIÓN CONTRA OBJETO FIJO,ASFALTO,Bueno,Bueno,2,CHRYSLER,BLANCO,2,,20,MASCULINO,SIN DATOS,0,0,Morelia,Pastor Manuel Sanchez Camarena,julio,viernes,12,-101.1994941,19.7392019
57815,58024,2026,MOR/20260077020,2026/07/03,12:28:00,COLISIÓN POR ALCANCE,ASFALTO,Bueno,Bueno,2,KIA,BLANCO,2,,39,MASCULINO,SIN DATOS,0,0,Morelia,Nueva Jacarndas,julio,viernes,12,-101.1887041,19.6816549
57816,58025,2026,MOR/20260077011,2026/07/03,12:46:00,COLISIÓN POR CAMBIO DE CARRIL,ASFALTO,Bueno,Bueno,3,HONDA,NEGRO,2,MINISTERIO PÚBLICO,27,MASCULINO,SIN DATOS,0,0,Morelia,Sin datos,julio,viernes,13,-101.2417057,19.6571716
57817,58026,2026,APATZ/20260005394,2026/07/03,12:51:00,COLISIÓN POR CORTE DE CIRCULACIÓN,ASFALTO,Bueno,Bueno,2,HONDA,NEGRO,2,,63,FEMENINO,SIN DATOS,0,0,Apatzingán,Centro,julio,viernes,13,-102.3546705,19.085733
57818,58027,2026,MOR20260077056,2026/07/03,15:07:00,COLISIÓN POR CORTE DE CIRCULACIÓN,ASFALTO,Bueno,Bueno,2,FREIGHTLINER,ROJO,2,,20,MASCULINO,SIN DATOS,0,0,Morelia,Campestre Los Manantiales,julio,viernes,15,-101.2382227,19.6882408
57819,58028,2026,,2026/07/03,15:42:00,COLISIÓN POR CAMBIO DE CARRIL,ASFALTO,Bueno,Bueno,2,TOYOTA,BLANCO,2,,28,MASCULINO,SIN DATOS,0,0,Morelia,Florida,julio,viernes,16,-101.2295238,19.6767637
57820,58029,2026,,2026/07/03,16:13:00,SALIDA DE SUPERFICIE DE RODAMIENTO,ASFALTO,Bueno,Bueno,1,NISSAN,ROJO,0,,,,,0,0,Queréndaro,Sin datos,julio,viernes,16,-100.8168229,19.7752087
57821,58030,2026,,2026/07/03,18:08:00,COLISIÓN POR INVASIÓN DE CARRIL,ASFALTO,Lluvioso,Regular,2,NISSAN,BLANCO PERLA,2,,,FEMENINO,SIN DATOS,0,0,Zitácuaro,Sin datos,julio,viernes,18,-100.348274,19.4736212
57822,58031,2026,,2026/07/03,18:17:00,SALIDA DE SUPERFICIE DE RODAMIENTO,ASFALTO,Lluvioso,Regular,1,VOLKSWAGEN,NEGRO,1,,47,MASCULINO,SIN DATOS,0,0,Coeneo,Sin datos,julio,viernes,18,-101.6768957,19.7448977
57823,58032,2026,APTZ/20260005404,2026/07/03,18:29:00,COLISIÓN POR CORTE DE CIRCULACIÓN,ASFALTO,Bueno,Bueno,2,ITALIKA,NARANJA,0,,,,,0,0,Apatzingán,Zona Industrial,julio,viernes,18,-102.3316678,19.0636987
57824,58033,2026,,2026/07/03,19:05:00,COLISIÓN POR CORTE DE CIRCULACIÓN,ASFALTO,Bueno,Bueno,2,VOLKSWAGEN,BLANCO,2,MINISTERIO PÚBLICO,27,MASCULINO,SIN DATOS,0,0,Morelia,Camelinas,julio,viernes,19,-101.1736469,19.681978
57825,58034,2026,,2026/07/03,19:41:00,COLISIÓN POR NO RESPETAR SEMÁFORO,ASFALTO,Bueno,Bueno,2,ITALIKA,NEGRO,3,,44,FEMENINO,SIN DATOS,1,0,Lázaro Cárdenas,Nuevo Infonavit(11 de Julio),julio,viernes,20,-102.2188608,17.9675114
57826,58035,2026,MOR/637478384848,2026/07/03,20:52:00,COLISIÓN POR INVASIÓN DE CARRIL,ASFALTO,Lluvioso,Regular,2,MAZDA,BLANCO,2,,20,MASCULINO,SIN DATOS,0,0,Morelia,Ejidal Tres Puentes,julio,viernes,21,-101.2346882,19.6909683
57827,58036,2026,MOR2026000999,2026/07/03,21:21:00,COLISIÓN POR ALCANCE,ASFALTO,Lluvioso,Regular,2,CHEVROLET,ROJO,2,,34,MASCULINO,SIN DATOS,0,0,Morelia,Tinijaro,julio,viernes,21,-101.2618944,19.696546
57828,58037,2026,MOR20260077177,2026/07/03,22:01:00,COLISIÓN POR ALCANCE,ASFALTO,Bueno,Bueno,2,VOLKSWAGEN,BLANCO,2,MINISTERIO PÚBLICO,20,MASCULINO,SIN DATOS,0,0,Morelia,Josefa Ortiz de Dominguez,julio,viernes,22,-101.2098056,19.6718664
57829,58038,2026,MOR20262227222,2026/07/03,22:14:00,DESBARRANCAMIENTO,ASFALTO,Malo,Regular,1,CHEVROLET,GUINDA,1,,18,MASCULINO,SIN DATOS,0,0,Morelia,Fracc Valle de Mil Cumbres,julio,viernes,22,-101.1029942,19.6887613
57830,58039,2026,MOR / 20260077141,2026/07/03,22:33:00,COLISIÓN POR CORTE DE CIRCULACIÓN,ASFALTO,Lluvioso,Bueno,2,VENTO,BLANCO,3,MINISTERIO PÚBLICO,33,MASCULINO,SIN DATOS,1,0,Morelia,Dr Miguel Silva,julio,viernes,23,-101.1882739,19.7210816
57831,58040,2026,,2026/07/03,22:36:00,CAIDA DE MOTOCICLETA,ASFALTO,Bueno,Bueno,1,ITALIKA,NEGRO,1,,,,SIN DATOS,0,0,Parácuaro,Sin datos,julio,viernes,23,-102.2550896,19.0592591
57832,58041,2026,MOR/20260077181,2026/07/03,22:56:00,CAIDA DE MOTOCICLETA,CONCRETO,Bueno,Bueno,1,ITALIKA,GRIS,2,,29,MASCULINO,SIN DATOS,1,0,Morelia,Lomas de Guayangareo,julio,viernes,23,-101.1629714,19.7009574
57833,58042,2026,MOR20260010372,2026/07/03,23:59:00,COLISIÓN CONTRA OBJETO FIJO,ASFALTO,Bueno,Regular,2,HONDA,PLATA,2,,40,MASCULINO,SIN DATOS,0,0,Morelia,Ciudad Industrial,julio,viernes,0,-101.1337178,19.7334964
57834,58043,2026,MOR20260015724,2026/07/04,"01:17:00",SALIDA DE SUPERFICIE DE RODAMIENTO,ASFALTO,Bueno,Bueno,1,VOLKSWAGEN,GRIS,1,,,,SIN DATOS,0,0,Morelia,Cumbres de Morelia,julio,sábado,1,-101.141245,19.69185
57835,58044,2026,LCR/20260010469,2026/07/04,"01:43:00",COLISIÓN CONTRA OBJETO FIJO,CONCRETO,Bueno,Bueno,1,RAM,BLANCO,0,,,,,0,0,Lázaro Cárdenas,El Palmar 77,julio,sábado,2,-102.2119475,17.9759087
57836,58045,2026,MOR/20260077305,2026/07/04,"07:13:00",COLISIÓN CONTRA OBJETO FIJO,ASFALTO,Bueno,Bueno,1,VOLKSWAGEN,BLANCO,1,,0,,SIN DATOS,0,0,Charo,Sin datos,julio,sábado,7,-101.0153498,19.6997427
57837,58046,2026,MOR/20260077297,2026/07/04,"07:58:00",VOLCADURA,ASFALTO,Bueno,Bueno,1,Nissan,Blanco,4,,55,MASCULINO,SIN DATOS,3,0,Morelia,Country Club  Las Huertas,julio,sábado,8,-101.2287551,19.6639475
57838,58047,2026,,2026/07/04,"08:32:00",COLISIÓN POR INVASIÓN DE CARRIL,ASFALTO,Bueno,Regular,2,FREIGHTLINER,BLANCO,0,,,,,0,0,Tlalpujahua,La Guerrita,julio,sábado,9,-100.1637691,19.8045302
57839,58048,2026,,2026/07/04,"09:15:00",SALIDA DE SUPERFICIE DE RODAMIENTO,ASFALTO,Bueno,Bueno,1,GMC,CAFE,1,,,OTRO,SIN DATOS,0,0,Queréndaro,Sin datos,julio,sábado,9,-100.86095,19.8082267
57840,58049,2026,,2026/07/04,11:44:00,COLISIÓN POR INVASIÓN DE CARRIL,ASFALTO,Bueno,Regular,2,NISSAN,GUINDA,1,,34,MASCULINO,SIN DATOS,0,0,Hidalgo,Barranca Seca,julio,sábado,12,-100.5804233,19.695095
57841,58050,2026,,2026/07/04,11:51:00,COLISIÓN POR NO RESPETAR SEMÁFORO,ASFALTO,Bueno,Bueno,2,NISSAN,NEGRO,2,,26,MASCULINO,SIN DATOS,0,0,Morelia,Nicolas Bravo(Los Ejidos),julio,sábado,12,-101.2246988,19.7045841
57842,58051,2026,,2026/07/04,11:54:00,COLISIÓN POR ALCANCE,ASFALTO,Bueno,Bueno,2,NISSAN,PLATA,2,,23,MASCULINO,SIN DATOS,0,0,Morelia,Cuauhtemoc,julio,sábado,12,-101.1789673,19.696316
57843,58052,2026,,2026/07/04,12:51:00,COLISIÓN CONTRA OBJETO FIJO,ASFALTO,Bueno,Bueno,1,INTERNATIONAL,AZUL,1,,25,MASCULINO,SIN DATOS,0,0,Pátzcuaro,Centro,julio,sábado,13,-101.6100102,19.5294033
57844,58053,2026,,2026/07/04,12:51:00,COLISIÓN POR ALCANCE,CONCRETO,Bueno,Bueno,1,ITALIKA,AZUL,2,,21,FEMENINO,SIN DATOS,1,0,Pátzcuaro,Vasco de Quiroga (La Loma),julio,sábado,13,-101.6042485,19.5235362
57845,58054,2026,,2026/07/04,15:42:00,COLISIÓN POR INVASIÓN DE CARRIL,CONCRETO,Bueno,Bueno,2,NISSAN,BLANCO,2,,,MASCULINO,SIN DATOS,0,0,Morelia,Ventura Puente,julio,sábado,16,-101.1881154,19.6922917
57846,58055,2026,LZC20260010496,2026/07/04,16:16:00,COLISIÓN CONTRA OBJETO FIJO,ASFALTO,Bueno,Bueno,3,DODGE,GRIS,1,,30,MASCULINO,SIN DATOS,0,0,Lázaro Cárdenas,Jarene,julio,sábado,16,-102.2219573,17.9645195
57847,58056,2026,,2026/07/04,16:45:00,COLISIÓN POR ALCANCE,ASFALTO,Lluvioso,Regular,2,HONDA,AZUL,2,,18,MASCULINO,SIN DATOS,0,0,Morelia,Sentimientos de La Nacion,julio,sábado,17,-101.2359821,19.6827574
57848,58057,2026,,2026/07/04,17:32:00,COLISIÓN POR MANIOBRA DE REVERSA,CONCRETO,Nublado,Bueno,2,NISSAN,BLANCO,2,,34,MASCULINO,SIN DATOS,0,0,Morelia,Independencia,julio,sábado,18,-101.1783289,19.7133016
57849,58058,2026,MOR/20260077499,2026/07/04,18:03:00,COLISIÓN POR CAMBIO DE CARRIL,ASFALTO,Bueno,Regular,2,CHEVROLET,BLANCO,2,,19,MASCULINO,SIN DATOS,0,0,Morelia,Martires de Uruapan,julio,sábado,18,-101.2018333,19.7255813
57850,58059,2026,,2026/07/04,18:38:00,COLISIÓN POR CORTE DE CIRCULACIÓN,ASFALTO,Bueno,Bueno,2,JEEP,VERDE,3,,51,MASCULINO,SIN DATOS,1,0,Múgica,Centro,julio,sábado,19,-102.09396,19.0228916
57851,58060,2026,LCR/20260010506,2026/07/04,20:21:00,COLISIÓN POR CORTE DE CIRCULACIÓN,CONCRETO,Bueno,Bueno,2,TOYOTA,BLANCO,0,,,,,0,0,Lázaro Cárdenas,Segundo Sector de Fidelac,julio,sábado,20,-102.2085231,17.9626195
57852,58061,2026,,2026/07/04,20:40:00,SALIDA DE SUPERFICIE DE RODAMIENTO,ASFALTO,Bueno,Regular,1,Chevrolet,Blanco perla,1,,55,MASCULINO,SIN DATOS,0,0,Morelia,Sin datos,julio,sábado,21,-101.3086717,19.5818229
57853,58062,2026,,2026/07/04,20:45:00,COLISIÓN CONTRA OBJETO FIJO,ASFALTO,Bueno,Bueno,1,FORD,VERDE,0,,,,,0,0,Lázaro Cárdenas,Jose Green,julio,sábado,21,-102.2030972,17.9652748
57854,58063,2026,,2026/07/04,21:10:00,COLISIÓN POR CORTE DE CIRCULACIÓN,ASFALTO,Nublado,Bueno,2,ITALIKA,NEGRO,3,,45,MASCULINO,SIN DATOS,1,0,Pátzcuaro,Centro,julio,sábado,21,-101.6072484,19.5237707
57855,58064,2026,MOR/20260077604,2026/07/04,22:10:00,COLISIÓN CONTRA OBJETO FIJO,ASFALTO,Lluvioso,Regular,1,DODGE,BEIGE,1,,71,MASCULINO,SIN DATOS,0,0,Morelia,Trabajadores del Cbta No 7,julio,sábado,22,-101.2311166,19.6629778
57856,58065,2026,,2026/07/04,22:37:00,COLISIÓN CONTRA OBJETO FIJO,CONCRETO,Bueno,Bueno,1,DODGE,GRIS,1,,,MASCULINO,SIN DATOS,0,0,Morelia,Ventura Puente,julio,sábado,23,-101.1879239,19.6912925
57857,58066,2026,APATZ/20260005447,2026/07/04,23:10:00,CAIDA DE MOTOCICLETA,ASFALTO,Bueno,Bueno,0,,,0,,,,,0,0,Apatzingán,Sin datos,julio,sábado,23,-102.4483,19.0948117
57858,58067,2026,,2026/07/05,"00:00:00",COLISIÓN CONTRA OBJETO FIJO,ASFALTO,Lluvioso,Bueno,1,SEAT,ROJO,3,,26,MASCULINO,SIN DATOS,2,0,Pátzcuaro,Revolucion,julio,domingo,0,-101.6118006,19.5325299
57859,58068,2026,,2026/07/05,"00:43:00",COLISIÓN CONTRA OBJETO FIJO,ASFALTO,Lluvioso,Regular,3,BAJAJ,NEGRO,3,,17,MASCULINO,SIN DATOS,0,0,Morelia,Melchor Ocampo,julio,domingo,1,-101.2010862,19.7071753
57860,58069,2026,,2026/07/05,"02:59:00",COLISIÓN CONTRA OBJETO FIJO,ASFALTO,Bueno,Bueno,1,GMC,GRIS,1,,26,MASCULINO,SIN DATOS,0,0,Morelia,Sin datos,julio,domingo,3,-101.1364717,19.6888285
57861,58070,2026,,2026/07/05,"06:26:00",COLISIÓN CONTRA OBJETO FIJO,ASFALTO,Bueno,Bueno,1,VOLKSWAGEN,GRIS,2,,48,FEMENINO,SIN DATOS,1,0,Múgica,Lazaro Cardenas,julio,domingo,6,-102.0966517,19.0152986
57862,58071,2026,MOR/20260075689,2026/07/05,"09:59:00",COLISIÓN POR INVASIÓN DE CARRIL,ASFALTO,Bueno,Malo,2,VOLKSWAGEN,BLANCO,2,,37,MASCULINO,SIN DATOS,0,0,Morelia,Sin datos,julio,domingo,10,-101.1227354,19.7336375
57863,58072,2026,MOR20260077824,2026/07/05,11:20:00,COLISIÓN POR CORTE DE CIRCULACIÓN,CONCRETO,Bueno,Bueno,2,RENAULT,ROJO,2,,40,FEMENINO,SIN DATOS,0,0,Morelia,Jose Maria Morelos,julio,domingo,11,-101.2196567,19.7153633
57864,58073,2026,MOR/20260077849,2026/07/05,12:14:00,COLISIÓN POR CORTE DE CIRCULACIÓN,CONCRETO,Bueno,Bueno,2,DODGE,GRIS,2,,56,MASCULINO,SIN DATOS,0,0,Morelia,Villas del Pedregal,julio,domingo,12,-101.3114422,19.6768148
57865,58074,2026,MOR202600000078,2026/07/05,13:21:00,COLISIÓN POR CAMBIO DE CARRIL,ASFALTO,Bueno,Bueno,2,DODGE,NEGRO,2,,35,MASCULINO,SIN DATOS,0,0,Morelia,Centro,julio,domingo,13,-101.1940181,19.7067983
57866,58075,2026,LCR/20260010569,2026/07/05,14:32:00,COLISIÓN CONTRA OBJETO FIJO,ASFALTO,Bueno,Bueno,2,ITALIKA,ROJO,0,,,,,0,0,Lázaro Cárdenas,Aserradero,julio,domingo,15,-102.2130591,18.0207552
57867,58076,2026,MOR/648389273892,2026/07/05,14:59:00,COLISIÓN POR CAMBIO DE CARRIL,ASFALTO,Bueno,Bueno,2,NISSAN,BLANCO,2,,27,MASCULINO,SIN DATOS,0,0,Morelia,Plan de La Garita,julio,domingo,15,-101.187778,19.7108906
57868,58077,2026,,2026/07/05,15:39:00,COLISIÓN POR ALCANCE,ASFALTO,Bueno,Bueno,2,VOLKSWAGEN,GRIS,2,,62,MASCULINO,SIN DATOS,0,0,Pátzcuaro,Sin datos,julio,domingo,16,-101.6043754,19.5445889
57869,58078,2026,MOR/ 20266677945,2026/07/05,16:07:00,COLISIÓN POR ALCANCE,ASFALTO,Bueno,Bueno,3,FREIGHTLINER,BLANCO,3,,28,MASCULINO,SIN DATOS,0,0,Morelia,Lomas de Huerta,julio,domingo,16,-101.2102919,19.6725209
57870,58079,2026,MOR/6382847929,2026/07/05,16:49:00,COLISIÓN CONTRA OBJETO FIJO,CONCRETO,Bueno,Bueno,2,TOYOTA,GRIS,2,,32,MASCULINO,SIN DATOS,0,0,Morelia,Vasco de Quiroga,julio,domingo,17,-101.1709011,19.702754
57871,58080,2026,MOR/20260078019,2026/07/05,18:59:00,COLISIÓN POR CORTE DE CIRCULACIÓN,CONCRETO,Lluvioso,Bueno,2,Hyundai,Blanco,2,MINISTERIO PÚBLICO,37,MASCULINO,SIN DATOS,0,0,Morelia,Eva Samano,julio,domingo,19,-101.2006686,19.7308688
57872,58081,2026,APTZ/20260005494,2026/07/05,19:23:00,COLISIÓN CONTRA OBJETO FIJO,ASFALTO,Lluvioso,Regular,2,ITALIKA,NEGRO,1,,27,MASCULINO,SIN DATOS,0,0,Apatzingán,Bonifacio Moreno,julio,domingo,19,-102.3537962,19.0918702
57873,58082,2026,MOR 20267772222,2026/07/05,19:47:00,COLISIÓN POR ALCANCE,ASFALTO,Nublado,Regular,2,Volkswagen,Blanco,2,,27,MASCULINO,SIN DATOS,0,0,Morelia,Los Angeles,julio,domingo,20,-101.1769696,19.7403759
57874,58083,2026,MOR/7373748484,2026/07/05,20:27:00,COLISIÓN POR INVASIÓN DE CARRIL,CONCRETO,Lluvioso,Malo,2,Volkswagen,Cafe,2,,26,MASCULINO,SIN DATOS,0,0,Morelia,Sin datos,julio,domingo,20,-101.1531475,19.6675692
57875,58084,2026,MOR/20260078049,2026/07/05,21:57:00,COLISIÓN CONTRA OBJETO FIJO,ASFALTO,Nublado,Bueno,1,Nissan,Blanco,1,,,MASCULINO,SIN DATOS,0,0,Morelia,Chapultepec Norte,julio,domingo,22,-101.173885,19.6954417
57876,58085,2026,LCR/20260010588,2026/07/05,22:35:00,COLISIÓN POR CORTE DE CIRCULACIÓN,ASFALTO,Bueno,Bueno,2,FORD,BLANCO,2,,23,MASCULINO,SIN DATOS,0,0,Lázaro Cárdenas,Vista Industrial,julio,domingo,23,-102.2261162,17.9663557
57877,58086,2026,MOR20260078096,2026/07/05,23:09:00,SUBIDA AL CAMELLÓN,ASFALTO,Bueno,Bueno,1,Plymouth,Verde,1,,18,MASCULINO,SIN DATOS,0,0,Morelia,Alberto Oviedo Mota,julio,domingo,23,-101.2009069,19.68059
57878,58087,2026,MOR/20260078103,2026/07/05,23:26:00,COLISIÓN POR CORTE DE CIRCULACIÓN,CONCRETO,Bueno,Bueno,2,NISSAN,Gris,2,MINISTERIO PÚBLICO,41,MASCULINO,SIN DATOS,0,0,Morelia,Industrial,julio,domingo,23,-101.1967922,19.711263
57879,58088,2026,,2026/07/05,23:54:00,SALIDA DE SUPERFICIE DE RODAMIENTO,ASFALTO,Bueno,Bueno,1,VOLKSWAGEN,GRIS,0,,,,,0,0,Zitácuaro,Sin datos,julio,domingo,0,-100.3991796,19.3879836
57880,58089,2026,MOR/20260078141,2026/07/06,"00:16:00",VOLCADURA,CONCRETO,Bueno,Bueno,1,Dodge,Blanco,1,,26,MASCULINO,SIN DATOS,0,0,Morelia,Ignacio Lopez Rayon,julio,lunes,0,-101.2546,19.6907717
57881,58090,2026,MOR/20260078090,2026/07/06,"00:36:00",COLISIÓN POR CORTE DE CIRCULACIÓN,CONCRETO,Nublado,Bueno,2,Suzuki,Rojo,2,,56,MASCULINO,SIN DATOS,0,0,Morelia,Felix Ireta,julio,lunes,1,-101.1866816,19.6849962
57882,58091,2026,,2026/07/06,"01:00:00",SALIDA DE SUPERFICIE DE RODAMIENTO,ASFALTO,Bueno,Bueno,0,,,0,,,,,0,0,Madero,Sin datos,julio,lunes,1,-101.3296665,19.2612613
57883,58092,2026,MOR/ 20260078189,2026/07/06,"01:58:00",SALIDA DE SUPERFICIE DE RODAMIENTO,ASFALTO,Nublado,Bueno,1,Nissan,Blanco,1,,29,FEMENINO,SIN DATOS,0,0,Morelia,Dr Miguel Silva,julio,lunes,2,-101.1802562,19.7197823
57884,58093,2026,MOR/637388383,2026/07/06,"02:35:00",COLISIÓN POR ALCANCE,ASFALTO,Bueno,Bueno,2,Mazda,Negro,2,MINISTERIO PÚBLICO,,,SIN DATOS,0,0,Morelia,Lomas del Tecnologico,julio,lunes,3,-101.1948474,19.7241817
57885,58094,2026,,2026/07/06,"02:57:00",COLISIÓN CONTRA OBJETO FIJO,ADOQUIN_EMPEDRADO,Lluvioso,Bueno,1,ITALIKA,NEGRO,1,,21,MASCULINO,SIN DATOS,0,0,Pátzcuaro,Ibarra,julio,lunes,3,-101.6146983,19.538376
57886,58095,2026,,2026/07/06,"08:32:00",VOLCADURA,ASFALTO,Bueno,Bueno,1,FREIGHTLINER,BLANCO,1,,40,MASCULINO,SIN DATOS,0,0,Tocumbo,Sin datos,julio,lunes,9,-102.4924738,19.6508114
57887,58096,2026,,2026/07/06,"08:39:00",COLISIÓN POR CORTE DE CIRCULACIÓN,ASFALTO,Bueno,Regular,2,RENAULT,NEGRO,2,,40,MASCULINO,SIN DATOS,0,0,Tarímbaro,Sin datos,julio,lunes,9,-101.1283976,19.7775404
57888,58097,2026,,2026/07/06,"09:16:00",COLISIÓN POR ALCANCE,ASFALTO,Bueno,Bueno,2,Mercedes-benz,Blanco,2,,28,MASCULINO,SIN DATOS,0,0,Morelia,Sin datos,julio,lunes,9,-101.291268,19.6867972
57889,58098,2026,LCR/20260010615,2026/07/06,10:34:00,SALIDA DE SUPERFICIE DE RODAMIENTO,ASFALTO,Bueno,Bueno,1,VOLKSWAGEN,AZUL,1,,51,FEMENINO,SIN DATOS,0,0,Lázaro Cárdenas,Irekani,julio,lunes,11,-102.2217234,17.975102
57890,58099,2026,APTZ/20260005506,2026/07/06,11:17:00,COLISIÓN CONTRA OBJETO FIJO,ASFALTO,Bueno,Bueno,1,HONDA,NEGRO,1,,,,SIN DATOS,0,0,Apatzingán,Bonifacio Moreno,julio,lunes,11,-102.3537789,19.0922976
57891,58100,2026,,2026/07/06,14:08:00,COLISIÓN POR CAMBIO DE CARRIL,ASFALTO,Nublado,Bueno,2,Dina,Amarillo,2,,50,MASCULINO,SIN DATOS,0,0,Morelia,Ana Maria Gallaga (Riviera Ii),julio,lunes,14,-101.2244646,19.6764752
57892,58101,2026,LCR/20260010641,2026/07/06,17:45:00,COLISIÓN POR CORTE DE CIRCULACIÓN,ASFALTO,Lluvioso,Regular,2,CHEVROLET,GRIS,2,,47,MASCULINO,SIN DATOS,0,0,Lázaro Cárdenas,El Sembrador,julio,lunes,18,-102.207348,17.9723424