fid,id_accidente,anio_origen,folio_c5i,dia_incidente,hora_ocurrencia,tipo_incidente_vial,superficie_ocurrencia,condiciones_climaticas,condiciones_via,numero_vehiculos_involucrados,marca_vehiculo_ocasiona_siniestro,color_vehiculo_ocasiona_siniestro,numero_personas_involucradas,lugar_remite_presunto_responsable,edad_presunto_responsable,sexo_presunto_responsable,resultados_toxicologia,numero_personas_lesionadas,numero_personas_fallecidas,municipio,colonia,mes,dia_semana,hora_redondeada,lon,lat
57893,58102,2026,,2026/07/06,18:05:00,COLISIÓN POR ALCANCE,ASFALTO,Lluvioso,Regular,2,HONDA,BLANCO,2,,69,MASCULINO,SIN DATOS,0,0,Morelia,Ventura Puente,julio,lunes,18,-101.179551,19.692194
57894,58103,2026,,2026/07/06,18:15:00,COLISIÓN POR ALCANCE,ASFALTO,Bueno,Bueno,0,,,0,,,,,0,0,Zitácuaro,Sin datos,julio,lunes,18,-100.3160697,19.4449475
57895,58104,2026,,2026/07/06,22:18:00,SUBIDA AL CAMELLÓN,ASFALTO,Lluvioso,Regular,1,CHEVROLET,BLANCO,1,,65,MASCULINO,SIN DATOS,0,0,Morelia,Victor Manuel Tinoco Rubi,julio,lunes,22,-101.2424926,19.7052334
57896,58105,2026,,2026/07/07,"00:02:00",COLISIÓN POR INVASIÓN DE CARRIL,ASFALTO,Lluvioso,Malo,2,Jeep,Gris oxford,2,,41,FEMENINO,ALIENTO ETÍLICO,0,0,Morelia,La Floresta,julio,martes,0,-101.1512085,19.684609
57897,58106,2026,,2026/07/07,"07:10:00",COLISIÓN POR ALCANCE,ASFALTO,Lluvioso,Regular,3,HONDA,PLATA,3,,26,FEMENINO,SIN DATOS,0,0,Salvador Escalante,Cuirinditzio,julio,martes,7,-101.6292383,19.4091106
57898,58107,2026,MOR20260078655,2026/07/07,"08:36:00",COLISIÓN POR ALCANCE,ASFALTO,Bueno,Bueno,2,Volkswagen,Rojo,2,,55,MASCULINO,SIN DATOS,0,0,Morelia,Ignacio Zaragoza,julio,martes,9,-101.2044602,19.7254691
57899,58108,2026,MOR20261112222,2026/07/07,"08:38:00",COLISIÓN POR CAMBIO DE CARRIL,ASFALTO,Bueno,Bueno,2,NISSAN,BLANCO,2,,33,MASCULINO,SIN DATOS,0,0,Morelia,Sin datos,julio,martes,9,-101.2418723,19.6572901
57900,58109,2026,MOR/20260078673,2026/07/07,"09:09:00",COLISIÓN POR ALCANCE,ASFALTO,Bueno,Bueno,3,CHEVROLET,GUINDA,3,MINISTERIO PÚBLICO,36,MASCULINO,SIN DATOS,0,0,Morelia,Ignacio Zaragoza,julio,martes,9,-101.2046295,19.725464
57901,58110,2026,MOR/2026/82749,2026/07/07,10:21:00,COLISIÓN POR ALCANCE,ASFALTO,Bueno,Bueno,2,SEAT,ROJO,2,,29,FEMENINO,SIN DATOS,0,0,Morelia,Hermanos Lopez Rayon,julio,martes,10,-101.2218377,19.6766395
57902,58111,2026,MOR/20260078681,2026/07/07,11:58:00,SALIDA DE SUPERFICIE DE RODAMIENTO,ASFALTO,Bueno,Bueno,1,NISSAN,PLATA,1,,,OTRO,SIN DATOS,0,0,Morelia,Sin datos,julio,martes,12,-101.3940693,19.5571083
57903,58112,2026,MOR/20260078768,2026/07/07,14:11:00,COLISIÓN POR ALCANCE,ASFALTO,Nublado,Bueno,2,HERO,NEGRO,2,,36,MASCULINO,SIN DATOS,0,0,Morelia,Felix Ireta,julio,martes,14,-101.1840938,19.6812741
57904,58113,2026,MOR/ 20260078774,2026/07/07,15:03:00,COLISIÓN POR CORTE DE CIRCULACIÓN,ASFALTO,Bueno,Bueno,2,NISSAN,AZUL,2,,54,MASCULINO,SIN DATOS,0,0,Morelia,Las Margaritas,julio,martes,15,-101.2079653,19.7082639
57905,58114,2026,MOR20260000079,2026/07/07,15:55:00,COLISIÓN POR CORTE DE CIRCULACIÓN,ASFALTO,Bueno,Bueno,2,CHEVROLET,CAFE,2,,66,MASCULINO,SIN DATOS,0,0,Morelia,Centro,julio,martes,16,-101.1830907,19.7006521
57906,58115,2026,LCR/20260010697,2026/07/07,16:35:00,COLISIÓN POR CORTE DE CIRCULACIÓN,ASFALTO,Bueno,Bueno,2,ITALIKA,ROJO,2,,31,MASCULINO,SIN DATOS,0,0,Lázaro Cárdenas,Centro,julio,martes,17,-102.1937783,17.9556511
57907,58116,2026,MOR20262836518,2026/07/07,16:59:00,COLISIÓN POR CORTE DE CIRCULACIÓN,ASFALTO,Bueno,Bueno,2,VOLKSWAGEN,BLANCO,2,MINISTERIO PÚBLICO,27,MASCULINO,SIN DATOS,0,0,Morelia,Sin datos,julio,martes,17,-101.1268237,19.7300778
57908,58117,2026,MOR/6473883883,2026/07/07,17:24:00,COLISIÓN POR ALCANCE,ASFALTO,Bueno,Bueno,2,TOYOTA,GRIS,2,,34,MASCULINO,SIN DATOS,0,0,Morelia,Camelinas,julio,martes,17,-101.1731487,19.6858139
57909,58118,2026,MOR/2026108374,2026/07/07,17:32:00,COLISIÓN POR ALCANCE,ADOQUIN_EMPEDRADO,Bueno,Bueno,2,NISSAN,BLANCO,2,,58,MASCULINO,SIN DATOS,0,0,Morelia,Centro,julio,martes,18,-101.189833,19.7089366
57910,58119,2026,,2026/07/07,18:34:00,COLISIÓN POR INVASIÓN DE CARRIL,ASFALTO,Bueno,Bueno,2,FIAT,ROJO,2,,26,MASCULINO,SIN DATOS,0,0,Lázaro Cárdenas,1Er Sect de Fidelac,julio,martes,19,-102.190965,17.9596318
57911,58120,2026,LCR/20260010708,2026/07/07,20:21:00,COLISIÓN POR INVASIÓN DE CARRIL,ASFALTO,Bueno,Bueno,2,CHEVROLET,BLANCO,2,,27,MASCULINO,SIN DATOS,0,0,Lázaro Cárdenas,El Palmar 77,julio,martes,20,-102.2152946,17.9750045
57912,58121,2026,MOR / 2027007,2026/07/07,21:39:00,COLISIÓN POR ALCANCE,ASFALTO,Nublado,Bueno,2,Nissan,Blanco,2,MINISTERIO PÚBLICO,57,MASCULINO,SIN DATOS,0,0,Morelia,Tinijaro,julio,martes,22,-101.2634454,19.6961412
57913,58122,2026,MOR20260078923,2026/07/07,22:06:00,COLISIÓN POR CORTE DE CIRCULACIÓN,ASFALTO,Bueno,Bueno,2,Nissan,Blanco,2,,26,MASCULINO,SIN DATOS,0,0,Morelia,Felix Ireta,julio,martes,22,-101.195638,19.6819496
57914,58123,2026,MOR2026081735,2026/07/08,"00:57:00",VOLCADURA,ASFALTO,Bueno,Bueno,1,Gwm,Blanco,1,,44,MASCULINO,SIN DATOS,0,0,Morelia,Bosques de Oriente,julio,miércoles,1,-101.154612,19.716567
57915,58124,2026,,2026/07/08,10:21:00,CAIDA ACUATICA DE VEHÍCULO,TERRACERIA,Bueno,Bueno,1,FIAT,ROJO,0,,,,,0,0,Gabriel Zamora,Sin datos,julio,miércoles,10,-102.022317,19.2061986
57916,58125,2026,,2026/07/08,11:29:00,COLISIÓN POR ALCANCE,ASFALTO,Bueno,Bueno,2,Honda,Rojo,2,,39,FEMENINO,SIN DATOS,0,0,Morelia,Ampliacion La Soledad,julio,miércoles,11,-101.1822432,19.7367265
57917,58126,2026,,2026/07/08,13:20:00,COLISIÓN POR CORTE DE CIRCULACIÓN,ASFALTO,Bueno,Bueno,2,Kia,Gris,3,,69,MASCULINO,SIN DATOS,1,0,Morelia,Vasco de Quiroga,julio,miércoles,13,-101.172954,19.7069527
57918,58127,2026,,2026/07/08,13:54:00,COLISIÓN POR ALCANCE,ASFALTO,Bueno,Bueno,2,Nissan,Blanco,2,,,MASCULINO,SIN DATOS,0,0,Tarímbaro,Sin datos,julio,miércoles,14,-101.1617133,19.7653296
57919,58128,2026,,2026/07/08,14:02:00,COLISIÓN POR CAMBIO DE CARRIL,ASFALTO,Bueno,Bueno,2,NISSAN,BLANCO,2,MINISTERIO PÚBLICO,,MASCULINO,SIN DATOS,0,0,Morelia,Fovissste La Huerta,julio,miércoles,14,-101.211595,19.6937733
57920,58129,2026,,2026/07/08,14:41:00,COLISIÓN POR CORTE DE CIRCULACIÓN,ASFALTO,Bueno,Bueno,2,NISSAN,GRIS,2,,35,FEMENINO,SIN DATOS,0,0,Lázaro Cárdenas,Segundo Sector de Fidelac,julio,miércoles,15,-102.203209,17.961692
57921,58130,2026,"20260001665",2026/07/08,16:43:00,COLISIÓN POR CORTE DE CIRCULACIÓN,CONCRETO,Lluvioso,Regular,0,,,1,,,,,1,0,Coalcomán de Vázquez Pallares,Sin datos,julio,miércoles,17,-103.1540287,18.7708814
57922,58131,2026,,2026/07/08,17:11:00,COLISIÓN POR CORTE DE CIRCULACIÓN,ASFALTO,Bueno,Bueno,2,KIA,ROJO,2,,22,MASCULINO,SIN DATOS,0,0,Morelia,Granjas del Maestro,julio,miércoles,17,-101.1937707,19.713023
57923,58132,2026,,2026/07/08,18:22:00,COLISIÓN CONTRA OBJETO FIJO,ASFALTO,Bueno,Bueno,1,NISSAN,BLANCO,0,,,,,0,0,Tlalpujahua,Sin datos,julio,miércoles,18,-100.175725,19.800125
57924,58133,2026,,2026/07/08,21:07:00,COLISIÓN POR ALCANCE,ASFALTO,Bueno,Bueno,2,NISSAN,BLANCO,2,,49,MASCULINO,SIN DATOS,0,0,Morelia,Los Angeles,julio,miércoles,21,-101.1771361,19.7400032
57925,58134,2026,,2026/07/08,21:36:00,SALIDA DE SUPERFICIE DE RODAMIENTO,CONCRETO,Lluvioso,Regular,1,NISSAN,GRIS,0,,,,,0,0,Coeneo,Sin datos,julio,miércoles,22,-101.6374575,19.7733803
57926,58135,2026,,2026/07/08,22:10:00,CAIDA DE MOTOCICLETA,ASFALTO,Bueno,Bueno,1,ITALIKA,NEGRO,2,,18,MASCULINO,SIN DATOS,1,0,Queréndaro,Centro,julio,miércoles,22,-100.889295,19.8078833
57927,58136,2026,,2026/07/08,23:27:00,COLISIÓN POR ALCANCE,ASFALTO,Nublado,Bueno,2,HONDA,GRIS,2,,68,MASCULINO,SIN DATOS,0,0,Zamora,La Rinconada,julio,miércoles,23,-102.2909315,20.0423299
57928,58137,2026,,2026/07/09,"00:34:00",COLISIÓN CONTRA OBJETO FIJO,ASFALTO,Lluvioso,Bueno,1,VOLKSWAGEN,NEGRO,1,,50,MASCULINO,SIN DATOS,0,0,Morelia,Florida,julio,jueves,1,-101.2295236,19.6768426
57929,58138,2026,MOR/637383829,2026/07/09,"07:29:00",COLISIÓN POR CORTE DE CIRCULACIÓN,ASFALTO,Bueno,Bueno,2,NISSAN,GRIS OXFORD,2,,51,MASCULINO,SIN DATOS,0,0,Morelia,Nicolas Bravo(Los Ejidos),julio,jueves,7,-101.2162649,19.7031548
57930,58139,2026,,2026/07/09,"07:31:00",COLISIÓN POR CORTE DE CIRCULACIÓN,ASFALTO,Bueno,Bueno,2,MG,GRIS,3,,71,FEMENINO,SIN DATOS,1,0,Múgica,Sin Nombre,julio,jueves,8,-102.0961539,19.016081
57931,58140,2026,MOR/637383883,2026/07/09,10:45:00,SALIDA DE SUPERFICIE DE RODAMIENTO,ASFALTO,Bueno,Bueno,1,CHRYSLER,GRIS OXFORD,1,MINISTERIO PÚBLICO,,,SIN DATOS,0,0,Morelia,Sin datos,julio,jueves,11,-101.3110325,19.6870789
57932,58141,2026,MOR/ 20260079423,2026/07/09,10:53:00,CAIDA DE MOTOCICLETA,CONCRETO,Bueno,Bueno,1,Bajaj,Azul,1,,21,MASCULINO,SIN DATOS,0,0,Morelia,Lomas de Morelia (Dr Ignacio Chavez),julio,jueves,11,-101.1746309,19.7167547
57933,58142,2026,MOR20260000080,2026/07/09,14:40:00,COLISIÓN CONTRA OBJETO FIJO,ASFALTO,Bueno,Bueno,2,CHEVROLET,NEGRO,2,,37,MASCULINO,SIN DATOS,0,0,Morelia,Ana Maria Gallaga (Riviera Ii),julio,jueves,15,-101.2246005,19.6764995
57934,58143,2026,MOR/20260079535,2026/07/09,15:09:00,COLISIÓN POR ALCANCE,ASFALTO,Bueno,Bueno,3,SUZUKI,ROJO,3,,20,MASCULINO,SIN DATOS,0,0,Morelia,Vista Bella,julio,jueves,15,-101.1943025,19.6818168
57935,58144,2026,MOR/20260079580,2026/07/09,17:12:00,COLISIÓN POR CAMBIO DE CARRIL,ASFALTO,Bueno,Bueno,2,CHEVROLET,BLANCO,2,,41,MASCULINO,SIN DATOS,0,0,Morelia,Sentimientos de La Nacion,julio,jueves,17,-101.2355625,19.6822619
57936,58145,2026,MOR20260079593,2026/07/09,18:36:00,COLISIÓN POR INVASIÓN DE CARRIL,ASFALTO,Bueno,Bueno,2,Hero,Azul marino,2,,35,MASCULINO,SIN DATOS,0,0,Morelia,Centro,julio,jueves,19,-101.1906266,19.7090509
57937,58146,2026,MOR/ 20260079601,2026/07/09,19:02:00,COLISIÓN POR MANIOBRA DE REVERSA,CONCRETO,Bueno,Bueno,2,Ford,Blanco,2,,49,MASCULINO,SIN DATOS,0,0,Morelia,Primo Tapia Oriente,julio,jueves,19,-101.1619771,19.7144727
57938,58147,2026,MOR/6383833729,2026/07/09,19:20:00,COLISIÓN POR ALCANCE,ASFALTO,Bueno,Bueno,2,Maxus,Rojo,2,,51,MASCULINO,SIN DATOS,0,0,Morelia,Tierra Y Libertad,julio,jueves,19,-101.2298554,19.7153131
57939,58148,2026,MOR202600000981,2026/07/09,20:07:00,COLISIÓN CONTRA OBJETO FIJO,ASFALTO,Bueno,Bueno,3,DODGE,ROJO,3,,47,MASCULINO,SIN DATOS,0,0,Morelia,Morelos,julio,jueves,20,-101.2061897,19.6982831
57940,58149,2026,,2026/07/09,20:22:00,COLISIÓN CONTRA OBJETO FIJO,ASFALTO,Lluvioso,Regular,0,,,0,,,,,0,0,Tzintzuntzan,"3",julio,jueves,20,-101.5734525,19.6319932
57941,58150,2026,,2026/07/09,21:08:00,CAIDA DE MOTOCICLETA,ASFALTO,Bueno,Bueno,1,ITALIKA,NEGRO,3,,23,FEMENINO,SIN DATOS,2,0,José Sixto Verduzco,Sin datos,julio,jueves,21,-101.605813,20.1932964
57942,58151,2026,MOR/20260079649,2026/07/09,21:31:00,COLISIÓN POR CORTE DE CIRCULACIÓN,ASFALTO,Bueno,Bueno,2,Bajaj,Blanco,2,,19,MASCULINO,SIN DATOS,0,0,Morelia,Leandro Valle,julio,jueves,22,-101.2324989,19.7164556
57943,58152,2026,MOR20260079664,2026/07/09,22:03:00,CAIDA DE MOTOCICLETA,ASFALTO,Bueno,Bueno,1,Vento,Negro,2,MINISTERIO PÚBLICO,,,SIN DATOS,0,1,Morelia,Nicolaitas Ilustres,julio,jueves,22,-101.2263027,19.7226975
57944,58154,2026,,2026/07/10,"02:06:00",INCIDENTE DE TRÁNSITO,ASFALTO,Bueno,Bueno,1,CAN-AM,AZUL,0,,,,,0,0,Gabriel Zamora,Centro,julio,viernes,2,-102.0559949,19.1624518
57945,58155,2026,MOR20260079759,2026/07/10,"04:18:00",COLISIÓN CONTRA OBJETO FIJO,ASFALTO,Bueno,Bueno,1,Dodge,Gris,1,,26,MASCULINO,SIN DATOS,0,0,Morelia,Isaac Arriaga,julio,viernes,4,-101.1703452,19.7132061
57946,58156,2026,MOR20260079784,2026/07/10,"07:45:00",COLISIÓN CONTRA OBJETO FIJO,CONCRETO,Bueno,Bueno,1,Honda,Plata,0,,,,,0,0,Morelia,Sin datos,julio,viernes,8,-101.2760632,19.623
57947,58157,2026,,2026/07/10,"07:54:00",COLISIÓN CONTRA OBJETO FIJO,ASFALTO,Bueno,Bueno,1,Volkswagen,Gris,1,,42,MASCULINO,SIN DATOS,0,0,Morelia,La Quemada,julio,viernes,8,-101.24171,19.7056465
57948,58158,2026,MOR2026000012,2026/07/10,"08:04:00",COLISIÓN POR CORTE DE CIRCULACIÓN,ASFALTO,Bueno,Bueno,2,Chevrolet,Azul,2,,37,MASCULINO,SIN DATOS,0,0,Morelia,Hacienda San Jose,julio,viernes,8,-101.2157726,19.6957419
57949,58159,2026,,2026/07/10,"08:18:00",COLISIÓN POR CORTE DE CIRCULACIÓN,ASFALTO,Bueno,Bueno,2,Hyundai,Negro,2,,30,FEMENINO,SIN DATOS,0,0,Morelia,Vasco de Quiroga,julio,viernes,8,-101.1681703,19.6968184
57950,58160,2026,,2026/07/10,"08:50:00",COLISIÓN POR CORTE DE CIRCULACIÓN,ASFALTO,Bueno,Bueno,2,Ford,Blanco,2,,21,FEMENINO,SIN DATOS,0,0,Morelia,Vasco de Quiroga,julio,viernes,9,-101.1753688,19.7029232
57951,58161,2026,,2026/07/10,10:15:00,SALIDA DE SUPERFICIE DE RODAMIENTO,ASFALTO,Bueno,Bueno,1,FORD,BLANCO,1,,46,MASCULINO,CON CERTIFICADO,0,0,Gabriel Zamora,Sin datos,julio,viernes,10,-102.0602966,19.1906758
57952,58162,2026,,2026/07/10,10:21:00,COLISIÓN POR CORTE DE CIRCULACIÓN,ASFALTO,Bueno,Bueno,2,Mercedes-benz,Rojo,2,,,MASCULINO,SIN DATOS,0,0,Morelia,Morelos,julio,viernes,10,-101.2066892,19.7007259
57953,58163,2026,,2026/07/10,12:27:00,COLISIÓN POR CAMBIO DE CARRIL,ASFALTO,Bueno,Bueno,2,Ram,Blanco,2,,,MASCULINO,SIN DATOS,0,0,Morelia,Rinconada del Valle,julio,viernes,12,-101.2176019,19.6811648
57954,58164,2026,,2026/07/10,12:35:00,CAIDA DE MOTOCICLETA,ASFALTO,Bueno,Bueno,1,Italika,Azul,1,,,,SIN DATOS,0,0,Morelia,Los Laureles,julio,viernes,13,-101.2320555,19.7152044
57955,58165,2026,MOR/20260079922,2026/07/10,14:38:00,COLISIÓN POR ALCANCE,ASFALTO,Lluvioso,Regular,2,Chevrolet,Azul,2,,38,MASCULINO,SIN DATOS,0,0,Morelia,Las Americas,julio,viernes,15,-101.1554598,19.688114
57956,58166,2026,,2026/07/10,16:07:00,SALIDA DE SUPERFICIE DE RODAMIENTO,ASFALTO,Lluvioso,Bueno,1,Mg,Negro,1,,,,SIN DATOS,0,0,Huiramba,Huiramba,julio,viernes,16,-101.4322066,19.5497638
57957,58167,2026,,2026/07/10,16:12:00,COLISIÓN CONTRA OBJETO FIJO,ASFALTO,Bueno,Bueno,2,Freightliner,Rojo,2,MINISTERIO PÚBLICO,31,MASCULINO,SIN DATOS,0,0,Morelia,Nuevo Amanecer,julio,viernes,16,-101.1510058,19.7069486
57958,58168,2026,MOR/20260079982,2026/07/10,16:55:00,SUBIDA AL CAMELLÓN,CONCRETO,Lluvioso,Bueno,1,Hyundai,Plata,1,,76,MASCULINO,SIN DATOS,0,0,Morelia,Indeco El Vivero,julio,viernes,17,-101.2301606,19.6771312
57959,58169,2026,,2026/07/10,17:04:00,COLISIÓN POR ALCANCE,ASFALTO,Nublado,Regular,2,Renault,Blanco,3,MINISTERIO PÚBLICO,67,MASCULINO,SIN DATOS,1,0,Tarímbaro,Sin datos,julio,viernes,17,-101.1704082,19.7533717
57960,58170,2026,,2026/07/10,19:56:00,COLISIÓN POR ALCANCE,ASFALTO,Bueno,Bueno,2,Dodge,Gris,2,,35,MASCULINO,SIN DATOS,0,0,Múgica,Lazaro Cardenas,julio,viernes,20,-102.0999917,19.00864
57961,58171,2026,,2026/07/10,20:24:00,COLISIÓN POR MANIOBRA DE REVERSA,ASFALTO,Bueno,Bueno,2,MG,AMARILLO,2,,20,MASCULINO,SIN DATOS,0,0,Lázaro Cárdenas,Pescadores,julio,viernes,20,-102.213551,17.9770943
57962,58172,2026,MOR/20260080103,2026/07/10,21:56:00,COLISIÓN CONTRA OBJETO FIJO,ASFALTO,Malo,Bueno,2,DODGE,BLANCO,2,,39,MASCULINO,SIN DATOS,0,0,Morelia,Granjas del Maestro,julio,viernes,22,-101.1892343,19.7153142
57963,58173,2026,MOR2026009988,2026/07/11,"00:12:00",COLISIÓN POR MANIOBRA DE REVERSA,ASFALTO,Bueno,Regular,2,VOLKSWAGEN,BLANCO,2,,33,FEMENINO,SIN DATOS,0,0,Morelia,Jesus Romero Flores,julio,sábado,0,-101.1753391,19.7277244
57964,58174,2026,,2026/07/11,"02:14:00",COLISIÓN POR CORTE DE CIRCULACIÓN,ASFALTO,Bueno,Regular,2,CHEVROLET,GRIS,2,,22,MASCULINO,SIN DATOS,0,0,Morelia,Jardines del Rincon,julio,sábado,2,-101.1518459,19.6885362
57965,58175,2026,MOR/20260080191,2026/07/11,"02:28:00",COLISIÓN POR NO RESPETAR SEMÁFORO,ASFALTO,Bueno,Bueno,2,NISSAN,BLANCO,2,,41,MASCULINO,SIN DATOS,0,0,Morelia,Comision Federal de Electricidad,julio,sábado,2,-101.1801613,19.6878714
57966,58176,2026,,2026/07/11,"05:41:00",CAIDA DE MOTOCICLETA,ADOQUIN_EMPEDRADO,Bueno,Bueno,1,ITALIKA,GRIS,2,,29,MASCULINO,SIN DATOS,1,0,Pátzcuaro,Centro,julio,sábado,6,-101.6071735,19.5139459
57967,58177,2026,,2026/07/11,"06:47:00",COLISIÓN POR CAMBIO DE CARRIL,ASFALTO,Nublado,Regular,2,HYUNDAI,NEGRO,2,,52,MASCULINO,SIN DATOS,0,0,Morelia,Xangari,julio,sábado,7,-101.2217794,19.6715211
57968,58178,2026,,2026/07/11,"08:01:00",COLISIÓN CONTRA OBJETO FIJO,ASFALTO,Lluvioso,Bueno,1,SUZUKI,BLANCO,1,,23,MASCULINO,SIN DATOS,0,0,Morelia,Sin datos,julio,sábado,8,-101.119689,19.7003714
57969,58179,2026,,2026/07/11,"08:52:00",COLISIÓN POR CORTE DE CIRCULACIÓN,ASFALTO,Bueno,Bueno,2,VOLKSWAGEN,BLANCO,2,,,,SIN DATOS,0,0,Maravatío,San Miguel Curahuango,julio,sábado,9,-100.440164,19.8877869
57970,58180,2026,MOR20260080324,2026/07/11,12:28:00,COLISIÓN POR CORTE DE CIRCULACIÓN,ASFALTO,Bueno,Bueno,2,FORD,BLANCO,2,,69,FEMENINO,SIN DATOS,0,0,Morelia,Erendira,julio,sábado,12,-101.1687828,19.7049798
57971,58181,2026,MOR/20260080368,2026/07/11,14:42:00,COLISIÓN POR ALCANCE,ASFALTO,Bueno,Bueno,2,HONDA,GRIS,2,,27,MASCULINO,SIN DATOS,0,0,Morelia,Los Laureles,julio,sábado,15,-101.2321952,19.713896
57972,58182,2026,MOR2026783517,2026/07/11,15:13:00,COLISIÓN POR ALCANCE,ASFALTO,Bueno,Bueno,2,HYUNDAI,BLANCO,2,MINISTERIO PÚBLICO,47,MASCULINO,SIN DATOS,0,0,Morelia,Sentimientos de La Nacion,julio,sábado,15,-101.2359662,19.6826329
57973,58183,2026,,2026/07/11,15:38:00,COLISIÓN POR ALCANCE,ASFALTO,Bueno,Bueno,2,CHEVROLET,GRIS,2,,,,SIN DATOS,0,0,Tarímbaro,Sin datos,julio,sábado,16,-101.1544367,19.76921
57974,58184,2026,MOR2026001234,2026/07/11,15:42:00,COLISIÓN POR ALCANCE,CONCRETO,Bueno,Bueno,2,NISSAN,AZUL,2,,21,MASCULINO,SIN DATOS,0,0,Morelia,Articulo Constitucional,julio,sábado,16,-101.1715735,19.7145906
57975,58185,2026,MOR/20260080389,2026/07/11,15:57:00,COLISIÓN POR ALCANCE,ASFALTO,Bueno,Bueno,2,NISSAN,PLATA,2,,47,MASCULINO,SIN DATOS,0,0,Morelia,Jardines de Torremolinos,julio,sábado,16,-101.22625,19.6767198
57976,58186,2026,,2026/07/11,17:44:00,INCIDENTE DE TRÁNSITO,ASFALTO,Nublado,Regular,2,NISSAN,ROJO,2,,46,FEMENINO,SIN DATOS,0,0,Maravatío,San Miguel Curahuango,julio,sábado,18,-100.4504852,19.8753753
57977,58187,2026,,2026/07/11,18:06:00,SALIDA DE SUPERFICIE DE RODAMIENTO,ASFALTO,Bueno,Bueno,1,Nissan,Rojo,1,,41,OTRO,SIN DATOS,0,0,Morelia,Sin datos,julio,sábado,18,-101.2977401,19.5925287
57978,58188,2026,,2026/07/11,18:43:00,COLISIÓN CONTRA OBJETO FIJO,CONCRETO,Bueno,Bueno,0,,,0,,,,,0,0,Queréndaro,El Calvario,julio,sábado,19,-100.8809571,19.8004767
57979,58189,2026,MOR/202600625738,2026/07/11,19:51:00,SALIDA DE SUPERFICIE DE RODAMIENTO,ASFALTO,Lluvioso,Regular,1,Chevrolet,Negro,1,,25,MASCULINO,SIN DATOS,0,0,Morelia,Sin datos,julio,sábado,20,-101.294819,19.595303
57980,58190,2026,MOR/20260080509,2026/07/11,19:58:00,COLISIÓN POR ALCANCE,ASFALTO,Lluvioso,Regular,2,International,Blanco,2,,31,MASCULINO,SIN DATOS,0,0,Morelia,Elias Perez Avalos,julio,sábado,20,-101.1669517,19.71186
57981,58191,2026,MOR/20260080527,2026/07/11,20:14:00,COLISIÓN CONTRA OBJETO FIJO,ASFALTO,Lluvioso,Malo,1,Honda,Blanco,1,,49,FEMENINO,SIN DATOS,0,0,Morelia,Xangari,julio,sábado,20,-101.2215062,19.6722944
57982,58192,2026,MOR / 202600,2026/07/11,21:25:00,COLISIÓN CONTRA OBJETO FIJO,CONCRETO,Lluvioso,Bueno,1,Ford,Rojo,1,,58,MASCULINO,SIN DATOS,0,0,Morelia,Camelinas,julio,sábado,21,-101.1663401,19.6842327
57983,58193,2026,MOR202600000080,2026/07/11,22:15:00,VOLCADURA,ASFALTO,Lluvioso,Bueno,1,Chevrolet,Rojo,1,,59,MASCULINO,SIN DATOS,0,0,Morelia,Barrio Alto,julio,sábado,22,-101.1950124,19.7244097
57984,58194,2026,MOR/20260006167,2026/07/11,22:17:00,SALIDA DE SUPERFICIE DE RODAMIENTO,ASFALTO,Lluvioso,Regular,1,Dodge,Verde,1,,67,MASCULINO,SIN DATOS,0,0,Morelia,Sin datos,julio,sábado,22,-101.2856568,19.6108023
57985,58195,2026,MOR2026000000900,2026/07/11,22:40:00,COLISIÓN POR CAMBIO DE CARRIL,ASFALTO,Lluvioso,Malo,1,FORD,Gris,1,,,,SIN DATOS,0,0,Morelia,Barrio Alto,julio,sábado,23,-101.195001,19.724404
57986,58196,2026,APTZ/20260005677,2026/07/11,23:25:00,COLISIÓN POR INVASIÓN DE CARRIL,TERRACERIA,Bueno,Bueno,2,ITALIKA,NEGRO,2,,26,MASCULINO,SIN DATOS,0,0,Apatzingán,La Pradera,julio,sábado,23,-102.3546783,19.1053683
57987,58197,2026,"20260080675",2026/07/12,"00:20:00",SUBIDA AL CAMELLÓN,ASFALTO,Malo,Malo,1,Nissan,Rojo,0,,,,,0,0,Morelia,Morelos,julio,domingo,0,-101.2098754,19.6967839
57988,58198,2026,,2026/07/12,"01:12:00",SALIDA DE SUPERFICIE DE RODAMIENTO,ASFALTO,Nublado,Regular,1,TOYOTA,GRIS,1,,,,SIN DATOS,0,0,Jacona,Sin datos,julio,domingo,1,-102.3412122,19.9606376
57989,58199,2026,MOR20260012094,2026/07/12,"03:13:00",SALIDA DE SUPERFICIE DE RODAMIENTO,CONCRETO,Bueno,Bueno,1,Seat,Rojo,1,,33,MASCULINO,SIN DATOS,0,0,Morelia,Villas Oriente,julio,domingo,3,-101.1449383,19.7560967
57990,58200,2026,APTZ/20260005706,2026/07/12,"03:47:00",COLISIÓN POR INVASIÓN DE CARRIL,CONCRETO,Bueno,Bueno,2,NISSAN,GUINDA,2,,36,MASCULINO,SIN DATOS,0,0,Múgica,Libertad,julio,domingo,4,-102.0897721,19.0281061
57991,58201,2026,APTZ/20260005692,2026/07/12,"04:24:00",COLISIÓN POR ALCANCE,CONCRETO,Bueno,Bueno,2,Volkswagen,Gris,2,,38,MASCULINO,SIN DATOS,0,0,Apatzingán,Independencia,julio,domingo,4,-102.3538407,19.0952196
57992,58202,2026,,2026/07/12,"07:44:00",COLISIÓN CONTRA OBJETO FIJO,ASFALTO,Nublado,Regular,1,GMC,AZUL,1,,31,MASCULINO,SIN DATOS,0,0,Lázaro Cárdenas,Napoleon Gomez Sada,julio,domingo,8,-102.2257809,17.9791915
57993,58203,2026,,2026/07/12,"09:50:00",COLISIÓN POR ALCANCE,ASFALTO,Bueno,Bueno,2,Suzuki,Gris,2,,26,MASCULINO,SIN DATOS,0,0,Morelia,Ciudad Industrial,julio,domingo,10,-101.1387696,19.7284811