fid,id_accidente,anio_origen,folio_c5i,dia_incidente,hora_ocurrencia,tipo_incidente_vial,superficie_ocurrencia,condiciones_climaticas,condiciones_via,numero_vehiculos_involucrados,marca_vehiculo_ocasiona_siniestro,color_vehiculo_ocasiona_siniestro,numero_personas_involucradas,lugar_remite_presunto_responsable,edad_presunto_responsable,sexo_presunto_responsable,resultados_toxicologia,numero_personas_lesionadas,numero_personas_fallecidas,municipio,colonia,mes,dia_semana,hora_redondeada,lon,lat
57994,58204,2026,MOR/20260080884,2026/07/12,11:04:00,COLISIÓN POR ALCANCE,ASFALTO,Bueno,Bueno,3,Toyota,Blanco,3,,26,MASCULINO,SIN DATOS,0,0,Morelia,Los Pinos de Michoacan,julio,domingo,11,-101.2156094,19.6844763
57995,58205,2026,,2026/07/12,12:33:00,COLISIÓN POR CORTE DE CIRCULACIÓN,ASFALTO,Bueno,Bueno,2,Ford,Negro,2,,36,MASCULINO,SIN DATOS,0,0,Múgica,Lazaro Cardenas,julio,domingo,13,-102.0947139,19.019601
57996,58206,2026,,2026/07/12,12:41:00,COLISIÓN POR ALCANCE,ASFALTO,Bueno,Bueno,2,Chevrolet,Plata,2,,31,MASCULINO,SIN DATOS,0,0,Morelia,Martires de Uruapan,julio,domingo,13,-101.2006755,19.7254151
57997,58207,2026,,2026/07/12,13:31:00,COLISIÓN POR CORTE DE CIRCULACIÓN,ASFALTO,Bueno,Bueno,2,Byd,Blanco,2,,57,MASCULINO,SIN DATOS,0,0,Morelia,Montaña Monarca,julio,domingo,14,-101.1648312,19.6656699
57998,58208,2026,,2026/07/12,13:32:00,COLISIÓN POR ALCANCE,ASFALTO,Bueno,Bueno,2,NISSAN,BLANCO,2,,35,MASCULINO,SIN DATOS,0,0,Nuevo Urecho,Sin datos,julio,domingo,14,-101.8797838,19.1959883
57999,58209,2026,,2026/07/12,15:20:00,COLISIÓN CONTRA OBJETO FIJO,ASFALTO,Bueno,Regular,2,Cf-moto,Gris/negro,2,,,,SIN DATOS,0,0,Pátzcuaro,Emiliano Zapata,julio,domingo,15,-101.6149689,19.5244189
58000,58210,2026,,2026/07/12,16:56:00,COLISIÓN POR CORTE DE CIRCULACIÓN,ASFALTO,Nublado,Regular,2,SEAT,AZUL,2,,45,MASCULINO,SIN DATOS,0,0,Morelia,Ejidal Ocolusen,julio,domingo,17,-101.1551359,19.6835196
58001,58211,2026,,2026/07/12,17:35:00,CAIDA DE MOTOCICLETA,ASFALTO,Bueno,Bueno,1,Italika,Negro amarillo,1,,,,SIN DATOS,0,0,Hidalgo,Barranca Seca,julio,domingo,18,-100.5803017,19.6951089
58002,58212,2026,,2026/07/12,18:50:00,COLISIÓN POR CAMBIO DE CARRIL,ASFALTO,Bueno,Bueno,2,NISSAN,BLANCO,3,,22,MASCULINO,SIN DATOS,1,0,Morelia,Lomas de Guayangareo,julio,domingo,19,-101.1559657,19.7012421
58003,58213,2026,MOR/20260081034,2026/07/12,19:27:00,SALIDA DE SUPERFICIE DE RODAMIENTO,ASFALTO,Nublado,Bueno,1,VOLKSWAGEN,GRIS,1,,28,FEMENINO,SIN DATOS,0,0,Morelia,Sin datos,julio,domingo,19,-101.2977565,19.5928304
58004,58214,2026,,2026/07/12,21:30:00,SALIDA DE SUPERFICIE DE RODAMIENTO,ASFALTO,Lluvioso,Malo,1,NISSAN,GUINDA,0,,,,,0,0,Zitácuaro,Sin datos,julio,domingo,22,-100.3138588,19.4475478
58005,58215,2026,,2026/07/12,21:49:00,COLISIÓN POR CAMBIO DE CARRIL,CONCRETO,Nublado,Regular,1,Mazda,Negro,1,,,FEMENINO,SIN DATOS,0,0,Morelia,El Realito,julio,domingo,22,-101.2049449,19.7267741
58006,58216,2026,,2026/07/12,22:24:00,COLISIÓN POR INVASIÓN DE CARRIL,ASFALTO,Nublado,Regular,3,Chrysler,Blanco perla,6,,22,MASCULINO,SIN DATOS,3,0,Copándaro,Sin datos,julio,domingo,22,-101.1391885,19.9328929
58007,58217,2026,,2026/07/13,"01:57:00",COLISIÓN CONTRA OBJETO FIJO,ASFALTO,Nublado,Bueno,1,FORD,AZUL,0,,,,,0,0,Lázaro Cárdenas,Segundo Sector de Fidelac,julio,lunes,2,-102.2055434,17.9616407
58008,58218,2026,,2026/07/13,"06:55:00",COLISIÓN POR CORTE DE CIRCULACIÓN,ASFALTO,Nublado,Bueno,2,ITALIKA,NEGRO,3,,32,MASCULINO,SIN DATOS,1,0,Coeneo,Sin datos,julio,lunes,7,-101.691096,19.7459778
58009,58219,2026,MOR/20260081235,2026/07/13,"08:24:00",COLISIÓN POR ALCANCE,ASFALTO,Bueno,Bueno,1,FORD,AZUL,0,,,,,0,0,Morelia,Sin datos,julio,lunes,8,-101.1299782,19.7340646
58010,58220,2026,MOR/202600017628,2026/07/13,"08:30:00",COLISIÓN POR INVASIÓN DE CARRIL,ASFALTO,Bueno,Bueno,2,HONDA,BLANCO,2,,20,MASCULINO,SIN DATOS,0,0,Morelia,San Pascual,julio,lunes,9,-101.2693107,19.6948063
58011,58221,2026,MOR/20260081230,2026/07/13,"08:37:00",COLISIÓN POR CORTE DE CIRCULACIÓN,ASFALTO,Bueno,Bueno,2,MERCEDES-BENZ,VERDE,2,,41,MASCULINO,SIN DATOS,0,0,Morelia,Centro,julio,lunes,9,-101.190757,19.7072345
58012,58222,2026,,2026/07/13,10:41:00,VOLCADURA,ASFALTO,Bueno,Bueno,1,TOYOTA,GRIS,2,,46,MASCULINO,SIN DATOS,1,0,Arteaga,Centro,julio,lunes,11,-102.2904892,18.3540996
58013,58223,2026,,2026/07/13,11:29:00,COLISIÓN POR ALCANCE,ASFALTO,Nublado,Regular,0,,,0,,,,,0,0,Coalcomán de Vázquez Pallares,Inf Los Pinos,julio,lunes,11,-103.176,18.7781
58014,58224,2026,MOR20260081285,2026/07/13,11:40:00,COLISIÓN CONTRA OBJETO FIJO,CONCRETO,Bueno,Bueno,2,FORD,GRIS,2,,39,FEMENINO,SIN DATOS,0,0,Morelia,Bosques Tres Marias,julio,lunes,12,-101.1000667,19.7176933
58015,58225,2026,MOR20266829364928,2026/07/13,12:04:00,COLISIÓN POR CORTE DE CIRCULACIÓN,ASFALTO,Bueno,Bueno,2,VOLKSWAGEN,GRIS,2,,57,MASCULINO,SIN DATOS,0,0,Morelia,El Lago 2,julio,lunes,12,-101.2163138,19.7268108
58016,58226,2026,MOR/202600027638,2026/07/13,12:22:00,COLISIÓN POR INVASIÓN DE CARRIL,ASFALTO,Bueno,Bueno,2,CHEVROLET,BLANCO,2,,69,MASCULINO,SIN DATOS,0,0,Lagunillas,Francisco Villa (Ferrocarriles),julio,lunes,12,-101.41605,19.5657883
58017,58227,2026,,2026/07/13,13:27:00,COLISIÓN POR ALCANCE,ASFALTO,Bueno,Bueno,4,MINI,NEGRO,4,MINISTERIO PÚBLICO,,,SIN DATOS,0,0,Morelia,Tlalpujahua,julio,lunes,13,-101.2176215,19.6758506
58018,58228,2026,MOR/20260081371,2026/07/13,14:28:00,COLISIÓN POR CAMBIO DE CARRIL,CONCRETO,Bueno,Bueno,2,STERLING,BLANCO,2,,36,MASCULINO,SIN DATOS,0,0,Morelia,Jose Ma Pino Suarez,julio,lunes,14,-101.164661,19.7194792
58019,58229,2026,MOR/20260081379,2026/07/13,14:37:00,COLISIÓN POR CAMBIO DE CARRIL,ASFALTO,Bueno,Bueno,2,KENWORTH,AMARILLO,2,,42,MASCULINO,SIN DATOS,0,0,Morelia,Morelos,julio,lunes,15,-101.1831195,19.7283192
58020,58230,2026,MOR/2026000626737,2026/07/13,16:00:00,COLISIÓN CONTRA OBJETO FIJO,ASFALTO,Lluvioso,Regular,1,AUDI,NEGRO,1,,59,MASCULINO,SIN DATOS,0,0,Morelia,Monte Rubio,julio,lunes,16,-101.2568783,19.6399167
58021,58231,2026,MOR20260031525,2026/07/13,16:29:00,SALIDA DE SUPERFICIE DE RODAMIENTO,CONCRETO,Lluvioso,Regular,1,FORD,ROJO,1,MINISTERIO PÚBLICO,,,SIN DATOS,0,0,Morelia,Villas Oriente,julio,lunes,16,-101.1450075,19.7562458
58022,58232,2026,MOR/202600615637,2026/07/13,17:34:00,COLISIÓN POR CORTE DE CIRCULACIÓN,CONCRETO,Lluvioso,Regular,2,MAZDA,ROJO,2,,28,FEMENINO,SIN DATOS,0,0,Morelia,Jardines de Torremolinos,julio,lunes,18,-101.2259079,19.6782661
58023,58233,2026,MOR/20260081480,2026/07/13,20:37:00,COLISIÓN POR CORTE DE CIRCULACIÓN,ASFALTO,Nublado,Regular,2,Nissan,Blanco,2,,32,MASCULINO,SIN DATOS,0,0,Morelia,Ventura Puente,julio,lunes,21,-101.1922638,19.6936248
58024,58234,2026,MOR/ 20260081448,2026/07/13,20:40:00,COLISIÓN POR CORTE DE CIRCULACIÓN,ASFALTO,Nublado,Bueno,2,Chevrolet,Negro,2,,,,SIN DATOS,0,0,Morelia,Fuentes de Morelia,julio,lunes,21,-101.2047953,19.6734299
58025,58235,2026,MOR20260081592,2026/07/14,"07:22:00",COLISIÓN CONTRA OBJETO FIJO,CONCRETO,Bueno,Bueno,1,International,Rojo,1,,47,MASCULINO,SIN DATOS,0,0,Morelia,Ana Maria Gallaga (Riviera Norte),julio,martes,7,-101.220775,19.6776283
58026,58236,2026,,2026/07/14,12:16:00,COLISIÓN POR CORTE DE CIRCULACIÓN,CONCRETO,Bueno,Bueno,2,Chevrolet,Gris,2,,29,FEMENINO,SIN DATOS,0,0,Morelia,Centro,julio,martes,12,-101.1904336,19.6959281
58027,58237,2026,,2026/07/14,12:21:00,SALIDA DE SUPERFICIE DE RODAMIENTO,CONCRETO,Bueno,Bueno,1,Nissan,Blanco,1,,33,MASCULINO,SIN DATOS,0,0,Morelia,Mirador Poniente,julio,martes,12,-101.2474178,19.7113197
58028,58238,2026,,2026/07/14,12:36:00,COLISIÓN POR MANIOBRA DE REVERSA,ASFALTO,Bueno,Bueno,2,NISSAN,GRIS,1,,,FEMENINO,SIN DATOS,0,0,Lázaro Cárdenas,Fovissste,julio,martes,13,-102.219097,17.9723399
58029,58239,2026,MOR/20260081666,2026/07/14,12:36:00,COLISIÓN POR CORTE DE CIRCULACIÓN,CONCRETO,Bueno,Bueno,2,Fiat,Rojo,2,,86,MASCULINO,SIN DATOS,0,0,Morelia,Felix Ireta,julio,martes,13,-101.1881508,19.687242
58030,58240,2026,,2026/07/14,13:09:00,COLISIÓN POR INVASIÓN DE CARRIL,ASFALTO,Nublado,Malo,2,Toyota,Blanco,2,,53,MASCULINO,SIN DATOS,0,0,Tacámbaro,Sin datos,julio,martes,13,-101.358611,19.303333
58031,58241,2026,,2026/07/14,13:21:00,COLISIÓN CONTRA OBJETO FIJO,ASFALTO,Bueno,Bueno,1,Toyota,Blanco,1,,24,MASCULINO,SIN DATOS,0,0,Morelia,Sin datos,julio,martes,13,-101.2597264,19.6399001
58032,58242,2026,MOR/20260081682,2026/07/14,13:30:00,COLISIÓN POR INVASIÓN DE CARRIL,ASFALTO,Bueno,Bueno,2,FORD,ROJO,2,,27,MASCULINO,SIN DATOS,0,0,Charo,La Goleta,julio,martes,14,-101.0758415,19.7427588
58033,58243,2026,,2026/07/14,14:47:00,COLISIÓN POR CORTE DE CIRCULACIÓN,ASFALTO,Bueno,Bueno,2,Mb motors,Negro,2,,18,MASCULINO,SIN DATOS,0,0,Morelia,Ana Maria Gallaga (Riviera Norte),julio,martes,15,-101.2241592,19.6767787
58034,58244,2026,,2026/07/14,15:33:00,COLISIÓN POR ALCANCE,ASFALTO,Bueno,Bueno,2,Ram,Blanco,2,,,MASCULINO,SIN DATOS,0,0,Morelia,Libertad,julio,martes,16,-101.2367768,19.6851701
58035,58245,2026,,2026/07/14,15:56:00,COLISIÓN POR ALCANCE,ASFALTO,Bueno,Bueno,2,Chevrolet,Gris,2,,36,MASCULINO,SIN DATOS,0,0,Morelia,Ana Maria Gallaga (Riviera Ii),julio,martes,16,-101.225638,19.6763018
58036,58246,2026,,2026/07/14,17:24:00,CAIDA DE MOTOCICLETA,ASFALTO,Bueno,Bueno,1,ITALIKA,GRIS,3,,22,FEMENINO,SIN DATOS,2,0,Pátzcuaro,Centro,julio,martes,17,-101.6127626,19.5287401
58037,58247,2026,,2026/07/14,20:25:00,COLISIÓN POR ALCANCE,ASFALTO,Bueno,Bueno,2,ITALIKA,BLANCO,2,,,,SIN DATOS,0,0,Morelia,Mariano Escobedo,julio,martes,20,-101.2099928,19.7223511
58038,58248,2026,MOR/20260081811,2026/07/14,20:50:00,COLISIÓN POR CORTE DE CIRCULACIÓN,CONCRETO,Bueno,Bueno,2,VOLKSWAGEN,ROJO,2,,56,MASCULINO,SIN DATOS,0,0,Morelia,Industrial,julio,martes,21,-101.1976086,19.7118067
58039,58249,2026,,2026/07/14,21:21:00,COLISIÓN POR INVASIÓN DE CARRIL,ASFALTO,Bueno,Bueno,2,NISSAN,BLANCO,2,,,,SIN DATOS,0,0,Maravatío,Sin datos,julio,martes,21,-100.4103257,19.8655438
58040,58250,2026,,2026/07/14,23:50:00,COLISIÓN CONTRA OBJETO FIJO,ASFALTO,Bueno,Bueno,1,CHEVROLET,Azul,1,,21,MASCULINO,SIN DATOS,0,0,Morelia,Libertad,julio,martes,0,-101.2376359,19.6873275
58041,58251,2026,,2026/07/15,"00:39:00",COLISIÓN POR ALCANCE,ASFALTO,Bueno,Bueno,2,FORD,VINO,2,,53,MASCULINO,SIN DATOS,0,0,Morelia,Canteras de Morelia,julio,miércoles,1,-101.1735862,19.7165677
58042,58252,2026,,2026/07/15,"02:29:00",COLISIÓN CONTRA OBJETO FIJO,ASFALTO,Nublado,Bueno,1,VENTO,Negro,2,,27,MASCULINO,SIN DATOS,1,0,Morelia,Cinco de Diciembre,julio,miércoles,2,-101.1627401,19.6862681
58043,58253,2026,,2026/07/15,"07:44:00",VOLCADURA,ASFALTO,Bueno,Regular,1,TOYOTA,BLANCO,1,,,MASCULINO,SIN DATOS,0,0,Tzintzuntzan,Sin datos,julio,miércoles,8,-101.6239288,19.624253
58044,58254,2026,MOR/20260081971,2026/07/15,"08:15:00",COLISIÓN POR CORTE DE CIRCULACIÓN,ASFALTO,Nublado,Bueno,2,TOYOTA,BLANCO,2,,63,MASCULINO,SIN DATOS,0,0,Morelia,Industrial,julio,miércoles,8,-101.1976675,19.7131892
58045,58255,2026,MOR20260081983,2026/07/15,"08:37:00",COLISIÓN POR ALCANCE,ASFALTO,Bueno,Bueno,2,MG,ROJO,2,,52,MASCULINO,SIN DATOS,0,0,Morelia,Centro,julio,miércoles,9,-101.1895914,19.7107478
58046,58256,2026,,2026/07/15,"08:49:00",SALIDA DE SUPERFICIE DE RODAMIENTO,ASFALTO,Bueno,Bueno,1,MAZDA,ROJO,1,,36,FEMENINO,SIN DATOS,0,0,Huaniqueo,Sin datos,julio,miércoles,9,-101.5146716,19.8714523
58047,58257,2026,MOR 20260082002,2026/07/15,10:50:00,COLISIÓN CON PEATÓN,ASFALTO,Nublado,Bueno,1,CHEVROLET,Gris,1,MINISTERIO PÚBLICO,,,,1,0,Morelia,Sin datos,julio,miércoles,11,-101.3561644,19.5531043
58048,58258,2026,,2026/07/15,12:35:00,COLISIÓN POR INVASIÓN DE CARRIL,CONCRETO,Bueno,Bueno,2,VOLKSWAGEN,BLANCO PERLA,2,,62,MASCULINO,SIN DATOS,0,0,Taretan,Sin datos,julio,miércoles,13,-101.9579843,19.3283113
58049,58259,2026,,2026/07/15,13:57:00,COLISIÓN POR ALCANCE,ASFALTO,Bueno,Bueno,2,MAN,BLANCO,2,,27,MASCULINO,SIN DATOS,0,0,Morelia,Plan de La Garita,julio,miércoles,14,-101.188029,19.7119462
58050,58260,2026,MOR/64829849294,2026/07/15,14:31:00,COLISIÓN POR CORTE DE CIRCULACIÓN,ASFALTO,Bueno,Bueno,2,TOYOTA,GRIS,2,,21,MASCULINO,SIN DATOS,0,0,Morelia,Dr Miguel Silva,julio,miércoles,15,-101.1883024,19.719818
58051,58261,2026,,2026/07/15,15:14:00,COLISIÓN POR ALCANCE,ASFALTO,Bueno,Bueno,2,FORD,BLANCO,2,,36,MASCULINO,SIN DATOS,0,0,Morelia,Ventura Puente,julio,miércoles,15,-101.1878637,19.692796
58052,58262,2026,,2026/07/15,15:37:00,COLISIÓN POR ALCANCE,CONCRETO,Nublado,Regular,0,,,0,,,,,0,0,Marcos Castellanos,Sin datos,julio,miércoles,16,-102.898423,20.053248
58053,58263,2026,MOR20260082109,2026/07/15,16:44:00,INCIDENTE DE TRÁNSITO,ASFALTO,Bueno,Bueno,2,VOLKSWAGEN,NEGRO,2,,20,MASCULINO,SIN DATOS,0,0,Morelia,La Soledad,julio,miércoles,17,-101.1831523,19.7299141
58054,58264,2026,,2026/07/15,16:51:00,COLISIÓN POR INVASIÓN DE CARRIL,ASFALTO,Nublado,Regular,0,,,0,,,,,0,0,Huetamo,Sin datos,julio,miércoles,17,-100.9579311,18.5819232
58055,58265,2026,MOR/20260082109,2026/07/15,16:57:00,COLISIÓN POR ALCANCE,ASFALTO,Bueno,Bueno,2,ITALIKA,Negro,3,MINISTERIO PÚBLICO,21,MASCULINO,SIN DATOS,1,0,Morelia,La Soledad,julio,miércoles,17,-101.183197,19.7299581
58056,58266,2026,MOR20260082115,2026/07/15,16:58:00,COLISIÓN POR CORTE DE CIRCULACIÓN,ASFALTO,Bueno,Bueno,2,TOYOTA,BLANCO,2,,38,MASCULINO,SIN DATOS,0,0,Morelia,Felix Ireta,julio,miércoles,17,-101.1957215,19.6820448
58057,58267,2026,,2026/07/15,18:06:00,COLISIÓN POR INVASIÓN DE CARRIL,ASFALTO,Bueno,Regular,0,,,0,,,,,0,0,Huetamo,La Nopalera,julio,miércoles,18,-100.9014066,18.6416309
58058,58268,2026,LCR/20260011149,2026/07/15,18:07:00,COLISIÓN POR MANIOBRA DE REVERSA,ASFALTO,Bueno,Bueno,2,MAZDA,BLANCO,1,,43,MASCULINO,SIN DATOS,0,0,Lázaro Cárdenas,Centro,julio,miércoles,18,-102.1972159,17.954706
58059,58269,2026,APTZ/20260005797,2026/07/15,18:27:00,INCIDENTE DE TRÁNSITO,ASFALTO,Bueno,Bueno,1,ITALIKA,NEGRO,1,,,,SIN DATOS,0,0,Apatzingán,18 de Marzo,julio,miércoles,18,-102.3643407,19.0951131
58060,58270,2026,MOR20260082159,2026/07/15,19:08:00,COLISIÓN POR ALCANCE,CONCRETO,Bueno,Bueno,4,LYNK & CO,Azul,4,MINISTERIO PÚBLICO,46,MASCULINO,SIN DATOS,0,0,Morelia,Morelia 450,julio,miércoles,19,-101.2162982,19.6755621
58061,58271,2026,,2026/07/15,19:09:00,VOLCADURA,ASFALTO,Bueno,Bueno,1,KIA,BLANCO,0,,,,,0,0,Hidalgo,Contreras(Ojos de Agua),julio,miércoles,19,-100.5796828,19.694988
58062,58272,2026,,2026/07/15,20:22:00,CAIDA DE MOTOCICLETA,ASFALTO,Bueno,Bueno,1,ITALIKA,AZUL,1,,,,,1,0,Zacapu,Naranja de Tapia,julio,miércoles,20,-101.7525363,19.7719888
58063,58273,2026,MOR20269993333,2026/07/15,21:14:00,COLISIÓN POR ALCANCE,CONCRETO,Malo,Regular,2,HYUNDAI,Rojo,2,,34,MASCULINO,SIN DATOS,0,0,Morelia,Fuentes de Morelia,julio,miércoles,21,-101.2048408,19.6736085
58064,58274,2026,,2026/07/15,21:37:00,SALIDA DE SUPERFICIE DE RODAMIENTO,ASFALTO,Bueno,Bueno,1,BUICK,GRIS,1,,62,MASCULINO,SIN DATOS,0,0,Zinapécuaro,San Pedro Bocaneo,julio,miércoles,22,-100.8180083,19.8326967
58065,58275,2026,MOR20260082238,2026/07/15,23:10:00,COLISIÓN POR ALCANCE,ASFALTO,Bueno,Bueno,2,JAC,Negro,2,,41,FEMENINO,SIN DATOS,0,0,Morelia,San Isidro Itzicuaro,julio,miércoles,23,-101.2792682,19.6893113
58066,58276,2026,MOR20260082255,2026/07/16,"00:27:00",SALIDA DE SUPERFICIE DE RODAMIENTO,ASFALTO,Lluvioso,Regular,1,NISSAN,Blanco,1,,45,MASCULINO,SIN DATOS,0,0,Morelia,Tinijaro,julio,jueves,0,-101.2594053,19.6969125
58067,58277,2026,MOR/20260082271,2026/07/16,"01:52:00",COLISIÓN POR CAMBIO DE CARRIL,ASFALTO,Lluvioso,Regular,2,CHEVROLET,Blanco,2,,35,MASCULINO,SIN DATOS,0,0,Morelia,Vicente Guerrero,julio,jueves,2,-101.2293436,19.7035991
58068,58278,2026,,2026/07/16,"07:56:00",COLISIÓN CONTRA OBJETO FIJO,ASFALTO,Bueno,Bueno,2,KENWORTH,Blanco,2,,30,MASCULINO,SIN DATOS,0,0,Morelia,Fovissste La Huerta,julio,jueves,8,-101.2144702,19.6944644
58069,58279,2026,,2026/07/16,"08:19:00",COLISIÓN POR CORTE DE CIRCULACIÓN,ASFALTO,Bueno,Bueno,2,CHEVROLET,Gris,2,MINISTERIO PÚBLICO,22,MASCULINO,SIN DATOS,0,0,Morelia,Central de Abastos,julio,jueves,8,-101.1707967,19.7176895
58070,58280,2026,,2026/07/16,"08:47:00",COLISIÓN POR CORTE DE CIRCULACIÓN,ASFALTO,Bueno,Bueno,2,TOYOTA,Blanco,2,,67,MASCULINO,SIN DATOS,0,0,Morelia,Vasco de Quiroga,julio,jueves,9,-101.1757753,19.7056695
58071,58281,2026,,2026/07/16,"08:53:00",COLISIÓN POR CAMBIO DE CARRIL,ASFALTO,Bueno,Bueno,2,DODGE,Blanco,2,,,MASCULINO,SIN DATOS,0,0,Morelia,Dr Miguel Silva,julio,jueves,9,-101.1806285,19.7196764
58072,58282,2026,,2026/07/16,"08:53:00",COLISIÓN POR INVASIÓN DE CARRIL,ASFALTO,Bueno,Bueno,2,NISSAN,Azul,2,,25,FEMENINO,SIN DATOS,0,0,Morelia,Clara Cordova Moran,julio,jueves,9,-101.1769259,19.7359821
58073,58283,2026,MOR/20260082344,2026/07/16,"09:37:00",COLISIÓN POR ALCANCE,ASFALTO,Bueno,Bueno,2,VOLKSWAGEN,Blanco,2,,33,MASCULINO,SIN DATOS,0,0,Morelia,Sentimientos de La Nacion,julio,jueves,10,-101.2365782,19.6843964
58074,58284,2026,,2026/07/16,15:17:00,COLISIÓN POR ALCANCE,ASFALTO,Bueno,Bueno,2,INTERNATIONAL,Blanco,2,,39,MASCULINO,SIN DATOS,0,0,Morelia,Vicente Lombardo Toledano (Ejidal Isacc Arriaga) (Etnias de Mexico),julio,jueves,15,-101.1548849,19.7158524
58075,58285,2026,,2026/07/16,15:28:00,COLISIÓN POR ALCANCE,ASFALTO,Bueno,Bueno,4,VOLKSWAGEN,Blanco,8,MINISTERIO PÚBLICO,30,MASCULINO,SIN DATOS,3,1,Morelia,Sin datos,julio,jueves,15,-101.2948823,19.5953425
58076,58286,2026,,2026/07/16,16:16:00,COLISIÓN POR ALCANCE,ASFALTO,Bueno,Bueno,2,VOLKSWAGEN,AZUL,0,,,,,0,0,Zitácuaro,Sin datos,julio,jueves,16,-100.3518946,19.4751831
58077,58287,2026,MOR/20260082485,2026/07/16,16:49:00,COLISIÓN POR INVASIÓN DE CARRIL,ASFALTO,Bueno,Bueno,2,RAM,BLANCO,2,,23,MASCULINO,SIN DATOS,0,0,Morelia,Vasco de Quiroga,julio,jueves,17,-101.1697016,19.7084097
58078,58288,2026,MOR/20260082455,2026/07/16,16:50:00,INCIDENTE DE TRÁNSITO,CONCRETO,Bueno,Bueno,2,CFMOTO,Blanco,2,MINISTERIO PÚBLICO,23,MASCULINO,SIN DATOS,0,0,Morelia,Nicolas Bravo(Los Ejidos),julio,jueves,17,-101.2234613,19.7048976
58079,58289,2026,,2026/07/16,17:15:00,COLISIÓN POR CAMBIO DE CARRIL,ASFALTO,Bueno,Bueno,2,TOYOTA,Blanco,2,,34,FEMENINO,SIN DATOS,0,0,Morelia,Alfonso Espinoza Guerrero (Barranca Seca),julio,jueves,17,-101.1719052,19.6700354
58080,58290,2026,,2026/07/16,19:06:00,COLISIÓN CONTRA OBJETO FIJO,CONCRETO,Bueno,Bueno,1,JAC,BLANCO,1,,,,SIN DATOS,0,0,Morelia,Sin datos,julio,jueves,19,-101.131205,19.7611367
58081,58291,2026,,2026/07/16,19:18:00,COLISIÓN POR CORTE DE CIRCULACIÓN,ASFALTO,Bueno,Bueno,2,KIA,GRIS,2,,33,MASCULINO,SIN DATOS,0,0,Morelia,Chapultepec Oriente,julio,jueves,19,-101.1595492,19.6932586
58082,58292,2026,,2026/07/16,19:40:00,COLISIÓN POR INVASIÓN DE CARRIL,ASFALTO,Bueno,Bueno,2,VOLKSWAGEN,BLANCO,2,,24,MASCULINO,SIN DATOS,0,0,Morelia,Ejidal Ocolusen,julio,jueves,20,-101.1532626,19.6867489
58083,58293,2026,,2026/07/16,20:21:00,COLISIÓN POR INVASIÓN DE CARRIL,ASFALTO,Bueno,Bueno,2,CHEVROLET,VINO,2,,68,MASCULINO,SIN DATOS,0,0,Álvaro Obregón,Centro,julio,jueves,20,-101.0377849,19.8296996
58084,58294,2026,,2026/07/17,"03:13:00",COLISIÓN CONTRA OBJETO FIJO,ASFALTO,Lluvioso,Regular,1,NISSAN,BLANCO,0,,,,,0,0,Nocupétaro,Sin datos,julio,viernes,3,-101.254127,19.045045
58085,58295,2026,,2026/07/17,"05:24:00",COLISIÓN CONTRA OBJETO FIJO,ASFALTO,Bueno,Regular,2,NISSAN,GRIS,2,,,FEMENINO,SIN DATOS,0,0,Morelia,Florida,julio,viernes,5,-101.2294015,19.675726
58086,58296,2026,MOR/20260082748,2026/07/17,"08:35:00",SALIDA DE SUPERFICIE DE RODAMIENTO,ASFALTO,Bueno,Bueno,1,NISSAN,GUINDA,0,,,,,0,0,Morelia,Sin datos,julio,viernes,9,-101.3624703,19.6762819
58087,58297,2026,MOR/6489294939,2026/07/17,10:09:00,COLISIÓN POR NO RESPETAR SEMÁFORO,ASFALTO,Bueno,Bueno,2,CHEVROLET,GRIS,2,,94,MASCULINO,SIN DATOS,0,0,Morelia,Irrigacion,julio,viernes,10,-101.2251112,19.7048453
58088,58298,2026,,2026/07/17,11:24:00,VOLCADURA,ASFALTO,Bueno,Bueno,1,DINA,VERDE OSCURO,0,,,,,0,0,Buenavista,Sin datos,julio,viernes,11,-102.5132519,19.3595758
58089,58299,2026,,2026/07/17,11:39:00,COLISIÓN POR CORTE DE CIRCULACIÓN,ASFALTO,Bueno,Bueno,2,KIA,BLANCO,2,,49,MASCULINO,SIN DATOS,0,0,Lázaro Cárdenas,Valle del Tecnologico,julio,viernes,12,-102.2269048,17.9740433
58090,58300,2026,,2026/07/17,12:30:00,CAIDA DE MOTOCICLETA,ASFALTO,Bueno,Bueno,1,ITALIKA,NEGRO,1,,,,,1,0,Zacapu,Sin datos,julio,viernes,13,-101.7709289,19.862257
58091,58301,2026,,2026/07/17,13:50:00,COLISIÓN POR CORTE DE CIRCULACIÓN,CONCRETO,Nublado,Bueno,2,HONDA,GRIS,1,,,,,1,0,Coeneo,Las Flores,julio,viernes,14,-101.5894303,19.8153129
58092,58302,2026,MOR20260082875,2026/07/17,14:27:00,COLISIÓN POR CORTE DE CIRCULACIÓN,CONCRETO,Bueno,Bueno,2,HONDA,NEGRO,2,,38,MASCULINO,SIN DATOS,0,0,Morelia,Jose Maria Morelos,julio,viernes,14,-101.2168292,19.7142796
58093,58303,2026,MOR/5373838939488,2026/07/17,15:24:00,COLISIÓN POR ALCANCE,CONCRETO,Bueno,Bueno,2,MG,ROJO,2,,28,MASCULINO,SIN DATOS,0,0,Morelia,Alberto Oviedo Mota,julio,viernes,15,-101.1956822,19.6835264
58094,58304,2026,"1234",2026/07/17,15:46:00,COLISIÓN POR CAMBIO DE CARRIL,ASFALTO,Bueno,Bueno,2,TOYOTA,BLANCO,2,,54,MASCULINO,SIN DATOS,0,0,Morelia,Morelos,julio,viernes,16,-101.2068661,19.7014216
58095,58305,2026,,2026/07/17,16:44:00,COLISIÓN POR ALCANCE,ASFALTO,Bueno,Bueno,2,HONDA,ARENA,2,,22,MASCULINO,SIN DATOS,0,0,Morelia,Ventura Puente,julio,viernes,17,-101.1905596,19.691102