fid,id_accidente,anio_origen,folio_c5i,dia_incidente,hora_ocurrencia,tipo_incidente_vial,superficie_ocurrencia,condiciones_climaticas,condiciones_via,numero_vehiculos_involucrados,marca_vehiculo_ocasiona_siniestro,color_vehiculo_ocasiona_siniestro,numero_personas_involucradas,lugar_remite_presunto_responsable,edad_presunto_responsable,sexo_presunto_responsable,resultados_toxicologia,numero_personas_lesionadas,numero_personas_fallecidas,municipio,colonia,mes,dia_semana,hora_redondeada,lon,lat
58096,58306,2026,MOR/6473883,2026/07/17,16:57:00,COLISIÓN POR INVASIÓN DE CARRIL,ASFALTO,Bueno,Bueno,3,HYUNDAI,Gris,5,MINISTERIO PÚBLICO,54,FEMENINO,SIN DATOS,1,1,Morelia,Ana Maria Gallaga (Riviera Norte),julio,viernes,17,-101.2227442,19.6766937
58097,58307,2026,MOR20260082934,2026/07/17,17:54:00,COLISIÓN POR CORTE DE CIRCULACIÓN,ASFALTO,Bueno,Bueno,2,MAZDA,ROJO,2,,41,MASCULINO,SIN DATOS,0,0,Morelia,Granjas del Maestro,julio,viernes,18,-101.1936988,19.7128602
58098,58308,2026,,2026/07/17,19:14:00,COLISIÓN POR CORTE DE CIRCULACIÓN,CONCRETO,Bueno,Bueno,2,TOYOTA,Rojo,2,,38,MASCULINO,SIN DATOS,0,0,Morelia,Guadalupe,julio,viernes,19,-101.2267967,19.7080172
58099,58309,2026,MOR/20260082974,2026/07/17,20:12:00,COLISIÓN CONTRA OBJETO FIJO,CONCRETO,Bueno,Bueno,2,CHEVROLET,Verde,2,,55,MASCULINO,SIN DATOS,0,0,Morelia,Isaac Arriaga,julio,viernes,20,-101.1756433,19.708919
58100,58310,2026,,2026/07/17,20:39:00,COLISIÓN CONTRA OBJETO FIJO,ASFALTO,Bueno,Bueno,1,VOLKSWAGEN,ROJO,1,,,,SIN DATOS,0,0,Parácuaro,Sin datos,julio,viernes,21,-102.2090997,19.1101246
58101,58311,2026,MOR20260083007,2026/07/17,21:24:00,COLISIÓN POR CORTE DE CIRCULACIÓN,ASFALTO,Bueno,Bueno,2,CHEVROLET,GRIS,2,,38,MASCULINO,SIN DATOS,0,0,Morelia,Felipe Carrillo Puerto,julio,viernes,21,-101.1780717,19.7305167
58102,58312,2026,,2026/07/17,22:16:00,COLISIÓN POR ALCANCE,CONCRETO,Bueno,Bueno,2,HONDA,Gris,2,MINISTERIO PÚBLICO,40,FEMENINO,SIN DATOS,0,0,Morelia,Tinijaro,julio,viernes,22,-101.2578792,19.6974114
58103,58313,2026,MOR20260000090,2026/07/18,"00:54:00",COLISIÓN CONTRA OBJETO FIJO,ASFALTO,Malo,Malo,2,CHEVROLET,Gris,2,MINISTERIO PÚBLICO,68,MASCULINO,SIN DATOS,0,0,Morelia,Felix Ireta,julio,sábado,1,-101.1898575,19.6844191
58104,58314,2026,"20260083115",2026/07/18,"02:05:00",SALIDA DE SUPERFICIE DE RODAMIENTO,ASFALTO,Bueno,Bueno,1,MAZDA,Rojo,1,,36,MASCULINO,SIN DATOS,0,0,Morelia,Sin datos,julio,sábado,2,-101.2909205,19.5998059
58105,58315,2026,MOR20260083122,2026/07/18,"02:47:00",COLISIÓN POR ALCANCE,ASFALTO,Lluvioso,Regular,2,CHRYSLER,Negro,2,,33,MASCULINO,SIN DATOS,0,0,Morelia,Jardines de Guadalupe,julio,sábado,3,-101.22717,19.7131233
58106,58316,2026,PATZ/20260014152,2026/07/18,"05:37:00",SALIDA DE SUPERFICIE DE RODAMIENTO,ASFALTO,Bueno,Bueno,1,MAZDA,ROJO,0,,,,,0,0,Coeneo,Sin datos,julio,sábado,6,-101.677592,19.768413
58107,58317,2026,,2026/07/18,"07:35:00",SALIDA DE SUPERFICIE DE RODAMIENTO,ASFALTO,Bueno,Regular,1,TOYOTA,Blanco perla,1,,33,FEMENINO,SIN DATOS,0,0,Morelia,Sin datos,julio,sábado,8,-101.1237892,19.7100555
58108,58318,2026,LCR/20260011300,2026/07/18,"09:42:00",COLISIÓN POR NO RESPETAR SEMÁFORO,ASFALTO,Bueno,Bueno,2,CHEVROLET,BLANCO,2,,51,MASCULINO,SIN DATOS,0,0,Lázaro Cárdenas,Solidaridad Nacional,julio,sábado,10,-102.2122925,17.9692033
58109,58319,2026,LCR/20260011302,2026/07/18,10:38:00,COLISIÓN POR CORTE DE CIRCULACIÓN,ASFALTO,Bueno,Bueno,2,TOYOTA,ROJO,1,,32,MASCULINO,SIN DATOS,0,0,Lázaro Cárdenas,Centro,julio,sábado,11,-102.1943832,17.9549304
58110,58320,2026,,2026/07/18,12:11:00,COLISIÓN CONTRA OBJETO FIJO,ASFALTO,Bueno,Bueno,3,CHEVROLET,Blanco,3,,,FEMENINO,SIN DATOS,0,0,Morelia,Molino de Parras,julio,sábado,12,-101.2039485,19.6980177
58111,58321,2026,MOR20260083260,2026/07/18,13:06:00,COLISIÓN POR ALCANCE,ASFALTO,Bueno,Bueno,2,VOLKSWAGEN,Vino,2,,34,MASCULINO,SIN DATOS,0,0,Morelia,Irrigacion,julio,sábado,13,-101.2225463,19.7051436
58112,58322,2026,"20260083285",2026/07/18,14:27:00,COLISIÓN POR CORTE DE CIRCULACIÓN,ASFALTO,Bueno,Regular,2,NISSAN,Blanco,2,,,,,2,0,Acuitzio,Las Peñas,julio,sábado,14,-101.3371334,19.5074177
58113,58323,2026,,2026/07/18,15:03:00,COLISIÓN POR ALCANCE,ASFALTO,Bueno,Bueno,2,BMW,Verde,2,,,FEMENINO,SIN DATOS,0,0,Morelia,Gertrudis Bocanegra,julio,sábado,15,-101.2132671,19.7026052
58114,58324,2026,,2026/07/18,15:54:00,COLISIÓN POR CORTE DE CIRCULACIÓN,ASFALTO,Bueno,Bueno,2,FORD,ROJO,2,,22,MASCULINO,SIN DATOS,0,0,Salvador Escalante,Sin datos,julio,sábado,16,-101.6190684,19.4162698
58115,58325,2026,,2026/07/18,17:28:00,SALIDA DE SUPERFICIE DE RODAMIENTO,ASFALTO,Lluvioso,Bueno,1,CHEVROLET,BLANCO,1,,70,MASCULINO,SIN DATOS,0,0,Indaparapeo,San Lucas Pio,julio,sábado,17,-100.9388615,19.7957386
58116,58326,2026,,2026/07/18,17:35:00,CAIDA DE MOTOCICLETA,ASFALTO,Lluvioso,Regular,1,VENTO,ROJO,2,,44,MASCULINO,SIN DATOS,1,0,Huaniqueo,Sin datos,julio,sábado,18,-101.5143961,19.8794239
58117,58327,2026,MOR/20260083400,2026/07/18,18:45:00,COLISIÓN POR ALCANCE,ASFALTO,Bueno,Bueno,2,HONDA,Rojo,2,,21,MASCULINO,SIN DATOS,0,0,Morelia,Diego Rivera,julio,sábado,19,-101.1766643,19.7187596
58118,58328,2026,,2026/07/18,20:11:00,SUBIDA AL CAMELLÓN,ASFALTO,Lluvioso,Regular,1,NISSAN,Blanco,1,,53,MASCULINO,SIN DATOS,0,0,Morelia,Felix Arreguin,julio,sábado,20,-101.2256438,19.7226573
58119,58329,2026,MOR/20260083445,2026/07/18,20:43:00,COLISIÓN POR ALCANCE,SIN_DATOS,Lluvioso,Malo,2,VOLKSWAGEN,PLATA,2,,29,MASCULINO,SIN DATOS,0,0,Morelia,La Aldea,julio,sábado,21,-101.1282778,19.7419211
58120,58330,2026,MOR/20260083510,2026/07/18,22:22:00,COLISIÓN CONTRA OBJETO FIJO,CONCRETO,Bueno,Bueno,1,NISSAN,Blanco,1,,73,MASCULINO,SIN DATOS,0,0,Morelia,Sin datos,julio,sábado,22,-101.1320921,19.6927055
58121,58331,2026,,2026/07/18,23:28:00,COLISIÓN CONTRA OBJETO FIJO,ASFALTO,Bueno,Regular,1,NISSAN,Gris,1,,54,MASCULINO,SIN DATOS,0,0,Morelia,Los Angeles,julio,sábado,23,-101.1734021,19.7472136
58122,58332,2026,MOR20260083531,2026/07/18,23:30:00,CAIDA DE MOTOCICLETA,ASFALTO,Lluvioso,Regular,1,MB MOTORS,Gris,1,,,MASCULINO,SIN DATOS,0,0,Morelia,Los Laureles,julio,sábado,0,-101.2327945,19.7131897
58123,58333,2026,MOR/ 20260083663,2026/07/19,"05:12:00",VOLCADURA,ASFALTO,Lluvioso,Malo,1,CHEVROLET,Azul marino,2,,25,MASCULINO,SIN DATOS,1,0,Morelia,Sin datos,julio,domingo,5,-101.2403488,19.6587549
58124,58334,2026,,2026/07/19,"05:14:00",COLISIÓN POR ALCANCE,ASFALTO,Bueno,Bueno,1,VOLKSWAGEN,BLANCO,0,,,,,0,0,Zitácuaro,Sin datos,julio,domingo,5,-100.3503717,19.47449
58125,58335,2026,,2026/07/19,"09:43:00",SALIDA DE SUPERFICIE DE RODAMIENTO,ASFALTO,Lluvioso,Regular,1,MAZDA,ROJO,1,,,,SIN DATOS,0,0,Múgica,Sin datos,julio,domingo,10,-102.1187133,19.029795
58126,58336,2026,MOR/20260071583,2026/07/19,12:16:00,COLISIÓN CONTRA OBJETO FIJO,CONCRETO,Bueno,Bueno,1,FORD,Beige,1,,29,MASCULINO,SIN DATOS,0,0,Morelia,Lomas de Las Americas Norte,julio,domingo,12,-101.1441383,19.6954904
58127,58337,2026,,2026/07/19,14:11:00,SALIDA DE SUPERFICIE DE RODAMIENTO,ASFALTO,Bueno,Malo,1,VOLKSWAGEN,AZUL MARINO,0,,,,,0,0,Tlalpujahua,Sin datos,julio,domingo,14,-100.2031595,19.7820712
58128,58338,2026,MOR202600833799,2026/07/19,14:23:00,COLISIÓN POR ALCANCE,ASFALTO,Bueno,Bueno,2,DODGE,Gris,2,,59,MASCULINO,SIN DATOS,0,0,Tarímbaro,Sin datos,julio,domingo,14,-101.1262059,19.7782499
58129,58339,2026,,2026/07/19,16:02:00,CAIDA DE MOTOCICLETA,ASFALTO,Bueno,Bueno,1,ITALIKA,AZUL,2,,,,,0,2,Coeneo,Sin datos,julio,domingo,16,-101.6113248,19.8471235
58130,58340,2026,"20260083827",2026/07/19,17:57:00,COLISIÓN POR CORTE DE CIRCULACIÓN,ASFALTO,Bueno,Bueno,2,NISSAN,Naranja,3,MINISTERIO PÚBLICO,33,MASCULINO,SIN DATOS,2,0,Morelia,Sin datos,julio,domingo,18,-101.2799388,19.6469659
58131,58341,2026,MOR/20260083840,2026/07/19,18:16:00,COLISIÓN CONTRA OBJETO FIJO,CONCRETO,Bueno,Bueno,3,VOLKSWAGEN,Blanco,1,,52,MASCULINO,SIN DATOS,0,0,Morelia,Jardines de Santiaguito,julio,domingo,18,-101.2130702,19.7193545
58132,58342,2026,MOR20260083856,2026/07/19,18:51:00,COLISIÓN POR ALCANCE,ASFALTO,Bueno,Bueno,2,KIA,Blanco,2,,45,MASCULINO,SIN DATOS,0,0,Morelia,Chapultepec Oriente,julio,domingo,19,-101.1593741,19.6938709
58133,58343,2026,,2026/07/19,19:41:00,SALIDA DE SUPERFICIE DE RODAMIENTO,ASFALTO,Bueno,Bueno,1,HONDA,ARENA,2,,21,MASCULINO,SIN DATOS,1,0,Huaniqueo,Sin datos,julio,domingo,20,-101.5077208,19.8876376
58134,58344,2026,,2026/07/19,20:23:00,COLISIÓN POR CORTE DE CIRCULACIÓN,ASFALTO,Bueno,Bueno,2,CHEVROLET,AZUL,2,,,,,2,0,Zacapu,Centro,julio,domingo,20,-101.7876089,19.8091792
58135,58345,2026,"20260083946",2026/07/19,20:39:00,COLISIÓN POR ALCANCE,ASFALTO,Bueno,Bueno,2,VOLKSWAGEN,Gris,2,MINISTERIO PÚBLICO,26,MASCULINO,SIN DATOS,0,0,Morelia,Josefa Ortiz de Dominguez,julio,domingo,21,-101.2105106,19.6722819
58136,58346,2026,,2026/07/19,21:21:00,SALIDA DE SUPERFICIE DE RODAMIENTO,ASFALTO,Lluvioso,Regular,1,HONDA,GRIS,0,,,,,0,0,Maravatío,Sin datos,julio,domingo,21,-100.4154017,19.8707467
58137,58347,2026,MOR/20260006258,2026/07/19,21:35:00,COLISIÓN POR ALCANCE,ASFALTO,Bueno,Bueno,1,VOLKSWAGEN,Blanco,1,,26,MASCULINO,SIN DATOS,0,0,Morelia,Bello Horizonte,julio,domingo,22,-101.23606,19.6816833
58138,58348,2026,MOR202688866667,2026/07/19,21:43:00,COLISIÓN POR INVASIÓN DE CARRIL,ASFALTO,Bueno,Bueno,2,NISSAN,Blanco,4,MINISTERIO PÚBLICO,0,OTRO,SIN DATOS,2,0,Morelia,Sin datos,julio,domingo,22,-101.105485,19.7348633
58139,58349,2026,,2026/07/19,21:48:00,SALIDA DE SUPERFICIE DE RODAMIENTO,ASFALTO,Bueno,Malo,1,TOYOTA,VERDE,1,,85,FEMENINO,SIN DATOS,0,0,Coeneo,Sin datos,julio,domingo,22,-101.6230328,19.7905034
58140,58350,2026,,2026/07/19,23:22:00,SALIDA DE SUPERFICIE DE RODAMIENTO,ASFALTO,Bueno,Bueno,1,DODGE,GRIS,0,,,,,0,0,Salvador Escalante,Sin datos,julio,domingo,23,-101.5624986,19.4045062
58141,58351,2026,MOR/20260087658,2026/07/20,"00:40:00",VOLCADURA,ASFALTO,Bueno,Bueno,1,CHEVROLET,Blanco,1,,30,MASCULINO,SIN DATOS,0,0,Morelia,Sentimientos de La Nacion,julio,lunes,1,-101.2343467,19.6787474
58142,58352,2026,"20260084039",2026/07/20,"00:40:00",COLISIÓN CONTRA OBJETO FIJO,ASFALTO,Bueno,Bueno,1,CHEVROLET,Negro,1,,27,MASCULINO,SIN DATOS,0,0,Morelia,Prados Verdes,julio,lunes,1,-101.1973017,19.7167308
58143,58353,2026,,2026/07/20,"08:52:00",COLISIÓN POR CAMBIO DE CARRIL,ASFALTO,Bueno,Bueno,2,TOYOTA,Morado,2,,43,MASCULINO,SIN DATOS,0,0,Morelia,Morelos,julio,lunes,9,-101.2116823,19.6927247
58144,58354,2026,MOR/20260084189,2026/07/20,10:18:00,COLISIÓN POR CAMBIO DE CARRIL,ASFALTO,Bueno,Bueno,2,TOYOTA,Blanco,2,,45,MASCULINO,SIN DATOS,0,0,Morelia,Morelos,julio,lunes,10,-101.2115271,19.6930697
58145,58355,2026,,2026/07/20,12:14:00,COLISIÓN POR CAMBIO DE CARRIL,ASFALTO,Bueno,Bueno,2,MITSUBISHI,Dorado,2,,41,FEMENINO,SIN DATOS,0,0,Morelia,Martires de Uruapan,julio,lunes,12,-101.2021257,19.7254544
58146,58356,2026,,2026/07/20,15:13:00,COLISIÓN POR INVASIÓN DE CARRIL,ASFALTO,Nublado,Bueno,2,CHEVROLET,ROJO,2,,65,MASCULINO,SIN DATOS,0,0,Uruapan,Sin datos,julio,lunes,15,-101.9902736,19.4178611
58147,58357,2026,,2026/07/20,15:48:00,COLISIÓN CONTRA OBJETO FIJO,CONCRETO,Bueno,Bueno,2,DINA,Blanco,2,,42,MASCULINO,SIN DATOS,0,0,Morelia,Central de Abastos,julio,lunes,16,-101.1676426,19.7156484
58148,58358,2026,,2026/07/20,15:51:00,INCIDENTE DE TRÁNSITO,ASFALTO,Bueno,Bueno,1,RAM,Blanco,0,,,,,0,0,Morelia,La Calera,julio,lunes,16,-101.2346573,19.6790092
58149,58359,2026,,2026/07/20,19:59:00,COLISIÓN POR ALCANCE,ASFALTO,Bueno,Bueno,3,INTERNATIONAL,Blanco,3,,,MASCULINO,SIN DATOS,0,0,Morelia,Jardines de Torremolinos,julio,lunes,20,-101.2281705,19.6767833
58150,58360,2026,MOR20260084386,2026/07/20,20:08:00,COLISIÓN POR INVASIÓN DE CARRIL,ASFALTO,Nublado,Bueno,2,INTERNATIONAL,VERDE,2,,39,MASCULINO,SIN DATOS,0,0,Morelia,Plan de Ayala,julio,lunes,20,-101.1818484,19.7066631
58151,58361,2026,,2026/07/20,21:07:00,COLISIÓN POR ALCANCE,ASFALTO,Bueno,Bueno,2,NISSAN,ARENA,2,,30,MASCULINO,SIN DATOS,0,0,Tangancícuaro,Sin datos,julio,lunes,21,-102.2499945,19.9501677
58152,58362,2026,APTZ/20260005963,2026/07/20,23:26:00,COLISIÓN CONTRA OBJETO FIJO,CONCRETO,Bueno,Bueno,1,DINA,VERDE OSCURO,1,,35,MASCULINO,SIN DATOS,0,0,Apatzingán,Babilonia,julio,lunes,23,-102.359508,19.0830965
58153,58363,2026,,2026/07/21,"00:38:00",COLISIÓN POR CORTE DE CIRCULACIÓN,ASFALTO,Bueno,Bueno,2,VOLKSWAGEN,Naranja,2,MINISTERIO PÚBLICO,,MASCULINO,SIN DATOS,0,0,Morelia,Vasco de Quiroga,julio,martes,1,-101.1755481,19.6991998
58154,58364,2026,,2026/07/21,"00:54:00",SALIDA DE SUPERFICIE DE RODAMIENTO,ASFALTO,Lluvioso,Regular,1,MITSUBISHI,BLANCO PERLA,1,,38,MASCULINO,SIN DATOS,0,0,Morelia,Sin datos,julio,martes,1,-101.2006497,19.6316039
58155,58365,2026,,2026/07/21,"01:06:00",INCIDENTE DE TRÁNSITO,ASFALTO,Malo,Regular,2,KIA,NEGRO,3,,,,SIN DATOS,1,0,Tuxpan,Tuxpan,julio,martes,1,-100.4643582,19.5677078
58156,58366,2026,,2026/07/21,"07:37:00",COLISIÓN POR CORTE DE CIRCULACIÓN,ASFALTO,Bueno,Bueno,2,HYUNDAI,Gris,2,,25,MASCULINO,SIN DATOS,0,0,Morelia,Lomas de Guayangareo,julio,martes,8,-101.1612104,19.7039979
58157,58367,2026,MOR20260084517,2026/07/21,"08:30:00",COLISIÓN CON PEATÓN,ASFALTO,Bueno,Bueno,1,FIAT,BLANCO,2,MINISTERIO PÚBLICO,36,FEMENINO,SIN DATOS,1,0,Morelia,Sin datos,julio,martes,9,-101.3551859,19.5530189
58158,58368,2026,LCR/20260011489,2026/07/21,"09:16:00",COLISIÓN CONTRA OBJETO FIJO,ASFALTO,Bueno,Bueno,1,CADILLAC,GRIS,1,,24,FEMENINO,SIN DATOS,0,0,Lázaro Cárdenas,Fovissste,julio,martes,9,-102.2177887,17.9732671
58159,58369,2026,,2026/07/21,"09:55:00",COLISIÓN POR ALCANCE,ASFALTO,Bueno,Bueno,3,MERCEDES-BENZ,Verde,3,,,,SIN DATOS,0,0,Ario,Sin Nombre,julio,martes,10,-101.6961368,19.2157452
58160,58370,2026,,2026/07/21,10:43:00,SALIDA DE SUPERFICIE DE RODAMIENTO,ASFALTO,Bueno,Bueno,1,JEEP,Vino,0,,,,,0,0,Hidalgo,Barranca Seca,julio,martes,11,-100.5803529,19.6950546
58161,58371,2026,MOR20260091457,2026/07/21,11:56:00,COLISIÓN POR CORTE DE CIRCULACIÓN,ASFALTO,Bueno,Bueno,2,CHEVROLET,Plata,2,,45,MASCULINO,SIN DATOS,0,0,Morelia,Montaña Monarca,julio,martes,12,-101.1648592,19.6656968
58162,58372,2026,MOR/20260084607,2026/07/21,13:31:00,INCIDENTE DE TRÁNSITO,CONCRETO,Bueno,Bueno,2,NISSAN,ROJO,2,,63,MASCULINO,SIN DATOS,0,0,Morelia,Isaac Arriaga,julio,martes,14,-101.1707538,19.70875
58163,58373,2026,,2026/07/21,14:01:00,COLISIÓN POR INVASIÓN DE CARRIL,ASFALTO,Bueno,Bueno,2,ITALIKA,NEGRO,1,,,,SIN DATOS,0,0,Ixtlán,Sin datos,julio,martes,14,-102.360005,20.1064717
58164,58374,2026,MOR/ 20260084602,2026/07/21,14:25:00,COLISIÓN POR CAMBIO DE CARRIL,ASFALTO,Bueno,Bueno,2,FREIGHTLINER,Blanco,2,,19,MASCULINO,SIN DATOS,0,0,Morelia,Sin datos,julio,martes,14,-101.2394455,19.6592727
58165,58375,2026,MOR/20260084617,2026/07/21,14:50:00,COLISIÓN POR CAMBIO DE CARRIL,ASFALTO,Bueno,Bueno,2,TOYOTA,Plata,2,,32,MASCULINO,SIN DATOS,0,0,Morelia,Diego Rivera,julio,martes,15,-101.1753006,19.7178374
58166,58376,2026,MOR/20260084627,2026/07/21,15:34:00,COLISIÓN POR ALCANCE,ASFALTO,Bueno,Bueno,2,MG,Rojo,2,,59,MASCULINO,SIN DATOS,0,0,Morelia,Nicolas Bravo(Los Ejidos),julio,martes,16,-101.2245098,19.7045877
58167,58377,2026,,2026/07/21,15:45:00,COLISIÓN POR ALCANCE,ASFALTO,Bueno,Bueno,2,NISSAN,BLANCO,2,,24,MASCULINO,SIN DATOS,0,0,Lázaro Cárdenas,Nuevo Infonavit(11 de Julio),julio,martes,16,-102.2188831,17.9678189
58168,58378,2026,LCR/20260011508,2026/07/21,16:41:00,COLISIÓN CONTRA OBJETO FIJO,CONCRETO,Bueno,Bueno,2,ITALIKA,NEGRO,2,,36,MASCULINO,SIN DATOS,0,0,Lázaro Cárdenas,Jarene,julio,martes,17,-102.222542,17.963898
58169,58379,2026,MOR/20260084661,2026/07/21,16:59:00,COLISIÓN CONTRA OBJETO FIJO,ASFALTO,Bueno,Bueno,2,MAZDA,Blanco,2,,36,MASCULINO,SIN DATOS,0,0,Morelia,Eduardo Ruiz,julio,martes,17,-101.2229225,19.7202969
58170,58380,2026,MOR/20260084675,2026/07/21,17:10:00,CAIDA DE MOTOCICLETA,CONCRETO,Bueno,Bueno,1,ITALIKA,Negro,1,,37,MASCULINO,SIN DATOS,0,0,Morelia,Elias Perez Avalos,julio,martes,17,-101.1698176,19.7135535
58171,58381,2026,,2026/07/21,17:58:00,COLISIÓN CONTRA OBJETO FIJO,CONCRETO,Bueno,Bueno,1,FORD,NEGRO,1,,24,MASCULINO,SIN DATOS,0,0,Huaniqueo,Centro,julio,martes,18,-101.5067453,19.8984988
58172,58382,2026,MOR20260084702,2026/07/21,18:34:00,COLISIÓN POR CORTE DE CIRCULACIÓN,ADOQUIN_EMPEDRADO,Bueno,Bueno,2,PEUGEOT,Azul,2,MINISTERIO PÚBLICO,45,FEMENINO,SIN DATOS,0,0,Morelia,Quinceo,julio,martes,19,-101.2219404,19.7282852
58173,58383,2026,MOR/20260084695,2026/07/21,18:46:00,COLISIÓN POR CAMBIO DE CARRIL,ASFALTO,Bueno,Bueno,2,CHEVROLET,Arena,3,,34,MASCULINO,SIN DATOS,1,0,Morelia,Rafael Carrillo,julio,martes,19,-101.2353367,19.7095533
58174,58384,2026,,2026/07/21,19:05:00,COLISIÓN CON PEATÓN,ASFALTO,Bueno,Bueno,1,ITALIKA,ROJO,2,,20,MASCULINO,SIN DATOS,1,0,Zacapu,Anahuac,julio,martes,19,-101.778496,19.8201931
58175,58385,2026,MOR202600000098,2026/07/21,19:22:00,COLISIÓN POR CORTE DE CIRCULACIÓN,ASFALTO,Bueno,Bueno,2,ITALIKA,Negro,2,,25,MASCULINO,SIN DATOS,0,0,Morelia,Ciudad Industrial,julio,martes,19,-101.1441402,19.7292785
58176,58386,2026,,2026/07/21,20:18:00,SALIDA DE SUPERFICIE DE RODAMIENTO,ASFALTO,Bueno,Bueno,1,FREIGHTLINER,VINO,1,,,MASCULINO,SIN DATOS,0,0,Queréndaro,Sin datos,julio,martes,20,-100.8636733,19.8066783
58177,58387,2026,MOR20260084754,2026/07/21,21:25:00,COLISIÓN POR ALCANCE,ASFALTO,Bueno,Bueno,2,CHEVROLET,Blanco,2,,69,MASCULINO,SIN DATOS,0,0,Morelia,Jardines del Rincon,julio,martes,21,-101.1505733,19.6900883
58178,58388,2026,MOR20260084872,2026/07/22,"03:00:00",COLISIÓN CONTRA OBJETO FIJO,ASFALTO,Bueno,Bueno,1,VOLKSWAGEN,Rojo,1,,29,FEMENINO,SIN DATOS,0,0,Morelia,Americas Britania,julio,miércoles,3,-101.1461215,19.6934654
58179,58389,2026,,2026/07/22,"04:58:00",SALIDA DE SUPERFICIE DE RODAMIENTO,CONCRETO,Bueno,Bueno,1,FREIGHTLINER,BLANCO,3,,41,MASCULINO,SIN DATOS,2,0,Zitácuaro,Sin datos,julio,miércoles,5,-100.3004839,19.4522232
58180,58390,2026,MOR/20260084927,2026/07/22,"08:09:00",COLISIÓN CON PEATÓN,ASFALTO,Bueno,Bueno,1,FORD,Blanco,2,MINISTERIO PÚBLICO,35,MASCULINO,SIN DATOS,1,0,Morelia,Ejidal Tres Puentes,julio,miércoles,8,-101.2260334,19.6924786
58181,58391,2026,,2026/07/22,"09:20:00",COLISIÓN POR ALCANCE,ASFALTO,Bueno,Bueno,2,VENTO,Rojo,2,,18,MASCULINO,SIN DATOS,0,0,Morelia,Adolfo Lopez Mateos,julio,miércoles,9,-101.2329641,19.7026611
58182,58392,2026,,2026/07/22,"09:38:00",COLISIÓN POR MANIOBRA DE REVERSA,CONCRETO,Bueno,Bueno,2,ISUZU,Negro,2,,19,FEMENINO,SIN DATOS,0,0,Morelia,Vicente Lombardo Toledano (Ejidal Isacc Arriaga) (Etnias de Mexico),julio,miércoles,10,-101.1461781,19.7176767
58183,58393,2026,,2026/07/22,10:16:00,COLISIÓN CONTRA OBJETO FIJO,ASFALTO,Bueno,Bueno,0,,,0,,,,,0,0,Tangancícuaro,Sin datos,julio,miércoles,10,-102.2119464,19.8516535
58184,58394,2026,,2026/07/22,12:27:00,CAIDA DE MOTOCICLETA,ASFALTO,Lluvioso,Regular,1,ITALIKA,ROJO,2,,17,MASCULINO,ALIENTO ETÍLICO,1,0,Salvador Escalante,Sin datos,julio,miércoles,12,-101.649764,19.328741
58185,58395,2026,,2026/07/22,14:17:00,SALIDA DE SUPERFICIE DE RODAMIENTO,ASFALTO,Bueno,Bueno,1,SEAT,Blanco,1,,,MASCULINO,SIN DATOS,0,0,Queréndaro,Sin datos,julio,miércoles,14,-100.7828133,19.742465
58186,58396,2026,,2026/07/22,15:05:00,COLISIÓN POR NO RESPETAR SEMÁFORO,ASFALTO,Bueno,Bueno,2,NISSAN,Morado,2,,22,MASCULINO,SIN DATOS,0,0,Morelia,Primo Tapia Oriente,julio,miércoles,15,-101.1586024,19.7136529
58187,58397,2026,MOR20260085040,2026/07/22,15:50:00,COLISIÓN POR ALCANCE,ASFALTO,Bueno,Bueno,3,YUTONG,Amarillo,3,MINISTERIO PÚBLICO,57,MASCULINO,SIN DATOS,0,0,Morelia,Nueva Jacarndas,julio,miércoles,16,-101.1915236,19.6822038
58188,58398,2026,,2026/07/22,16:23:00,COLISIÓN POR ALCANCE,ASFALTO,Bueno,Bueno,2,FORD,GRIS,2,,45,MASCULINO,SIN DATOS,0,0,Uruapan,Sin datos,julio,miércoles,16,-102.0612601,19.3616229
58189,58399,2026,,2026/07/22,16:36:00,COLISIÓN CONTRA OBJETO FIJO,ASFALTO,Bueno,Bueno,3,KENWORTH,VINO,3,,55,MASCULINO,SIN DATOS,0,0,Morelia,Ventura Puente,julio,miércoles,17,-101.183346,19.6944371
58190,58400,2026,,2026/07/22,17:50:00,SALIDA DE SUPERFICIE DE RODAMIENTO,ASFALTO,Bueno,Bueno,1,MERCEDES-BENZ,BLANCO,1,,,,,1,0,Puruándiro,Sin datos,julio,miércoles,18,-101.6020952,20.1318616
58191,58401,2026,,2026/07/22,19:26:00,COLISIÓN POR CAMBIO DE CARRIL,ASFALTO,Bueno,Bueno,2,TOYOTA,BLANCO,2,,32,MASCULINO,SIN DATOS,0,0,Morelia,Tlalpujahua,julio,miércoles,19,-101.2187932,19.6777579
58192,58402,2026,,2026/07/22,19:59:00,COLISIÓN CONTRA OBJETO FIJO,ASFALTO,Bueno,Bueno,1,SEAT,GRIS,1,,,,SIN DATOS,0,0,Morelia,Sin datos,julio,miércoles,20,-101.1320901,19.7636045
58193,58403,2026,,2026/07/22,20:09:00,INCIDENTE DE TRÁNSITO,ASFALTO,Bueno,Bueno,1,FORD,Arena,2,,34,MASCULINO,SIN DATOS,1,0,Morelia,Ventura Puente,julio,miércoles,20,-101.1922289,19.6914355
58194,58404,2026,,2026/07/22,20:50:00,VOLCADURA,CONCRETO,Bueno,Bueno,1,CARABELA,Verde oscuro,2,,21,MASCULINO,SIN DATOS,1,0,Morelia,Campestre Los Manantiales,julio,miércoles,21,-101.2374531,19.6926129
58195,58405,2026,,2026/07/22,21:33:00,COLISIÓN CONTRA OBJETO FIJO,ASFALTO,Bueno,Bueno,1,HYUNDAI,Rojo,1,,67,FEMENINO,SIN DATOS,0,0,Morelia,Fuentes de Morelia,julio,miércoles,22,-101.2010185,19.6714715
58196,58406,2026,LCR/20260011574,2026/07/22,21:50:00,COLISIÓN POR INVASIÓN DE CARRIL,ASFALTO,Bueno,Bueno,2,INTERNATIONAL,ROJO,2,,47,MASCULINO,SIN DATOS,0,0,Lázaro Cárdenas,Segundo Sector de Fidelac,julio,miércoles,22,-102.2043291,17.9622324
58197,58407,2026,,2026/07/23,"08:12:00",CAIDA DE MOTOCICLETA,ASFALTO,Bueno,Bueno,1,ITALIKA,GRIS,3,,37,MASCULINO,SIN DATOS,2,0,Maravatío,Sin datos,julio,jueves,8,-100.4544704,19.8411588