fid,id_accidente,anio_origen,folio_c5i,dia_incidente,hora_ocurrencia,tipo_incidente_vial,superficie_ocurrencia,condiciones_climaticas,condiciones_via,numero_vehiculos_involucrados,marca_vehiculo_ocasiona_siniestro,color_vehiculo_ocasiona_siniestro,numero_personas_involucradas,lugar_remite_presunto_responsable,edad_presunto_responsable,sexo_presunto_responsable,resultados_toxicologia,numero_personas_lesionadas,numero_personas_fallecidas,municipio,colonia,mes,dia_semana,hora_redondeada,lon,lat
58198,58408,2026,MOR/20260085411,2026/07/23,"08:49:00",COLISIÓN POR ALCANCE,ASFALTO,Bueno,Bueno,2,SUZUKI,Gris,2,,47,FEMENINO,SIN DATOS,0,0,Morelia,Jardines de Torremolinos,julio,jueves,9,-101.2261013,19.6769756
58199,58409,2026,,2026/07/23,11:30:00,COLISIÓN POR CORTE DE CIRCULACIÓN,ASFALTO,Bueno,Bueno,2,NISSAN,BLANCO,2,,69,MASCULINO,SIN DATOS,0,0,Lázaro Cárdenas,1Er Sect de Fidelac,julio,jueves,12,-102.1999482,17.9615945
58200,58410,2026,MOR20260085482,2026/07/23,15:39:00,COLISIÓN POR ALCANCE,ASFALTO,Bueno,Bueno,2,CHEVROLET,PLATA,2,,29,MASCULINO,SIN DATOS,0,0,Morelia,Fuentes de Morelia,julio,jueves,16,-101.2056953,19.6735423
58201,58411,2026,MOR/20260085518,2026/07/23,17:02:00,COLISIÓN POR ALCANCE,ASFALTO,Bueno,Bueno,2,KENWORTH,BLANCO,2,,27,MASCULINO,SIN DATOS,0,0,Morelia,Mirador del Punhuato,julio,jueves,17,-101.1603182,19.7049375
58202,58412,2026,MOR/20260085556,2026/07/23,18:03:00,COLISIÓN POR ALCANCE,ASFALTO,Bueno,Bueno,2,FORD,Rojo,2,,46,FEMENINO,SIN DATOS,0,0,Morelia,San Pascual,julio,jueves,18,-101.2645,19.6960267
58203,58413,2026,MOR/20260085548,2026/07/23,18:07:00,COLISIÓN POR MANIOBRA DE REVERSA,CONCRETO,Bueno,Bueno,3,FORD,Blanco,3,,46,MASCULINO,SIN DATOS,0,0,Morelia,Bosque Monarca,julio,jueves,18,-101.1678242,19.6467511
58204,58414,2026,,2026/07/23,18:37:00,COLISIÓN POR CORTE DE CIRCULACIÓN,ASFALTO,Bueno,Bueno,2,NISSAN,BLANCO,3,,69,MASCULINO,SIN DATOS,1,0,Lázaro Cárdenas,Centro,julio,jueves,19,-102.1969874,17.9541893
58205,58415,2026,MOR/20260085562,2026/07/23,19:11:00,CAIDA DE MOTOCICLETA,CONCRETO,Bueno,Bueno,1,ITALIKA,AMARILLO,0,,,,,0,0,Morelia,Agustin Arriaga Rivera,julio,jueves,19,-101.220255,19.6919141
58206,58416,2026,MOR20260085585,2026/07/23,19:52:00,COLISIÓN POR INVASIÓN DE CARRIL,CONCRETO,Bueno,Bueno,2,HERO,Negro,2,,31,MASCULINO,SIN DATOS,0,0,Morelia,Unidos Santa Cruz,julio,jueves,20,-101.2162588,19.7201949
58207,58417,2026,MOR/20260048598,2026/07/23,19:58:00,COLISIÓN POR CORTE DE CIRCULACIÓN,ASFALTO,Bueno,Bueno,2,ITALIKA,Blanco,2,,29,MASCULINO,SIN DATOS,0,0,Morelia,Cuauhtemoc,julio,jueves,20,-101.178385,19.698096
58208,58418,2026,MOR/20260085633,2026/07/23,20:12:00,COLISIÓN POR CAMBIO DE CARRIL,ASFALTO,Bueno,Bueno,2,TOYOTA,Blanco,2,MINISTERIO PÚBLICO,18,MASCULINO,SIN DATOS,0,0,Morelia,Jardines del Toreo,julio,jueves,20,-101.2146495,19.6873599
58209,58419,2026,,2026/07/23,20:45:00,SALIDA DE SUPERFICIE DE RODAMIENTO,ASFALTO,Bueno,Regular,1,SCANIA,VERDE,1,,56,MASCULINO,SIN DATOS,0,0,Nocupétaro,Magisterial,julio,jueves,21,-101.1289477,19.029386
58210,58420,2026,LCR/20260011629,2026/07/23,21:32:00,COLISIÓN CON PEATÓN,ASFALTO,Bueno,Bueno,1,VOLKSWAGEN,GRIS,2,,34,FEMENINO,SIN DATOS,1,0,Lázaro Cárdenas,Sin datos,julio,jueves,22,-102.2261671,17.9835339
58211,58421,2026,,2026/07/24,"00:27:00",SUBIDA AL CAMELLÓN,ASFALTO,Bueno,Bueno,1,DODGE,BLANCO,1,,42,MASCULINO,SIN DATOS,0,0,Pátzcuaro,Sin datos,julio,viernes,0,-101.663241,19.5205204
58212,58422,2026,,2026/07/24,"06:23:00",COLISIÓN POR CAMBIO DE CARRIL,ASFALTO,Bueno,Bueno,2,KIA,AZUL,0,,,,,0,0,Álvaro Obregón,Sin datos,julio,viernes,6,-101.023296,19.8400915
58213,58423,2026,,2026/07/24,"08:30:00",COLISIÓN POR CAMBIO DE CARRIL,ASFALTO,Bueno,Bueno,2,KIA,Gris,2,,29,MASCULINO,SIN DATOS,0,0,Morelia,Las Americas,julio,viernes,9,-101.1522182,19.6883624
58214,58424,2026,,2026/07/24,"09:46:00",COLISIÓN CONTRA OBJETO FIJO,ASFALTO,Bueno,Bueno,2,FREIGHTLINER,Blanco,2,,27,MASCULINO,SIN DATOS,0,0,Morelia,Lomas de Las Americas Norte,julio,viernes,10,-101.1490589,19.6960146
58215,58425,2026,,2026/07/24,11:36:00,COLISIÓN POR ALCANCE,CONCRETO,Bueno,Bueno,3,NISSAN,VERDE,3,,40,MASCULINO,SIN DATOS,0,0,Múgica,Centro,julio,viernes,12,-102.0949759,19.0224646
58216,58426,2026,,2026/07/24,12:28:00,COLISIÓN POR INVASIÓN DE CARRIL,CONCRETO,Bueno,Bueno,2,INTERNATIONAL,BLANCO PERLA,2,,24,MASCULINO,SIN DATOS,0,0,Hidalgo,Sin datos,julio,viernes,12,-100.7453126,19.6681004
58217,58427,2026,,2026/07/24,12:49:00,COLISIÓN POR CORTE DE CIRCULACIÓN,CONCRETO,Bueno,Bueno,2,NISSAN,Blanco,2,,26,MASCULINO,SIN DATOS,0,0,Morelia,Tzindurio Norte,julio,viernes,13,-101.247205,19.7040552
58218,58428,2026,,2026/07/24,13:23:00,COLISIÓN POR INVASIÓN DE CARRIL,ASFALTO,Bueno,Bueno,2,VENTO,NEGRO,6,,56,FEMENINO,SIN DATOS,4,0,Zacapu,Centro,julio,viernes,13,-101.7927507,19.8113256
58219,58429,2026,,2026/07/24,14:54:00,COLISIÓN POR ALCANCE,ASFALTO,Bueno,Bueno,2,SUZUKI,Gris,2,MINISTERIO PÚBLICO,47,MASCULINO,SIN DATOS,0,0,Morelia,Felix Ireta,julio,viernes,15,-101.1805036,19.6863915
58220,58430,2026,"20260085932",2026/07/24,16:34:00,COLISIÓN POR CAMBIO DE CARRIL,ASFALTO,Bueno,Bueno,2,FREIGHTLINER,Blanco,2,,34,MASCULINO,SIN DATOS,0,0,Morelia,Diego Rivera,julio,viernes,17,-101.1748254,19.7174522
58221,58431,2026,APTZ/20260006064,2026/07/24,16:48:00,COLISIÓN POR CORTE DE CIRCULACIÓN,CONCRETO,Bueno,Bueno,2,ITALIKA,VERDE,3,,19,MASCULINO,SIN DATOS,1,0,Apatzingán,18 de Marzo,julio,viernes,17,-102.3627623,19.0938847
58222,58432,2026,,2026/07/24,19:05:00,COLISIÓN POR CORTE DE CIRCULACIÓN,ASFALTO,Bueno,Bueno,2,NISSAN,BLANCO,2,,50,MASCULINO,SIN DATOS,0,0,Morelia,Vasco de Quiroga,julio,viernes,19,-101.1702021,19.7081457
58223,58433,2026,,2026/07/24,19:23:00,COLISIÓN POR MANIOBRA DE REVERSA,ASFALTO,Bueno,Regular,2,FREIGHTLINER,BLANCO,2,,34,MASCULINO,SIN DATOS,0,0,Morelia,Nueva Valladolid,julio,viernes,19,-101.2081508,19.7020985
58224,58434,2026,,2026/07/24,21:26:00,COLISIÓN POR CORTE DE CIRCULACIÓN,ASFALTO,Bueno,Bueno,2,MAZDA,BLANCO,2,,45,MASCULINO,SIN DATOS,0,0,Morelia,Nueva Valladolid,julio,viernes,21,-101.2139415,19.7006512
58225,58435,2026,,2026/07/24,21:39:00,COLISIÓN POR ALCANCE,CONCRETO,Bueno,Bueno,2,DODGE,AMARILLO,2,,41,MASCULINO,SIN DATOS,0,0,Morelia,Ventura Puente,julio,viernes,22,-101.1796265,19.693622
58226,58436,2026,,2026/07/24,22:54:00,COLISIÓN CONTRA OBJETO FIJO,ASFALTO,Bueno,Bueno,1,NISSAN,ROJO,1,,,,SIN DATOS,0,0,Maravatío,Sin datos,julio,viernes,23,-100.3878467,19.897585
58227,58437,2026,,2026/07/25,"01:28:00",CAIDA DE MOTOCICLETA,ASFALTO,Bueno,Bueno,1,ITALIKA,ROJO,2,,28,MASCULINO,SIN DATOS,1,0,Zacapu,Celanese,julio,sábado,1,-101.7725207,19.8309515
58228,58438,2026,,2026/07/25,"01:55:00",COLISIÓN POR MANIOBRA DE REVERSA,ASFALTO,Bueno,Regular,2,INTERNATIONAL,Blanco,2,,48,MASCULINO,SIN DATOS,0,0,Morelia,Leandro Valle,julio,sábado,2,-101.2300813,19.7168894
58229,58439,2026,,2026/07/25,"02:25:00",VOLCADURA,ASFALTO,Bueno,Bueno,1,CHEVROLET,AZUL,1,,40,MASCULINO,SIN DATOS,0,0,Álvaro Obregón,Centro,julio,sábado,2,-101.0487517,19.8193087
58230,58440,2026,MOR/20260086147,2026/07/25,"03:21:00",COLISIÓN POR CORTE DE CIRCULACIÓN,CONCRETO,Bueno,Bueno,2,VOLKSWAGEN,NEGRO,2,MINISTERIO PÚBLICO,27,MASCULINO,ALIENTO ETÍLICO,0,0,Morelia,Chapultepec Sur,julio,sábado,3,-101.1718316,19.6918124
58231,58441,2026,ZAM/20260010845,2026/07/25,"06:37:00",VOLCADURA,ASFALTO,Bueno,Regular,1,NISSAN,BLANCO,1,,,,SIN DATOS,0,0,Jacona,Sin datos,julio,sábado,7,-102.2832285,19.9311022
58232,58442,2026,LCR/20260011719,2026/07/25,"07:42:00",COLISIÓN CONTRA OBJETO FIJO,ASFALTO,Nublado,Regular,1,NISSAN,BLANCO,0,,,,,0,0,Lázaro Cárdenas,Sin datos,julio,sábado,8,-102.3041805,17.9701485
58233,58443,2026,MOR/20260086204,2026/07/25,"09:38:00",COLISIÓN POR CAMBIO DE CARRIL,ASFALTO,Bueno,Bueno,2,MAZDA,AZUL MARINO,2,MINISTERIO PÚBLICO,20,FEMENINO,SIN DATOS,0,0,Morelia,Sentimientos de La Nacion,julio,sábado,10,-101.2353148,19.6829085
58234,58444,2026,MOR20260086200,2026/07/25,"09:45:00",COLISIÓN POR CORTE DE CIRCULACIÓN,ASFALTO,Bueno,Bueno,2,DODGE,BLANCO,2,,27,MASCULINO,SIN DATOS,0,0,Morelia,Barrio Alto,julio,sábado,10,-101.1970739,19.7252503
58235,58445,2026,,2026/07/25,11:20:00,COLISIÓN POR CAMBIO DE CARRIL,ASFALTO,Nublado,Bueno,2,CHEVROLET,ROJO,2,,49,MASCULINO,SIN DATOS,0,0,Gabriel Zamora,Sin datos,julio,sábado,11,-102.0559102,19.1960751
58236,58446,2026,MOR/20260086240,2026/07/25,12:19:00,COLISIÓN POR ALCANCE,CONCRETO,Bueno,Bueno,2,CHEVROLET,GRIS,2,,66,FEMENINO,SIN DATOS,0,0,Morelia,Granjas del Maestro,julio,sábado,12,-101.1887267,19.7132417
58237,58447,2026,,2026/07/25,13:32:00,CAIDA ACUATICA DE VEHÍCULO,ASFALTO,Bueno,Bueno,1,CHEVROLET,PLATA,0,,,,,0,0,Álvaro Obregón,Sin datos,julio,sábado,14,-101.0443597,19.8436821
58238,58448,2026,MOR20260086276,2026/07/25,13:32:00,COLISIÓN POR CORTE DE CIRCULACIÓN,ASFALTO,Bueno,Bueno,2,VENTO,AMARILLO,2,,37,MASCULINO,SIN DATOS,0,0,Morelia,Jardines de Guadalupe,julio,sábado,14,-101.2262649,19.709797
58239,58449,2026,MOR/20260086308,2026/07/25,14:14:00,COLISIÓN POR CAMBIO DE CARRIL,ASFALTO,Bueno,Bueno,2,KIA,NARANJA,2,,77,FEMENINO,SIN DATOS,0,0,Morelia,La Loma,julio,sábado,14,-101.1808951,19.681294
58240,58450,2026,,2026/07/25,14:58:00,INCIDENTE DE TRÁNSITO,ASFALTO,Bueno,Regular,0,,,0,,,,,0,0,Tzintzuntzan,Ihuatzio,julio,sábado,15,-101.625115,19.567741
58241,58451,2026,MOR/20260086315,2026/07/25,15:06:00,COLISIÓN POR CAMBIO DE CARRIL,ASFALTO,Bueno,Bueno,2,VOLKSWAGEN,PLATA,2,,28,MASCULINO,SIN DATOS,0,0,Morelia,Rafael Carrillo,julio,sábado,15,-101.2353252,19.709338
58242,58452,2026,MOR/20260086330,2026/07/25,16:17:00,COLISIÓN POR CORTE DE CIRCULACIÓN,ASFALTO,Bueno,Bueno,2,HONDA,GRIS,2,,33,FEMENINO,SIN DATOS,0,0,Morelia,Montaña Monarca,julio,sábado,16,-101.1652589,19.6663685
58243,58453,2026,MOR20260086355,2026/07/25,16:29:00,COLISIÓN CONTRA OBJETO FIJO,CONCRETO,Bueno,Bueno,2,CHEVROLET,Verde,2,MINISTERIO PÚBLICO,68,MASCULINO,SIN DATOS,0,0,Morelia,Buenavista,julio,sábado,16,-101.1638249,19.7055649
58244,58454,2026,MOR/20260086360,2026/07/25,17:08:00,COLISIÓN CONTRA OBJETO FIJO,ASFALTO,Bueno,Bueno,1,CHEVROLET,Blanco,1,,42,MASCULINO,SIN DATOS,0,0,Morelia,Martires de Uruapan,julio,sábado,17,-101.1984433,19.7289033
58245,58455,2026,,2026/07/25,22:58:00,COLISIÓN CONTRA OBJETO FIJO,ASFALTO,Nublado,Regular,1,VOLKSWAGEN,BLANCO,1,,,,SIN DATOS,0,0,Jacona,Sin datos,julio,sábado,23,-102.3370744,19.95944
58246,58456,2026,,2026/07/25,23:27:00,COLISIÓN POR CORTE DE CIRCULACIÓN,ASFALTO,Bueno,Bueno,2,NISSAN,GRIS,2,,15,MASCULINO,SIN DATOS,1,0,Múgica,El Carriel,julio,sábado,23,-102.0969077,19.0145159
58247,58457,2026,,2026/07/26,"02:08:00",COLISIÓN CONTRA OBJETO FIJO,ASFALTO,Bueno,Bueno,1,AUDI,Negro,1,,19,MASCULINO,SIN DATOS,0,0,Morelia,Santiaguito,julio,domingo,2,-101.1898757,19.7189518
58248,58458,2026,,2026/07/26,13:40:00,COLISIÓN POR INVASIÓN DE CARRIL,ASFALTO,Bueno,Bueno,2,ITALIKA,NEGRO,2,,,,SIN DATOS,0,0,Apatzingán,Sin datos,julio,domingo,14,-102.3174445,19.1330166
58249,58459,2026,,2026/07/26,16:08:00,COLISIÓN POR CORTE DE CIRCULACIÓN,ASFALTO,Bueno,Bueno,2,ITALIKA,NEGRO,4,,45,FEMENINO,SIN DATOS,1,1,Parácuaro,Antunez,julio,domingo,16,-102.2086461,19.0218143
58250,58460,2026,MOR/20260086847,2026/07/26,16:19:00,COLISIÓN POR ALCANCE,ASFALTO,Bueno,Regular,2,INTERNATIONAL,Rojo,2,,22,MASCULINO,SIN DATOS,0,0,Morelia,Infonavit Manantiales,julio,domingo,16,-101.2386072,19.692742
58251,58461,2026,,2026/07/26,19:25:00,COLISIÓN POR ALCANCE,ASFALTO,Bueno,Bueno,2,NISSAN,BLANCO,2,,49,MASCULINO,SIN DATOS,0,0,Lázaro Cárdenas,Segundo Sector de Fidelac,julio,domingo,19,-102.2067919,17.9613918
58252,58462,2026,,2026/07/26,19:29:00,COLISIÓN POR ALCANCE,ASFALTO,Nublado,Bueno,2,MAZDA,GRIS,2,,29,FEMENINO,SIN DATOS,0,0,Lázaro Cárdenas,Segundo Sector de Fidelac,julio,domingo,19,-102.2042598,17.9633446
58253,58463,2026,APTZ/20260006106,2026/07/26,19:52:00,COLISIÓN POR CORTE DE CIRCULACIÓN,ASFALTO,Bueno,Bueno,2,ITALIKA,ROJO,2,,27,MASCULINO,SIN DATOS,0,0,Apatzingán,Ferrocarril,julio,domingo,20,-102.3550133,19.0788162
58254,58464,2026,,2026/07/26,20:31:00,COLISIÓN POR ALCANCE,ASFALTO,Bueno,Bueno,2,TOYOTA,Blanco,2,MINISTERIO PÚBLICO,50,,SIN DATOS,0,0,Morelia,Alberto Oviedo Mota,julio,domingo,21,-101.2016396,19.6791878
58255,58465,2026,,2026/07/26,20:31:00,COLISIÓN POR CAMBIO DE CARRIL,ASFALTO,Bueno,Bueno,2,TOYOTA,AZUL,2,,29,FEMENINO,SIN DATOS,0,0,Morelia,Morelos,julio,domingo,21,-101.208216,19.6980477
58256,58466,2026,,2026/07/26,20:32:00,COLISIÓN CONTRA OBJETO FIJO,ASFALTO,Bueno,Bueno,2,FORD,GRIS,1,,,,SIN DATOS,0,0,Maravatío,Maravatio,julio,domingo,21,-100.4312227,19.8868599
58257,58467,2026,MOR/6483883838,2026/07/26,20:42:00,COLISIÓN POR NO RESPETAR SEMÁFORO,ASFALTO,Bueno,Bueno,2,VENTO,Rojo,3,MINISTERIO PÚBLICO,30,MASCULINO,SIN DATOS,1,0,Morelia,Vicente Guerrero,julio,domingo,21,-101.2294286,19.7034166
58258,58468,2026,,2026/07/26,21:12:00,COLISIÓN POR CAMBIO DE CARRIL,ASFALTO,Bueno,Bueno,2,TOYOTA,PLATA,2,,33,FEMENINO,SIN DATOS,0,0,Morelia,Puerta Madero,julio,domingo,21,-101.1807178,19.6705722
58259,58469,2026,,2026/07/26,21:50:00,SALIDA DE SUPERFICIE DE RODAMIENTO,ASFALTO,Lluvioso,Regular,3,CHEVROLET,VINO,3,,,MASCULINO,SIN DATOS,0,0,Hidalgo,Bellavista,julio,domingo,22,-100.5616972,19.6879587
58260,58470,2026,,2026/07/26,23:16:00,COLISIÓN POR ALCANCE,ASFALTO,Bueno,Bueno,1,FORD,GRIS,1,MINISTERIO PÚBLICO,33,FEMENINO,SIN DATOS,0,0,Morelia,Felicitas del Rio,julio,domingo,23,-101.195678,19.692142
58261,58471,2026,,2026/07/26,23:27:00,COLISIÓN POR CORTE DE CIRCULACIÓN,ASFALTO,Nublado,Regular,2,PONTIAC,ROJO,2,,46,FEMENINO,SIN DATOS,0,0,Pátzcuaro,Centro,julio,domingo,23,-101.6084578,19.5278313
58262,58472,2026,,2026/07/27,"00:07:00",COLISIÓN CONTRA OBJETO FIJO,ASFALTO,Bueno,Bueno,1,NISSAN,Plata,1,,,MASCULINO,SIN DATOS,0,0,Morelia,Cañada del Bosque,julio,lunes,0,-101.0955932,19.7288703
58263,58473,2026,,2026/07/27,"03:32:00",COLISIÓN CONTRA OBJETO FIJO,CONCRETO,Nublado,Regular,1,BAIC,BLANCO,1,,32,MASCULINO,SIN DATOS,0,0,Morelia,Industrial,julio,lunes,4,-101.1943743,19.7073686
58264,58474,2026,,2026/07/27,"04:36:00",INCIDENTE DE TRÁNSITO,ASFALTO,Bueno,Bueno,1,CHEVROLET,VERDE OSCURO,1,,,,SIN DATOS,0,0,Morelia,Felicitas del Rio,julio,lunes,5,-101.1957057,19.6920949
58265,58475,2026,MOR/5373883927373,2026/07/27,"06:45:00",COLISIÓN POR ALCANCE,ASFALTO,Bueno,Bueno,2,NISSAN,Blanco,4,MINISTERIO PÚBLICO,36,MASCULINO,SIN DATOS,2,0,Morelia,Barrio Alto,julio,lunes,7,-101.1966245,19.7247553
58266,58476,2026,MOR/20260087188,2026/07/27,"08:20:00",CAIDA DE MOTOCICLETA,CONCRETO,Bueno,Regular,1,VENTO,NEGRO,1,,25,MASCULINO,ALIENTO ETÍLICO,0,0,Morelia,Leona Vicario,julio,lunes,8,-101.2135085,19.6688224
58267,58477,2026,,2026/07/27,"08:26:00",SALIDA DE SUPERFICIE DE RODAMIENTO,ASFALTO,Bueno,Bueno,1,TOYOTA,BLANCO,0,,,,,0,0,Queréndaro,Sin datos,julio,lunes,8,-100.778445,19.7407133
58268,58478,2026,APTZ/20260006131,2026/07/27,"09:07:00",COLISIÓN POR CORTE DE CIRCULACIÓN,ASFALTO,Bueno,Bueno,2,NISSAN,AZUL,2,,49,MASCULINO,SIN DATOS,0,0,Múgica,Centro,julio,lunes,9,-102.0952122,19.02553
58269,58479,2026,,2026/07/27,"09:29:00",VOLCADURA,ASFALTO,Bueno,Bueno,1,NISSAN,ROJO,1,,22,MASCULINO,SIN DATOS,0,0,Carácuaro,Sin datos,julio,lunes,9,-100.990504,18.9057992
58270,58480,2026,MOR/20260087202,2026/07/27,"09:30:00",COLISIÓN POR CORTE DE CIRCULACIÓN,ASFALTO,Bueno,Bueno,2,BAJAJ,GRIS OXFORD,2,,30,MASCULINO,SIN DATOS,0,0,Morelia,La Esperanza,julio,lunes,10,-101.1548838,19.7001907
58271,58481,2026,MOR/20260087245,2026/07/27,13:49:00,COLISIÓN CONTRA OBJETO FIJO,CONCRETO,Nublado,Bueno,2,KIA,GUINDA,2,MINISTERIO PÚBLICO,45,FEMENINO,SIN DATOS,0,0,Morelia,Vasco de Quiroga,julio,lunes,14,-101.1743394,19.7043146
58272,58482,2026,LCR/20260011864,2026/07/27,15:29:00,COLISIÓN POR CORTE DE CIRCULACIÓN,ASFALTO,Bueno,Bueno,2,NISSAN,BLANCO,2,,23,MASCULINO,SIN DATOS,0,0,Lázaro Cárdenas,Sin datos,julio,lunes,15,-102.2191694,17.9813421
58273,58483,2026,MOR/20260087260,2026/07/27,16:19:00,COLISIÓN POR NO RESPETAR SEMÁFORO,ASFALTO,Bueno,Bueno,2,FORD,CAFE,2,,63,MASCULINO,SIN DATOS,0,0,Morelia,La Esperanza,julio,lunes,16,-101.1540565,19.6993984
58274,58484,2026,,2026/07/27,16:34:00,INCIDENTE DE TRÁNSITO,ASFALTO,Bueno,Bueno,1,BAJAJ,NEGRO,1,,,,,1,0,Zamora,Sin datos,julio,lunes,17,-102.2650646,20.0278611
58275,58485,2026,,2026/07/27,18:18:00,COLISIÓN POR ALCANCE,ASFALTO,Bueno,Bueno,2,NISSAN,ROJO,2,,51,MASCULINO,SIN DATOS,0,0,Álvaro Obregón,Sin datos,julio,lunes,18,-100.9770878,19.8696662
58276,58486,2026,,2026/07/27,18:39:00,COLISIÓN POR INVASIÓN DE CARRIL,ASFALTO,Nublado,Regular,2,CHEVROLET,GRIS,0,,,,,0,0,Maravatío,San Miguel Curahuango,julio,lunes,19,-100.4518401,19.8813077
58277,58487,2026,MOR/20260087295,2026/07/27,19:10:00,COLISIÓN POR ALCANCE,ASFALTO,Nublado,Bueno,4,NISSAN,Verde,4,,,MASCULINO,SIN DATOS,0,0,Morelia,Sin datos,julio,lunes,19,-101.1181262,19.7372179
58278,58488,2026,MOR/2026000615683,2026/07/27,19:23:00,COLISIÓN CONTRA OBJETO FIJO,CONCRETO,Bueno,Bueno,2,TOYOTA,Blanco,2,,44,MASCULINO,SIN DATOS,0,0,Morelia,Portales de Morelia,julio,lunes,19,-101.1542137,19.7041802
58279,58489,2026,,2026/07/27,21:11:00,COLISIÓN POR ALCANCE,ASFALTO,Bueno,Bueno,3,CHEVROLET,Negro,3,,20,MASCULINO,SIN DATOS,0,0,Morelia,Militar Morelia,julio,lunes,21,-101.16304,19.6958297
58280,58490,2026,MOR/63738388383,2026/07/28,"09:50:00",COLISIÓN POR INVASIÓN DE CARRIL,ASFALTO,Bueno,Bueno,2,ITALIKA,Blanco,2,,38,FEMENINO,SIN DATOS,0,0,Morelia,Tzindurio Sarh,julio,martes,10,-101.2405142,19.6927819
58281,58491,2026,,2026/07/28,16:49:00,SALIDA DE SUPERFICIE DE RODAMIENTO,CONCRETO,Bueno,Bueno,1,FREIGHTLINER,Blanco,2,,56,MASCULINO,SIN DATOS,1,0,Morelia,San Jose Itzicuaro,julio,martes,17,-101.3024041,19.6876402
58282,58492,2026,,2026/07/28,21:58:00,SALIDA DE SUPERFICIE DE RODAMIENTO,ASFALTO,Bueno,Bueno,1,CHEVROLET,Azul,0,,,,,0,0,Morelia,Sin datos,julio,martes,22,-101.3764767,19.5514617
58283,58493,2026,,2026/07/29,"03:16:00",COLISIÓN POR INVASIÓN DE CARRIL,ASFALTO,Lluvioso,Malo,2,NISSAN,NEGRO,2,,37,MASCULINO,SIN DATOS,0,0,Tzitzio,Sin datos,julio,miércoles,3,-100.9059871,19.5069003
58284,58494,2026,"20260087808",2026/07/29,"09:16:00",COLISIÓN POR CORTE DE CIRCULACIÓN,ASFALTO,Bueno,Bueno,2,MAZDA,BLANCO,2,,41,MASCULINO,SIN DATOS,0,0,Morelia,Loma Bonita,julio,miércoles,9,-101.196534,19.7219998
58285,58495,2026,MOR/20260087814,2026/07/29,"09:26:00",COLISIÓN POR CORTE DE CIRCULACIÓN,CONCRETO,Nublado,Bueno,2,KIA,BLANCO,2,,31,MASCULINO,SIN DATOS,0,0,Morelia,Independencia,julio,miércoles,9,-101.1769779,19.712537
58286,58496,2026,,2026/07/29,12:06:00,COLISIÓN CONTRA OBJETO FIJO,ASFALTO,Bueno,Bueno,1,NISSAN,PLATA,0,,,,,0,0,Contepec,Sin datos,julio,miércoles,12,-100.2126004,19.971964
58287,58497,2026,MOR/20260087865,2026/07/29,13:15:00,COLISIÓN POR CORTE DE CIRCULACIÓN,CONCRETO,Bueno,Regular,2,NISSAN,BLANCO,2,,58,MASCULINO,SIN DATOS,0,0,Morelia,Sin datos,julio,miércoles,13,-101.313198,19.6531555
58288,58498,2026,MOR20260087893,2026/07/29,14:18:00,COLISIÓN POR CORTE DE CIRCULACIÓN,CONCRETO,Bueno,Bueno,2,NISSAN,BLANCO PERLA,2,MINISTERIO PÚBLICO,48,FEMENINO,SIN DATOS,0,0,Morelia,Ventura Puente,julio,miércoles,14,-101.1799279,19.6924482
58289,58499,2026,"20260087881",2026/07/29,14:41:00,CAIDA DE MOTOCICLETA,ASFALTO,Nublado,Bueno,1,VELOCI,Negro,2,,54,MASCULINO,SIN DATOS,1,0,Morelia,Justo Mendoza,julio,miércoles,15,-101.2307422,19.7152595
58290,58500,2026,MOR/20260087918,2026/07/29,15:32:00,COLISIÓN POR ALCANCE,ASFALTO,Bueno,Bueno,2,VOLKSWAGEN,BLANCO,2,,24,MASCULINO,SIN DATOS,0,0,Morelia,Loma Bonita,julio,miércoles,16,-101.196393,19.7243455
58291,58501,2026,MOR/20260087915,2026/07/29,15:44:00,COLISIÓN POR CORTE DE CIRCULACIÓN,ASFALTO,Bueno,Regular,2,VOLKSWAGEN,GRIS,2,,45,FEMENINO,SIN DATOS,0,0,Morelia,Ventura Puente,julio,miércoles,16,-101.1795337,19.6922065
58292,58502,2026,MOR/20260087921,2026/07/29,15:56:00,COLISIÓN CONTRA OBJETO FIJO,CONCRETO,Bueno,Bueno,2,VOLKSWAGEN,GRIS,2,,59,MASCULINO,SIN DATOS,0,0,Morelia,San Rafael,julio,miércoles,16,-101.1508719,19.7018762
58293,58503,2026,MOR20260087962,2026/07/29,18:23:00,COLISIÓN POR ALCANCE,ASFALTO,Bueno,Bueno,3,CHEVROLET,Negro,3,,21,MASCULINO,SIN DATOS,0,0,Morelia,Comision Federal de Electricidad,julio,miércoles,18,-101.180675,19.68163
58294,58504,2026,MOR20260088034,2026/07/29,21:21:00,COLISIÓN POR CORTE DE CIRCULACIÓN,ASFALTO,Bueno,Bueno,2,HYUNDAI,Blanco,2,MINISTERIO PÚBLICO,33,MASCULINO,SIN DATOS,0,0,Morelia,La Loma,julio,miércoles,21,-101.181208,19.6811608
58295,58505,2026,,2026/07/29,22:02:00,COLISIÓN POR CORTE DE CIRCULACIÓN,ASFALTO,Bueno,Bueno,2,TOYOTA,PLATA,1,,,,,1,0,Quiroga,La Esperanza,julio,miércoles,22,-101.5080619,19.6581366
58296,58506,2026,MOR/20260017738,2026/07/29,23:08:00,COLISIÓN POR CORTE DE CIRCULACIÓN,CONCRETO,Bueno,Bueno,2,CHEVROLET,Plata,2,MINISTERIO PÚBLICO,46,MASCULINO,SIN DATOS,0,0,Morelia,Centro,julio,miércoles,23,-101.1951138,19.6998647
58297,58507,2026,MOR202600009888,2026/07/30,"00:29:00",COLISIÓN POR ALCANCE,ASFALTO,Bueno,Bueno,2,VOLKSWAGEN,BLANCO,2,MINISTERIO PÚBLICO,27,MASCULINO,SIN DATOS,0,0,Morelia,Prados Verdes,julio,jueves,0,-101.2010669,19.7143839
58298,58508,2026,,2026/07/30,"08:34:00",SALIDA DE SUPERFICIE DE RODAMIENTO,ASFALTO,Bueno,Bueno,1,HONDA,BLANCO,1,,,,SIN DATOS,0,0,Jacona,Sin datos,julio,jueves,9,-102.3076184,19.9327826