fid,id_accidente,anio_origen,folio_c5i,dia_incidente,hora_ocurrencia,tipo_incidente_vial,superficie_ocurrencia,condiciones_climaticas,condiciones_via,numero_vehiculos_involucrados,marca_vehiculo_ocasiona_siniestro,color_vehiculo_ocasiona_siniestro,numero_personas_involucradas,lugar_remite_presunto_responsable,edad_presunto_responsable,sexo_presunto_responsable,resultados_toxicologia,numero_personas_lesionadas,numero_personas_fallecidas,municipio,colonia,mes,dia_semana,hora_redondeada,lon,lat
58299,58509,2026,,2026/07/30,"09:36:00",COLISIÓN POR NO RESPETAR SEMÁFORO,ASFALTO,Bueno,Bueno,2,HONDA,BLANCO,2,,41,MASCULINO,SIN DATOS,0,0,Lázaro Cárdenas,Segundo Sector de Fidelac,julio,jueves,10,-102.2045166,17.9614947
58300,58510,2026,,2026/07/30,"09:52:00",COLISIÓN POR CAMBIO DE CARRIL,ASFALTO,Bueno,Bueno,2,BYD,Blanco,2,,47,MASCULINO,SIN DATOS,0,0,Morelia,Los Manantiales de Morelia,julio,jueves,10,-101.2374581,19.6983139
58301,58511,2026,,2026/07/30,10:50:00,VOLCADURA,ASFALTO,Bueno,Bueno,0,,,0,,,,,0,0,Chilchota,Sin datos,julio,jueves,11,-102.018837,19.848822
58302,58512,2026,,2026/07/30,11:05:00,COLISIÓN POR CORTE DE CIRCULACIÓN,ASFALTO,Nublado,Regular,2,TOYOTA,BLANCO,2,,64,MASCULINO,SIN DATOS,0,0,Morelia,Ana Maria Gallaga (Riviera Ii),julio,jueves,11,-101.2256586,19.6765198
58303,58513,2026,LCR*20260012014,2026/07/30,11:31:00,COLISIÓN POR CORTE DE CIRCULACIÓN,ASFALTO,Bueno,Bueno,2,CHEVROLET,NEGRO,2,,37,FEMENINO,SIN DATOS,0,0,Lázaro Cárdenas,Comunal Morelos,julio,jueves,12,-102.2226777,17.9935359
58304,58514,2026,,2026/07/30,11:43:00,COLISIÓN POR ALCANCE,ASFALTO,Bueno,Bueno,2,CHEVROLET,GRIS,2,,54,FEMENINO,SIN DATOS,0,0,Morelia,Centro,julio,jueves,12,-101.1780475,19.6997556
58305,58515,2026,,2026/07/30,13:02:00,SUBIDA AL CAMELLÓN,ASFALTO,Bueno,Bueno,1,MAZDA,VERDE,1,,63,MASCULINO,SIN DATOS,0,0,Morelia,La Aldea,julio,jueves,13,-101.1348781,19.7339771
58306,58516,2026,,2026/07/30,13:03:00,COLISIÓN POR CORTE DE CIRCULACIÓN,ASFALTO,Bueno,Bueno,2,MERCEDES-BENZ,AMARILLO,2,,42,MASCULINO,SIN DATOS,0,0,Morelia,Gertrudis Bocanegra,julio,jueves,13,-101.2120279,19.7019954
58307,58517,2026,,2026/07/30,13:08:00,SALIDA DE SUPERFICIE DE RODAMIENTO,ASFALTO,Bueno,Bueno,1,NISSAN,BLANCO,1,,,MASCULINO,SIN DATOS,0,0,Ziracuaretiro,Sin datos,julio,jueves,13,-101.9323585,19.3779446
58308,58518,2026,,2026/07/30,15:48:00,COLISIÓN POR INVASIÓN DE CARRIL,ASFALTO,Bueno,Bueno,2,FORD,BLANCO,2,,23,MASCULINO,SIN DATOS,0,0,Charo,Sin datos,julio,jueves,16,-101.0216167,19.6894383
58309,58519,2026,,2026/07/30,16:02:00,COLISIÓN POR ALCANCE,ASFALTO,Bueno,Bueno,2,VOLKSWAGEN,GRIS,2,,28,MASCULINO,SIN DATOS,0,0,Morelia,Centro,julio,jueves,16,-101.2001683,19.7007843
58310,58520,2026,,2026/07/30,16:17:00,COLISIÓN POR INVASIÓN DE CARRIL,ASFALTO,Nublado,Bueno,2,TOYOTA,GRIS,2,MINISTERIO PÚBLICO,73,MASCULINO,SIN DATOS,0,0,Charo,Sin datos,julio,jueves,16,-100.9845032,19.6492212
58311,58521,2026,MOR20260088899,2026/07/30,16:27:00,COLISIÓN POR ALCANCE,ASFALTO,Nublado,Bueno,2,KIA,BLANCO,2,,27,MASCULINO,SIN DATOS,0,0,Morelia,Josefa Ortiz de Dominguez,julio,jueves,16,-101.2098798,19.6719174
58312,58522,2026,,2026/07/30,16:39:00,INCIDENTE DE TRÁNSITO,ASFALTO,Bueno,Bueno,1,HERO,NEGRO,0,,,,,0,0,Lázaro Cárdenas,Sin datos,julio,jueves,17,-102.2118846,17.9772415
58313,58523,2026,,2026/07/30,16:44:00,COLISIÓN POR CORTE DE CIRCULACIÓN,CONCRETO,Lluvioso,Regular,2,MAZDA,BLANCO,2,,46,MASCULINO,SIN DATOS,0,0,Morelia,Fuentes de Valladolid,julio,jueves,17,-101.2223242,19.6723714
58314,58524,2026,,2026/07/30,16:46:00,COLISIÓN POR CORTE DE CIRCULACIÓN,ASFALTO,Bueno,Bueno,2,PONTIAC,GRIS,2,,68,MASCULINO,SIN DATOS,0,0,Pátzcuaro,Sin datos,julio,jueves,17,-101.4882625,19.5318442
58315,58525,2026,,2026/07/30,17:34:00,COLISIÓN CONTRA OBJETO FIJO,ASFALTO,Bueno,Bueno,2,HINO,BLANCO,2,,25,MASCULINO,SIN DATOS,0,0,Morelia,Central de Abastos,julio,jueves,18,-101.1699191,19.7176362
58316,58526,2026,LCR/20260012022,2026/07/30,18:12:00,COLISIÓN POR ALCANCE,ASFALTO,Bueno,Bueno,2,VELOCI,GRIS,2,,18,MASCULINO,SIN DATOS,0,0,Lázaro Cárdenas,600 Casas,julio,jueves,18,-102.2201862,17.9639777
58317,58527,2026,,2026/07/30,21:52:00,COLISIÓN POR INVASIÓN DE CARRIL,ASFALTO,Nublado,Bueno,2,DODGE,GRIS,2,,,FEMENINO,SIN DATOS,0,0,Zinapécuaro,Sin datos,julio,jueves,22,-100.7710867,19.8448417
58318,58528,2026,ZAM/20260011135,2026/07/30,23:06:00,COLISIÓN POR CORTE DE CIRCULACIÓN,ASFALTO,Lluvioso,Regular,0,,,0,,,,,0,0,Tangamandapio,Sin datos,julio,jueves,23,-102.432533,19.859346
58319,58529,2026,MOR/20260088406,2026/07/30,23:43:00,COLISIÓN POR CORTE DE CIRCULACIÓN,ASFALTO,Bueno,Bueno,2,BAJAJ,NEGRO,2,,17,MASCULINO,SIN DATOS,0,0,Morelia,Chapultepec Norte,julio,jueves,0,-101.1763762,19.6956132
58320,58530,2026,MOR/20260088449,2026/07/31,"02:08:00",COLISIÓN CONTRA OBJETO FIJO,ASFALTO,Lluvioso,Regular,4,KENWORTH,BLANCO,4,,35,MASCULINO,SIN DATOS,0,0,Morelia,Sin datos,julio,viernes,2,-101.3382322,19.7098737
58321,58531,2026,MOR2026005555,2026/07/31,"02:33:00",COLISIÓN POR ALCANCE,ASFALTO,Bueno,Bueno,2,FORD,GRIS,2,,41,FEMENINO,SIN DATOS,0,0,Morelia,Mirador del Punhuato,julio,viernes,3,-101.1602287,19.7050647
58322,58532,2026,MOR/20260088488,2026/07/31,"09:38:00",COLISIÓN CONTRA OBJETO FIJO,ASFALTO,Bueno,Bueno,2,KENWORTH,BLANCO,2,,41,MASCULINO,SIN DATOS,0,0,Charo,Sin datos,julio,viernes,10,-101.0017945,19.6592281
58323,58533,2026,MOR/20260057894,2026/07/31,10:59:00,COLISIÓN CON PEATÓN,ASFALTO,Bueno,Bueno,1,NISSAN,BLANCO,1,,56,MASCULINO,SIN DATOS,0,0,Morelia,Industrial,julio,viernes,11,-101.2015515,19.7140648
58324,58534,2026,,2026/07/31,12:23:00,VOLCADURA,ASFALTO,Bueno,Bueno,1,RAM,BLANCO,0,,,,,0,0,Juárez,Sin datos,julio,viernes,12,-100.4450478,19.275758
58325,58535,2026,,2026/07/31,12:59:00,SALIDA DE SUPERFICIE DE RODAMIENTO,ASFALTO,Bueno,Bueno,1,HERO,NEGRO,0,,,,,0,0,Queréndaro,Sin datos,julio,viernes,13,-100.7780193,19.7405017
58326,58536,2026,APTZ/20260006226,2026/07/31,13:46:00,COLISIÓN POR CORTE DE CIRCULACIÓN,ASFALTO,Bueno,Bueno,2,FORD,ARENA,2,,,,SIN DATOS,0,0,Apatzingán,18 de Marzo,julio,viernes,14,-102.3628233,19.0993717
58327,58537,2026,MOR/20260061573,2026/07/31,13:53:00,COLISIÓN POR CORTE DE CIRCULACIÓN,ASFALTO,Bueno,Bueno,2,FORD,GRIS OXFORD,2,,52,MASCULINO,SIN DATOS,0,0,Morelia,Eduardo Ruiz,julio,viernes,14,-101.2252446,19.7231558
58328,58538,2026,,2026/07/31,14:01:00,COLISIÓN POR CORTE DE CIRCULACIÓN,ASFALTO,Bueno,Bueno,2,NISSAN,BLANCO,2,,49,MASCULINO,SIN DATOS,0,0,Morelia,Cuauhtemoc,julio,viernes,14,-101.1800927,19.6939267
58329,58539,2026,,2026/07/31,15:00:00,SALIDA DE SUPERFICIE DE RODAMIENTO,ASFALTO,Lluvioso,Regular,1,VOLKSWAGEN,BLANCO,1,,36,MASCULINO,SIN DATOS,0,0,Tacámbaro,Sin datos,julio,viernes,15,-101.49108,19.3964117
58330,58540,2026,MOR20261978,2026/07/31,15:13:00,COLISIÓN POR CORTE DE CIRCULACIÓN,ASFALTO,Bueno,Bueno,2,DODGE,BLANCO,2,,39,MASCULINO,SIN DATOS,0,0,Morelia,Campestre Los Manantiales,julio,viernes,15,-101.2386584,19.6888742
58331,58541,2026,,2026/07/31,16:15:00,COLISIÓN POR ALCANCE,CONCRETO,Nublado,Bueno,4,NISSAN,BLANCO,4,,51,MASCULINO,SIN DATOS,0,0,Morelia,Canteras de Morelia,julio,viernes,16,-101.1719776,19.7150974
58332,58542,2026,MOR/202600071673,2026/07/31,16:34:00,COLISIÓN POR ALCANCE,ASFALTO,Bueno,Bueno,2,FORD,BLANCO,2,,44,MASCULINO,SIN DATOS,0,0,Morelia,Torreon Nuevo,julio,viernes,17,-101.2017035,19.7432196
58333,58543,2026,,2026/07/31,16:53:00,COLISIÓN POR INVASIÓN DE CARRIL,ASFALTO,Bueno,Bueno,2,NISSAN,BLANCO,2,,40,MASCULINO,SIN DATOS,0,0,Lázaro Cárdenas,82 Batallon de Infanteria,julio,viernes,17,-102.2347705,17.9747759
58334,58544,2026,MOR/20260088632,2026/07/31,17:50:00,CAIDA DE MOTOCICLETA,ASFALTO,Bueno,Bueno,1,ITALIKA,ROJO,1,,16,MASCULINO,SIN DATOS,0,0,Morelia,Sin datos,julio,viernes,18,-101.1219345,19.7048007
58335,58545,2026,,2026/07/31,17:59:00,COLISIÓN POR CORTE DE CIRCULACIÓN,ASFALTO,Bueno,Bueno,2,VOLKSWAGEN,AZUL MARINO,2,,62,MASCULINO,SIN DATOS,0,0,Irimbo,Sin datos,julio,viernes,18,-100.4589561,19.7253852
58336,58546,2026,LCR/20260012067,2026/07/31,18:18:00,COLISIÓN POR CORTE DE CIRCULACIÓN,ASFALTO,Bueno,Bueno,2,JAC,BLANCO,1,,42,FEMENINO,SIN DATOS,0,0,Lázaro Cárdenas,El Palmar 77,julio,viernes,18,-102.2151928,17.9751038
58337,58547,2026,MOR20260088644,2026/07/31,18:29:00,COLISIÓN POR ALCANCE,CONCRETO,Bueno,Bueno,2,MITSUBISHI,Gris,2,,24,FEMENINO,SIN DATOS,0,0,Morelia,Loma Real,julio,viernes,18,-101.198215,19.7285833
58338,58548,2026,,2026/07/31,18:51:00,COLISIÓN CONTRA OBJETO FIJO,ASFALTO,Bueno,Bueno,2,TOYOTA,Blanco,2,,20,MASCULINO,SIN DATOS,0,0,Morelia,Ventura Puente,julio,viernes,19,-101.1812422,19.6926411
58339,58549,2026,MOR/20260088651,2026/07/31,19:00:00,COLISIÓN POR CORTE DE CIRCULACIÓN,ASFALTO,Bueno,Bueno,2,TOYOTA,Plata,2,,37,MASCULINO,SIN DATOS,0,0,Morelia,Lomas de Hidalgo,julio,viernes,19,-101.1635683,19.6961067
58340,58550,2026,,2026/07/31,19:26:00,CAIDA DE MOTOCICLETA,ASFALTO,Bueno,Bueno,1,ITALIKA,ROJO,1,,16,MASCULINO,SIN DATOS,0,0,Álvaro Obregón,Sin datos,julio,viernes,19,-101.0351983,19.8914217
58341,58551,2026,APTZ/20260006234,2026/07/31,21:50:00,COLISIÓN CONTRA OBJETO FIJO,ASFALTO,Bueno,Bueno,2,NISSAN,BLANCO,1,,21,MASCULINO,SIN DATOS,0,0,Apatzingán,Niños Heroes,julio,viernes,22,-102.3412117,19.0755827
58342,58552,2026,,2026/08/01,"03:54:00",VOLCADURA,ASFALTO,Bueno,Bueno,1,NISSAN,Gris,1,,44,MASCULINO,SIN DATOS,0,0,Morelia,Montaña Monarca,agosto,sábado,4,-101.1655964,19.6717294
58343,58553,2026,,2026/08/01,"09:05:00",COLISIÓN POR CORTE DE CIRCULACIÓN,ASFALTO,Bueno,Bueno,2,FAW,BLANCO,3,,52,MASCULINO,SIN DATOS,1,0,Álvaro Obregón,Sin datos,agosto,sábado,9,-101.0238292,19.8398776
58344,58554,2026,,2026/08/01,11:55:00,COLISIÓN CONTRA OBJETO FIJO,ASFALTO,Bueno,Regular,2,NISSAN,Blanco,2,MINISTERIO PÚBLICO,30,MASCULINO,SIN DATOS,0,0,Morelia,Sin datos,agosto,sábado,12,-101.318658,19.686884
58345,58555,2026,,2026/08/01,12:59:00,COLISIÓN POR CORTE DE CIRCULACIÓN,ASFALTO,Bueno,Bueno,2,NISSAN,AZUL MARINO,2,,29,FEMENINO,SIN DATOS,0,0,Zinapécuaro,Sin datos,agosto,sábado,13,-100.644215,19.8956467
58346,58556,2026,"20260089001",2026/08/01,14:18:00,COLISIÓN CONTRA OBJETO FIJO,ASFALTO,Bueno,Bueno,2,FREIGHTLINER,Blanco,2,,27,MASCULINO,SIN DATOS,0,0,Morelia,Central de Abastos,agosto,sábado,14,-101.1669905,19.716551
58347,58557,2026,,2026/08/01,14:44:00,COLISIÓN POR CORTE DE CIRCULACIÓN,ASFALTO,Bueno,Regular,2,HERO,AZUL,2,,33,FEMENINO,SIN DATOS,0,0,Lázaro Cárdenas,20 de Agosto,agosto,sábado,15,-102.2269926,17.9850031
58348,58558,2026,,2026/08/01,18:24:00,COLISIÓN POR ALCANCE,ASFALTO,Bueno,Bueno,2,VENTO,PLATA,2,,21,MASCULINO,SIN DATOS,0,0,Morelia,Santa Maria,agosto,sábado,18,-101.201406,19.6793745
58349,58559,2026,,2026/08/01,18:24:00,COLISIÓN POR ALCANCE,ASFALTO,Bueno,Bueno,3,MAZDA,ROJO,3,,29,MASCULINO,SIN DATOS,0,0,Morelia,Alberto Oviedo Mota,agosto,sábado,18,-101.2015021,19.6792423
58350,58560,2026,MOR/648383848,2026/08/01,20:04:00,COLISIÓN POR CAMBIO DE CARRIL,CONCRETO,Bueno,Bueno,2,NISSAN,GRIS,2,,67,FEMENINO,SIN DATOS,0,0,Morelia,Nueva Valladolid,agosto,sábado,20,-101.2074043,19.702286
58351,58561,2026,,2026/08/01,20:33:00,COLISIÓN CONTRA OBJETO FIJO,CONCRETO,Bueno,Bueno,2,VOLKSWAGEN,ROJO,2,,30,MASCULINO,SIN DATOS,0,0,Morelia,12 de Diciembre,agosto,sábado,21,-101.1534306,19.7024702
58352,58562,2026,,2026/08/01,20:42:00,COLISIÓN POR INVASIÓN DE CARRIL,ASFALTO,Bueno,Bueno,1,NISSAN,GRIS,0,,,,,0,0,Maravatío,San Miguel Curahuango,agosto,sábado,21,-100.446395,19.883315
58353,58563,2026,LCR/20260012133,2026/08/01,21:00:00,COLISIÓN POR CORTE DE CIRCULACIÓN,ASFALTO,Bueno,Bueno,2,VOLKSWAGEN,GRIS,2,,53,MASCULINO,SIN DATOS,0,0,Lázaro Cárdenas,Las Camelinas,agosto,sábado,21,-102.2244623,17.9760948
58354,58564,2026,,2026/08/01,22:10:00,COLISIÓN CONTRA OBJETO FIJO,CONCRETO,Bueno,Bueno,1,JEEP,VERDE,1,,42,MASCULINO,SIN DATOS,0,0,Morelia,Sin datos,agosto,sábado,22,-101.3093077,19.6589934
58355,58565,2026,,2026/08/01,23:08:00,COLISIÓN POR ALCANCE,ASFALTO,Bueno,Regular,2,HONDA,BLANCO,4,,31,MASCULINO,SIN DATOS,2,0,Marcos Castellanos,Sin datos,agosto,sábado,23,-103.0042086,20.0059684
58356,58566,2026,MOR/20260089247,2026/08/01,23:56:00,COLISIÓN POR NO RESPETAR SEMÁFORO,ASFALTO,Bueno,Regular,2,NISSAN,ROJO,2,,32,MASCULINO,SIN DATOS,0,0,Morelia,La Calera,agosto,sábado,0,-101.2353839,19.6807712
58357,58567,2026,"20260089226",2026/08/01,23:58:00,COLISIÓN CONTRA OBJETO FIJO,CONCRETO,Bueno,Bueno,1,AUDI,GRIS,1,,45,MASCULINO,SIN DATOS,0,0,Morelia,Tzindurio Norte,agosto,sábado,0,-101.2445738,19.7001244
58358,58568,2026,,2026/08/02,"00:23:00",COLISIÓN CONTRA OBJETO FIJO,ASFALTO,Bueno,Bueno,1,CARABELA,BLANCO,1,,38,MASCULINO,SIN DATOS,0,0,Pátzcuaro,Centro,agosto,domingo,0,-101.6132154,19.5288403
58359,58569,2026,MOR2026001111222,2026/08/02,"02:04:00",COLISIÓN CONTRA OBJETO FIJO,ASFALTO,Bueno,Bueno,1,DINA,Blanco,1,,43,MASCULINO,SIN DATOS,0,0,Tarímbaro,Cuto del Porvenir,agosto,domingo,2,-101.1417178,19.8683607
58360,58570,2026,,2026/08/02,"03:49:00",COLISIÓN CONTRA OBJETO FIJO,ADOQUIN_EMPEDRADO,Bueno,Bueno,1,VOLKSWAGEN,ROJO,1,,50,MASCULINO,SIN DATOS,0,0,Morelia,Centro,agosto,domingo,4,-101.1894631,19.7051866
58361,58571,2026,,2026/08/02,"04:05:00",COLISIÓN CONTRA OBJETO FIJO,ASFALTO,Bueno,Bueno,1,FORD,AZUL,0,,,,,0,0,Coeneo,Sin datos,agosto,domingo,4,-101.6716308,19.7690693
58362,58572,2026,,2026/08/02,"07:32:00",COLISIÓN CONTRA OBJETO FIJO,ASFALTO,Bueno,Bueno,1,HONDA,PLATA,2,,38,FEMENINO,SIN DATOS,1,0,Morelia,El Lago 2,agosto,domingo,8,-101.2146621,19.7267196
58363,58573,2026,NOO,2026/08/02,"08:46:00",SALIDA DE SUPERFICIE DE RODAMIENTO,ASFALTO,Lluvioso,Regular,1,KIA,Verde oscuro,0,,,,,0,0,Ario,Sin datos,agosto,domingo,9,-101.7280265,19.1862672
58364,58574,2026,MOR/20260089404,2026/08/02,"09:52:00",COLISIÓN CONTRA OBJETO FIJO,ASFALTO,Bueno,Bueno,2,CHEVROLET,ROJO,2,MINISTERIO PÚBLICO,30,MASCULINO,SIN DATOS,0,0,Morelia,Nicolaitas Ilustres,agosto,domingo,10,-101.22497,19.7245817
58365,58575,2026,MOR20260019321,2026/08/02,10:47:00,COLISIÓN POR CORTE DE CIRCULACIÓN,CONCRETO,Bueno,Bueno,2,VENTO,BLANCO,2,,19,MASCULINO,SIN DATOS,0,0,Morelia,Eduardo Ruiz,agosto,domingo,11,-101.2196845,19.7176636
58366,58576,2026,,2026/08/02,10:55:00,COLISIÓN POR CORTE DE CIRCULACIÓN,ASFALTO,Bueno,Bueno,2,NISSAN,BLANCO,2,,60,MASCULINO,SIN DATOS,0,0,Paracho,Sin Nombre,agosto,domingo,11,-102.0358513,19.6584721
58367,58577,2026,LCR/20260012187,2026/08/02,12:27:00,COLISIÓN CONTRA OBJETO FIJO,CONCRETO,Bueno,Bueno,1,NISSAN,GRIS,3,,,,,3,0,Lázaro Cárdenas,Sin datos,agosto,domingo,12,-102.2835475,17.9613768
58368,58578,2026,MOR/20260089474,2026/08/02,14:20:00,COLISIÓN POR NO RESPETAR SEMÁFORO,ASFALTO,Bueno,Bueno,2,MITSUBISHI,GRIS,2,,54,MASCULINO,SIN DATOS,0,0,Morelia,Bosques de Oriente,agosto,domingo,14,-101.1553878,19.7159588
58369,58579,2026,LCR/20260012195,2026/08/02,15:13:00,COLISIÓN CONTRA OBJETO FIJO,ASFALTO,Bueno,Bueno,2,HONDA,BLANCO,1,,43,MASCULINO,SIN DATOS,0,0,Lázaro Cárdenas,Campamento Obrero,agosto,domingo,15,-102.211194,18.0214387
58370,58580,2026,LCR/20260012198,2026/08/02,15:28:00,INCENDIO,ASFALTO,Bueno,Bueno,1,NISSAN,GRIS,1,,30,MASCULINO,SIN DATOS,0,0,Lázaro Cárdenas,Segundo Sector de Fidelac,agosto,domingo,15,-102.202956,17.9614034
58371,58581,2026,MOR20260010210,2026/08/02,15:40:00,COLISIÓN POR CORTE DE CIRCULACIÓN,CONCRETO,Bueno,Bueno,2,CHEVROLET,ROJO,2,,34,MASCULINO,SIN DATOS,0,0,Charo,Sin datos,agosto,domingo,16,-101.0573598,19.6943213
58372,58582,2026,,2026/08/02,17:16:00,COLISIÓN POR ALCANCE,CONCRETO,Nublado,Regular,0,,,0,,,,,0,0,Zitácuaro,Sin datos,agosto,domingo,17,-100.3119746,19.4514252
58373,58583,2026,,2026/08/02,18:30:00,COLISIÓN CONTRA OBJETO FIJO,ASFALTO,Bueno,Bueno,1,NISSAN,VINO,1,,56,FEMENINO,SIN DATOS,0,0,Lázaro Cárdenas,Lotes Y Servicios,agosto,domingo,19,-102.2133505,17.959366
58374,58584,2026,MOR/20260089568,2026/08/02,18:44:00,COLISIÓN POR CORTE DE CIRCULACIÓN,ASFALTO,Bueno,Bueno,2,CHEVROLET,Gris,2,MINISTERIO PÚBLICO,,OTRO,CON CERTIFICADO,0,0,Morelia,Alberto Oviedo Mota,agosto,domingo,19,-101.1963208,19.6812324
58375,58585,2026,,2026/08/02,22:10:00,INCENDIO,ASFALTO,Bueno,Bueno,1,VOLKSWAGEN,NEGRO,0,,,,,0,0,Apatzingán,Buenos Aires,agosto,domingo,22,-102.3597331,19.0962598
58376,58586,2026,MOR/20260089723,2026/08/03,"00:30:00",COLISIÓN POR ALCANCE,CONCRETO,Bueno,Bueno,2,TOYOTA,Gris,2,,58,MASCULINO,SIN DATOS,0,0,Morelia,Villas del Pedregal,agosto,lunes,1,-101.3042911,19.6875173
58377,58587,2026,MOR/20260089727,2026/08/03,"01:50:00",COLISIÓN POR ALCANCE,ASFALTO,Bueno,Bueno,2,NISSAN,Blanco,2,,20,MASCULINO,SIN DATOS,0,0,Morelia,Lomas de Las Americas Sur,agosto,lunes,2,-101.1465282,19.6942363
58378,58588,2026,MOR/5689845789,2026/08/03,"09:46:00",COLISIÓN POR ALCANCE,ASFALTO,Bueno,Bueno,2,AUDI,Azul marino,2,,41,FEMENINO,SIN DATOS,0,0,Morelia,Ejidal Ocolusen,agosto,lunes,10,-101.1583059,19.687626
58379,58589,2026,,2026/08/03,11:08:00,COLISIÓN POR CORTE DE CIRCULACIÓN,ASFALTO,Bueno,Bueno,2,FORD,NEGRO,2,,24,MASCULINO,SIN DATOS,0,0,Nocupétaro,Barrio Alto,agosto,lunes,11,-101.1588201,19.045045
58380,58590,2026,,2026/08/03,12:08:00,COLISIÓN POR ALCANCE,ASFALTO,Bueno,Bueno,2,INTERNATIONAL,Naranja,2,,45,FEMENINO,SIN DATOS,0,0,Morelia,Trinidad Salgado,agosto,lunes,12,-101.2307022,19.703467
58381,58591,2026,LCR/20260012244,2026/08/03,12:50:00,COLISIÓN POR CORTE DE CIRCULACIÓN,ASFALTO,Bueno,Bueno,3,ITALIKA,NEGRO,0,,,,,0,0,Lázaro Cárdenas,Anibal Ponce,agosto,lunes,13,-102.21675,18.0232372
58382,58592,2026,,2026/08/03,14:27:00,COLISIÓN POR INVASIÓN DE CARRIL,ASFALTO,Bueno,Bueno,2,TOYOTA,Blanco,2,,45,MASCULINO,ALIENTO ETÍLICO,0,0,Morelia,Felix Ireta,agosto,lunes,14,-101.1812794,19.6825865
58383,58593,2026,MOR/20260090069,2026/08/03,21:17:00,COLISIÓN POR ALCANCE,CONCRETO,Bueno,Bueno,2,INTERNATIONAL,BLANCO,2,,19,MASCULINO,SIN DATOS,0,0,Morelia,Centro,agosto,lunes,21,-101.1885084,19.7013547
58384,58594,2026,,2026/08/03,21:44:00,COLISIÓN POR INVASIÓN DE CARRIL,ASFALTO,Lluvioso,Regular,2,TOYOTA,BLANCO,0,,,,,0,0,Hidalgo,Sin datos,agosto,lunes,22,-100.7430807,19.6993206
58385,58595,2026,"20260013216",2026/08/04,"00:03:00",INCIDENTE DE TRÁNSITO,ASFALTO,Bueno,Bueno,2,FORD,NEGRO,2,,29,FEMENINO,SIN DATOS,0,0,Uruapan,Sin datos,agosto,martes,0,-102.07236,19.474588
58386,58596,2026,MOR2026008462,2026/08/04,"09:09:00",COLISIÓN POR CAMBIO DE CARRIL,ASFALTO,Bueno,Bueno,2,NISSAN,BLANCO,2,,45,FEMENINO,SIN DATOS,0,0,Morelia,Niño Artillero,agosto,martes,9,-101.2512895,19.6982378
58387,58597,2026,MOR/202600016726,2026/08/04,"09:35:00",COLISIÓN POR ALCANCE,ASFALTO,Bueno,Bueno,2,RENAULT,GRIS,2,MINISTERIO PÚBLICO,38,MASCULINO,SIN DATOS,0,0,Morelia,Santa Maria,agosto,martes,10,-101.2013167,19.67964
58388,58598,2026,MOR/20260090246,2026/08/04,"09:58:00",COLISIÓN POR CAMBIO DE CARRIL,ASFALTO,Bueno,Bueno,3,INTERNATIONAL,BLANCO,3,,42,MASCULINO,SIN DATOS,0,0,Morelia,Villa Universidad,agosto,martes,10,-101.2137411,19.6883368
58389,58599,2026,,2026/08/04,11:06:00,SALIDA DE SUPERFICIE DE RODAMIENTO,ASFALTO,Bueno,Bueno,1,NISSAN,Arena,0,,,,,0,0,Hidalgo,Contreras(Ojos de Agua),agosto,martes,11,-100.580147,19.6948244
58390,58600,2026,MOR/20260090262,2026/08/04,13:25:00,COLISIÓN POR CAMBIO DE CARRIL,ASFALTO,Bueno,Bueno,2,TOYOTA,BLANCO,2,,58,MASCULINO,SIN DATOS,0,0,Morelia,Loma de Los Piñones,agosto,martes,13,-101.2053688,19.6740722
58391,58601,2026,LCR/20260012290,2026/08/04,15:04:00,COLISIÓN POR CORTE DE CIRCULACIÓN,ASFALTO,Bueno,Bueno,2,NISSAN,BLANCO,2,,21,MASCULINO,SIN DATOS,1,0,Lázaro Cárdenas,1Er Sect de Fidelac,agosto,martes,15,-102.1978509,17.9649284
58392,58602,2026,,2026/08/04,15:20:00,COLISIÓN POR INVASIÓN DE CARRIL,ASFALTO,Bueno,Bueno,2,FREIGHTLINER,VERDE,2,,35,MASCULINO,SIN DATOS,0,0,Tarímbaro,Sin datos,agosto,martes,15,-101.1661397,19.8099572
58393,58603,2026,,2026/08/04,15:48:00,SALIDA DE SUPERFICIE DE RODAMIENTO,ASFALTO,Lluvioso,Malo,1,VOLKSWAGEN,BLANCO,1,,,,,1,0,Zitácuaro,Sin datos,agosto,martes,16,-100.2653717,19.4445367
58394,58604,2026,MOR20260098125,2026/08/04,16:18:00,COLISIÓN POR CORTE DE CIRCULACIÓN,ASFALTO,Bueno,Bueno,2,INTERNATIONAL,BLANCO,2,,39,MASCULINO,SIN DATOS,0,0,Morelia,Florida,agosto,martes,16,-101.2280086,19.6767066
58395,58605,2026,MOR/20260090327,2026/08/04,17:51:00,COLISIÓN POR CORTE DE CIRCULACIÓN,ASFALTO,Bueno,Bueno,2,DINA,AMARILLO,2,,24,MASCULINO,SIN DATOS,0,0,Morelia,Josefa Ortiz de Dominguez,agosto,martes,18,-101.206465,19.673095
58396,58606,2026,,2026/08/04,18:17:00,SUBIDA AL CAMELLÓN,ASFALTO,Bueno,Bueno,1,VOLKSWAGEN,Rojo,1,,84,MASCULINO,SIN DATOS,0,0,Morelia,Nicolas Bravo(Los Ejidos),agosto,martes,18,-101.2183576,19.6993677
58397,58607,2026,,2026/08/04,20:05:00,COLISIÓN POR INVASIÓN DE CARRIL,ASFALTO,Malo,Bueno,2,MAZDA,BLANCO,2,,,,,2,0,Coeneo,Sin datos,agosto,martes,20,-101.59882,19.80369
58398,58608,2026,,2026/08/04,20:20:00,COLISIÓN CONTRA OBJETO FIJO,ASFALTO,Lluvioso,Bueno,0,,,0,,,,,0,0,Zacapu,Moderna,agosto,martes,20,-101.7844322,19.8079943
58399,58609,2026,,2026/08/04,20:31:00,COLISIÓN POR CORTE DE CIRCULACIÓN,CONCRETO,Lluvioso,Regular,2,VOLKSWAGEN,BLANCO,0,,,,,0,0,Coeneo,Coeneo de La Libertad,agosto,martes,21,-101.582615,19.8294185
58400,58610,2026,MOR/20260090420,2026/08/04,20:31:00,COLISIÓN CONTRA OBJETO FIJO,ASFALTO,Nublado,Malo,1,FORD,Blanco,1,,31,FEMENINO,SIN DATOS,0,0,Morelia,Nueva Valladolid,agosto,martes,21,-101.210672,19.7019947