fid,id_accidente,anio_origen,folio_c5i,dia_incidente,hora_ocurrencia,tipo_incidente_vial,superficie_ocurrencia,condiciones_climaticas,condiciones_via,numero_vehiculos_involucrados,marca_vehiculo_ocasiona_siniestro,color_vehiculo_ocasiona_siniestro,numero_personas_involucradas,lugar_remite_presunto_responsable,edad_presunto_responsable,sexo_presunto_responsable,resultados_toxicologia,numero_personas_lesionadas,numero_personas_fallecidas,municipio,colonia,mes,dia_semana,hora_redondeada,lon,lat
58401,58611,2026,,2026/08/04,20:50:00,COLISIÓN POR ALCANCE,ASFALTO,Bueno,Bueno,3,JEEP,VINO,3,,69,MASCULINO,ALIENTO ETÍLICO,0,0,Salvador Escalante,Opopeo,agosto,martes,21,-101.610725,19.412045
58402,58612,2026,,2026/08/04,21:33:00,COLISIÓN POR CORTE DE CIRCULACIÓN,ASFALTO,Nublado,Regular,2,KIA,Gris,2,,27,MASCULINO,SIN DATOS,0,0,Tarímbaro,Sin datos,agosto,martes,22,-101.098067,19.7445799
58403,58613,2026,,2026/08/04,21:35:00,COLISIÓN POR INVASIÓN DE CARRIL,ASFALTO,Lluvioso,Malo,2,NISSAN,BLANCO,2,,25,MASCULINO,SIN DATOS,0,0,Coeneo,Sin datos,agosto,martes,22,-101.7004441,19.7540222
58404,58614,2026,MOR/20260057869,2026/08/04,22:48:00,COLISIÓN POR INVASIÓN DE CARRIL,ADOQUIN_EMPEDRADO,Lluvioso,Regular,2,CHEVROLET,Plata,2,MINISTERIO PÚBLICO,34,MASCULINO,SIN DATOS,0,0,Morelia,Villas del Pedregal,agosto,martes,23,-101.3065002,19.6712058
58405,58615,2026,MOR2026000000555,2026/08/04,23:24:00,COLISIÓN POR ALCANCE,ASFALTO,Bueno,Bueno,2,TOYOTA,Blanco,2,,31,MASCULINO,SIN DATOS,0,0,Morelia,Libertad,agosto,martes,23,-101.237588,19.6865968
58406,58616,2026,,2026/08/05,"00:29:00",VOLCADURA,ASFALTO,Bueno,Regular,1,CHEVROLET,AZUL MARINO,1,,47,MASCULINO,SIN DATOS,0,0,Huetamo,Sin datos,agosto,miércoles,0,-100.8637999,18.5621138
58407,58617,2026,MOR/20260071673,2026/08/05,"01:31:00",SUBIDA AL CAMELLÓN,ASFALTO,Bueno,Bueno,1,FORD,Blanco,1,,45,MASCULINO,SIN DATOS,0,0,Morelia,San Pascual,agosto,miércoles,2,-101.269667,19.6948238
58408,58618,2026,MOR /202600,2026/08/05,"05:04:00",COLISIÓN CONTRA OBJETO FIJO,ASFALTO,Bueno,Bueno,1,CHRYSLER,Blanco,1,,41,MASCULINO,SIN DATOS,0,0,Morelia,Tzindurio Norte,agosto,miércoles,5,-101.2476831,19.7051224
58409,58619,2026,MOR/20260090514,2026/08/05,"07:11:00",COLISIÓN POR CORTE DE CIRCULACIÓN,ASFALTO,Bueno,Bueno,3,FREIGHTLINER,Blanco,3,,53,MASCULINO,SIN DATOS,0,0,Morelia,Sin datos,agosto,miércoles,7,-101.2964525,19.6864592
58410,58620,2026,,2026/08/05,"09:26:00",COLISIÓN POR CORTE DE CIRCULACIÓN,ASFALTO,Bueno,Bueno,2,BYD,Negro,2,,39,MASCULINO,SIN DATOS,0,0,Morelia,Comision Federal de Electricidad,agosto,miércoles,9,-101.1805097,19.6860274
58411,58621,2026,MOR/6482893884,2026/08/05,"09:39:00",INCIDENTE DE TRÁNSITO,ASFALTO,Bueno,Bueno,1,DODGE,Rojo,1,,,,SIN DATOS,0,0,Morelia,La Calera,agosto,miércoles,10,-101.2340728,19.6782693
58412,58622,2026,,2026/08/05,"09:55:00",COLISIÓN POR ALCANCE,ASFALTO,Bueno,Regular,2,ITALIKA,Negro,2,,,MASCULINO,SIN DATOS,0,0,Morelia,La Esperanza,agosto,miércoles,10,-101.1545377,19.6995697
58413,58623,2026,,2026/08/05,"09:59:00",COLISIÓN POR CORTE DE CIRCULACIÓN,ASFALTO,Bueno,Bueno,0,,,0,,,,,0,0,Madero,Sin datos,agosto,miércoles,10,-101.3101994,19.3838427
58414,58624,2026,MOR/20260090583,2026/08/05,11:21:00,COLISIÓN POR CORTE DE CIRCULACIÓN,ASFALTO,Bueno,Regular,2,FORD,Blanco,2,,50,MASCULINO,SIN DATOS,0,0,Morelia,El Realito,agosto,miércoles,11,-101.2049642,19.7262545
58415,58625,2026,LCR/20260012327,2026/08/05,12:10:00,COLISIÓN POR CORTE DE CIRCULACIÓN,CONCRETO,Bueno,Bueno,2,FORD,GRIS,3,,38,FEMENINO,SIN DATOS,1,0,Lázaro Cárdenas,Samuel Ruiz,agosto,miércoles,12,-102.2208338,17.9797193
58416,58626,2026,,2026/08/05,12:20:00,COLISIÓN POR CORTE DE CIRCULACIÓN,ASFALTO,Bueno,Bueno,2,DINA,BLANCO,1,,4,MASCULINO,SIN DATOS,0,0,Múgica,Sin datos,agosto,miércoles,12,-102.1075822,18.9749612
58417,58627,2026,MOR/20260090633,2026/08/05,12:53:00,COLISIÓN POR CAMBIO DE CARRIL,ASFALTO,Bueno,Bueno,2,TOYOTA,Plata,2,,68,MASCULINO,SIN DATOS,0,0,Morelia,San Pascual,agosto,miércoles,13,-101.2690172,19.694891
58418,58628,2026,,2026/08/05,13:28:00,SALIDA DE SUPERFICIE DE RODAMIENTO,ASFALTO,Bueno,Regular,0,,,0,,,,,0,0,Huetamo,La Nopalera,agosto,miércoles,13,-100.9013956,18.6416245
58419,58629,2026,,2026/08/05,14:53:00,COLISIÓN POR CAMBIO DE CARRIL,ASFALTO,Bueno,Bueno,2,ITALIKA,Blanco,2,,22,MASCULINO,SIN DATOS,0,0,Morelia,Centenario (Alamos),agosto,miércoles,15,-101.1701348,19.7300203
58420,58630,2026,,2026/08/05,15:09:00,COLISIÓN POR ALCANCE,ASFALTO,Lluvioso,Bueno,2,NISSAN,GRIS,2,,39,MASCULINO,SIN DATOS,0,0,Morelia,Los Angeles,agosto,miércoles,15,-101.175486,19.7434401
58421,58631,2026,,2026/08/05,15:11:00,COLISIÓN POR ALCANCE,CONCRETO,Bueno,Bueno,2,NISSAN,BLANCO,2,,43,MASCULINO,SIN DATOS,0,0,Morelia,Josefa Ortiz de Dominguez,agosto,miércoles,15,-101.2142974,19.6739416
58422,58632,2026,,2026/08/05,16:24:00,COLISIÓN CONTRA OBJETO FIJO,ADOQUIN_EMPEDRADO,Bueno,Regular,2,HERO,Rojo,1,,29,MASCULINO,SIN DATOS,0,0,Pátzcuaro,Centro,agosto,miércoles,16,-101.6087399,19.513041
58423,58633,2026,,2026/08/05,16:57:00,SALIDA DE SUPERFICIE DE RODAMIENTO,ASFALTO,Nublado,Regular,1,NISSAN,Gris,1,,40,MASCULINO,SIN DATOS,0,0,Morelia,Sin datos,agosto,miércoles,17,-101.1237482,19.710075
58424,58634,2026,,2026/08/05,17:08:00,COLISIÓN POR INVASIÓN DE CARRIL,ASFALTO,Bueno,Bueno,2,FORD,Rojo,2,MINISTERIO PÚBLICO,18,MASCULINO,SIN DATOS,0,0,Morelia,Sin datos,agosto,miércoles,17,-101.1539351,19.6671935
58425,58635,2026,,2026/08/05,18:32:00,COLISIÓN POR CORTE DE CIRCULACIÓN,ASFALTO,Bueno,Bueno,2,GMC,BLANCO,2,,44,MASCULINO,SIN DATOS,0,0,Zacapu,Naranja de Tapia,agosto,miércoles,19,-101.7659652,19.7813213
58426,58636,2026,MOR/20260090758,2026/08/05,20:13:00,COLISIÓN CON PEATÓN,ASFALTO,Lluvioso,Regular,1,CHRYSLER,GRIS,2,MINISTERIO PÚBLICO,72,MASCULINO,SIN DATOS,1,0,Morelia,Torreon Nuevo,agosto,miércoles,20,-101.1986649,19.7339753
58427,58637,2026,,2026/08/05,21:19:00,COLISIÓN CONTRA OBJETO FIJO,CONCRETO,Lluvioso,Bueno,1,VOLVO,BLANCO,1,,19,MASCULINO,SIN DATOS,0,0,Coeneo,Centro,agosto,miércoles,21,-101.5841072,19.8216047
58428,58638,2026,,2026/08/06,"00:16:00",COLISIÓN CONTRA OBJETO FIJO,ASFALTO,Bueno,Regular,2,HONDA,BLANCO,2,,22,MASCULINO,SIN DATOS,0,0,Morelia,Sin datos,agosto,jueves,0,-101.2885157,19.6046719
58429,58639,2026,APTZ/20260006334,2026/08/06,"00:20:00",COLISIÓN POR CORTE DE CIRCULACIÓN,ASFALTO,Bueno,Bueno,2,VOLKSWAGEN,Gris,1,,27,MASCULINO,SIN DATOS,0,0,Apatzingán,Centro,agosto,jueves,0,-102.3532471,19.0876528
58430,58640,2026,APTZ/20260006335,2026/08/06,"00:26:00",SUBIDA AL CAMELLÓN,ASFALTO,Bueno,Bueno,1,NISSAN,Azul,1,,56,MASCULINO,SIN DATOS,0,0,Apatzingán,Los Limones,agosto,jueves,0,-102.3695333,19.088925
58431,58641,2026,MOR/20260090883,2026/08/06,"08:19:00",COLISIÓN POR ALCANCE,ASFALTO,Bueno,Bueno,2,VOLKSWAGEN,ROJO,2,,33,MASCULINO,SIN DATOS,0,0,Morelia,Libertad,agosto,jueves,8,-101.2376412,19.6862657
58432,58642,2026,MOR/2026000266277,2026/08/06,10:04:00,COLISIÓN CONTRA SEMOVIENTE,ASFALTO,Bueno,Bueno,1,VOLKSWAGEN,GRIS,1,,20,MASCULINO,SIN DATOS,0,0,Morelia,Tenencia Morelos,agosto,jueves,10,-101.2488083,19.6463383
58433,58643,2026,"20260090921",2026/08/06,12:08:00,COLISIÓN POR INVASIÓN DE CARRIL,ASFALTO,Bueno,Bueno,2,CHEVROLET,ROJO,4,MINISTERIO PÚBLICO,34,FEMENINO,SIN DATOS,2,0,Morelia,Ampliacion La Soledad,agosto,jueves,12,-101.1873858,19.7353435
58434,58644,2026,MOR20260090954,2026/08/06,12:47:00,COLISIÓN CONTRA OBJETO FIJO,CONCRETO,Bueno,Bueno,1,DODGE,BLANCO,1,,81,FEMENINO,SIN DATOS,0,0,Morelia,Felix Ireta,agosto,jueves,13,-101.1897045,19.6876404
58435,58645,2026,MOR/20260090952,2026/08/06,13:02:00,COLISIÓN POR ALCANCE,ASFALTO,Bueno,Regular,2,FORD,AZUL,2,,73,MASCULINO,SIN DATOS,0,0,Morelia,Irrigacion,agosto,jueves,13,-101.2253006,19.706409
58436,58646,2026,MOR202600000879,2026/08/06,13:19:00,COLISIÓN POR CORTE DE CIRCULACIÓN,ASFALTO,Bueno,Bueno,2,CHEVROLET,ROJO,2,,80,MASCULINO,SIN DATOS,0,0,Morelia,Elias Perez Avalos,agosto,jueves,13,-101.166445,19.7113337
58437,58647,2026,,2026/08/06,15:24:00,COLISIÓN POR CORTE DE CIRCULACIÓN,ASFALTO,Bueno,Bueno,2,CHEVROLET,PLATA,2,,30,MASCULINO,SIN DATOS,0,0,Morelia,La Pradera,agosto,jueves,15,-101.2172786,19.6801551
58438,58648,2026,,2026/08/06,15:39:00,CAIDA ACUATICA DE VEHÍCULO,ASFALTO,Bueno,Bueno,0,,,0,,,,,0,0,Álvaro Obregón,Sin datos,agosto,jueves,16,-100.9896963,19.8741957
58439,58649,2026,,2026/08/06,17:26:00,VOLCADURA,ASFALTO,Bueno,Bueno,3,CHEVROLET,CHAMPAGNE,3,,38,MASCULINO,SIN DATOS,0,0,Uruapan,Capacuaro,agosto,jueves,17,-102.0640633,19.551213
58440,58650,2026,,2026/08/07,"06:01:00",COLISIÓN CONTRA OBJETO FIJO,ADOQUIN_EMPEDRADO,Bueno,Bueno,3,CHRYSLER,AZUL,1,,42,MASCULINO,ALIENTO ETÍLICO,0,0,Pátzcuaro,Alfredo Zalce(Infonavit 1),agosto,viernes,6,-101.6088848,19.5087211
58441,58651,2026,,2026/08/07,"08:08:00",CAIDA DE MOTOCICLETA,ASFALTO,Bueno,Bueno,1,ITALIKA,NEGRO,0,,,,,0,0,Tangancícuaro,Sin datos,agosto,viernes,8,-102.2415768,19.9395064
58442,58652,2026,,2026/08/07,"09:21:00",COLISIÓN POR CORTE DE CIRCULACIÓN,CONCRETO,Bueno,Bueno,2,ITALIKA,Gris,2,,23,MASCULINO,SIN DATOS,0,0,Morelia,Bicentenario,agosto,viernes,9,-101.1820036,19.741579
58443,58653,2026,,2026/08/07,"09:51:00",COLISIÓN POR CORTE DE CIRCULACIÓN,ASFALTO,Nublado,Bueno,2,KIA,Gris,2,,35,FEMENINO,SIN DATOS,0,0,Morelia,Loma Bonita,agosto,viernes,10,-101.1968603,19.7188551
58444,58654,2026,,2026/08/07,11:14:00,COLISIÓN POR ALCANCE,ASFALTO,Bueno,Bueno,2,TOYOTA,ROJO,2,,46,MASCULINO,SIN DATOS,0,0,José Sixto Verduzco,Sin datos,agosto,viernes,11,-101.6191275,20.2294762
58445,58655,2026,,2026/08/07,11:55:00,COLISIÓN POR CAMBIO DE CARRIL,ASFALTO,Bueno,Bueno,2,AUDI,Blanco,2,,,FEMENINO,SIN DATOS,0,0,Morelia,Alberto Oviedo Mota,agosto,viernes,12,-101.1972205,19.6835374
58446,58656,2026,MOR/6161920837,2026/08/07,12:15:00,COLISIÓN POR CORTE DE CIRCULACIÓN,CONCRETO,Bueno,Bueno,2,NISSAN,Arena,3,MINISTERIO PÚBLICO,23,MASCULINO,SIN DATOS,1,0,Morelia,Loma Bonita,agosto,viernes,12,-101.1968986,19.7201764
58447,58657,2026,,2026/08/07,13:24:00,COLISIÓN POR CORTE DE CIRCULACIÓN,ASFALTO,Bueno,Bueno,2,NISSAN,BLANCO,2,,22,MASCULINO,SIN DATOS,0,0,Lázaro Cárdenas,Centro,agosto,viernes,13,-102.1967888,17.9542313
58448,58658,2026,,2026/08/07,14:07:00,COLISIÓN POR NO RESPETAR SEMÁFORO,ASFALTO,Nublado,Regular,2,MERCEDES-BENZ,BLANCO,2,,32,MASCULINO,SIN DATOS,0,0,Morelia,Chapultepec Norte,agosto,viernes,14,-101.1739806,19.6976646
58449,58659,2026,,2026/08/07,14:08:00,COLISIÓN POR ALCANCE,ADOQUIN_EMPEDRADO,Bueno,Bueno,2,SUZUKI,GRIS,2,,35,MASCULINO,SIN DATOS,0,0,Pátzcuaro,Centro,agosto,viernes,14,-101.6021208,19.5151359
58450,58660,2026,,2026/08/07,16:20:00,COLISIÓN CONTRA OBJETO FIJO,ADOQUIN_EMPEDRADO,Lluvioso,Regular,1,FORD,BLANCO,0,,,,,0,0,Coeneo,Sin datos,agosto,viernes,16,-101.6877611,19.7079639
58451,58661,2026,,2026/08/07,17:04:00,COLISIÓN POR CAMBIO DE CARRIL,ASFALTO,Bueno,Bueno,2,MERCEDES-BENZ,Blanco,2,,39,MASCULINO,SIN DATOS,0,0,Morelia,Gertrudis Bocanegra,agosto,viernes,17,-101.208144,19.7023007
58452,58662,2026,,2026/08/07,19:07:00,CAIDA ACUATICA DE VEHÍCULO,ASFALTO,Nublado,Regular,0,,,0,,,,,0,0,Tangancícuaro,Sector 1,agosto,viernes,19,-102.2013701,19.8923605
58453,58663,2026,,2026/08/07,19:12:00,COLISIÓN POR CAMBIO DE CARRIL,ASFALTO,Bueno,Bueno,2,ITALIKA,NEGRO,2,,28,FEMENINO,SIN DATOS,0,0,Morelia,Santillan La Huerta,agosto,viernes,19,-101.2183612,19.6759336
58454,58664,2026,,2026/08/07,21:25:00,COLISIÓN POR ALCANCE,ASFALTO,Lluvioso,Malo,2,TOYOTA,GUINDA,0,,,,,0,0,Angangueo,Sin datos,agosto,viernes,21,-100.3386817,19.6300783
58455,58665,2026,MOR/20260091597,2026/08/07,22:22:00,COLISIÓN POR CORTE DE CIRCULACIÓN,ASFALTO,Nublado,Regular,2,FORD,AZUL MARINO,2,,23,FEMENINO,SIN DATOS,0,0,Morelia,Las Flores,agosto,viernes,22,-101.2071412,19.7065431
58456,58666,2026,,2026/08/07,22:28:00,COLISIÓN CONTRA OBJETO FIJO,ASFALTO,Lluvioso,Regular,2,NISSAN,BLANCO,2,,55,MASCULINO,SIN DATOS,0,0,Morelia,Felicitas del Rio,agosto,viernes,22,-101.2003298,19.6924783
58457,58667,2026,,2026/08/08,"00:26:00",COLISIÓN POR ALCANCE,CONCRETO,Bueno,Bueno,2,VOLKSWAGEN,VERDE,2,,35,MASCULINO,SIN DATOS,0,0,Morelia,Lomas de Vista Bella,agosto,sábado,0,-101.2007001,19.6701637
58458,58668,2026,MOR/20260091680,2026/08/08,"01:40:00",COLISIÓN POR ALCANCE,ASFALTO,Nublado,Bueno,3,VOLKSWAGEN,PLATA,3,,53,MASCULINO,SIN DATOS,0,0,Morelia,Libertad,agosto,sábado,2,-101.2381136,19.6875286
58459,58669,2026,MOR/20260091704,2026/08/08,"03:22:00",COLISIÓN CONTRA OBJETO FIJO,ASFALTO,Bueno,Bueno,1,CHEVROLET,GRIS,2,MINISTERIO PÚBLICO,,MASCULINO,SIN DATOS,1,0,Morelia,Camelinas,agosto,sábado,3,-101.1772425,19.6814402
58460,58670,2026,LCR/20260012490,2026/08/08,"09:34:00",COLISIÓN POR CORTE DE CIRCULACIÓN,ASFALTO,Bueno,Bueno,2,ITALIKA,NEGRO,2,,20,MASCULINO,CON CERTIFICADO,1,0,Lázaro Cárdenas,Sin datos,agosto,sábado,10,-102.203283,17.9871364
58461,58671,2026,,2026/08/08,"09:51:00",CAIDA DE MOTOCICLETA,ASFALTO,Bueno,Bueno,1,ITALIKA,NEGRO,1,,28,MASCULINO,SIN DATOS,0,0,Uruapan,Sin datos,agosto,sábado,10,-102.129285,19.505227
58462,58672,2026,,2026/08/08,11:41:00,COLISIÓN POR ALCANCE,ASFALTO,Bueno,Bueno,2,FORD,GRIS,0,,,,,0,0,Tingüindín,Sin datos,agosto,sábado,12,-102.5088822,19.7825955
58463,58673,2026,"20260091800",2026/08/08,12:52:00,COLISIÓN POR CAMBIO DE CARRIL,ASFALTO,Bueno,Bueno,2,DODGE,BLANCO,2,,37,MASCULINO,SIN DATOS,0,0,Morelia,Bosques de Oriente,agosto,sábado,13,-101.1537284,19.717092
58464,58674,2026,,2026/08/08,13:09:00,COLISIÓN POR ALCANCE,ASFALTO,Bueno,Bueno,2,ITALIKA,NEGRO,0,,,,,0,0,Lázaro Cárdenas,Sin datos,agosto,sábado,13,-102.212475,17.9771094
58465,58675,2026,MOR/20260091899,2026/08/08,13:59:00,COLISIÓN POR ALCANCE,ASFALTO,Bueno,Bueno,2,RAM,PLATA,2,,60,MASCULINO,SIN DATOS,0,0,Morelia,San Guillermo,agosto,sábado,14,-101.177423,19.7392642
58466,58676,2026,"20260091837",2026/08/08,15:47:00,COLISIÓN POR NO RESPETAR SEMÁFORO,ASFALTO,Nublado,Regular,2,KIA,BLANCO,4,,18,MASCULINO,SIN DATOS,2,0,Morelia,Independencia,agosto,sábado,16,-101.1778719,19.7049432
58467,58677,2026,,2026/08/08,16:18:00,COLISIÓN POR ALCANCE,ASFALTO,Bueno,Bueno,2,VOLKSWAGEN,GRIS,2,,52,MASCULINO,SIN DATOS,0,0,Lázaro Cárdenas,Jose Green,agosto,sábado,16,-102.2025036,17.9668325
58468,58678,2026,,2026/08/08,16:29:00,COLISIÓN POR CORTE DE CIRCULACIÓN,ASFALTO,Bueno,Bueno,2,TOYOTA,BLANCO,2,,75,MASCULINO,SIN DATOS,0,0,Zitácuaro,Sin datos,agosto,sábado,16,-100.3435999,19.4641814
58469,58679,2026,MOR/2026000166382,2026/08/08,16:38:00,COLISIÓN POR ALCANCE,ASFALTO,Bueno,Bueno,2,DODGE,GRIS OXFORD,2,,30,MASCULINO,SIN DATOS,0,0,Morelia,Nicolas Bravo(Los Ejidos),agosto,sábado,17,-101.2141633,19.7017767
58470,58680,2026,MOR20260091914,2026/08/08,17:53:00,COLISIÓN POR ALCANCE,CONCRETO,Bueno,Bueno,2,SUZUKI,BLANCO,2,,28,MASCULINO,SIN DATOS,0,0,Morelia,Lomas de Huerta,agosto,sábado,18,-101.2125736,19.6734664
58471,58681,2026,,2026/08/08,17:53:00,COLISIÓN POR CORTE DE CIRCULACIÓN,ASFALTO,Bueno,Bueno,2,ITALIKA,GRIS,0,,,,,0,0,Gabriel Zamora,Sin datos,agosto,sábado,18,-102.0583556,19.087851
58472,58682,2026,MOR/20260097853,2026/08/08,18:04:00,VOLCADURA,ASFALTO,Bueno,Bueno,1,FORD,Arena,1,,24,MASCULINO,SIN DATOS,0,0,Morelia,Tierra Y Libertad,agosto,sábado,18,-101.2274297,19.7135655
58473,58683,2026,,2026/08/08,18:37:00,CAIDA DE MOTOCICLETA,ASFALTO,Nublado,Regular,1,VENTO,ROJO,3,,33,MASCULINO,SIN DATOS,2,0,Cuitzeo,Sin datos,agosto,sábado,19,-101.1053363,19.9563872
58474,58684,2026,MOR / 202600919144,2026/08/08,19:04:00,COLISIÓN POR CAMBIO DE CARRIL,ASFALTO,Bueno,Bueno,2,NISSAN,Rojo,2,MINISTERIO PÚBLICO,56,MASCULINO,SIN DATOS,0,0,Morelia,Josefa Ortiz de Dominguez,agosto,sábado,19,-101.2115206,19.6726435
58475,58685,2026,MOR 20260091990,2026/08/08,20:01:00,COLISIÓN POR CORTE DE CIRCULACIÓN,ASFALTO,Bueno,Bueno,2,TOYOTA,Blanco,2,,46,MASCULINO,SIN DATOS,0,0,Morelia,Los Manantiales de Morelia,agosto,sábado,20,-101.2431861,19.699977
58476,58686,2026,,2026/08/08,20:38:00,COLISIÓN POR CORTE DE CIRCULACIÓN,ASFALTO,Bueno,Bueno,2,HYUNDAI,Blanco,2,,18,MASCULINO,SIN DATOS,0,0,Morelia,Ana Maria Gallaga (Riviera Norte),agosto,sábado,21,-101.2217825,19.6770045
58477,58687,2026,,2026/08/08,20:42:00,COLISIÓN POR ALCANCE,ASFALTO,Bueno,Bueno,2,HYUNDAI,AZUL,2,,48,MASCULINO,SIN DATOS,0,0,Lázaro Cárdenas,Segundo Sector de Fidelac,agosto,sábado,21,-102.2030373,17.9615386
58478,58688,2026,MOR/2026009876,2026/08/08,21:02:00,COLISIÓN POR ALCANCE,ASFALTO,Bueno,Bueno,2,MERCEDES-BENZ,Blanco,2,MINISTERIO PÚBLICO,20,MASCULINO,SIN DATOS,0,0,Morelia,La Esperanza,agosto,sábado,21,-101.2544215,19.6985993
58479,58689,2026,MOR20260091942,2026/08/08,21:07:00,COLISIÓN POR ALCANCE,ASFALTO,Bueno,Bueno,2,CHRYSLER,Azul,2,,70,MASCULINO,SIN DATOS,0,0,Morelia,Sin datos,agosto,sábado,21,-101.3018083,19.58822
58480,58690,2026,MOR/20260091984,2026/08/08,21:37:00,COLISIÓN CONTRA OBJETO FIJO,ASFALTO,Nublado,Bueno,2,KIA,Gris,2,,77,MASCULINO,SIN DATOS,0,0,Morelia,Leandro Valle,agosto,sábado,22,-101.2323752,19.7169156
58481,58691,2026,MOR/20260091992,2026/08/08,22:10:00,COLISIÓN POR CAMBIO DE CARRIL,ASFALTO,Bueno,Bueno,2,TOYOTA,Blanco,2,,24,MASCULINO,SIN DATOS,0,0,Morelia,Independencia,agosto,sábado,22,-101.1784419,19.7056091
58482,58692,2026,MOR202600000890,2026/08/08,23:27:00,COLISIÓN POR CORTE DE CIRCULACIÓN,ASFALTO,Bueno,Bueno,2,VOLKSWAGEN,Negro,2,,40,MASCULINO,SIN DATOS,0,0,Morelia,Balcones de Santa Maria,agosto,sábado,23,-101.186325,19.6756231
58483,58693,2026,MOR20266665555,2026/08/09,"00:17:00",VOLCADURA,ASFALTO,Bueno,Bueno,1,HONDA,Gris,1,,67,MASCULINO,SIN DATOS,0,0,Morelia,Martires de Uruapan,agosto,domingo,0,-101.1999126,19.7251869
58484,58694,2026,MOR20260092150,2026/08/09,"02:01:00",SUBIDA AL CAMELLÓN,CONCRETO,Bueno,Bueno,1,CHEVROLET,Negro,1,,19,MASCULINO,SIN DATOS,0,0,Morelia,Reforma,agosto,domingo,2,-101.240455,19.70636
58485,58695,2026,MOR/6264728839,2026/08/09,10:50:00,COLISIÓN CON PEATÓN,ASFALTO,Bueno,Bueno,1,MAZDA,Gris,2,MINISTERIO PÚBLICO,50,MASCULINO,SIN DATOS,1,0,Morelia,Morelos,agosto,domingo,11,-101.1827083,19.7237237
58486,58696,2026,,2026/08/09,13:53:00,COLISIÓN CONTRA OBJETO FIJO,ASFALTO,Bueno,Bueno,1,MINI,Verde oscuro,1,,,FEMENINO,SIN DATOS,0,0,Morelia,Sentimientos de La Nacion,agosto,domingo,14,-101.234665,19.6816185
58487,58697,2026,,2026/08/09,19:30:00,COLISIÓN POR ALCANCE,ASFALTO,Nublado,Bueno,2,VOLKSWAGEN,PLATA,2,,19,MASCULINO,SIN DATOS,0,0,Morelia,Centro,agosto,domingo,20,-101.1819588,19.7025174
58488,58698,2026,,2026/08/09,20:34:00,COLISIÓN POR ALCANCE,ASFALTO,Bueno,Bueno,2,DODGE,ROJO,2,,21,MASCULINO,SIN DATOS,0,0,Morelia,La Floresta,agosto,domingo,21,-101.15208,19.6844633
58489,58699,2026,,2026/08/09,20:52:00,COLISIÓN POR INVASIÓN DE CARRIL,ASFALTO,Malo,Regular,2,CHEVROLET,Negro,2,,22,MASCULINO,SIN DATOS,0,0,Morelia,Sin datos,agosto,domingo,21,-101.2802145,19.621693
58490,58700,2026,,2026/08/09,23:51:00,COLISIÓN POR ALCANCE,ASFALTO,Bueno,Bueno,2,HONDA,NEGRO,2,,,MASCULINO,SIN DATOS,0,0,Morelia,Sin datos,agosto,domingo,0,-101.2907545,19.5989494
58491,58701,2026,,2026/08/10,"00:01:00",COLISIÓN CONTRA OBJETO FIJO,ASFALTO,Bueno,Bueno,1,ITALIKA,GRIS,0,,,,,0,0,Coeneo,Sin datos,agosto,lunes,0,-101.6494062,19.7867159
58492,58702,2026,APTZ/20260006475,2026/08/10,"06:14:00",COLISIÓN CONTRA OBJETO FIJO,ASFALTO,Bueno,Regular,2,MAZDA,GRIS,2,,,,SIN DATOS,0,0,Apatzingán,22 de Octubre,agosto,lunes,6,-102.3465292,19.0875497
58493,58703,2026,MOR/20260092558,2026/08/10,"08:00:00",COLISIÓN POR CAMBIO DE CARRIL,ASFALTO,Bueno,Bueno,2,HYUNDAI,GRIS,2,,28,FEMENINO,SIN DATOS,0,0,Morelia,Felix Ireta,agosto,lunes,8,-101.192525,19.6823683
58494,58704,2026,MOR/202600980,2026/08/10,"08:38:00",COLISIÓN POR CORTE DE CIRCULACIÓN,CONCRETO,Nublado,Regular,2,CHEVROLET,BLANCO,2,,46,FEMENINO,SIN DATOS,0,0,Morelia,Vasco de Quiroga,agosto,lunes,9,-101.1776081,19.7031019
58495,58705,2026,MOR/ 20260092581,2026/08/10,10:27:00,COLISIÓN POR CORTE DE CIRCULACIÓN,CONCRETO,Nublado,Bueno,2,VENTO,GRIS,2,,52,MASCULINO,SIN DATOS,0,0,Morelia,Jacarandas,agosto,lunes,10,-101.2109019,19.7053798
58496,58706,2026,,2026/08/10,10:40:00,COLISIÓN CONTRA OBJETO FIJO,ASFALTO,Lluvioso,Regular,1,VOLVO,VERDE,2,,37,MASCULINO,SIN DATOS,0,1,Salvador Escalante,Sin datos,agosto,lunes,11,-101.549853,19.401643
58497,58707,2026,MOR/20260092592,2026/08/10,11:11:00,CAIDA DE MOTOCICLETA,ASFALTO,Bueno,Bueno,1,SUZUKI,NEGRO,1,,21,MASCULINO,ALIENTO ETÍLICO,0,0,Morelia,La Luz,agosto,lunes,11,-101.2914714,19.687056
58498,58708,2026,MOR/202600715738,2026/08/10,11:53:00,COLISIÓN POR CORTE DE CIRCULACIÓN,ASFALTO,Bueno,Bueno,2,HONDA,ROJO,2,,41,FEMENINO,SIN DATOS,0,0,Morelia,Vasco de Quiroga,agosto,lunes,12,-101.1756183,19.6998117
58499,58709,2026,,2026/08/10,11:54:00,COLISIÓN POR CORTE DE CIRCULACIÓN,ASFALTO,Bueno,Bueno,0,,,0,,,,,0,0,Morelia,Nicolaitas Ilustres,agosto,lunes,12,-101.2271712,19.7215105
58500,58710,2026,MOR/2026009875,2026/08/10,11:56:00,COLISIÓN POR ALCANCE,ASFALTO,Bueno,Bueno,2,MAZDA,PLATA,2,,27,MASCULINO,SIN DATOS,0,0,Morelia,Centro,agosto,lunes,12,-101.1847853,19.7029597
58501,58711,2026,,2026/08/10,11:57:00,COLISIÓN POR CORTE DE CIRCULACIÓN,ASFALTO,Bueno,Bueno,2,CHEVROLET,BLANCO,2,,25,MASCULINO,SIN DATOS,0,0,Morelia,Nicolaitas Ilustres,agosto,lunes,12,-101.2271864,19.7215225